tagalog,english,cebuano
maglaro bata magaral,children prefer play study,ganahang magdula bata magtoon
malaman pagluluto manok,know cook chicken,mahibalan pagluto manok
pinakalaki hapon lawang biwa,biwa lake largest japan,pinakadako suba hapon suba biwa
nilang magnostalhiya,want nostalgic,ganahan magnostalya
sampung taon matagal panahon,ten years long time,napulo tuig perting dugaya
sinusubukan tandaan,trying remember,gisulayan hinumdum
nagpuntang paris,went paris,niadto paris
lumabas maglakad,went walk,nigawas magbaktas baktas
pinatunayan pangarap,made dreams come true,gipamatudan nakong pangandoy
humahaginit tabi bintana kusina bubuyog,bees buzzing kitchen window,hiumaginit tapad bintana kusina buyog
umpisa babasahin,beginning read,sugod akua ning basahon
oras magluto,dont time cook,panahon magluto
pabiro niyang sinabi,said jokingly,ganahan niyang isulti
ibig sabihin,mean,buot pasabot
nagliligo bawat umaga,takes bath every morning,nagaligo kadabuntag
masyadong kumain keyk,dont eat much cake,palabi kaon keyk
nitong kulay,like color,ganahan kolor
pinakahuling beses tumalon tuwa,last time jumped joy,kanusa ulahing niambak kalipay
gumawa kape,made coffee us,gahimo kape alang
gumawa kape,made coffee us,gahimo kape alang namong
mabili payong,umbrellas available purchase,mapalit payong
yabang,arrogance,kahambog
arogante,arrogant,hilas
,maybe maybe,
labhan syert,shirt washed,labhan tong syert
labhan baro,bar washed,labhan tong baro
aneks hilaga orihinal gusali,annex north original building,aneks kasadpan orihinal gusali
bata itim baboy nakabakod tabi bahay,young black pig fenced next house,adtong bata pako itom baboy gialihan tapad balay
matutuloy trapik mabigat,continue traffic heavy,madayon trapik bugat
maaari maaari,,pwedepwede
platinum kard,said platinum card,platinum kard
nagimbento bata sarili niyang sulat logograpiko hilig,boy invented logographic writing passion,nagimbento bata sariliniyang sulat logograpiko pasa hilig
arteng grapiko sulat logograma,said logogram letters graphic art,arteng grapiko sulat logograma
makontrol anak,could control children,mapugngan mgha anak
alam,know,kabalo
bahay lumabas,prefer home go,ganahan balay mugawas
oras hapunan,dinner time yet,mangaon panihapon
puno,thats full,puno
puno,thats full,puno
magaling wikang lojban iniiwasan punto,lojban language better dots avoided,hawod pinulungang lojban likayan punto
mesa,table,lamesa
mesa,thats table,lamesa
pakiramdam bago tao,feels like new person,paminaw tomaskay bagong tawo
nagbeyk kate apolkeyk,kate baked apple cake,nagbeyk kate apol keyk
hayaan litratuhin,let take picture,pasagdi kuhaan hulagway
nagpuntang bundok magiski,went mountain ski,niadto mig bukid iski
nangingilabot iniisip,shudder think,nanglimbawot paghunahuna
isipin sarili,think,hunahunaa kaugalingon
humihihip bula bata,children blow bubbles,gahuyop bula bata
buhay imbes pinabibilisan,theres life instead rushing,pay kinabuhi imbes gipaspasan
lagyan asukal kape,add sugar coffee,butangi asukar kape
sumasabog ihi,bursting urine,kabutuhon kaihion
ginoong brown,think mr brown,siguro manong brown
nilagyan gatas kape,put milk coffee,gisagulan gatas kape
bumalik estudyante,students back,namalik estudyante
numero kuwarto,room number please,numero inyong kwarto
pagbalik taglamig umiikli araw,return winter days getting shorter,pagbalik tingtugnaw nagamubo adlaw
namumula otonyo buong bundok,whole mountain red heat,nangapula otonyo tibuok bukid
namumula tagulan buong bundok,whole mountain red rainy season,nangapula tingulan san tibuok bukid
gaano kahaba tulay,long bridge,kataas tulay
noldor,noldor,noldor
hisiel,hiziel,hisiel
sindar,one sindars,sindar
noldo ilalim puno,noldo tree,noldo ilalom punuan
marunong magsalita kwenya,dont know speak kwenya,kabalong istorya kwenya
nagbabantay gubat hisiel nenw,hisiel nenw guard forest,gabantay lasang hisiel nenwe
gumagamit letrang kudlit maraming wika,many languages use apostrophes,gagamit letra kudlit kadaghanang sinultian
pranses,french,pranses
nakita nagnanakaw peras hardin bunga,saw stealing pears orchard,kakita kaniya nangawat peras tamnanan bunga
kasama magtsa tanghali,together would like tea noon,uban ganahan magtsa udto
gutom katatanghalian,cant hungry lunch,mamahimong gigutom bago naniudto
wag pagusapan kanino,dont talk,hisguti masking kakinsa
ref pagkain,food fridge,sulod prigeder pagkaon
dalawang ulong agila awstriya naghari parte polonya,twoheaded eagle austria reigned poland,duha ulo agila awstriya nangulo parte polonya
namili bulaklak,bought flowers,ningpalit daghang bulak
bumili bulaklak,bought flowers,ningpalit bulak
dumating kamakalawa,come last night,niabot niaging adlaw
kumanan susunod interseksiyon,turn right next intersection,patoo musunod kinasangang dalan
ipinaggawa hawla ibon,made bird cage,gipabuhat tangkal langgam
bawal manigarilyo,smoking,ginadili pagpanabako
bukas pauwi,tomorrow going home,ugma pauli
awto,like car,giganahan awto
makakain,cant eat anymore,kakaon
nadiskubre katotohanan,discovered truth,nahibawan kamatuoran
mapakinabang potokopyador,nothing useful photocopier,mapahimuslan makina pagkopya
ineeym obhektibong,aim objective,gitinguha makabot katuyoan
madyik,thats magic,madyik
bumalik bago magalas diyes,back ten oclock,balik muabot diyes
papkorn maraming mantikilya,likes popcorn lot butter,papkorn daghag mantikilya ganahan
gamot makakapagaling,medicine heal,tambal makapaayo
balak magaral ingles tanghali,intend study english afternoon,plano nakong magtuon ingles karong udto
mabilis nakakatuwa,fast fun,paspas katawanan
kasisimula niyang magtugtog piyano,started playing piano,bago nagsugod tutog piyano
dumaan tabi bahay kahapon,passed house yesterday,niagi kilid balay gahapon
mayaman bibilhin,rich would buy,dato paliton
telepono,phone,telepono
huli masyadong mahal karne,past meat expensive,niagi astang mahala karne
pupunta,go,muadto
asukal dito,sugar,asukal
wag kumain,dont eat,kaon
,,
pakinig,listen everything,napaminaw
pusa klabaster gizmo,klabaster gizmo cats,klabster gizmo iring
maganda mayaman,beautiful rich,maanyag tinuod dato
umuulan,raining,gaulan
sabihin ingles,say english,ingna ingles
lumang piyano,old piano,dugay piyano
teodoro rosas,rose belongs teodoro,alang teodoro rosas
matahimik batang lalaki,boy quiet,hilumon batang laki
daang porsyentong puro katas mansanas,one hundred percent pure apple juice,gatus porsyento puro katas mansanas
tunay lalaki umiinom tsa,real men drink tea,tinuod laki muinom tsa
libro,book,imuha ning libro
nagtuturo,teaches,gatudlo
wag sabihin kanino,dont tell,isulti
nakahiga damo,lay grass,naghigda sagbot
kumakatok inyong pinto,someone knocking door,adunay nanuktok inyong purtahan
kabutihan pagbabasa librong ganoon,good reading books,maayo pagbasa inganang libro
ibili kahon tsokolate magiging kontento,buy box chocolates ill satisfied,palita kahon tsokolate matagbaw
nakita teatro,saw theater,nakitan teatro
nakakabilang bata dalawampu,child counts twenty,bata makaihap baynte
sipon inumin gamot,cold take medicine,adunay bugnaw inom tambal
gumawa mahirap trabaho,want hard work,ganahan mubuhat hago buluhaton
pinakikinig bibig,listen mouth,ginapaminaw istorya
bukas pumarinit maglaro,tomorrow dont come play,ugma anhi magdula
pebrero maraming niyebe,february lot snow,pebrero daghag niyebe
sinukat says,measure said,gisukod ilahang kadakon
itoy guniguni,imagination,handurawan
sabi itoy guniguni,said imagination,nisulti handurawan
namutla takot,turned pale fear,nangluspad kahadlok
magtatalop dalandan,peel orange,magpanit aranghita
sabi nilay buhay,said still alive,nisulti buhi
mahusay tahanan,well home,lihiro balay
,,ginabuhat
isip mahusay manunulat,doesnt think writer good,gahunahuna lihiro magsusulat
makasalita beybi umiiyak,baby cant speak yet crying,kaistorya anak gahilak
obhektibo edukasyon,objective education,katuyoan edukasyon
magtrabahong kasama,want work,ganahan makigtambayayong
kainsikan,doesnt like mess,ganahan anang pagkamausisaon
pakiabot mapa kalye,hand street map,pakitunol mapa dalan
iniiyakan,crying,ginahilakan
tuloy,go without,sulod
tatoeba diksiyunaryo,tatoeba dictionary,tatoeba diksiyunaryo
nakita,see,kakita ato
,,
seksi binti,legs sexy,seksi paa
iba opinyon,opinion definitely different,lain opinion
pabalik europa hunyo,coming back europe june,mobalik europa hunyo
kaalaman wika bagay pagtuturo iba,knowledge language one thing teaching something else,butang pagkahibalo sinultian apan lahi butang pagtudlo
gunitain balat,imagine skin,hinumdumi panit
isip blondo esperanto,think esperanto blondo,hunahuna blond esperanto
totoo istorya,think story true,tinuod istorya
gtom pinakamagaling salsa,gtom best salsa,kagutom labing salsa
matapang kape matabang kape,prefer strong coffee fat coffee,labing ganahan anang gahi kape matamis kape
pakibigay susi,please give key,palihug ihatag kanako yawi
sinubukan niyang maging mayaman sikat,tried rich famous,gisulayan mahimong adunahan bantog
nasaktan,hurt,napasakitan
nahihirapan magkonsentreyt,difficulty concentrating,naglisod konsentrar
pinasabi,told everything,gipaingon
nagtrabaho nagtrabaho pabrika,worked worked factory,nanarbaho pagayo pabrika
mamamatay magpapahinga,die youre going rest,mamatay mopahulay
maghanap murang alternatibong sangkap binabasado reseta lola,find cheaper alternative ingredient even reading grandmothers prescription,pangitaon labi barato kapilian nagbasa reseta apohan
nalimutan libro plasa,forgot book square,nakalimot libro plaza
mamantika amoy suot kumain okonomiyaki,clothes greasy smell ate okonomiyaki place,adunay malangis baho tungod ningkaon okonomiyaki
gumagawa masarap pitsa,makes delicious pizza,gabuhat lami pitsa
pupunta maghalili,doesnt go take place,moadto ilisan
ibig sabihin moy kulang syota,mean lack sweethearts,buut ipasabut uyab
nakita telebisyon,saw television,kakita telebisyon
ayos,ok,maayo
nagtuturo pranses,teaches french,gatudlo pranses
mataas alon,waves high,taas balud
nagmamadaling kumain tanghalian,ate lunch hurry,nagdali gikaon paniudto
tinapay harina tubig malimit lebadura,bread made flour water often yeast,tinapay gihimo harina tubig kanunay patubo
suot niyay puting sapatos,wearing white shoes,nagsulob puti sapatos
sakit,said sick,sakit
dahandahan tayong namumulok,slowly growing,hinayhinay madunot
mapolusyon hangin mamalaking siyudad,air big cities polluted,hugaw hangin dagkong syudad
nagdududa babasahin sulat,doubt read letters,nagduhaduha basahon sulat
magluto pagkaing hapon,want cook japanese food,ganahan magluto pagkaong hinapon
lumabas imbes bahay,prefer going instead staying home,labi nakong ganahan mogawas balay
kanino magsalita,want talk,ganahan maistorya
ibang bayan ibang kaugalian,different people different customs,ubang lungsod lainlain kostumbre
adik alak,addicted alcohol,naadik alkohol
binigyan halimbawa,gave example,gihatagan niyag ehemplo
hawakan kamay tayong magkasamay gagawa utopiya,hold hand together create utopia,kupti kamot maghiusa pagbuhat utopia
gulat,surprised,nakuratan
sumama amin,come us want,uban kanamo ganahan
sulatan kuwartong,letter room,adunay sulatanan kwarto
kunin libro mababasa,get book read,mahimo kuhaon libro makabasa
dumadalaw pangalan ono makita,visitor named ono wants see,adunay bisita ngalan ono ganahan makigkita kanimo
klaseng dalandan,kind orange,klaseng aranghita
matias galing urugway urugwayano,matias uruguay uruguayan,matias urugway urugwayano
batang lalaki beynte anyos,boy twenties,bata lalaki baynte anyos
batang lalaki dalawampung taon,boy twenty years old,bata lalaki baynte tuig
magsimulang kumain,start eating,mahimo magsugod pagkaon
binulong,whispered something,gihunghong kaniya
alagaan ninyong mabuti planeta tiyera,must take good care planet tierra,bantayan pagayo planeta tiyera
dinidilaan niyong batang lalaki,boy licking,gidilaan bata
wikawika hilig,languages passion,sinultian ganahan
magalak magaling kalusugan,drinking alcohol good health,magalak magaling kalusugan
sinundan plano,follow plan,gisunud plano
kakain gutom,eat hungry,kanusa mangaon gigutom
makikita pugad ibon,might see bird nests,mahimo naton makita salag langgam
tore bahay,see tower house,nakita tore balay
magingat mangdudukot,beware kidnappers,pagbantay kawatan
magaral paris,want study paris,ganahan magtuon paris
tumira magisa bahay kubo,lived alone hut,naginusara nagpuyo payag
alam buong katotohanan,knows whole truth,nakahibalo tibuuk kamatuoran
malawak sansinukob maliit,universe vast small,tungod uniberso halapad gamay
kaluluwa sabi,soul told,kalag gisultihan
galak sabi,gladly told,nalipay gisultihan
ibaibang porma gobyerno,different forms government,adunay lainlaing porma gobyerno
napapanot paghihintay gera,getting skinny waiting war,gikapoy pagpaabot giyera
nagbibigay gatas amin,cow give us milk,among gahatag amo gatas
nuwebe sabi,nine oclock said,niana nuybe
bat sumisigaw,shouting,gashagit
dyeli ubas pinakagusto,grape dye favorite,labing ganahan parras dyeli
inaalila kaibigan,worries friend,giulipon higala
nagpapakaalila kaibigan,worshiped friend,nagpaulipon higala
sinusubukang tumakbo,trying run,gapaningkamot modagan
nakakain hilaw isda,ever eaten fish,nakakaon hilaw isda
titigil barko yokohama,ship stop yokohama,muhunong barko yokohama
dumating playt,playt arrived yet,niabot playt
nagtatanim kamatis tiya hardin,aunt grows tomatoes garden,iyaan nagtanum kamatis tamnanan
kulang panggatong,lack fuel,pangsugnod
nagpoportuges,someone speaks portuguese,gaportuges
nakarating pransiya,france,nakaadto pransiya
kape tama,coffee okay,mudungag kape
magaral magtugtog banjo,want learn play banjo,ganahan makakaton motugtog banjo
naiimpluwensiya internet memorya katauhan,internet influence human memory,makaimpluwensya internet panumduman tawo
nabubo gatas,milk spilled,gatas nayabo
dugo betabel,thats blood thats betabel,dugo betabel
napatulog klase,fell asleep class,nakatulog klase
magaling ingles,good english,maayo ingles
masuwerte,lucky,swerte
kamusta klase pranses,french class,kumusta klase pranses
magaling merong bagay,something better nothing,labing maayo adunay butang
,way,
nagbukas pinto,someone opened door,ning abri purtahan
pupitre,whats desk,lamesa
isip bay bading,think hes gay,hunahuna bayot
baduy moda suot,hes bad hes wearing fashion,baduy uso sanina
isip bay tomboy,think gay,hunahuna lakinon
klase edukasyon pisikal obligatoryo,physical education class mandatory everyone,klase pisikal edukasyon alang
tawag naming brilyanteng batang lalaki,call diamond boy,gitawag batang lalaki brilyante
makasakay kabayo,cant ride horse,kasakay kabayo
sabihin papara,tell stop,sultihi kanusa muhunong
natatandaan,remember,nahinumdom
naaalaala,remember,nahinumdom
inaalaala,remember,ginahinumdom
nilasahan libro,tasted book,natilawan libro
naroon,,
nagtataka katangahan,wonders stupidity,natingala kadanghag
takot teknolohiya babae,shes afraid technology shes like real girl,tungod nahadlok teknolohiya mura babaye
magbiyaheng magsarili,want travel alone,ganahan mobiyahe maginusara
paborito librong,favorite book,pinalabing libro
konting malaki manok terki,turkey slightly larger chicken,terki gamay gamay manok
makakaalam kalahatan,one know everything,makahibalo kinatibukan
sarado puwerto paglalayag,port closed sailing,sirado pantalan
importante relihiyon naniniwala,religion important believe,relihiyon hinungdanon kaniya motuo
relihiyon libangan karamihan,religion entertainment masses,relihiyon kalingawan kadaghanan
arte relihiyon,religion art,aryat relihiyon
kinaltas piknik ulan,picnic cut short due rain,nakansela piknik tungod ulan
nimumulto hupiter ibaibang anito anino,jupiter said haunted various forms shadows,giingon gigamhan jupiter lainlaing anino anino
dikailanmang nabuhay parating patay,never lived always dead,nabuhi kanunay namatay
napupuna pangkaramihang hulaping j esperanto impluwensiya griyego antigong griyego,argue plural suffix j esperanto influenced greek ancient greek,talalupangdon pangkadaghanan hulapi j esperanto naimpluwensyahan greek karaang greek
niyang tandaan buong diksiyunaryong lojban alam niyang salitay sapat,wanted memorize entire lojban dictionary knew words would enough,ganahan hinumdoman tibuuk diksyonaryo lojban apan nahibalan pipila pulong
nakakain,edible,makaon
tokyo pinanganak lumaki,born raised tokyo,natawo ningdako tokyo
binigyan tulak awto,gave car push,giduso awto
bukas zipper,zipper open,abri zipper
bat maagang sinabi,say earlier,misulti ganiha
masarap tao sabi ebyang tama,people good ebyang said right,kuno lami tawo misulti ebyang sakto
marami supot mundo,bags world,adunay daghang plastik kalibutan
realidad mukhang iba kinabukasan hinintay,reality looks different future waited,lantawon reyalidad lahi gihulat umaabot
hulaan salaysaying makaagham lumilipad nakaroket bakpak nagbabakasyon buwan kumakain pilduras nilulunok nasasarapan luhong gumagawa lipunang kayamanan robot,even predictions scientific history flying rocket wing vacationing moon eating like pill enjoying luxury nothing robots creating wealth society,adunay panagna siyentipikong saysay naglupad rocket likod balay magbakasyon bulan mokaon tabletas natulon malipay pulos kaluho samtang robot naghimo yaman katilingban
dekadang ika dantaon isip tungkol kinabukasan mundo optimista,th century mind future world optimistic today,ika siglo paghunahuna bahin kaugmaon kalibutan labi malaumon
niyang mamatay lumangoy ilog palabas,wanted die swim river,ganahan mamatay maglangoy suba pagawas
tinatawag tanga tanga,dont call stupid even seem stupid,ginatawag danghag maski labi danghag
bobo nitong umaga,think stupid morning,labi bugo karong buntaga
magaral mainggit,study want dont jealous,pagtuon ganahan
naglugaw tanghalian,went lunch,adunay lugaw alang paniudto
nagasawa masaya,got married happy anymore,minyo malipayon
nakakita asul papkorn,ever seen blue popcorn,nakita lunhaw papkorn
uminit hangin,air warmed,ninginit hangin
galit,must angry,kinahanglang masuko
kalma marikit nayon nara,nara calm beautiful village,nara kalma matahum balangay
malimit binabangungot nakakatakot,often terrible nightmares,kanunay ginaurom makahadlok
paniwala tumuloy dantaong digmaannang sapat matagal ganap sabi masyadong matagal,think ancient war gone long enough fully said long,nagtuo dantaong digmaan nagpadayon gidugayonkini giingon labi hingpit taas
titser,teacher,magtutudlo
erport,airport,tugpahanan
binagyo siyudad nakasira maigi,stormed city damaged thoroughly,gibagyo syudad nakadaot ayo
uwak tokyo mainit siyudad suburbiya mailaw gabi,crows like tokyo warmer city suburbs lit night,ganahan uwak tokyo tungod labi kainit syudad suburbiya nagdanag gabii
marikit kabundukang tanawin,mountainous landscape beautiful,nindot pananaw bukid
konti nagaral arteng,studied art one,gamay nagtuon arte ila
pakihiram libro plis,borrow book please,palihog pahuram libro
paborito panimpla,whats favorite seasoning,pinalabi panimpla
magaral epistemolohiya ontolohiya,study epistemology ontology,tunan epistemolohiya ontolohiya
katwiran ebidensiya alam totoo sinasabi,reason evidence dont know says true,hangtud adunay hinungdan ebidensya mahibalan tinuod gisulti
totoo nanggaling impormasyon,true information come,tinuod kasayuran
naihayag logogramang kanji,reveal kanji logograms,gibutyag logogramang kanji
seresang namumulaklak bawat tabi kalyeng,cherry blossoms every side street,adunay tanum seresa namulak matag kilid dalan
bahay katabi estasyon,house next station,balay tupad estasyon
klaseng libro,kind book wish,unsang klase libro ganahan
takot mamatay,afraid die,nahadlok mamatay
mamili libro,buy books,makapalit libro
sabi niyay pagmamahal,says thats love,giingon gugma
sabi niyang pagmamahal,says thats love,giingon gugma
gaanong katagal nagaaral ingles,long studying english,kadugayon nagtuon ingles
baduy palda,skirt already loose,uso palda
nakikita pambihirang bulaklak plorera,see rare flower vase,nakita talagsaon bulak plorera
nakakulong isip ginagamit guniguni,mind closed dont use imagination,matanggog hunahuna gamitan guniguni
sapat realidad karamihan guniguni,reality enough imagination,reyalidad kadaghanan busa nanginahanglan guniguni
bagyo baso tubig,storm glass water,adunay bagyo baso tubig
ibibigay kate bulaklak,give kate flower,kate ihatag tong bulak
mayabang bata isip sariliy magaling ibang,arrogant boy thinks better everyone else,mapahitason bata naghunahuna labing maayo uban
nagaral tenis kasama kapatid,studied tennis brother,nagtuon kauban igsoon tenis
pluwent ingles,fluent english,larino ingles
mansanas peras,prefer apple pear,gipalabi mansanas peras
pasko hinihintay tagakanluran,westerners wait christmas,naghulat tagakasadpan alang pasko
hapon kapistahan san balentino pasko,japan christmas like festival san balentino,hapon piyesta san balentino pasko
hapon ika disyembrey ika pebrero,japan december th like february th,hapon ika disyembre ika pebrero
minsan tatoebay eliza sikayatris kompyuter,times tatoeba like eliza psychiatric computer,usahay tatoebay eliza sikayatris kompyuter
magsalita magsalita,want talk talk,ganahan muistorya pagistorya
relihiyon wika,religion language,relihiyon sinultian
pakihiram kulay rosas pangsulat,borrow pink pen,palihog pahuram imog pangsulat kolor rosas
naiintindihan sinusulat,dont understand write,masabtan sinulatan
mahangin,windy,kahangin
maghapunan tayong magkasama wikend,want dinner together weekend,ganahan magdungan kitag panihapon katapusan semana
tawagan,call want,tawagi ganahan
desperado interlingua magaral,desperate like interlingua study,desperado ganahan interlingua pagtuon
magaling pangit ispeling,ugly spelling better,maayo maayo pagtitik
makamatematika pangit ispeling,ugly spelling cant math,maayo matematika maayo pagtitik
tarantado,youre confused,langas
gago,dumb,buang buang
tanga,fool,danghag
bobo,stupid,bogo
buwisit,sweat,bwisit
malungkot magpapasko,sad christmas,naguol tungod muabutay pasko
umiinom gamot lolo arawaraw,grandfather takes medicine every day,gatumar tambal apohan adlawadlaw
pagkaing ekmek bay griyego turko,ekmek food greek turkish,pagkaong ekmek griyego turko
matututo magustuhan mapait buhay,learn love bitter life,makatonan paghigugma mapait kinabuhi
narapatan alisin duda tungkol doon,clear doubts,tangtangon pagduhaduha bahin niana
nakatrak kamuntik namatay lamig kalye,someone truck almost died cold street,adunay hapit mamatay katugnaw dalan
naging tamad,guys lazy,nahimo tapulan
diyan nagtitibi,hanging around,ginabuhat galantaw tv
ninyong gamitin ulo,dont want use head,ganahan gamiton inyong ulo
malagnaw sopas ulo,head feels like lukewarm soup,nipis sopas ulo
namihasa kayong parating aburido buhay,practiced always bored life,naanad kanunay abusado kinabuhi
parati kayong humihithit damo,always smoke weed,kanunay kamong gapanigarilyo sagbot
maraming adik mundo,many addicts world today,daghag adik kalibutan
malungkot,sad,naguol
kuwenta kultura,cultures seem insignificant,hinungdanon inyong kultura
parati inuutusan ganyan isip,always ordered think like,kanunay ginasugo busa ingon niana gihunahuna
isip alila,thats maids mind,paghunahuna ulipon
nakakulambo magdamag gabi,sleep night long,nagkulambo tibuok gabii
takot anito anino gabi,afraid shadows shadows night,mahadlok anito anino gabii
naniniwala tikbalang gabi,believe night visions,nagatuo tikbalang gabii
naniniwala manananggal bukid,believe harvesters,gatuo manananggal bukid
masarap kainin tumbong niyog,said better eat rectum coconut,giingon maayo kaonon lubi
lingming,lingming,nagdugay
magulo isip,mind confused,naglibog hunahuna
masarap nilupak,said clay good,giingon lami nilupak
gabi yumuyugyog puno paniki langit,night trees sway bats sky,gabii kahoy nangauyog adunay kabog langit
magaspang balat taong nagtrabaho labas,skin rough people worked outside,magahi panit tungod tuig mitrabaho gawas
ludwig pangalan,ludwig,ludwig ngalan
natakot tao,afraid,nahadlok tawo
nakikinig,listening,naminaw
higit sampung libro,ten books,sobra napulo libro
labas buong araw,day,ninggawas tibuok adlaw
munting pusa nawala linggo,little cat missing week,gamay iring nawala semana
hawakan bote kailanman,never touch bottle,guniti ning botelya
nagbubus papuntang paaralan,go school,gasakay bus padulong eskuylahan
nagkamali dinala payong,brought umbrella mistake,nasayop gidala payong
gumagawa sariling damit,makes clothes,gabuhat kaugalingon niyang sanina
pinakahuling taong nagsinungaling,last person lie,katapusang tawo namakak
lumabas,go,kinahanglang nigawas
ipakikita lugar makahinga tao,show place people still breathe,ipakita kanimo lugar makaginhawa tawo
merong itago,something hide,bay kanunay itago
oras matulog,time sleep,oras matug
sakit ulo,headache,sakit ulo
anumang nangyari nangyari,whatever happened happened,nahitabo nahitabo
nakakapagod lengguwahe,language tiring,kapoy sinultian
parati masyadong seryoso bagay,always take things seriously,kanunay seryoso butang
bagay maiririport,something report,bay ireport
bitamina malusog isip,vitamins keep mind healthy,bitamina himsog inyong hunahuna
maulapulap langit,today sky overcast,madagumon langit
problema isip bagay pisika,problem mind matter physics,problema hunahuna pisika
sira ulo,youre mind,nabuang
takot,afraid,nahadlok
mabuti magpatingin espesyalista,better see specialist,maayo magpatanaw espesyalista
nahihilo pagbabasa wika,get dizzy reading language,nalipong basa sinultian
makatuwid nanirahan buong taglamig,fact lived winter,ato nagpuyo tibuok tingtugnaw
puro tao relasyon tao pinaguusapan,talking people human relationships,gihisgutan bahin tawo relasyon tawo
akala moy maikli buhay amerikano,think life short look like american,hunahuna mubu kinabuhi tungod ingon amerikano
langit napakaraming bituwin mabilang,sky many stars cant count,langit daghang bituon maihap
naaalaala laro,remember game,kahinumdom aning dulaa
gera isip,war mind,giyera hunahuna
iguhit buhay paghihintay gera,dont draw life anticipation war,idibuho kinabuhi paghulat gira
buslong puno istroberi,bush full strawberries,adunay sapinit puno istroberi
tunay kalikasan planetang alpha centauri bb mahiwaga,true nature planet alpha centauri bb still mysterious,tinuud kinaiya planeta alpha centauri bb misteryoso gihapon
planetang alpha centauri bb sinagtaon mula mundo,planet alpha centauri bb lightyears earth,planeta alpha centauri bb edad kalibutan
gagamitin teknolohiya taon pangkalikol daraan planetang alpha centauri bb,use technology today take years reach planet alpha centauri bb,gamiton naton aton teknolohiya tuig molabay planeta alpha centauri bb
tumitira lipunan ekonomiya,live society economy,nagpuyo sosyedad ekonomiya
nakapaglaro beysbol,ever played baseball,nakadula beysbol
gumagawa buslo malapit,makes mess nearby,naghimo sapinit duol
lokasyon notorious aso malaman,location kens notorious dog unknown,lokasyon bantog iro hibalan
gamitin dictionary,necessary use dictionary,mogamit diksyonaryo
bampira,vampire,bampira
mukhang pusa tubig,cat seems water,nanginahanglag tubig iring
matagal nagkita,long time see,dugay nagkita
palagi nalang nakikita,always see,permi nalang inyong makita
mainit tsa,tea hot,init tsa
ganoong kainit tsa mainom,tea hot couldnt drink,init tsaa makainum
ganyak narito,thats,nadani ania
napapangitan,disfigured,nangiladan
ikuwekuwento,tell story,isulti kanimo
sinabi mamalengke,told shop,giingnan mamalit
umulan buong araw kahapon,rained day yesterday,nagulan tibuok adlaw kagahapon
pumarini agad,come,anhi dayon
ngumiti malapad amin,smiled broadly us,ningisi lapad amo
uminom deretso galing bote,drank straight bottle,miinom diretso botelya
nagbubus paeskuwela,study hard,gasakay bus padulong eskuylahan
ayos,okay,insakto
pong magsalita napakabilis,dont speak fast,pagdalig sulti
wikay pintura ideya,language paint ideas,sinultian pintura among ideya
magaral wikang pangpantasya,want learn language fantasy,ganahan tunan sinultian alang ibogibog
kape,wants coffee,ganahan kape
nalilito jane kapatid,confusing jane sister,naglibog jane igsoon
napunta parehong eskuwela kenji,went school kenji,nageskuyla parehas eskuylahan kenji
sekretong daan aking isip papunta aking kabataan,secret path mind youth,adunay sikreto agianan hunahuna pagkabatanon
bawat bagong lengguwahey laro,every new language like game,matag bagong sinultian sama dula
tatlong bituwin alpha centauri b c,alpha centauri three stars b c,alpha centauri adunay tulo bituon b c
salitang planeta galing antigong griyego lumalaboy,word planet comes ancient greek wanderer,pulong planeta naggikan karaang griyego alang maglatagaw
alam matalino,know youre smart,kabalo utokan
magpagupit buhok,haircut,magpaputol buhok
alam mali,know thats wrong,alam mali
libro,see book,libro
sumipag,work hard,mukugi
makakain hilaw itlog kailangang lutuin,cant eat eggs must cooked,makakaon hilaw itlog magluto
umiiyak beybi,baby crying anymore,naghilak bata
matalinong bata,hes smart kid,maalamon bata
lumangoy dagat,swam sea,nilangoy dagat
nata de coco pinaguusapan,nata de coco everyone talking,nata de coco gihisgutan
welga,strike,adunay welga
oras darating tren yokohama,time train arrive yokohama,unsang orasa moabot tren yokohama
pinili tumira boston,chose live boston,gipili magpuyo boston
malimit magpraktis magpiyano,often practices playing piano,malimit magpraktis magpiyano
pumunta supermarket,went supermarket,miadto merkado
tinadtad puno katabi daan,chopped trees next road,punoan gipamutol daplin dalan
ginagamit maramingmaraming tao,used many people,ginagamit kadaghanang tawo
panahon akwaryo,aquarius season,oras akwaryo
sasama ilog,come river,muuban sapa
medyo nawala gubat,little lost jungle,medyo nasaag lasang
kaming apat koneho kanilay nangangagat,four rabbits one bites,adunay upat mopaak
isindi plantsa kaldero hiter magkasabay,iron pot heater lit time,maayo sindihan sabaysabay plantsa kaldero hitter
napanggabi kubo bundok,spent night mountain hut,nagpalabay gabii payag bukid
pumunta tindahan,went store,niadto tindahan
matagal maluto gulay,vegetables take long time cook,utanon dugay lutuon
tanghali patayin telebisyon,noon turn television,udto busa patya telebisyon
importante sinabi,said important,hinungdan gisulti
pakikuwento ulit,please tell,palihug isulti balik
matatagumpay depende kalusugan,whether succeeds depends health,paglampos nagsalig kahimsog
tabi mesa silya,next table one chair,sunod lamesa lingkuranan
sasamahan,accompany,ubanan
inahit kilikili,shaved armpits,gikiskisan ilok
paghinga kabuhayan,breathing alone sustenance,pagginhawa panginabuhian
mahaba buhok lumipas taon,long hair last year,taas buhok pagkahuman tuig
nakatira kapatid roon,brother live,nagpuyo igsoon
sumisinag araw maliwanag,sun shining brightly,adlaw nagasidlak hayag
humahaginit bubuyog paligid anila,bees buzz around,nagdagan putyokan palibot anila
posible,possible,mahimo
maraming taoy kilala,many people know,tinuod daghang tawo nakaila kaniya
tuhod isnow,knee deep snow,isnow tuhod
lakas hangin,force wind,kusog hangin
kumuha keyk,get cake want,pagkuha keyk ganahan
madaling kotsehin parke,easy parking park,dali magmaneho parke
nagbiyahe europa,traveled europe,ningbiyahe europa
anuman doon,nothing,way sapayan ngadto
magaling maggitara,plays guitar well,hawud mugitara
bihira,rare,usahay
tawag bulaklak,flower,tawag bulak
takot agham babae,afraid science look like girl,nahadlok syensya tungod babaye
pobre atin,poorer among us,labing kabus kanato
nangyari iniisip pera,happened youre thinking money,nahitabo gihunahuna bahin salapi
ngumiti,smile,ningisi
karaniwang kama nuwebe,usually bed nine oclock,kasagaran kama nuybe
magandang hapon,good afternoon,maayong hapon
mabuti salamat,fine thank,maayo salamat
pangalan,,ngalan
pangalan,,ngalan
,,
kinagagalak makilala,nice meet,nalipay nakaila
anuman,nothing,way sapayan
nakakatuwa magingles,english fun,makalingaw pagingles
mabuti,good,maayo
kamusta,,kumusta
magpapapkorn,shall popcorn,magapkorn
opinyon yaong bagay magrarason daigdig magisip aking pagiisip,opinion thing reason world think thinking,opinyon maong butang naghimo kanako katarungan tibuuk kalibutan maghunahuna hunahuna
muling magkikita bukas,meet tomorrow,magkita ugma
pagusapan ganyang bagay,dont talk things,pagsulti bahin butang ingon niana
itoy litrato erport,photo airport,litrato tugpahanan
kabalastugan sinasabi kaibigan,youre talking nonsense friend,gisulti pulos higala
babae,look like women dont,babaye
alam eksperto ulol,know expert youre crazy,nahibalan eksperto nabuang
nagraradyo pagkatapos hapunan,radio dinner,radyo pagkahuman panihapon
mabait tao,kind person,butan pagkatawo
pakilaksan pagsasalita,cheers speech indeed,palihug kusgi pagsulti
nabuhay kuwentong dumaraan taotao,story passed person person came life,nabuhi istorya niaging tawo
puro usap babae,want womens talk,kanunay istoryang babaye ganahan
babae,look like girls dont,babaye
tagabukid,seem countryside,tagabukid gihapon
napapagod,tired,nay gikapoy
naging diyaryong dayuhan,become foreign newspaper,nahimo ning mantalaan langyaw
,nope,
hinahanap aking sariling katotohanan,looking truth,nangita alang kaugalingon kamatuoran
ayskrim stracciatella ordinaryong ayskrim tipak tsokolate,stracciatella ice cream nothing ordinary ice cream chocolate chunks,ayskrim stracciatella lain yano ice cream adunay tipak tsokolate
magaling maghapon ginoong brown,good day mr brown,hawud maghinapon mister brown
tumulog konti ayos,get sleep okay,katulog gamay mamaayo
nakita,see,nakita
parati takot babae,always afraid look like girl,kanunay nahadlok tungod muarg babaye
puro babae estudyante,students mostly women,pulos babaye estudyante
bat pamilya,like dont family anymore,nakay pamilya
mayabang tinatapakan arawaraw,arrogant seem trampled every day,mapahitason tungod ginayatakan adlawadlaw
akala mot ibay tao,thought human,lahing tawo
magingles marunong,speak english know,pagingles maalamon
magaling magingles magingles,speak english well go ahead speak english,maayo magingles pagsulti ingles
naiyak nagbabati,cried congratulate,naghilak tungod mangumusta
magbati umiyak ganyan,congratulate dont cry like anymore,mobati muhilak ingana
papel,paper bag,mahimo papel
pati relihiyon moy babae,even religion female,asta relihiyon babaye
kulay keyk,color cake want,unsang kolor keyk ganahan
nagbuhos inumin sarili,poured drink,gibubo ilimnon alang kaugalingon
bago awto,new car,bago ning awto
magbago,change,mamahimo magbago
magbago,dont want change,ganahan magbago
magpalit,change,mamahimo mupalit
magpalit,dont want change,ganahan magpuli
patayin ilaw,could turn light,mamahimo patyon suga
kapatagan tumataas bundok,plain rises mountain,kapatagan mutaas bukid
alin libro,book,hain libro
nirerespeto sarili,respects everyone,girespetohan gawas kaugalingon
bangkay naglalayag lawa,boats sailing lake,bangka naglawig lanaw
alin taro,taros,taro
dati bukas teatro sabado,past theater open saturdays well,kaniadto abli teatro matag sabado
gaanong katagal kyoto,long kyoto,kadugayaon kyoto
nauuhaw,thirsty,giuhaw
pumarini sunduin,came pick,niadto sunduon
ihahatid erport isla,take islands airport,dadon namon tugpahanan isla
kaaway,enemy,kaaway
sira ulo naging trabaho,head broken everything work,naguba ulo tungod trabaho
nabibihasa iyak iyak arawaraw sekso,get used crying every day dont sex,naanad maghilak adlawadlaw tungod makigsekso
maitim isip puso,mind heart dark,ngitngit hunahuna kasingkasing
takot pusa matahimik matalino,afraid cat quiet seems smarter,nahadlok iring hilum ingon utokan
naniniwalang taong nakarating buwan,believe someone reached moon,mutuo adunay nakaabut bulan
nagsinungaling nakarating buwan,lied reached moon,namakak nakaabot bulan
binigay buhay bansa,gave life country,gihatag kinabuhi alang nasud
naihian pusa,cats peed,iring nangihi saila
pinutol dalawang metro pantali,cut cord two meters,giputol higot duha metro
pera,money,adunay salapi uban kanimo
seksong aktibidad iyak iyak,sexual activity still crying,sekswal kalihokan tungod naghilak
babae atin,feminine us,labing pagkababaye amon
magaling mayabang,arrogant better,labing maayo arogante
kanluranin isip,thoughts western,nakatundan hunahuna
narito lihim,heres secret,ania sekreto
napakasimple pamamagitan puso makakakitang mabuti,simple heart one see well,yano pinaagi kasingkasing makita maayo
mata pinakapuso bagay,heart things cannot seen eyes,makita kasingkasing butang
naghubad tony ipinanglinis syert piyano,tony undressed cleaned shirt piano,naghubo tony gilimpyohan piano gamit sanina
pakibukas balutan,unwrap please,palihug ablihi
nakatira sarili gubat,lives alone forest,nakapuyo inusara kalasangan
maglaro pagkatapos basahin libro,play reading book,mamahimo magdula paghuman basa niining libro
maintindihan,dont understand,masabtan
makaingles magulang,parents dont speak english,makasulti ingles ginikanan
ditoy restawran kinakainan malimit,restaurant often eat,adunay restawran kanunay ginakaonan
ulam pagkain,dish meal,bay sudan pagkaon
taong maaasahan,reliable person,masaligan tawo
malinaw,isnt clear,tinaw
magpalipad saranggola,lets fly kites,magpalupad tabanog
nakatira bahay,lives house,nagpuyo anang balaya
kaibigan,youre friends arent,higala
sinasabi mansanas wika,say apple language,ginaunsa pagingon mansanas sinultian
nakakatuwa magbasa libro,reading book fun,makalingaw magbasa libro
iniihaw karne,meat grilled,ginaihaw karne
karne isda,prefer meat fish,labing ganahan karne isda
bumili picasso,bought picasso,ningpalit picasso
andorra maliit prinsipalidad pagitan espanya pransiya,andorra small principality spain france,andorra gamay prinsipyo taliwala espanya pransya
tasang gatas,would like cup milk,ganahan tasa gatas
sinadya,mean,tuyua
palagi kaming nagdadaos pista kaarawan,always party birthday,permi gasaulog pista alang adlawng natawhan
parati kayong naiyak,always cried,kanunay mohilak
,,
doktor utak,brain doctor right,doktor utok
problema sekso,problem sex,inyong suliran mahitungod seks
akala ninyoy napakatanda,thought old,inyong hunahuna tigulang
aburido kulang pantasya,boring lack fantasies,aburido tungod kulang alilang
bat diskusyonin relihiyon,want discuss religion,ganahan hisgutan relihiyon
kayong maniwala relihiyon,dont believe religions anymore,hunong pagsalig relihiyon
sabihin iniisip,want say think,ganahan isulti gihunahuna
magdrayb dagat,lets drive sea,magdrayb padung dagat
relihiyon arte agham,religion art science,aryat relihiyon siyensiya
alam ninyong kababaihan,women know,nahibalan pangbabaye ginabuhat
sakit wika,language sick,sakit sinultian
bumalik ritong tumatakbo,come back running,ningbalik nganhi nagdagan
kumain anumang,eat whatever want,kaon ganahan
maraming lukuluko aklatan,many tricks library,adunay daghang buang laybrari
nangyari,happen,nahitabo
pinangako niyang bantayan sarili,promised look,nagsaad itago kaugalingon
sikreto,secret,sekreto
simple makakitang magaling puso,simple one sees good except heart,yano maayo tanawon kasingkasing
pinakaimportante makita mata,important thing invisible eye,labing hinungdanon butang makita mata
trangkilidad diwa nakukuha umaasa,peace mind obtained relying,kalinaw espiritu makuha musalig
kotse,dont car,kotse
awto,dont car,awto
kanluranin iniisip kulungan,thoughts western like prison,kasadpan hunahuna sama prisohan
nagiging babae bansa,country becoming woman,nahimong babaye nasod
pulos babaye kaistorya,interlocutor purely female,pulos babaye kaistroya
noon alam siraulo internet,knew people internet crazy,sauna nahibalan buang internet
maliligayahan tatay maging propesor,father happier become professor,mahimung malipayon amahan mahimo propesor
katulad kumain tsokolate umaga binibigyan magaling pakiramdam buong araw,nothing like eating chocolate morning gives good feeling day,sama pagkaon tsokolate buntag naghatag kanako maayong pagbati tibuok adlaw
nagaral ekonomika unibersidad,studied economics university,nagtuon ekonomiya unibersidad
iniinom sopas deretsong galing mangkok ganoon hapon,drink soup straight bowl japan like,giinom sabaw diretso panaksan ingon niana japan
masarap sariwang hilaw isda,fresh fish delicious,lamian labas hilaw isda
mabibili kaligayahan,happiness cannot bought,mapalit kalipayon
laman latang kahon,tin box empty,sulod lata kahon
matapang tumirang magsarili desyerto,bravely lived desert,maisugon nagpuyo naginusara disyerto
umasa tayong aandar,lets hope works,naghinaot moandar
akala moy naging nigro,thought nigger,nagtuo nahimo nigro
isip alila nigro,mind slave look like nigger,hunahuna ulipon mura nigro
patay magtrabaho,like youre dead dont want work anymore,mura patay ganahan magtrabaho
takot diyos nerbiyoso,afraid god nervous,hadlok ginoo busa gikulbaan
naging nigro,become nigger,nahimo nigro
nagbuntis edad taon,became pregnant age years,naburos edad
higit pitong milyon nagsasalita pranses quebec,quebecs french speakers seven million,labaw pito milyon tawo nagasulti pranses quebec
limang isda nahuli kahapon,caught five fish yesterday,nakadakop lima isda kagahapon
magaling pay itanong dr tanaka,better yet ask dr tanaka,labaw maayo ipangutana dr tanaka
maglalaro ragbi mats,many players needed rugby mats,magdudula alang pagparang ragbi
kastilyo,like castles,ganahan kastilyo
ninyong pagusapan pamilya,dont talk family anymore,hunungi paghisgot bahin pamilya
minamahal logograma sulat silanganing asyatiko,love east asiatic letter logograms,gihigugma logograma sulat silanganing asyatiko
isip niyay nananagarilyo pagaaral sulat asyatiko,mind seemed spinning studied asiatic writing,hunahuna sama panigarilyo nagtuon sulat asyatiko
pamilya pinaguusapan pamilya,like dont family youre talking family,mura pamilya busa gihisgutan bahin pamilya
sigurado kumakapal keyk,sure cake thickens,segurado gabaga cake
buhangin bituwin takot babae astronomiya,stars like sand woman afraid astronomy,tungod bituon sama balas babaye nahadlok astronomiya
kudlit buhangin tiyera umiiyak babae,tiyera like speck sand woman cried,tiyera sama kudhit balas busa gahilak babaye
alam babae malawak sansinukob maliit roon,woman know universe vast small,hibalan babaye uniberso malapad gamay
agham pantasya,science fantasy,agham pantasya
sinasakal,like youre strangled,mura ginatuok
pati natatamaan linyang,get hit line,tungod naigo linya
nakalimutan natutunan,forgotten learned,nakalimtan natunan
maglakad dito batuhan,walk rock,maglakaw bato
palabiro,hes funny,katawanan
ngakawiliwili thread basa,thread interesting wet,makahimuot basahon alundris
sapagkat mula kasalan hindinghindi nagkaroon kapulong lalaking katulad,since marriage never met like,tungod adunay lalaki sama kanimo sukad kasal
takot diyosdiyosan,afraid idols,nahadlok tungod ginooginoo
napakatanda,seem old,mura tigulang
ginuwardiya sikreto,kept secret,taguan sikreto
masyadong matanda malungkot maglaro sabi bata,old sad play said boy,tigulang naguol magdula ingon bata
akala ninyoy babae supot,thought girl bag,nagtuo babaye tungot pisot
matanda tao ring magpatuli,person old still circumcised,tigulang tawo mahimo magpatuli
importante babae lalaki tuli,also important woman circumcised,hinungdanon alang babaye natuli lalaki
masisigurado narito bukas,cant sure tomorrow,masiguro ugma
nilitratuhan koala,photographed koala,nakuhaan niyag litrato koala
hamster tumatakbo gulong katigiltigil pagikot,hamster running nonstop spinning wheel,hamster nagdagandagan ligid undang pagtuyok
kalimitang lengguwahe peru,common language peru,kasagarang sinultian peru
anak puta,son bitch,anak burikat
kasalanan katotohanan lukuluko nagsasabi,fault truth crooks say,sala kamatuoran
umpisahan,lets start,sugdan
nagparis nagsimulang magsayaw,everyone got started dancing,nagpares nagsugod pagsayaw
takot lumalagpak dilaw dahon kalye mismo,afraid yellow leaves fall street,nahadlok dilaw dahon mahulog dalan mismo
natakot aleman dilaw serbesa,german scared beer yellow,nahadlok aleman tungod dalag beer
natakot iba tribo,afraid tribe different,nahadlok tungod lahi tribo
iba itsura tribo natakot,tribe looked different scared,lahi itsura tribo busa nahadlok
nagugutom puro kainan pinaguusapan,hungry talking dining,gigutom pulos pagkaon ginahisgutan
lumabas kumain restawran,go eat restaurant,gawas kaon restawran
kotse,dont car,silay kotse
maulapulap,cloudy,dagomon
pumarini lumasap silahis araw,come enjoy sunshine,umari matagamtam adlaw
interesado politika,interested politics,interesado politika
lumilito kurtina hangin,curtains fluttered wind,kurtina naglibog hangin
inumbok hangin layag,wind raised sail,gipadpad hangin layag
insulto prodyeksiyon babae galing sariling isip,sound like insult womans projection mind,insulto apan pagtuybo babaye kaugalingon hunahuna
minsan obhekto nakalagay prodyeksiyon isip ginagamit babae komunikasyon,sometimes woman uses objects placed according projection mind communication,usahay butang gigamit pinauyon pagtuybo hunahuna gigamit babaye alang komunikasyon
maging sensitibo sinasabi ibaibang tao prodyeksiyon anumang nangyayari sarili nilang buhay,sensitive different people say projection whatever happening lives,sensitibo giingon lainlaing tawo pagtuybo nahitabo kaugalingon kinabuhi
naniniwala parte utak responsable insulto aktibo ibang tao,believe part brain responsible insults active people,uban nagtuo adunay bahin utok responsable insulto labi aktibo ubang tawo
sakit minsan endemik buong rasa,disease sometimes endemic entire race,sakit usahay endemiko tibuuk lumba
malayo araw tiyera,araw far tiyera,tinuod layo adlaw tiyera
nagbubus paeskuwela,go school,gasakay bus padulong eskuylahan
sori magtagal,sorry cant stay long,pasaylua apan mamahimong magdugay
rasismo mabigat trabaho,racism hard work,rasismo bugat trabaho kaninyo
naintindihan pinanuod,understand watching,masabtan gitanaw
nagsasalita sansinukob bagay mayroon sariling wika,everything universe speaks nothing language,matag uniberso nagsulti butang sinultian
malaman sikreto simple,want know secret simple,ganahan makabalo tinagoan
kukuha yelo,ill get ice,mukuha helada
pagaaral trabaho estudyante,learning students job,pagkaton trabaho estudyante
persimon,thats persimmon,katugotan
tinitingnan gubat nakikita puno,look forest dont see trees,tanawon lasang makita kahoy
babae parati nadidipres buhay,definitely woman always depressed life,babaye permi nalupyak kinabuhi
ihalo kanin itlog toyo,mix rice egg soy sauce,isagol humay itlog toyo
makikita hayop hilagang hemispero,animals found northern hemisphere,makita adtong mananap amihang hemispero
karunungan musika,knowledge music,adunay kahanas musika
maaari gawin,,mamahimo buhaton
magmiting,meet,magpulongpulong kaha
tingnan batang lumalangoy,look boy swimming,tanawa bata galangoy
isip isday nakakarinig,think fish hear,nagtuo isda makadungog
magtalbugan,lets bounce,magindig
tajima makapagsalita konting repinado,tajima cant speak little refined,tajima makasulti gamay pino
kabila ilog bahay,house across river,pikas suba balay
ayos sangayon,ok agree,uyon
nabibili ginto,gold bought,mapalit bulawan
makaagham masyado masyadong relihiyoso,scientific religious,siyentipiko apan relihiyoso
bata,children anymore,bata
gumawa sulat,write letter,nagbuhat sulat
kompyuter,computer,dagitabyan
umuwi maaga,come home early,niuli sayu
estasyong hakata,hakata station,hunungan hakata
buhay dakilang hiwaga,life great mystery,kinabuhi bantog misteryo
nagtratrabaho manunulat bagong libro,writer working new book,gatrabaho manunuwat bagong libro
makakatigil konti,hold little longer,mahimo mohunong gamay
,,
malagkit baston,cane sticky,pilitpilt baston
bumabagsak dahon puno,leaves trees fall,nagkahuloh dahon puno
paki,please,palihug
itim bulaklak,flower black,itom bulak
oho paki,oh please,palihug
sumali amin,join us,apil amo
dumarating tren,train coming,niabot tren
kasing tangkad,tall,ingon kataas
pumarini magkita bukas,come back see tomorrow,anhi magkita ugma
deliryo tao kalokohan tawagin,mans delirium foolish call,duhiraw tawo pulos tawagon
deliryo libong tao relihiyon tawagin,delirium thousand people religion speak,duhiraw libo tawo relihiyon tawagon
matandaan binigay,dont remember gave,mahinumduman gihatagan
pakibigay tinapay,give bread please,palihug ihatag tinapay
umiinom salabat alauna medya umaga,drink salabat half past one morning,gainom salabat alauna medya buntag
maraming klaseng puto nakahanda mesa,many kinds puto ready table,daghag laing laing klase puto nakaandam lamesa
sigurado iniisip,sure thinking,segurado kaong gihunahuna
tinatawagan,calling,ginatawagan
pagdakang yumumi magandang kulay langit,suddenly beautiful color sky faded,kalit nawala matahom kolor langit
kalamay europa,europe unaware,kalamay europa
lansones europa,drug europe,lansones europa
duhat europa,duhat europe,duhat europa
sumagot sulat,must reply letter,tubag sulat
silahis,hes shy,silahis
manalamin ilaw tubig,reflect light water,nanamin suga tubig
maghahapunan amin,dinner us,manihapon amo
pinanuod harding lumaki pinanuod niyang pumula huminog mansanas,watched orchard grow watched apples turn red ripen,gitanaw pagtubo tamnanan gitanaw mansanas namula hinog
kunin susi kotse,take key car,kuhaa yabi kotse
magaling magsinungaling,good lying,maayo mamakak
,whos,
klaseng rekwerdo tinatago kabataan,kind records keep youth,unsang klase pagusab gitago alang pagkabatanon
nagsasalita musmos maligaya,speaks innocently happily,malipayon nakigistoryahanay bata
pagkatanda proteksiyon katangahan,old age protection stupidity,pagtigulang proteksyon batok hinanggaw
oras bukas,time tomorrow,oras ugma
kumot,sheets,habol
mahanap makipagsayaw,cant find dance,makita makigsayaw
,like something,ganahan
mahusay politiko mahusay estudyante,good politician good student,maayong politiko maayo estudyante
malaman katotohanan,want know truth,ganahan mahibawan kamatuoran
umiwas taong makabubuti,avoid people good,mopalayo tawo makaayo
koreano,korean,koreano
vegetarian,vegetarian,vegetarian
makatulog,cant sleep,katulog
biglang pumasok kusina,suddenly entered kitchen,nikalit sulod kosina
pabalikbalik ulan,rain came back forth,balikbalik uwan
bawat pagkakataon tumatakas dito bumabalik,every time ran away came back,matag higayon makaeskapo mobalik
malayo mararating,go far,layo maabtan
,,kaha gibuhat
buong araw bahay,away home day,tibuok adlaw balay
naniniwala diyos,believe god,nagatuo ginoo
kalaunan nakulong salbaheng lalaki,later mischievous also jailed,ulahi tawong salawayon napriso
dalhin bata kagubatan,take child forest,dada bata lasang
makita,dont want see anymore,ganahan makakita
patayin dalhin baga atay bilang katunayan,kill bring lungs liver evidence,patya dada baga atay ingon pruyba
nagalit,angry,nasuko
nawala pananakit,pain gone,nawala kasakit
maganda,beautiful,maanyag
tingin mahhuli,think late,gatuo maulahi
pakintabin kasangkapang polish,lets polish furniture,pasinawon muwebles poland
baguhin,changed,baguhon
nangisda lawa,fished lake,nangisda lanaw
lagyan mesa terasa,put table terrace,mamahimo magbutang lamesa balkon
mababaw,still shallow,mabaw
nakakatapak ilalim,still step bottom,makatamak ilalom
mababaw dalampasigang,beach shallow,mabaw baybayon
yotsuba naaapakan ilalim,yotsuba youre still hitting bottom arent,yotsuba natamakan ilalom
inasahan mangyayari,expected happen,nagdahom mahitabo
bagay kayong dalawa,two perfect,bagay duha
maganda sinabi,said good,maayo gisulti
umayos fred,fix fred,pagtarong fred
nagbibiro,kidding,nagpakatawa
pinahanga lalaki babae pamamagitan salamangka,impresses woman magic,gidani laki baye pinaagi madyik
ayoko itlog,dont like eggs,ganahan itlog
namang kasuklamsuklam,disgusting,dulumtanang
tulungan buhatin paketeng,help carry package,tabangi alsa aning putos
niluto,cook,gipangluto
kailangang maisagawa planong,plan must executed,mabuhat plano
umalis maaga maabutan tren,leave early catch train,molakaw sayo makasakay tren
malaki,big,dako
sinabi nanay nagsalsal mabubulag,mother told masturbated would go blind,gisultihan inahan maglulo mabuta
pagod pagod dalawang araw nagtatrabaho derederetso,tired working two days straight,gikapoy pagayo tungod duha adlaw nagtrabaho diretso
ipagpaliban hapunan,lets postpone dinner,unyaunya nata manihapon
milya nilakad,walked mile,milya gibaktas
sinasabi ditto ngunit kapareho love,say ditto thats love,giingon apan parehas gihigugma
pera,made money,binuhat kwarta
husgahan tao base itsura,dont judge people based appearance,paghukum tawo base hitsura
napagtanto kagandahan tuktok bundok naabot ibang magagawa bumaba ulit,realized beauty like mountain top reach theres nothing else go,naamgohan katahum sama kinatumyan bukidsa higayon maabut lain mahimo manaog
namula kahihiyan,blushed embarrassment,namula kaulaw
sinira tiwala,broke trust,giguba pagsalig
masaya makita,glad see,nalipay nakita
ayokong magtrabaho manood pelikula,dont feel like working today watch movie,giganahan mutrabaho mananaw nalang salida
naging tagapagmakinilya,became typist,nahimong dalikwat
magaling lumipad langaw piloto,flies better fly pilot,labing maayo mulupad langaw piloto
sumasangayon pananaw,agree point view,uyon pananaw
magiging masaya,cant happy,malipay
iba inaakala,different thought,lahi ginahunahuna
aabutin dalawang oras kotse bago makarating tito mula dito,take two hours car reach uncle,duha oras agian kotse makaadto uyoan
nating magaral mabuti,study hard,magtuon tarong
malapit maghapunan,almost dinner time,hapit manihapon
nasabi bumili tinapay,tell buy bread,nahisgutan mupalit pan
pumunta,want go,ganahan moadto
matutulog,going sleep,matulog
laging tatoeba,always tatoeba,kanunay tatoeba
nagluluto almusal nanay,mother cooking breakfast,inahan kaygaluto pamahaw
maligayang ikaapat hulyo,happy fourth july,malipayong ikaupat hulyo
pagtatrabaho pangangailangan kasiyahan,working necessity pleasure,pagtrabaho kinahanglanon apan kahimutan
babalik bukas,back tomorrow,mobalik ugma
minsan nagkukunwari pakialam nangyayari paligid,sometimes pretends care happening around,usahay magpakaaroningnon pakialam nagakahitabo palibut
ninakaw,stole,gikawat
maikling pamamahinga naputol dumating,brief rest cut short arrived,mubu pahulay giputol pagabut
maligayang kaarawan asawa,happy birthday husband,malipayong adlaw natawhan bana
kontento,satisfied,natagbaw
ayan,,nasad
imaginary friend anak babae,daughter imaginary friend,imahinaryong higala anak baye
gumagawa,one yet,naghimo
tingin tinatago,think hiding something,hunahuna gitago kanako
masakit magsalita mabuti kalooban,hurts speak good mood,sakit manulti apan maayo pagbuot
kapanipaniwala,seems unbelievable,katuohan
mahahaba binti kapatid babae,sister long legs,igsoon baye tagas batiis
madumi hangin siyudad,air city dirty,hugaw hangin among siyudad
kumakain karne,doesnt eat meat,gakaon karne
pinakita larawan,showed picture,gipakita saiya hulagway
bumalik bago magalas otso,returned eight oclock,nibalik bago otso
magsimula ulit,want us start,ganahan magsugod
sinubukan niyang makipagugnayan,tried contact,gisulayan pagkontank
hiling maging manggagamot,wish become physician,pangandoy mahimong doktor
loob aparador meronghindi sasabihin loob aparador,inside closet theresi wont say whats inside closet,sulud aparador adunay isulti sulod aparador
mananatili lihim,secret remain,magpabilin sikreto
mahilig kwento pagibig,dont like love stories,ganahan
takot,afraid,nahadlok
iabot tuwalya,hand towel,idunol toalya
pusa keyboard,cat likes keyboard,ganahan iring tapoyanan
nagpapasalamat bakasyon,thankful vacation,nagpasalamat alang bakasyon
subukan,lets try,sulayan
buwis tindahang,tax store,bay buhis tindahan
nagtapos digmaan tagumpay allied powers,war ended victory allied powers,giyera nahuman kadaugan alang allied powers
ayokong humiga,dont want lie,ganahan muginhawa
papatayin amo,boss kill,patyon agalon
referee laro soccer,many referees soccer game,reperi saker dula
pinadala dito pumalit,sent take,gipadala mupuli
magandang umaga maghahanda,good morning get ready,maayong buntag mangandam
cute,hes cute,pikdut
pakipuno,please fill,palihug puni
kaliwa manibela kotseng amerikano,steering wheel american cars left,manibela awto amerikano
nagligtas,saved,nakaluwas kanako
maaasahan,cant count,masaligan
gumastos sobra kinikita,dont spend earn,paggasto sobra
napakagaling niyang musikero,good musician,maayo musikero
namatay nanay bata lola nagpalaki,mother died young grandmother raised,inahan namatay bata apohan nagpadako kaniya
gaano kalalim lawa,deep lake,gaano kalalim lawa
sirwelas nandiyan,many plums,sirwela
iniisip mayayabang tao mataas iba,arrogant people think superior others,tawong mapahitason naghunahuna labaw uban
tapusin,lets get,humanon
parating tren,train coming,padulong tren
magpakita,show,pagpakita
namang mareklamo,complain,seguradong tagawtawan
pangyayaring nagpasikat,event made famous,hitabo naghimo kaniya bantog
aso nasagasaan trak,dog run truck,iro nadasmagan trak
iminumungkahi,suggesting,gisugyot
urdu katutubong wika,urdu native language,urdu among sinultian nitibo
sumunod silid,follow room,sunda kuwarto
kakaiba pakiramdam,feel strange,baligho gibati
merong kaayaaya dikaayaaya bagay,good bad everything,adunay makalipay makapahimuot
mapipigilan,stop,unsaon pagpugong
edad bata bata,matter age child child,igsapayan edad bata bata
gumagana,doesnt work,molihok
natupad layunin,accomplished goal,nakabot katuyoan
firefighters ball kinapipitagan pagdiriwang ginaganap tuwing ika hulyo france,firefighters ball still revered celebrations held every july th france,bayle bombero gitahud gihapon kasaulugan gihimo matag ika hulyo pransya
porn rated x ibig sabihin maaari manood taong edad pataas,porn rated x people watch people aged,gipahimutang x pornograpiya buot pasabot kadtong makatanaw tawo nagedad pataas
ngayong umaga nasira ginagamit naglalaro bola kwarto,morning broke one using playing ball bedroom,karong buntag nadaot gigamit samtang nagdula bola sulud
makakaalis dito,cant get,makabiya
nasugatan labanan,injured battle,nasamdan batalya
madaling mabigo,doesnt fail easily,dali mapakyas
mr bark problema sekretarya,mr bark problem secretary today,mrbark problema sekretaryo
naisip,thought,ideya
samantala hiwain tinapay cubes prituhin mainit mantika,meanwhile cut bread cubes fry hot oil,samtang hiwaa tinapay cubes iprito init lana
sumali usapan,joined conversation,niapil panagsulti
nagmamahalan,love,naghigugmaay
girlfriend,girlfriend,uyab
inayos tatay sasakyan,dad fixed car,giayo amahan awto
natagpuan loob dalawang araw nawawalang bata,missing child found within two days,nawala bata nakitan sulud duha adlaw
ipaayos oboe,get oboe fixed,ayohon oboe
naiintindihan,dont understand,masabtan
siguro tama laki kahon librong,maybe box right size books,sakto kadako kahon husto alang libro
niloloko,dont fool,limbonga
maraming naniniwala marunong makinig payo,many believe know listen advice,daghan nagtuo kahibalo unsaon pagpamati tambag
tiyakin order,confirm order,seguroha mando
salamat sagot,thank answer,salamat pagtubag
binigyan manager tropeo,manager gave trophy,gihatagan tigdumala tropeo
magpakasaya,fun,pagpakalipay
huli,youre late,sapan
araw magkasama tatlong taong paghihiwalay,day together like three years apart,adlaw naguban sama tulo tuig panagbulag
problema,whats problem,suliran
yayaman,get rich,unsaon pagkadato
nabasa diyaryo,read newspaper,nabasa mantalaan
pagsulong pagbalik,failure advance regression,pagsulong pagbalik
sarado museo,museum closed,sirado museyo
sobra,thats much,sobra
,isnt,
pulbos natutunaw tubig,powder soluble water,pulbos matunaw tubig
tatay,father,amahan
ayos,ok,maayo
maasim ubas,grapes sour,aslom ubas
dalawang beses nakapunta kyoto,kyoto twice,kaduha nakaadto kyoto
nakatanaw labas bintana,looked window,mitutok gawas bintana
nahihita diyan,dont see,apan nakitan
bumaba hagdan,went stairs,ningnaog angangan
tayong makita ulit,wants see us,ganahan magkita balik
sabihin,tell,isulti
makakasama paginom tubig basta sobra,drinking water harmful long much,paginom tubig makadaot palabi
tuwangtuwa magulang,parents happy,labihan kalipay ginikanan
araw mabubuhay,werent sun nothing would live,tungod adlaw untay mabuhi
sakaling aalis bago magalas singko sabihin,happen leaving five oclock tell,ingkaso mobiya singko sultihi
iba paliwanag,explanation,nay lain katinawan
nababalisa,anxious,nabalaka
papansinin,ignore,balewalaon
pasalamatan,thank,pasalamatan
manatili dito,prefer stay,labi nakong ganahan magpabilin
sasamahan huli,end,maguban kanimo katapusan
,dont,buhata
maging pihikan pulubi,beggars beggars,makililimos pilian
kabaliwan,crazy,gibuhat kabuang
nating siguraduhin,make sure,seguruhon
makasigurado,wanted sure,makaseguro
malaman,wanted know,ganhaan makahibalo
sinulyapan relo,glanced watch,gitanaw relo
sakit sasama,wasnt sick would come,sakit mouban
madalang makinig radyo,rarely listen radio,talagsa maminaw radyo
kamusta,,kumusta
papayagan,allow,tugotan
maaari,cant,
nakikita reyna,see queen,nakita rayna
paborito podcast,whats favorite podcast,pinalabi podcast
natuto esperanto,learn esperanto,pagtuon esperanto
magagalit masamang balita,dont angry bad news,kasuko daotang balita
gumawa noon,,nagbuhat niadto
gustunggusto naglalaro golf,love playing golf,ganahan magdula golf
dalawang milya papunta baranggay,less two miles village,duha milya layo baryo
subukan magmukhang masaya,try look happy,sulayi magpakita malipayon
matiis,couldnt stand anymore,makaagwanta
toothpaste pangsipilyo,toothpaste favorite toothbrush,toothpaste pinalabi pangsepilyo
nagsasalin pangungusap tatoeba libre,translate sentences tatoeba free,gihubad tudlingpulong tatoeba libre
binigay pera,gave money,gihatag kwarta
darating tamang oras tren,train arrive time,muabot tren saktong oras
masama loob pagkupkop tito,felt bad uncles sheltering,nasuko sagop uyoan iya
marunong magmaneho anak maliit,little son drive,nahibalo magnaheo anak gamay
tayong magtalo nating magtalo,lets argue want argue,maglalis tungod naton maglalis
pangkaraniwan,thats normal,ordinaryo
interesadonginteresado kasaysayan hapon,interested japanese history,interesado kasaysayan hapon
nagulat lalim kaalaman tungkol dito,surprised depth knowledge,natingala lawom nahibalan bahin
nanood tv kagabi,watched tv last night,nagtanaw tv gabii
malapit dumating pulis pinangyarihan krimen,police soon arrived scene crime,hapit moabot pulisya lugar nahitaboan krimen
lumala bagaybagay,things got worse,nisamot kalisud kahimtang
simple kalalakihan,men simple,yano laki
biyernes kahapon huwebes bukas sabado pagkatapos linggo,today friday yesterday thursday tomorrow saturday sunday,adlaw biyernes kagahapon huwebes ugma sabado dayon domingo
mangyari,happen,mahimong mahitabo
bansang kilusan laban kalakal hapones,country movement japanese goods,nasud adunay kalihokan batok paninda japan
namang kasalanan,fault,sala
arawaraw nagiisa,every day alone,adlaw naginusara
alituntunin alituntunin,rule rule,pagmando lagda
,wish one,hinaut
nay tay nalulong meth utang daang milyong dolyar big jim,mom dad addicted meth owe big jim hundred million dollars,nay tay naadik meth nakautang gatus milyon dolyar big jim
sumandal,leaned,nisandig
magsisimula sais umaga ika agosto,start six morning th august,magsugod says buntag ika agosto
medyo,kind like,medyo ganahan
gaano kalayo susunod gasolinahan,far next gas station,unsang kalayo sunod gasolinahan
mahilig magtakong,doesnt like heels,ganahan magtakong
kumusta mabuti,thats good,kumusta maayo
mayari,owner,tagya
minartilyo pako tabla,hammered nails board,gibakbak lansang tabla
kalokohan,thats bullshit,binuang
pinagbantaan,threaten,gihulga
naubos pera hawaii,ran money hawaii,nahurot sapi hawaii
nitong nakaraang araw mapakali,past days restless,kining niaging adlaw mahimutang
magulang,toms parents dont like,giganahan ginikanan
makatotohanan,realistic,reyalistiko
binisita mike punongguro naming ginoong ogaki,mike visited principal mr ogaki,gibisita mike among prinsipal mister ogaki
salamat pakikinig,thanks listening,salamat pagpaminaw
maganda pagkanta,sings better,labing maayo mokanta saiya
unang panahon nakikipagusap tao pamamagitan usok,ancient times people communicated smoke,kaniadto panahon tawo nakigsulti pinaagi aso
lalo nabalisa balita,even upset news,labi nabulabog balita
sinabihan doctor ginoong smith itigil paninigarilyo,doctor told mr smith stop smoking,gisultihan doktor mister smith mohunong pagpanigarilyo
pupunta paris taglagas,going paris fall,moadto paris otonyo
magaling bumaril,shoots well,maayo mamusil
takot tao,people afraid,mahadlok tawo
binilhan kapatid babae bagong sumbrero,bought sister new hat,gipalitan igsoon bagong kalo
mayroong malaking supermarket,big supermarket,adunay dakong merkado
sasabihin sayo dumating,tell arrives,isulti kanimo moanhi
maraming nagsasalita pranses,many speak french,daghan nagasulti pranses
akala alam sinabi tungkol,thought know said,akala alam sinabi tungkol
tatay,father,amahan
nakita naglalakad gilid kalsada,saw walking side road,nakita nagbaktas kilid dalan
magtanong,dont ask,pangutana maski
manigarilyo hardin bubong,smoke roof garden,mamahimo manigarilyo hardin atop
magandang pangungusap,way good sentence,lain pay maayong pulong
umiinom kape,drink coffee,gainom kape
handa harapin kapalaran,ready face destiny,andam moatubang kapalaran
nakakalimutang padalhan regalo nanay tuwing kaarawan,never forget send mother gift birthday,ginakalimtan pagpadala regalo inahan adlaw natawhan
digmaan masisira,one war destroyed,gyera maguba
masaya nandito,happy,nalipay
paglaruan salamin,play mirror,dulai espeho
mismong harapan nangyari aksidente kalsada,road accident happened right front,mismong atubangan nahitabo disgrasya dalan
nais ibahagi bagong application ginagamit gumawa memory book namayapa lolo,wanted share new application using create memory book late grandfather,nakong ipaambit kanimo bagong aplikasyon gigamit makahimo libro memorya alang namatay apohan
tinatanggap mungkahi,accept toms suggestions,ginadawat sugyot
maaaring dumating,come,mamahimong muabot
kailangang magmadali dagdag,dont rush added,kinahanglang magdali dungag
ayos,thats fine,sakto
ngunit tao,human,apan tawo
nagaalmusal,breakfast today,namahaw
kinailangan tulungan,help,tabanga
halos natatalo chess,hardly beats chess,mapildig chess
tumutulong,helping,nagatabang kaniya
,dont like,ganahi
namagitan,intervened,nagpatunga
pinilit kaming pumunta maaga,forced us go earlier,gipugos moadto una
binoto,vote,giboto
banyo,restroom,banyo
banyo,bathroom,banyo
pitasin bulaklak,cant pick flowers,putlon bulak
hintayin,dont wait,paabuta
hihintayin,wont wait,paabuton
hintayin sandali,wait moment,paabuta kadali
unang panahon naniniwala mundo sentro sansinukob,ancient times believed earth center universe,kaniadto nagtoo kalibutan sentro uniberso
magkano ps inilabas,much ps released,magasto ps ipagawas
baho sapatos,shoes stink,baho sapatos
gaano katagal,much longer,kadugay
hinahayaang gawin,letting,pasagdan buhaton kanimo
pasensiya maling numero tinatawagan,sorry calling wrong number,pasayloa busa mali numero ginatawagan
maganda panahon,weather good,maanyag panahon
bukas kaarawan,birthday tomorrow,ugma adlaw akongpagkatawo
,like,ganahan
amin supot,bag,unom ning putos
tagamaynila,manila,tagamaynila
amin,,amoa
pangalan,,pangalan
oras,time,oras
,mine,
uhaw,thirsty,giuhaw
,,imuha
maganda panahon kahapon,weather good yesterday,maayag panahon kagahapon
supot,bag mine,ning putos
labas,lets go,gawas
pelikula,movie,salida
bumalik bayan niyang sinilangan,returned hometown,nibalik lungsod natawhan
babaeng,girl,tong babaye
iba,others,uban
nahihimbing bayan,town sleeping,malinawon lungsod
madalas pinapagalitan asawa,wife often scolded,kanunay ginakasaban asawa
mismo nakakakita ufo,never seen ufo,mismo makakita ufo
ayoko kurbatang,dont like tie,ganahan aning korbata
bigyan matingkad,give something brighter,hatagi labaw hayag
ingay,noise,saba
nagaaral arabo,learning arabic,nagtuon sinulitaang arabo
kulay,color,kolor
,like,ganahan
palengke,market,merkado
pagkain,food,pagkaon
,,
aalis,leaving,mohawa
aalis,leaving,mohawa
,,ginabuhat
lutuin,cook,unsaon pagluto
nalaman,know,pagkabalo
kaarawan,birthday,kanusa adlawng natawhan
darating,coming,kanusa moabot
gumawa,made,nagbuhat
labasan,exit,agianan pagawas
pasukan,entrance,agianan pasulod
magkano,much,tag
magkano,much,tagpila
pera,money,kwarta
,dont want,
,like,
pahingi tubig,ask water,palihog tubig
taksi,cab,kinahangalan traydor
problema,whats problem,problema
malayo,far away,layo
marunong ingles,know english,kabalo magingles
marunong,know,kabalo magtagalog
marunong filipino,know filipino,kabalo filipino
chen,chen teacher,chen magtutudlo
tatay,father,amahan
kapatid lalaki,brother,igsuon lalaki
nandito,,
kumusta,,kumusta
istasyon tren,train station,paradahan tren
matulog,want sleep,matulog
malakas ulan kahapon,rained heavily yesterday,kusog ulan kagahapon
patawarin,forgive,mangayo pasaylo
patawad,sorry,pasayloa
nagkamali,made mistake,nasayop
,,imoha
lapis,pencil,ning lapis
aklat,book,ning libro
bisikleta,bike,bayk
talasalitaan,vocabulary,bokabularyo
supot,bag,sando bag
kotse,car,sakyanan
aso,dog,iro
aklattalaan,notebook,talaan sulod
cd,cd,cd
nanay,mom,inahan
opisina,office,opisina
kapatid,brother,igsuon
kusina,kitchen,kusina
tanong,question,pangutana
bahay,house,balay
tatay,father,ning amahan
kaibigan,friend,ning higala
pusa,cat,ning iring
kabayo,horse,ning kabayo
pagaari,mine,gipanagiyahan
payo,advice,tambag
nanay,mother,ning inahan
awit,song,ning kanta
paaralan,school,ning eskwelahan
kuwarto,room,ning kwarto
awit,song,kanta
asawa,husband,ning asawa
anak lalaki,son,anak lalaki
maintindihan,dont understand,kasabot
maraming salamat,thank much,daghang salamat
paris,paris,paris
ospital,hospital,balaytambalanan
pupunta,going,moadto
handa agahan,breakfast ready,andam pamahaw
sinusulat,writing,ginasulat
tatay,father,amahan
salamat sayo,thank,salamat
salamat,thank,salamat
daan,road,agianan
taksi,cab,taksi
kubeta,toilet,kasilyas
kainan,restaurant,kaonanan
silidkainan,dining room,kusina
silidtulugan,bedroom,kwarto
tindahan,store,tindahan
maynila,manila,maynila
pumunta tabingdagat,went beach,niadto daplin dagat
pakisulat pangalan,please write,palihoh sulata ngalan
lunes,today monday,adlawng lunes
bukas linggo,tomorrow sunday,ugma adlawng dominggo
nagaaral magsalita filipino,learning speak filipino,nagtuon moistroya filipino
nagsasalita italyano,speak italian,nagaistorya italyano
nagsasalita filipino,speak filipino,nagaistroya filipino
nagsasalita,speak,nagaistorya
buwan pumunta maynila,last month went manila,niagi bulan niadto maynila
mula nayon,village,among baryo
nagsusulat sulat,writes letter,nagasulat sulat
dinalaw datu alvin,datu visited alvin,gibisita datu alvin
ewan,dont know,ambot
mahal,love,gihigugma
,,
hiramin,borrow,mamahimo manghiram
muna,thats,
maligayang kaarawan,happy birthday,malipayong adlawng natawhan
bata kumilos,acts like child,mura bata molihok
hinahanap,looking,ginapangita
makamandag ahas,snake poisonous,makamatay bitin
alam,know,kabalo buhaton
maraming pambihirang isda akwaryum,many rare fish aquarium,daghan talagsaon sulod akwaryum
maganda adorno simbahan,church beautifully decorated,nindot desinyo balayampoanan
alala anak,worried son,guol anak
sumulat liham jim,wrote letter jim,nagsulat sulat jim
kabayo,horse,kabayo
abogado lalaki,lawyer,lalaki abogado
makulay bahaghari,rainbow colorful,adunay daghang bulok bangaw
tao bahay,one home,tao balay
trabaho,doesnt job,trabaho
mayroong tao bahay,someone home,adunay tao balay
bahay ginoong nakamura,mr nakamura home,balay mr nakamura
nars babae,woman nurse,babae nars
ilalim sahig daga,mouse floor,salog ilaga
bawal pumasok,forbidden enter,mosulod
totoo,thats true,kamatuoran
pinagbili analyn,analyn bought cow,gibaligya analyn
malamig sariwa hangin,air cool fresh,bugnaw presko hangin
ingat,careful,magamping
sakit,sick,gibati
napakabuti,good,maayo
ikinagagalak makilala,glad meet,gikalipay nagkaila duha
maganda panahon,weather good,nindot panahon
naintindihan,understand,nakasabot
paki tulungan,please help,palihug tabangi
window,window,bintana
bilihan,buy,dapit tindahan
magandang araw,good day,maayong buntag
sayo,,imoha
bisi,busy,daghan gibuhat
,,dapit
ilan,many,kabuok
malungkot,sad,masulobon
,,
kaibigan bob,bob friend,higala bob
nagugutom,hungry,gigutom
sandali,moment,kadiyot
libro mesa,book table,ibabaw lamesa libro
kompyuter,computer,ning kompyuter
aking kompyuter,computer,kompyuter
lalaki,,lalaki
babae,woman,babae
nars,nurse,nars
malaman,want know,makabalo
mahal,love,gihigugma
taon beintisais taong gulang,old twentysix years old,edad bayentesais tuig
hi ricardo,hi ricardo,hi ricardo
ikinagagalak makilala,nice meet,gikalipay nagkaila tang duha
kumusta,,kumusta
dito kumain,lets eat,mokaon
nangangamba mangingisda masamang epekto iba yamangdagat kanilang kabuhayan,fishermen fear adverse effects marine resources livelihood,nagakahadlok mangingisda tungod maayong nahitabo uban kinaiyahan dagat tungod pangwarta
paumanhin humingi pabor,excuse ask favor,kadali ha mangayo pabor imoha
humingi pabor,ask favor,mangayo pabor imoha
umiinom tsaa batang babae,girl drinking tea,nagainom tsaa bata babae
gulay bilihin,vegetable want buy,gulay paliton
tinitiis protesto,dont tolerate without protest,antuson welga
kumakain,eating,nagakaon
asong malaki,dog bigger,wlay iro dako
pumupunta eskuwela gabi,goes school night,nagaeskwela gabii
sikreto,thats secret,sikreto
pakiabot pandikit gunting loob kahong,please hand glue scissors inside box,palihug paki hatag glue gunting sulod anang kahon
gagamitin gunting paggupit papel dilaw,use scissors cut yellow paper,gamiton gunting magupit dalag papel
makikita epekto sabong,see effect drug,kanusa makitan epekto sabon
nagsabi batang iyay nakakarinig,someone told boy couldnt hear,nakaingon bata makadungog
itoy tumagal oras,lasted hour,nagdugay sulod oras
bay natutulog,sleeping,nagatulog
mabait kapitbahay,nice neighbor,maayo silingan
sinabi nais nyang mapagisa,said wanted alone,maginusara ingon
maglalaro tenis,play tennis,madula tenis
huminto kotse,car stop,nihungong sakyanan
pablo ipinanganak roma,paul born rome,roma gipanganak pablo
bansa kanikanilang wika,countries language,sud adunay kaugalingon sinultihan
kaarawan dalawamput agosto,birthday twentyfirst august,adlawng natawhan ika agosto
sesante,sixty,pahawa trabaho
bingi naririnig,deaf cant hear,bungol tikaa madungog
nagyaya dalawampung kaibigan pista,invited twenty friends party,nangimbita bayente higala pista
nakikita,see,nakita
tingin aklat nabasa kasalukuyan,many books think read far,pananaw libro nabasa
kulay buhok,color toms hair,kolor buhok
lumalakad pato,walks like duck,paglakaw sama pato
lolo limang beses matanda,grandfather five times older,lolo tigulang lima takna
maaari maghintay kwartong,wait room,mamahimo maghulat kwarto
umuwi tawagan pulis,go home call police,tawagi dayon pulis
kinailangan tumulong gawaingbahay,help housework,gikinahanglan motabang trabahuon balay
marunong magmaneho kotse,know drive car,kabalo magdrayb sakyanan
silay naligo lawa,bathed lake,naligo lawa
nakita,saw,nakitan
nagdalawangisip bago sumagot,hesitated answering,nagduhaduha bago nitubag
oras natutulog,time sleep,unsang oras nagatulog
maintindihan,dont understand needed,kasabot tao
kasama,,kauban
sabado,today saturday,adlaw sabado
ginustong masaktan,want hurt,gituyo masakitan
iniligtas doktor apat taong nasaktan aksidente,doctor saved four people injured accident,gisalba doktor upat tawo nasakitan aksidente
dumaan makitid daanan,passed narrow passage,niagi suok dalan
magkano bayaran,much pay,bayaran
anak babae bumibili gatas tindahan,daughter buys milk store,anak babae nipalit gatas tindahan
tingnan laki bagay,look size thing,tanawa kadakon butang
ganang pumasyal,dont feel like going,gana mosuroy
niyang pakainin malaking pamilya,feed large family,pakaunon pamilya
musika,likes music,ganahan tugtog
,,
kanino bolpen,whose pen,kakinsa ning bolpen
nagbibisikleta papuntang trabaho,ride bike work,nagabayk padulong trabahoan
maraming kaibigan,many friends,daghang higala
maliwanag kwarto,room bright,hayag kwarto
kagatin kuko,dont bite nails,pagkitkit kuko
nagaaral ingles balak pumunta estados unidos,studying english plan go united states,nagtuon ingles plano moadto estados unidos
iba,want something else,lahi
papayagan magsalita maaari ipaliwanag,allow speak explain everything,tugotan mostorya nakong ipasabot imoha
pumupunta opisina tuwing sabado,doesnt go office saturdays,nagaadto trabahoan sabado
maligayan ina,mothers said happy,maayong adlaw inahan
nakapasok nasasayo susi,get key,pagsulod susi
umasa suporta darating tamang oras,hope support come time,mosalig suporta moabot saktong oras
umalis nagpapaalam,left without saying goodbye,nihawa nananghid
tumawag nasalabas,someone call,nangita samtang gawas
pagmamahal,want love,giganahan pagpangga
nakakapagsalita ingles pinagtawanan,could speak english wouldnt laughed,kabalo magistorya ingles katawan
sabi aksidente sanhi mahusay pagkakagawa gusali,said accident caused poor construction building,ingon aksidente tungod gabok pagkabuhat gambalay
ayokong gumawa ganitong kalagayan,dont want work situation,mohimo ingon sitwasyon
maiging masarhan pinto,cant close door,masirado maayo purtahan
tingin maaaring mangyari,think cannot happen,pananaw mahitabo
selpon moy kumikilos,cell phone working,selpon molihok
nagbiyahe,travel,niadto
nagbiyahe maraming bayan,traveled many towns,niadto daghang siyudad
lumago bulaklak maagang tagsibol,flower grows early spring,nibukhad bulak tungod sayo panahon
maglakad pagkatapos hapunan,want go walk dinner,molakaw paghuman panihapon
pagunawa,like understanding,ganahan tungod pagkamasinabtanon
magtatagpo lisa nitong hapon,lisa meet afternoon,magkita lisa karong hapon
magbasa tumigil,read left,pagbasa moundang
kuwento,thats stories,istorya
kasing tangkad,tall,duha pareho tangkad
hinihiling magkaroon maligayang kaarawan,wish happy birthday,malipay adlawng natawhan
kasintahan,dont boyfriend,trato
natutuwa makilala,glad meet,nalipay nagkaila
sasabihin inyong lengwahe,say language,unsaon pagistorya pinaagi inyong sinultihan
higit pagmamahal pagmamahal,love love,labaw paghigugma ikumpara paghigugma
trabaho,unemployed,trabaho
kumusta,,kumusta
nagkaroon maligayang paglalakbay,pleasant trip,malipayon pagbiyahe
masama aking pakiramdam,feel bad,lain paminaw
tumawag pulis,call police,panawag pulis
napakamahal,expensive,kamahal
nagtutulugtulogan humihilik,sleeps doesnt snore,nagpatulogtulog bantog nihagok
masyadong maliit aking sapatos,shoes small,gamay sapatos
bago,new one,bago
parati nakaasul syert,always wears blue shirt,pirmi nagasuot asul sanina
tatlong aso,three dogs,adunay tulo iro
oras pumunta,time go,oras molakaw
sinuysoy samahan,persuaded join us,gihangya ubanan
isip niyang bagay buhay kamatayan,thought matter life death,nahunahunaan buhi kamatayon
makalakad tatay,cant walk anymore dad,molakaw papa
pabuhat,lift oh,kargaha palihog
oy magpahinga,oy lets rest,magpahuway
pagod binti makalakad,legs tired cant walk anymore,gikapoy tiil molakaw
kinakausap,talking,kaistorya
susustentuhan ama,father support,suportahan amahan
marumi banyo,bathroom dirty,hugaw kasilyas
mismo gumawa noon,,naghimo
bulaklak maganda,flower beautiful,bulak
sinabi,said nothing,gisulti
mabilis handa,even youre fast youre ready,bisag kapaspas andam
ilagay malaking supot,put big bag,mamahimo ibutang dako plastik
pinagbilin gawin,ordered,gisaligan buhaton
nangyariy katulad kidlat langit ulap,happened like lightning cloudless sky,sama kidlat langit panghitabo
ibibigay numero telepono,give phone number,hatagan numero telepon
bumalik tahanan pagkatapos matagal paglayas,returned home long run away,nibalik tindahan pagkahuman layas dugay panahon
binisita hawaii maraming beses,visited hawaii many times,nibisa hawaii makadaghan panahon
iguhit linya b,draw line b,magdibuho oh linya b
nakitang usok galing bintana,smoke seen coming window,adunay nakita aso bintana
sulok kuwarto mesa,corner room table,kilid kwato adunay lamesa
makadesisyon gawin,one decide,makanuot buhaton
uminit araw,sun got hot,niinit adlaw
umani marami,reaped lot,daghan nakuha
alam sabihin niyang sabihin ingles,doesnt know say wants say english,kabalo unsaon pagstorya ingles buot iingon
natalo,beat,napildi
nagtuturo ingles halos arawaraw,teach english almost every day,nagatudlo ingles adlaw
masaya bahay,happy home,malipayon balay
ulit,never,buhaton
nangyari aksidente kalsada,accident happened road,nahitabo aksidente kalsada
maaari tayong magkita,meet,mamahimo magkita
maaari lumakbay,travel,mamahimo molakaw
umupo tabi,sat next,nilingkod iyahang tapad
nakakahiya,shame,kaulaw
isulat niyo ididikta,write dictate,isulat iingon
salita makakapaglarawan pagibig,words describe love,pulong makalaraw paghigugma imoha
nakakatawa,thats funny,katawanan
parke puno bata,park full children,napuno bata parke
patutungo bata bahayampunan,children orphanage go,padulong bata balayamponan
nakahiga sofa matay nakapikit,lying sofa eyes closed,naghigda sita lingkuranan mata nakapiyong
magkasingedad,age,pareho edad
baitbait,kind,kabuotan
paniniwala resulta imahinasyon,beliefs result imagination,tinuohan resulta hunahuna
alam alam matandaan,know know cant remember,kahinumdom kabalo nakalimtan
kumain buhay ulang,dont want eat live lobster,mokaon buhi ulang
akala mahahanap,thought couldnt find,makita
konti petrolyo bansa,petroleum small country,limitado gasolina among nasud
isip palagi,always mind,hunahuna pirmi
bigyan anumang panulat,give pen,tagai bisag gamit pangsulat
dalawang pusa,two cats,adunay duha iring
kompyuter,doesnt computer,kompyuter
ipakita niyo daan,show way,pakitaa dalan
sumusulat nobela paminsanminsan ngunit palagi noon,still writes novels time time often,nagasulat gihapon sugilanon usahay pareho sauna
kapwa estudyante nakapasa kanilang pagsusulit,students passed exams,pareho magtutungha nipasar gibuhat pagsukod
sobrang sama pakiramdam,feel bad right,lain paminaw
tingin napakataas lagnat,think high fever,paminaw taas hilanat
iniligtas maitim asong,save dark dog,gisalba tong itom iro
matagal bumahin,havent sneezed long time,dugay nakahatsing
aklat,book,imoha libro
kabayo animal,horse animal,kabayo hayop
magpakatino makakamaneho manibela,smart cant drive without steering wheel,pagtarong makadrayb manibela
aklat estante nabasa,books shelf read,libro sulod aparador nabasahan
handa sumunod,ready follow,andam mosunod
iwan aking kotse,leave car,ibilin sakyanan
naghanap naghanap pulisya nawawalang bagay loob buwan,police searched missing object month,sulod bulan niundang pagpangita kapulisan nawala butang
ibig sabihin amnesya pagkawala memorya,amnesia means loss memory,buot pasabot amnesia pagkalimot memorya
gumagawa pinakamasarap sandwich buong mundo,makes best sandwiches world,nagahimo pinakalami sandwich tibuok kalibutan
trabaho,thats job,trabaho
niyo bumuo apat grupong anim miyembro bawat,form four groups six members,makaugna upat grupo adunay unom miyemboro tapok
pakiusap gawin,please dont,palihog buhata
manirahan kastilyo,want live castle,mopuyo palasyo
pakialam bagay,dont care stuff,labot mahitungod butang
nanalo babae,winner women,mandadaog babae
iniiwan aklat dito,leave books,ginabilin libro
kinuha larawang nakaraang linggo,took picture last week,gikuha hulagway nilabay dominggo
bigyan basong tubig pakiusap,give glass water please,mamalihpg tagai baso tubig
aso,dog right,iro
maraming tao dumalo libing,many people attended funeral,daghan tao nitambong lubong
bibisitahin nanay ospital bukas,visit mom hospital tomorrow,duawon inahan balaytambalanan
natuklasan cristobal colombo,christopher columbus discover,nahibaloan cristobal colombo
sagutin,dont answer,tubaga
kailangang magbago,change,magbago
bata,young,bata
oras bumili magpaalam aking ina,time buy say goodbye mother,nakoy oras mananghid inahan
nagkasakit nanatili bahay buong araw,got sick stayed home day,nasakit nagpundo balay tibuok adlaw
mansanas dilaw,yellow apples,dalag mansanas
minsan sakit tiyan,sometimes stomach ache,usahay ginabati sakit tiyan
nagluluto asawa arawaraw,cooks husband every day,nagaluto adlaw asawa
nakuha ideyang alam robot,get idea know something robots,nahunahunaan adunay nahibalan mahitungod anang robot
makita ngayong gabi,see tonight,mamahimo tang magkita karong gabii
umakyat tren,boarded train,nisaka tren
tinulungan takdangaralin,helped homework,gitabangan buluhaton balay
dimitri mendeleev ipinanganak ika pebrero taong,dimitri mendeleev born february,dimitri mendeleeb gipanganak ika bulan pebrero tuig
masaya resulta,happy result,malipayon resulta
taong naninirahan londres bibisita,people live london visit,tao nagpuyo iyada nasud londres mobisita
perpekto,want everything perfect,mali
iwan aklat ganyan,leave books like,biyai libro ingon
huli nakuha impormasyon,finally got information,ulahi nakuha impormasyon
manigarilyo dito,smoke,panigarilyo
hayaang makatakas sinuman,dont let escape,pasagdi makatakas
natatandaan,remember,nahinumdoman
felipe magpalaki katawan,felipe wants increase body,felipe padakuon lawas
tumatawa,laughing,nagakatawa
ibang inisip aking nanay aking paguwi bahay,mother thought nothing coming home,laing gihunahuna inahan paguli among balay
libot limang daang,one thousand five hundred cows,limo lima sintos
yumi pumunta roon magisa,yumi went alone,miadto yumi naginusara
susi tanong pepperberg,many keys asked pepperberg,susi pangutana pepperberg
sinira baha tanim,flood destroyed crops,giguba tubig baha tanom
nakatayo bahay,built house,nakapatindog balay
binisita nara,visited nara,gibisita nara
loko nagsasalita,sound like fool talk like,mura panghunahuna ingon pagistorya
,done,
,thats,
dito nagtatrabaho,work,nagatrabaho
matutulungan paghugas pinggan,help wash dishes,matabangan paghugas aning hugason
nakakaintindi dalawa pranses,understand french,nagkasinabtanay duha pranses
keyk bughaw,want blue cake,keyk asul
balita dyaryo paparating malakas bagyo,todays news newspaper big storm coming,balita dyaryo mahitungod paabotay kusog bagyo
dalhin kutsilyo,want bring knife,magdala kutsilyo
makakapunta bukas,cant come tomorrow,magkaadto ugma
gatas nagkakahalaga dolyares,milk costs dollars,gatas mapalit presyo tresmil dolyares
hanapin salita diksyunaryo,look word dictionary,pangitaa pulong diksyonari
ingay,noise,saba
pumupunta halos arawaraw,comes almost every day,nagaadto halos adlaw
salamat,thank,salamat
sobra mahal pinahalagahan,love much dont appreciate,gihigugma maayo gihatagan importansya
mamamahayag,journalist,reporter
nagriribyu eksamen bukas,revising exam tomorrow,nagatuon eksam ugma
labinlimang taong gulang naitanong,fifteen years old ask,edad kinse anyos napangutana
kaunaunahang batang humalik,first boy kiss,pinakauna nihalok
bagyo baso tubig,storm glass water,bagyo baso tubig
websayt umiimbag lihim dokumentos gobyerno,website stores secret documents several governments,websayt ginatagoan importanteng dokumento ubang tagagobyerno
konting panahon umisip,time think,gamay panahon makahunahuna
kinakabahan makapaghintay,nervous cant wait,nakulbaan makahulat
umuulan noon nanatili bahay,raining stayed home,niulan ato panahon bantog nagpundo balay
bahing ilong katotohanan basehan,sneeze without nose truth without basis,hatsing ilong kamatuoran basehan
aking magulang diborsyado,parents divorced,ginikanan bulag
taong beysbol iba saker,people like baseball others saker,adunay tao beysbol uban sab saker
estudyante klaseng,students class,adunay kwarenta magtutungha klase
pinahintay kaunting sandali,made wait little,gipahulat gamayng panahon
kalusugan pinakamahalagang bagay,health important thing,panlawas pinakaimportante tanang butang
basahin teksto,read text,basaha pahayag
ginustong lokohin,want fool,gigusto ilaron
aking nobyo istupido,boyfriend stupid,trato hungog
masyadong kilala lungsod,dont know city well,kabisado siyudad
hokkaido taong nakalipas,hokkaido year ago,hokkaido niagi tuig
nagsasalita hapones mabuti,speaks japanese well,hawon mosulti hapones
tingin bay magugustuhan,think like,pananaw magustohan
maliliit hasyenda pamilya nawala,small family farms disappeared,nawala gagmay bukid pamilya
maaaring mangisda dikeng,cant fish dike,mamahimong mangisda kanal
totoo,actually likes,tinuod sad
nakikita nakasulat blakbord,cannot see written blackboard,makitan gisulat bord
madaling magtrabaho labas gumawa bahay,easier work outside work home,sayon motrabaho gawas ikompara pagbuhat balay
sigurado sinabi,sure said,sigurado kanang giingon
eksaktong ganyan sinabi,exactly like said,ingon nagsulti
luluwas bukas gabi boston,leave tomorrow night boston,molugsong dayon ugma gabii boston
bumabiyahe halos arawaraw,travel almost every day,nagabiyahe adlaw
kasimbilis niyo,fast,paspas sama
bukas bagong araw,tomorrow new day,ugma bagong adlaw
maraming trabaho magagawa gamit kompyuter,many jobs done computers,daghan trabaho mabuhat pinaagi kompyuter
ganang magehersisyo,dont feel like exercising,giganahan mageksersays
makita,want see,makitan
dumating doon biglang umulan,got suddenly rained,among pagabot nibundak ulan
tawagan bukas,call tomorrow,tawagi ugma
hininto kotse,stopped car,gihunong sakyanan
inay alam,even mother knows,bisag mama nakabalo
pinabigay inyo,gave,gipahatag inyo
naiintindihan pagkakaiba,understand difference,nakasabot kalahian
gumising napakaaga,wake early,nimata sayo
eksamen ingles,english exam today,eksam ingles
saglit,moment,kadiyot
pinadalhan liham,sent letter,gipadalhan sulat
kumain uminom,eat drink,kaon inom
panatilihing maayos silidtulugan,keep bedroom tidy,ipadayon kahapsay kwarto
kumain agahan,finished eating breakfast,kaon pamahaw
magkakaiba kanilang opinyon,opinions differ,managlahi opinyon
eto kaibigang,friend,among higala
kailangang tawagan,dont call,tawagan
,want,
galit,grudge,kasuko
magsalita hapon,dont speak japanese,pagistorya hinapon
tingin alam paboritong musikero,thinks knows favorite musician,pananaw kabalo musikero
,want,ganahan
umalkila kabanya malapit lawa,rented cabin near lake,nagarkila balay duol lawa
eto bahay nakatira punong ministro,house prime minister lives,balay nagpuyo punong ministro
sakali makakarating pumunta magisa,case cant make go alone,mkaabot nlng
silbi pagbigay insentibo nagbabago,use giving incentives doesnt change,pulos gihatag kwarta waa nagbago
alin pipiliin,would choose,pilion
mismo magaalaga,take care,magatiman
armas,weapon mine,ihatag pistula
tingnan dinala pusa dito,look cat brought,tanawa gibitbit iring
kaarawan bukas magiging,tomorrow birthday,ugma adlawng natawhan padulong magdesisiyete
tinatago mula,hiding,ginatago
bibisitahin lungsod,would never visit city,suroyon siyudad bisag kanusa
kaming mamaliitin,dont underestimate us,insultoha
magpursige makuha,persevere get,maningkamot makuha
nakita discovery channel,saw discovery channel,nigawas discovery channel
bagong gitara,wants new guitar,pinakagusto bago gitara
darating taon eleksiyon,next year election,adlaw piniliay karong umaabot tuig
mahigit katao pumunta konsyerto,people went concert,labaw tres mil tawo nitambong konsert
aking kaibigan labimpitong taong gulang,friend seventeen years old,higala kinse anyos
pinangako niyang pakasalan ngunit ikinasal,promised marry never got married,nisaad kasal iya nahitabo kasal
epekto madali,effect easy,paspas resulta
gawin pindutin pulang boton,press red button,pinduton pula pislitanan
bansang hapon asya,japan asia,asya nasud japan
trabaho bukas,work tomorrow,himuon trabaho ugma
katotohanan pumunta amerika,truth never went america,kamatuoran nakaadto amerika
asawa mabilog,husband plump,lingin lawas bana
nais pagibig,want love,paghigugma
ikay kakain ganyang kadami ikay tataba,eat much gain weight,mokaon ingon kadaghan motaba
hali,come,ali
sumama papuntang sinehan,went cinema,miuban padulong sinehan
sabihin,tell,iingon
nakatira malapit paliparan,live near airport,balay duol airport
kwartong gaanong malaki,room big,dako kwarto
higit importante panahon,nothing important time,labaw importante oras
kasama magulang,parents,kauban ginikanan
,unnecessary,gikinahanglan
itim,black mine,itom
mabilis tumakbo bata,children ran fast,paspas modagan bata
pupunta boston,want go boston,ganahan padulong boston
napili,chosen one,napilian
,,
kilala batang kumakausap,know boy talking,kaila bata kaistorya
kilala mabuti lungsod,knows city well,kabisado siyudad
buksan tv,turn tv,panandara tv
tumitingin,dont look,nagatanaw
oy pare kumusta,hey dude,pre kumusta
aking pamilya,thats family,pamilya
hulaan,guess,tagnaa
nakakalangoy masyado,dont swim well,hawod molangoy
,want,
mali numero,number wrong,numero tama
sinuspindi klase baha,classes suspended due flood,gipaundang klase tungod taas tubig
nawala aking bolpen,lost pen,bolpen nawala
nakita laro telebisyon,saw game television,nakitan dula tv
natakot pusa,afraid cat,nahadlok iring
hipuin anak,dont touch child,guniti anak
masaya,seems happy,malipayon
tinanong unang dumating,asked came first,gipangutana una niabot
taospuso binigay kaunting mayroon,sincerely gave little,sinsero paghatag gamay
pumunta parke kumuha retrato,went park take pictures,niadto parke magpakuha hulagway
pakihintay,please wait,palihog hulat
kokonektahin,connect,ikonek
araw ulap maaaring makita bundok fuji,clear days mount fuji seen,adlaw panganod mamahimo ga makitan bundok fuji
kumanta sumayaw nagkaroon usapan pagkatapos hapunan,sang danced talked dinner,nikanta nisayaw nagistoryahanay pagkahuman panihapon
tingin bay impluwensya klima karakter,think climate influence character,pananaw bay impluwensya panahon batasan
oras nanonood telebisyon,time watch television,oras nagatanaw tv
humingi kapatid babae maging mabait dedikado,asked sister kind dedicated,nihangyo igsuon babae magbinuotan maningkamot
pumunta silidaklatan upang bumasa libro,went library read book,niadto library arong magbasa libro
nagugutom,hungry,gigutom
madaling magplano itoy implementahin,easier plan implement,sayon magbuhat plano buhaton
dipositahin pera bangko,deposit money bank,kining ipatago kwarta bangko
pagkakaalam masipag estudyante,far know diligent student,pagkabalo kugihan magtutungha
oras kailangang dumating,time arrive,unsang oras moabot
kilala lalaking marunong magpranses,know knows french,kaila lalaki kabalo magpranses
pagkatapos trabaho bahay umupo sofa manood telebisyon,work home sat sofa watch television,pagkahuman trabahuon balay nilingkod lingkuranan arong motanaw tv
libro aking kapatid babae,sisters books,libro igsuon babae
umalkila kotse linggo italya,rented car week italy,nagrenta sakyanan sulod semana italya
nagustuhan bisikleta,like bike,giganahan bayk
kinagat napakasakit nawalan malay,bit hurt much lost consciousness,gipaak nakuyapan kasakit
tao maaaring maiklasipika kategoryang samantala misteryo,people classified categories meanwhile mystery,gikinahanglan igrupo tawo matang katingalahan
maaaring ihinto kaunlaran,progress cannot stopped,mamahimon undangon paglambo
tama pranses,french correct,sakto pranses
kailangang kumain mabuhay mabuhay kumain,must eat live live eat,mokaon mabuhi mabuhi mokaon
nagtitipid pera bahay,saving money house,nagdaginot kwarta balay
maliit paldang kulay rosas,little skirt pink,gamayng saya kolor pula
linisin aking silid,finished cleaning room,limpyo kwarto
siguro tama napakadamot,maybe youre right hate much,sakto siguro hakog
maraming parke lungsod,many parks city,daghan suroyanan atoang siyudad
susulat liham ingles,write letter english,magsulat sulat ingles
pinuno,leaders,lider
binigyan kaunting sopas,gave soup,gihatagan gamayng sabaw
bahay,home,balay
sinabi,told,giingon
maraming sundalo namatay ikalawang digmaang pandaigdig,many soldiers died world war ii,daghang sundalo nawalaan kinabuhi atol ikaduhang giyera tibuok kalibutan
alam ibig sabihin niyan,everyone knows means,nakabalo buot ipasabot
tao nakakaalam kahulugan,everyone knows meaning,tawo nakasabot buot isulti
alam nakakapagsalita hapones lucia,know lucia speak japanese,kabalo kabalo moistorya hapones lucia
umulan ngunit malapit,hasnt rained yet,nibundak ulan hapit
damit magpakita iba,dont like dress show something else,ganahan sanina pakita uban
kantahin,want sing,ganahan mokanta
tren darating chicago mamayang gabi,train arrives chicago tonight,tren moabot unyang gabii chicago
maliit kotse mura malaki,small car cheaper big one,gamay sakyanan barato dako sakyanan
palaging una pagdating,always first arrive,pirmi una moabot
nandiyan,,
nakakapagod araw,day tiring,kakapoy adlaw
umupo chopin harap pyano nagsimulang tumugtog,chopin sat front piano began play,nilingkod chopin atubangan pyano nagsugod tugtog
dumagdag bagong diksyunaryo silidaklatan,add new dictionaries library,modungag diksyonari librarya
inaamin nakalimutan ninais itanong,admit forgot wanted ask,motugan nalimtan ipangutana
kinuha manok,took chicken,gikuha manok
hayop dito,animals,adunay hayop
niyang pumunta,come,moadto diria
magaalaga pasyente,someone must take care patient,adunay moatiman masakiton
punta patay namatay,lets go dead died,moadto patay namatay
dalawang gusali magkadikit,two buildings adjacent,duha gambalay nagtapad
napakawalangingat iniwan maleta,careless left suitcase behind,pagamping gamit gibiyaan bagahe
tumatakbo,running,nagadagan
hayaan tingnan,let look,pasagdi tanawon
nais lokohin,wants fool,ilaron
hahayaan lokohin,wont let fool,pasagdan ilaron
lumakad pintuan,walked door,nilakaw purtahan
masamang tao,bad person,daotan tawo
maaari umupo tabi,sit next,mamahimo molingkod tapad
darating sabihin pumunta aking sala,comes tell come living room,moabot palihug ingna moadto sala
beses linggo kumukulekta basura lungsod,many times week collect garbage city,higayon semana manguha basura siyudad
nasawi aksidente tatlong manggagawang trak,three workers truck killed accident,namatay aksidente tulo trabahante sakay trak
niyo kailangang manatili,dont stay,magpundo
taong aking hinihintay sumipot,person waiting show,ginahulat tawo nitambong
matutulog,go sleep,padulong matulog
susi mesa manunulat,key writers desk,susi ibabaw lamesa tigsulat
ulap hugis oso,cloud shaped like bear,panganod porma oso
kailangang pasayahin magulang,please parents,palipayon ginikanan
maaalala habambuhay,remember forever,mahinumdoman kahanturan
permisong pumasok salang,permission enter room,katungod mosulod sala
nakita mismo dalawang mata,saw two eyes,nakita duha mata
gandang takipsilim,beautiful sunset isnt,nindot kaadlawon noh
dahandahan niyang,slowly,gihinayhinay paggama
sanang pumunta estados unidos,would like go united states,ganahan makaadto estados unidos
nakarinig taong nagsasalita esperanto,ever heard someone speak esperanto,nakadungog tawo nagasulti esperanto pamulong
taong magkaroon bagong sapatos iba magkaroon paa,people want new shoes others want feet,samtang tawo makaangkon sapatos adunay uban makaangkon tiil
magkakaroon bagyo nyebe,snow storm,adunay mahitabo pagulan niyebe
bata gumagawa kastilyong buhangin dalampasigan,children make sand castles beach,bata naghimo palasyo balas daplin dagat
sahig basa tubig,floor wet water,basa salog tubig
magaling kumanta,sing well,hawod mokanta
nakakahigit,one better,makalabaw kaniya
tsuper ihatid papuntang bahay,driver take home,drayber arong mahatod padulong balay
keso,doesnt like cheese,ganahan keso
bago lumabas bahay pakipatay ilaw kusina sala,leave house please turn lights kitchen living room,bago mogawas balay palihug palonga suga kusina sala
akala darating,thought wouldnt come,pagtuo moabot
pangalan,,ngalan
bago,new,bago
tao mortal griyego tao griyego mortal,men mortal greeks men therefore greeks mortal,tanang tao mortal bantog tanang griyego mortal
aking nakatatandang kapatid babae lumalangoy napakabilis,older sister swims fast,maguwang igsuong babae paspas nagalangoy
dalhin nanay,bring mother,dalaa inahan
paaralan naging abo,school reduced ashes,eskwelahan nahimong abo
patay nakakita wakas digmaan,dead saw end war,nangamatay nakakita pagkahuman giyera
relo kwartong,one rooms clock,bay orasan kwarto
nanalo laro,game,mananaog dula
nasira kotse,car broke,naguba sakyanan
tingin magandang ideya pakainin aso tiratirang pagkain,think good idea feed dog leftovers,pananaw nindot buhaton pakaunon iro salin pagkaon
aking kaibigan nakatira ibang bansa,one friends lives abroad,higala nagpuyo laing nasud
darating diyan loob oras,well hour,moabot sulod oras
tingnan datos,dont check data,tanawon impormasyon
samahan,accompany,ubanan
unang pagkakataon bubuksan pintong,first time open door,kina pinakaunang higayon abrihan sira
pinindot pulang boton ngunit nangyari,pressed red button nothing happened,gipindot pula pislitanan nahitabo
nakita kausap,saw talking,nakitan kaistorya
atupagin bagay makakatulong anak magkaroon magandang buhay,things help children good life,atimanon butang makatabang anak makaangkon nindot kinabuhi
dumating huli,came late,ulahi niabot
pumunta paaralan sakit noon,go school sick,mitungha eskwelahan nagsakit
masaya masaya,happy happy,nalipay nalipay
maaari bigyan malinis kutsilyo,give clean knife,mamalihog hatag limpyo kutsilyo
iniisip ginoo,thats gentlemen think,ginahunahuna ulitawo
mayaman bibilhin,rich would buy,gamhanan paliton
kailangang sumayaw maliban,dont dance unless want,mosayaw
pumasok buhangin aking mata,sand got eyes,nisulod balas mata
dahandahan paglakad,walk slowly,hinayhinay paglakaw
siguro andy nagensayo husto,maybe andy practiced lot,siguro nagbansay andy maayo
matandaan pangalan horas,cant remember hour,matimanan ngalan takna
maghugas mukha kamay,wash face hands,hugasi nawong kamot
mabata nakaaakit,young charming,tambok makaakit
sigurado magiging magaling riyan,sure youll good,nakasigurado mahimo hanas butang
tutang balingkinitan ibabaw mesa,slender puppy table,adunay itoy payatot ibabaw lamesa
maligayang pagdating bahay,welcome home,malipayong pagabot balay
matandang babaeng,old woman,tiguwang babae
marami bagay,lot unnecessary things,daghan butang gikinahanglan
matanda kapatid,older brother,tigulang igsuon
pagkakaalam pinakamabuti,far know best,pagkabalo pinakamaayo
panaginip ngayoy bituing ningning,dream star without brightness,pangandoy bituon sidlak
kagubatan puno puno,forest full trees,lasang napuno punoan
kaninong guhit nagustuhan,whose drawing like,kinsang dibuho giganahan
hinahanap,looking,ginapangita
ginustong itoy mangyari,want happen,mahitabo
kasintanda,old,pareho katigulang
gamitin diksyunaryo,use dictionary,mamahimo nakong gamiton diksyonari
pakibukas mata,please open eyes,abriha mata
hanapan magandang aklat silidaklatan,find good book library,pangitai nindot libro librarya
magisip,think,maghunahuna
itinuloy planong magpiknik,go picnic plan,nadayon among plano magpiknik
maliit aking gana,appetite small,gamay gana
aking kapitbahay,neighbor,silingan
pumayat,want lose weight,ganahan mamayat
magsisimula,start,magsugod
pasasayahin,make happy,himuon malipayon
matulog,dont want sleep,matulog
oras matulog,time sleep,takna arong matulog
radyo uulan bukas,according radio rain tomorrow,giinngon radyo moulan ugma
labindalawang taong gulang,twelve years old,napulo duha tuig
matangkad edad,tall age,taas edad
naroroon padre,father,niadto padre
banyo umihi likod punong mismo,bathroom pee behind tree,kasilyas pangihi likod punoan
maling kumopya liksyon kaklase,incorrectly copying classmates lesson,sayop pagkopya kaklase
maaari niyo sabihin mararating istasyon,tell get station,mamahimo isulti unsaon pagadto istasyon
arawaraw kaming pumupunta paaralan maliban linggo,go school every day except week,adlawadlaw nagaadto eskwlehan labot dominggo
huminto malapit silya,stopped near toms chair,nihunong duol gilingkuran
nanatili sabay araw,stayed together another day,gihapon nagsabay adlaw
salamat pagbati,thank congratulating,salamat pagtimbaya
diborsyo,wants divorce,diborsyo
nakakakita libulibong bituin langit,see thousands stars sky,makakita linolino bituon kalangitan
bituin langit,single star sky,bisag bituon langit
sawa trabaho,fed job,gikapoy trabaho
masungit panahon buong linggo,weather rough whole week,lain panahon sulod semana
mahigpit asawa higit mabuti magisa,even husband strict better alone,bisag strikto asawa maayo maginusara
bestida tumawag pansin naroon okasyon,outfit drew attention everyone present occasion,gisuot mapansin tanna nitambong okasyon
publiko nagpalakpak aktris,public applauded actress,tawo namalakpak artista
pagkatapos almusal pumasyal,breakfast went walk,paghuman pamahaw nanuroy
magingay ganitong okasyon,make noise occasion,pagbanha ingon okasyon
maaari makita,possible would like see,mamahimo ganahan magkita
hinihingi ilagay lugar muli,ask put back place,mamalihug butang butanganan
daming mwebles kwartong,lot furniture room,daghan kasangkapan kwarto
sumilang kambal,gave birth twins,nanganak kambal
matagal naghahanap trabaho,looking job long time,dugay nagapangita trabaho
kainin tumataba,matter eats doesnt gain weight,bisag kaunon motaba
gumawa malaking pagkakamali,made big mistake,naghimo dakong sayop
ginoo maaaring umupo,gentleman sit,mister mamahimong molingkod
naliligo bago magalmusal arawaraw,takes bath breakfast every day,maligo una mokaon pamahaw adlawadlaw
id pahihintulutang makapasok,ids allowed enter,id ginatugtan makasulod
ipakita muna id bago papasukin,show id let,ipakita una id bago pasudlon
naiwan id bahay makakapasok,left id home cant enter,nabilin id inyong balay bantog makasulod
kalimutan id upang makapasok konsyerto bukas,dont forget id enter concert tomorrow,kalimti id makasulod konsert ugma
kaming ganyan europa,dont europe,ingon europa
masaya,happy,malipayon
buhay puno pasakit,life full pain,kinabuhi puno kasakit
napakaganda galit,beautiful angry,gwapa suko
itinatayo pook,building place,itukod lugar
luma kotse maganda,car old nice,karaan sakyanan nindot
niyo kausapin,dont talk,ninyog istoryaha
naabot tren otso imedya,catch train eight oclock sharp,naabtan tren kaganinang otso imedya
pumunta konsyerto kasama,want go concert,ganahan motambong konsyerto kauban
humingi patawad ukol sumipot,apologized showing,nangayo pasaylo tungod nakaadto
nawalan paningin aksidente,lost sight accident,nawala pananaw aksidente
tungkol opersayon maaaring maging masakit,regarding operation painful,tungod operasyon basig mahimong sakit
bumili iba,want buy another one,ganahan mopalit uban
alam,know,tungod kabalo buhaton gibuhat
dumating bata,children arrived yet one,niabot bata bisag
masaya,happy,malipayon
sinasabi epekto,say effect,ginaingon nay epekto
ganda,beautiful,kagwapa
tinanong nakatira,asked lived,nangutana nagpuyo
pigilin,dont stop,pugngi
siyentipiko iisip bagong paraan madagdag suplay pagkain mundo,scientists thinking new ways increase worlds food supply,sayantipiko naghunahuna bagong pamaagi arong madungagan suplay pagkaon kalibutan
tila kasindami,seems much,pareho kadaghanon ginabuhat
maliit lungsod,city small,gamay siyudad
nasagasaan trak aso,truck ran dog,nagligsan trak anng among iro
buksan pinto,dont open door,abrihi purtahan
tanungin gaano karaming sopas,ask much soup wants,pangutana kadaghan sabaw
halimbawa siyete londres,example seven oclock london today,pananglitan siyete londres
naniniwala diyos,believe god,nagatuo diyos
natatakot,afraid,kahadlok bisag
susunod tren higit kaunting tao,next train much less people one,musunod tren gamay sakay
magpaalam kaibigan,say goodbye friends,pananghid higala
mahuhuli eskuwela,might late school,basig maulahi eskwela
mahina kimika,weak chemistry,hinay kemika
puno mansanas kaunting prutas taong,apple tree little fruit year,punoan mansanas gamay prutas karong tuiga
tatay maging piyanista,father wanted pianist,tatay mahimo piyanista
magkano bayarin,much pay,bayadunon
mahulog poso,hope fall trap,mahulog balon
natutuhan ingles,learn english,nakatuon ingles
sombrero napakaliit,hat small,kalo gamay
makilala mabuti,want know better,ganahan makaila maayo
nagiisang taong kilala kasingedad,person know age,kaila kapareho edad
umamin ninakaw pera,confessed stole money,nitugan nagkuha kwarta
natatandaan,doesnt remember,nahinumdoman bisag
mamamatay,die,mamatay
aking pamilya gumigising maaga,family wakes early,pamilya nagamata sayo
nagsasalita pranses,speak french,nagasulti pranses
binuhusan gatas mangkok,poured milk bowl,gibubuoan gatas yahong
sobrang nilalamig aking paa,feet cold,grabe tugnaw tiil
radyo nasira,radio broken,naguba radyo
pinatay betty sariling ina,betty killed mother,gipatay betty kaugalingon inahan
aking ikabubuti,good,gibuhat ikamaayo
nabangga kotse motorsiklo,car collided motorcycle,nabangga sakyanan motor
inyong kahilingan,request,inyong pangandoy
galit galit,mad,suko
kaunti panahon,time short,gamay nlng oras
bangko malapit dito,bank near,bay bangko duol
mike kaibigang naninirahan chicago,mike friend lives chicago,mike adunay higala nagapuyo chicago
naniwala pagkakataong magiging iba kanilang boses kaibhan,believed chance would different voices difference,nagatuo takna mabago tingog lahi
gutom,hungry,gutom
napakasikat,famous,sikat
importante,important anymore,importante
magugustuhan larong,would love game,maganahan dula
aking utang malaki,debt huge,dako utang
sundalo armas,soldiers weapons,sundalo armas
bibilhin masyadong mahal,would bought wasnt expensive,paliton mahal
kailangang sumunod patakaran,must follow rules,motuman mando
bumili dalawang kopya aklat,bought two copies book,nagpalit duha kopya ato libro
masaya tagumpay,happy success,malipayon kadaogan
nakatira nueva york,lives new york,nagpuyo nueva york
pakainin aking pusa,feed cat,pakaunon iring
kusina,kitchen,kusina
bumili kotse,cant buy car,mopalit sakyanan
niyang gawin,,mamahimo kanang buhaton
trabaho,work,gihimo trabaho
sinagot dalawang liham,answer either two letters,gitubag bisag duha sulat
,something,ginabuhat
palaging pagod pagkatapos trabaho,always tired work,pirmi kapuyon paghuman trabaho
anak babaeng piyanista,pianist daughter,anak babae piyanista
mura,cheap,barato
masaya bagong bestida,happy new clothes,malipayon bago sanina
alam dalawa higit dalawa apat,everyone knows two two four,kabalo duha dungagan duha upat
alam sasama bukas,doesnt know come tomorrow,kabalo mouban ugma
nandito,,
nandito upang matuto,learn,arong magtuon
nagtataka tao pusang itim nagdadala kamalasan,wonder people black cats bring bad luck,nagakatingala ubang tawo iring itom nagadala malas
nagtuturo pranses boston,teaches french boston,nagatudlo pranses boston
tatay,thats dads,akoang amahan
nagawa wakas,finally,nahimo ulahi
interesado bulaklak,interested flowers,interesado bulak
naiintindihan salitang diksyunaryo,dont understand word dictionary,kasabot pulong diskyonari
hangin tubig maaaring mabuhay,without air water nothing could survive,tungod hangin tubig mabuhi
pula itlog pangunahing pinagkukunan bitamina,egg yolk one main sources vitamin,pula itlog gigikanan bitamina
sinasaktan husto,hurting much,gipasakitan maayo
kamay,hand,kanang kamot
bumalik bago dumilim,get back dark,mobalik bago mongitngit
sumulat jim nakalipas linggo sinabi bumalik dalawang buwan,jim wrote last week said hes back two months,nagpadal sulat jim niagi semana niingon nakabalik duha bulan
bumalik aking bahay maghapunan,went back house dinner,nibalik balay arong manihapon
makalaro tenis balang araw,want play tennis one day,ganahan makadula tenis pagabot panahon
magandang ideya,great idea,nindot ideya
dalawang anak lalaki tokyo nagoya,two sons one tokyo one nagoya,duha anak lalaki tokyo nagoya
kinuhaan dugo ospital,took blood hospital,gikuhaan dugo balaytambalanan
museo,museum,museo
napakainit araw,possible sun hot,init adlaw
kaylaking aso,big dog,kadako iro
iniligtas,saved,gisalba
sumusulat magulang beses buwan,writes parents month,nagasulat ginikanan ikaisa ssulod bulan
patayin ilaw,turn light,palunga suga
,,
paulo,paulo,paulo
gawin,,buhaton
batang babaeng nakapaldang puti,girls white skirts,bata babae nagsuot saya puti
bakasyon,vacation,bakasyon
alam buhay kuryente,know life would without electricity,kabalo kinabuhi kuryente
huminto tatay paninigarilyo,dad stopped smoking,niundang amahan pagpanigarilyo
roger nagtatrabaho mula umaga gabi,roger works morning night,roger nagatrabaho buntag gabii
babahing akobigyan panyo,feel like sneezinggive tissue,kahatsingon tagai panyo
niyang makita muli,wanted see,ganahan makita
isinasara aking tindahan,closing shop,ginasirado tindahan
niyang kainin prutas,wants eat fruit,ganahan kaunon prutas
kumakain kahoy anay,termites eat wood,nagakaon kahoy anay
naiintindihan sinasabi,understand everything says,nakasabot niyang giingon
higit matangkad dalawang batang lalaking,taller two boys,pinakatangkad ikompara duha bata lalake
sinabi,say,ginaingon unsaon
kinakabahan,nervous,ginakulbaan
tatawagan pagkarating istasyon,ill call get station,tawagan pagabot istasyon
sasangayon,never agree,bisag kanusa mouyon
alam kanino kotseng,know whose car,kabalo kanang sakyanan
makasama,want,ganahan makauban
mahal aking asawa,love husband,gihigugma asawa
aling paaralan pupunta,school going,eskwelahan padulong
pagtuturo ingles propesyon,profession teaching english,pagtudlo ingles trabaho
sira aking kompyuter,oh computer broken,guba kompyuter
pinakita amin profesora gamitin kompyuter,professor showed us use computer,gipakita amoa among profersora unsaon paggamit komputer
natatandaan niyo kayong unang kumain restawran,remember first ate restaurant,nakahinumdom kanusa pinakauna higayon nikaon restawran
umakyat bubong,go roof,saka atop
pumunta estados unidos balang araw,want go united states one day,ganahan makaadto edtados unidos pagabot panahon
dadalhin bus istasyon,bus take station,dalhon bus istasyon
kahihinto ulan,rain stopped,bago niundang ulan
maaari magsimula,begin,mamahimo magsugod
maaaring basahin ruler gamit dalawang paraan magkakaiba,ruler read using two different methods,mamahimong basahon duha nagkalainlain pamaagi ruler
matigas ulo,stubborn,gahi ulo
niyong gawin bukas,want tomorrow,buhaton ugma
niyang tanggapin inaalok biskwit,want accept biscuit offered,dawaton aong gihanyag biskwit
nalaman naming naaksidente,found accident,nahibalan naaksidente
kinalaman insidenteng,nothing incident,kalabotan aksidenta
ipinanganak pranses ngunit mamamayan estados unidos,born french citizen united states,gipanganak pranses lumulupyo estados unidos
tikman niyo,taste,tilawi
alam ibig sabihin,knows mean,kabalo buot ipasabot
nakahanap mabait lalaki,found nice guy,nakakita buotan lalaki
nagkaroon pinsala barko labanan,ship suffered damage battle,nadanyos among barko giyera
itim pusa,black cat,adunay itom iring
estudyante masyadong itinataas kamay,students dont raise hands much,magtutuon nagataas kamot
dumating bahay,come home,kanusa niabot balay
akala alam,thought knew everything,nagtuo nakabalo
sobrang tunog pangalan,like sound,ganahan tingog ngalan
nagtataka nagawa,wonder,nagapangutana sarili nabuhat
kulang pera,dont enough money,kulang kwarta
natatakot umalis,afraid leave,nahadlok mohawa
preso pinalaya gobernador,prisoners released governor,piniriso gipagawas gobernador
maakyat bundok,cant climb mountain,masaka bundok
telepono,phone,telepono
biyernes hapon,friday afternoon,buhaton biyernes hapon
mayaman nagdududa masaya,even rich doubt happy,bisag datu nagaduda malipayon
jim sombrerong puti ulo,jim white hat head,jim nagsuot kalo puti
alam magpasalamat,dont know say thank,kabalo unsaon pagpasalamat
kailangang gawin mismo,dont right,buhaton dayon
ingat paririto kotse,take care car,pagamping padulong sakyanan
kapayapaan bahay,peace home,kalinaw balay
itinatago liham pinadala nanay,keeps letters mother sent,ginatago sulat gipadala inahan
sobrang tangkad,tall,katangkad
umaga bata nagaagahan,morning children eat breakfast,buntag nagapamahaw bata
kusinero,cook,kusinero
servesa,want server,ganahan servesa
pinapakain aso dalawang beses araw,feeds dog twice day,ginapakaon iro duha higayon adlaw
humingi pahintulot gamitin telepono,asked permission use phone,nananghid gamiton telepono
tinawagan,yet,gitawagan
hotel dito,hotel,adunay hotel
maging milyonaryo,want millionaire doesnt want,mahimong milyanoryo
nakakapagsalita limang wika,speak five languages,kabalo mostorya lima linggwahe
ambisyon umudyok magtrabaho husto,ambition drives work hard,pangandoy nagtulak iya magtrabaho maayo
andito,hes,
unang beses inimbitahan,first time invited,unang higayon giimbitahan
panahong aking bahay,time house still construction,panahon balay ginahimo
kabila murang edad gumawa magandang trabaho,despite young age good job,bisag bata nagahimo nindot trabaho
nililinis bahay linggolinggo,clean house every week,ginalimpyohan balay semana
mayroon sumasangayon bagong plano,disagree new plan,bay mouyon bago plano
nais kunin pagkakataong upang pasalamatan nagbigay kanilang kooperasyon,would like take opportunity thank everyone given cooperation,kuhaon opurtinadad makapasalamat nahatag nilang kooperasyon
napakawalang kabuluhan,nonsense,pulos
ibaba baril,put gun,inaog pusil
maaaring makuha palagi,cant always get want,makuha pirmi
,like,ganahan
sarado tindahan pinuntahan,store closed went,sira tindahan niadto
bagay malaman tungkol magehersisyo,one thing know hate working,butang mahibalan mahitungod ganahan magehersisyo
sinabi susunod pupunta,tells follow wherever goes,giingon mosunod bisag makaadto
hinanap,looked,gipangita
ipinanganak aprika,born africa,gipanganak aprika
kilalang pintor,famous painter,ilado pintor
inihampas,hit,gihapak
maghugas kamay bago kumain,must wash hands eating,manghugas kamot bago mokaon
mesang marumi,table dirty,lamesa hugaw
lumipat mesang yaon,dont move table,mobalhin ato lamesa
gusali nagtatrabaho aking tatay,thats building dad works,gambalay nanarbaho amahan
lolokohin,never fool,bisag kanusa ilaron
sinabi tungkol plano,hope tell plan,gisulti iya mahitungod plano
mehikano,youre mexican,mehikano
ngunit nakatira arhentina,live argentina,nagpuyo arhentina
tama humingi paumanhin,thats right apologize,sayop pangayo pasaylo
babae mataba,woman fat,tambok babae
sasagot,answer,motubag
napakatahimik,quiet,kahilom
nauubos panahon,time running,mahurot panahon
bumili trak gamit,bought used truck,nipalit trak ginamit
ikinulong,imprisoned,gikulong
nagpagawa niyan,made,nagpahimo
naming gawin kumain,want eat,buhaton mokaon
sanang makita koleksyon selyos,would love see stamp collection,makitan koleksyon selyo
paghatian ninyong tatlo keyk,divide cake three,hatia tulo keyk
makita mangyayari,want see happens,makitan mahitabo
ingatan,take care,ampingi
pagod nagpatuloy pagtatrabaho,even though tired continued work,bisag kapoy nagpadayon pagpanarbaho
nalito ekspresyon mukha,confused expression face,nalibog ekspresyon nawong
ipinapangako muli,promise never,nagasaad buhaton
naiintindihan,understand,nakasabot
dami tanong,many questions,daghan pangutana
niloloko,fooling,ginailad
magtatrabaho buong araw bukas,work day tomorrow,magtrabaho tibuok adlaw ugmang adlawa
dahilan kayang bayaran alkila humingi tulong,couldnt pay rent asked help,tungod bayaran renta nangayo oko tabang iya
kinain,eat,gikaon
ibebenta aking bahay,sell house,ibaligya balay
rosas maganda,rose beautiful,nindot rosas
lindol kahapon,earthquake yesterday,adunay linog kagahapon
lumindol kahapon,earthquake yesterday,naglinog kagahapon
tumawa dalawang batang babae,two girls laughed,nikatawa duha bata babae
kunin,take,kuhaa
bumiyahe tren,never traveled train,bisag kanusa nagasakay tren
internet nahanap,find internet,internet nakitan
rispetado,respected everyone,respetado
palagi kinikiliti paa aking bunsong kapatid,always tickle youngest brothers feet,pirmi ginagitik tiil kinamahuran igsuong lalaki
ikinalungkot husto balita,deeply saddened news,gikasubo maayo balita
atin tagumpay,victory,kadaogan
umuulan pumapasyal kahapon,raining walking yesterday,niulan pagsuroy kagahapon
nais manirahan italya,want live italy,mopuyo italya
silidaklatan,library,karo silidaklatan
kalat,mess,kagubot
sinampal,slapped,gisagpa
sinabi nakilala huling pagkikita,told recognize last time met,niingon nakaila ulahi panagkita
naglalaro naramdaman lindol,playing felt earthquake,nagadula nakabati linog
dumugo sugat,wound bled,nagdugo iyahang samad
tuwing kumakanta tila sinasabayan ibon,whenever sings birds seem accompany,samtang nagakanta mura ginasabayan langgam
madilim madilim doon labas,dark,pirting ngitngita gawas
daming bulok mansanas buslo,lot rotten apples bush,daghan lata mansanas bukag
magsisimula loob kalahating oras,start half hour,magsugod sulod tunga oras
naiintindihan,understand,nakasabot
naku lamig,oh cold today,hala katugnaw
alagaan mabuti gagaling madaling panahon,take good care get well soon,ampingi maayo paspas iyahang pagkaayo
sabihin kaibhan pagitan hapon tsino,tell difference japanese chinese,mamahimo masulti kalahian hapon intsik
maysakit buwan gumaling,even though ive sick month everything get better,sakit sulod bulan ginabuhat gihapon maayo
bumilang,counted,nagihap duha gatos
dumating paaralan kahapon,came school yesterday,niabot eskwelahan kagahapon
kaibigan,friend,higala
papatayin aking asawa,husband kill,patyon asawa
araw napakainit,today hot,adlaw init
kwentuhan,tell us,istoryahi
nagkokonek printer kompyuter,printer doesnt seem connect computer,nakakonek printer kompyuter
higit mahalaga,important,labaw importante
nagbibigay gatas,cow give milk,nagahatag gatas among
,,gikinahanglan
masyadong nakilala,know well,nailhan
pagpupulong,meeting,nitungha panagtapok
masasamang balita,bad news,maayo balta pra imoha
alam,know,kabalo buhaton
pasensya,patience,nakoy pasensya
dinilaan labi,licked lips,gitilapan wait
itinanggol kanilang bansa,defended country,gidepensahan nasud
tumalon mula kama,jumped bed,niambak katre
magalala,dont worry,kaguol
narinig kumukulekta selyo,heard also collect stamps,nahibalan nagakolekta selyo
naniniwalang maysala,ones believe culprit,nagatuo adunay sala
marunong gumawa plaskards,know make plaskards,hawod mobuhat plaskards
ebidensya,wants evidence,ganahan makakuha ebidensya
bolpen,pen,bolpen
sipain,kick,sudli
kayong ebidensya,dont single piece evidence,moy pagpamatuod
higit mahalaga kalusugan kayamanan,health important wealth,labaw importante kahimsog ubang butang
sanang pumunta ngunit kotse,would like go dont car,moadto kaso sakyanan
marami,,daghan buhatunon
ngunit itatago pagibig mula,would hide love,giloim paghigugma
tao namamatay,dying,tao mangamatay
napakalawak karagatang pasipiko,pacific ocean vast,lapad dagat pasipiko
napakahaba buhok,hair long,taas buhok
buong araw nagtrabaho kahapon,worked day yesterday,tibuok adlaw nagtrabaho kagahapon
buti iwan magisa,better leave alone,maayo siguro biyaan maginusara
,,
parusahan,dont punish,paantosa
kasalanan,guilty,sala
bunso kapatid lalaki natutulog,youngest brother still sleeping,kinamanghuran igsuong lalaki natulog gihapon
nagaaral pranses,learning french,nagatuon pranses
bahay malapit ilog,house near river,balay duol sapa
umuunlad,progressing,nagaasenso
hinlalaki paa nagumpisang magdugo,big toe started bleeding,kumagko tiil nagasugod dugo
pinuno kahon pagkain,filled box food,gipuno kahon pagkaon
pumunta mamang kartero,postman hasnt yet,niadto tao nagahatod sulat
pinaputol buhok,cut hair,ginaputol buhok
maaari iemail,email,mamahimo kanang iemail
basahin dyaryo,finished reading newspaper,basa mantalaan
sigurado balik,sure hell back,makasiguro kanusa makabalik
mahanap baon,cant find pocket,makitan baon
bigat pitumpung kilo,weighs seventy kilograms,adunay kabugatong sitenta kilos
,,kaha ginabuhat
paumanhin matutulungan,sorry cant help,pasensya makatabang inyoha
pinatay betty,betty killed everyone,gipatay betty
makahanap solusyon aids siyentipiko madaling panahon,hopefully scientists find solution aids soon,makakita tambal nagistudyo doktor sakit aids paspas panahon
pasok,come,sulod
bahay kahapon,home yesterday,balay kagahapon
niyang makita patay,wants see dead,makakita patay
nabulag,blinded,nabuta
tinawanan ibang batang lalaki,laughed boys,gikatawan uban lalaking bata
osaka ipinanganak,born osaka,siyudad osaka gipanganak
aling ahas pinakamatulin buong mundo,snake fastest world,bitin pinakapaspas mokamang tibuok kalibutan
napansin,notice,nabantayan
kailangang magpunta paaralan,dont go school today,moadto eskwelahan
pulisya nakahanap ebidensya kanino,police find evidence,pulis nakakita bisag butang makapagpamatuod sala
ilog humahati lungsod,river divides city,sapa nagapikas siyudad
tinulungan bob,bob helped,gitabangan bob
halaman hayop,dont plants animals,bisag tanom hayop
nagsusuot mamahaling hikaw,wear expensive earrings,nagasuot mahal aryos
paumanhin sumigaw,sorry dont shout,mohangyo siyagit
magaling magluto aking nanay,mother good cook,hawod magluto inahan
kasal,still married,kasal gihapon
bagay nangyari nakaraan,things happened past,panghitabo nahuman
kapatid lalaki nawala lungsod,brother disappeared city,nawala igsuon lalaki siyudad
susunod taon aking kaarawan linggo,next year birthday sunday,musunod tuig adlawng natawhan adlaw dominggo
reggae,likes reggae,ganahan raggae
kamay diyos,gods hands,kamot ginoo
maaari pumunta eksaktong,come exactly oclock,maayo umari eksaktong sais
bundok fuji halos apat beses higit mataas bundok rokko,mount fuji four times higher mount rokko,mount fuji hapit upat pilo taas kanhing mount rokko
alam tumira taon moscow julia,know julia lived moscow years,kahibalo julia nning puyo moscow tuig
napakagaling niyang magsalita ruso,thats speaks russian well,maayo storya ruso
antoine lavoisier namatay paris pransya,antoine lavoisier died paris france,antoine lavoisier ning panaw paris pransya
dahilan,reason,hinungdan
dahilan sakit ngipin labis pagkain matatamis,cause toothache ate many sweets,hinungdan sakit ngipon kaon tamis
kastila,spanish,kastila
ngunit marunong mangastila,know kill,apan makasulti kinastila
pakialam,dont care,labot
mahilig gumawa tsismis marami kalaban,likes gossip many enemies,ganahan buhat istorya maong daghan kontra
natulog bago dumating tatay bahay,fell asleep dad came home,mihigda mopauli amahan
nagluto talong itlog agahan,cooked eggplant eggs breakfast,nagluto talong itlog alang pamahaw
masarap talong kakainin sabay suka,eggplant delicious eat vinegar,lami talong magdungan mokaon suka
talong puti,white eggplant,bay puti talong
sabi maraming nikotina talong,say eggplant lot nicotine,matod talong adunay daghang nikotina
kumakain,doesnt eat,gina kaon
ikuwento nalaman,tell find,isulti kanako nahibalan
muslim,muslim,muslim
hinahabol aso pusa daga hinahabol pusa,dog chases cat mouse chased cat,ginagukod iro iring giapas ilaga iring
natanggap tawag kahapon,received call yesterday,nadawat tawag gahapon
nakayanan istruktura lindol,structure could withstand earthquake,makasugakod istruktura linog
humpay magsalita babae,stopping women talk,hunong magtabi babaye
mukhang pintor puminta,doesnt look like artist painted,pintador pinta
alam mawalan pamilya digmaan,dont know like lose family war,nasayod mamatyan pamilya tungod giyera
hinala sangkot terorismo,suspect involved terrorism,nagduda naapil terorismo
hotel kapatid asawa,hotel belongs husbands brother,hotel iya igsoon bana
hotel bayaw,hotel belongs brotherinlaw,hotel iya bayaw
maandar kotse,cant start car,mapaandar awto
nagtrabaho tatay roon,thats father worked,tungod nagtrabaho amahan
bibilhin kapatid,brother wont buy,paliton igsoon
bakla gumalaw,moved like gay,mura bayot lihok
namatay rebelde,rebels dead,patay rebelde
anak aking tiyo tiya,son uncle aunt,anak uyoan iyaan
pinsan,cousin,ig agaw
sinusulat pranses salitang ladybug kanilang wika,love french write word ladybug language,ganahan pagsulat pranses pulong ladybug sinultian
tamad magtrabaho,lazy work,tapulan trabaho
mapanganib magpasok kampo kalaban,dangerous enter enemys camp,kuyaw mosulod kampo kontra
manggang kulay bughaw,mangoes blue,manga asul
iwanang magisa,dont leave alone,pagbiyai naginusara
kwarto numerong,room number,kuwarto adunay numero
maging masunurin magulang,obedient parents,magmasinugtanon ginikanan
inamin magnanakaw ginawang pagnanakaw,thief confessed theft,kawatan mikumpisal pagpangawat
umiiwas pagkwento tungkol pagkamatay asawa,avoids talking husbands death,naglikay magistorya bahin pagkamatay bana
palabas malulungkot,dont like sad shows,salida masulubon
sahig kubong kawayan,floor hut made bamboo,salog payag gama kawayan
nagiisang karot kusina naging ilong taong niyebe,carrot kitchen became nose snowman made,naginusara karot kusina nahimong ilong snowman among gihimo
umaakit lalaking mabubuhok,attracts hairy men,nagdani laking balahiboon
batang magnanakaw nakita muli pulis,young thief never seen police,batanong kawatan nasakpan pulis
baha nagdudulot kaunting takot lindol,floods cause less fear earthquakes,alang kaniya baha nagdala dakong kahadlok linog
basahin aklat matapos basahin,want read book finish reading,basahon libroha pagkahuman pagbasa
pumunta aleksandrya,go,miadto aleksandriya
maging malungkot nasawi kaibigan,must sad one friends died,maguol tungod namatay higala
alam inuuod prutas bago binalatan,know fruit wormed peeled,nahibalan prutas gikaon wate panit
sugat prutas nangangamoy sobra,even though fruit wound smells bad,samad prutas nanimaho taman
restawran loob mismo paliparan,restaurants right inside airport,adunay restawran sulud tugpahanan
sabi sakit,said sick,matod sakit
dagat napakaluntian,sea green,lunhaw dagat
naniniwala pagkakaibigan,believe friendship,mituo pakighigala
humahawak sandok kaliwang kamay,holds ladle left hand,gigunitan kutsara kamot
apat selpon,four cell phones,upat cellphone
sumusulat bata sumusulat nakaupo sumusulat,write children write sit write,nagsulat nagsulat bata naglingkod nagsulat
bus maraming bagay maaaring masunog,bus many things burn,bus adunay daghang butang mahimong masunog
nakita piraso papel loob kwarto,found piece paper room,nakakita papel sulud kwarto
nating lumikas sapagkat humupa baha,longer evacuate flood receded,mobakwit tungod milurang baha
magiging mahirap kumbinsihin mayari ibenta bahay,difficult convince owner sell house,lisud makumbinser tagiya ibaligya balay
sigurado malalagpasan,sure get,sigurado malampos
guwardiya pasukan restawran,even guard entrance restaurant,nagbantay entrada restawran
daga tumakbo ilalim kama,mouse ran bed,nagdagan ilaga ilawom kama
daigdig hugis narangha,world shaped like ring,yuta porma ganghaan
makakarating su mula,get su,unsaon makaadto su
kasalanan,blame,thomas sala niining
iingay sasakyan dito amin,noise cars us,banha awto amo
mahina boses taong loob opisina,voices people inside office weak,hinay tingog tawo sulud opisina
amason ilog,amazon river,amason suba
palagi dumarating maaga,always comes early,kanunay moabot sayo
tinta pusit maaaring kainin samantala tinta bolpen,squid ink edible pen ink,mahimo kanon tinta pusit apan tinta bolpen
maghintay bumalik,wait come back,paghulat mubalik
galawin kutsara basong,dont move spoon glass,hilabti kutsara baso
ikinubli pangit mukha,hid ugly face,gitago maot nawong
pangit mukha,ugly face,adunay maot nawong
umiyak umiyak,want cry cry,mohilak hilak
iwanan ganyan,want leave,biyaan ingon
abokado prutas,avocado fruit,abokado prutas
magtitimpla kape,make coffee,timpla kape
nais magiwan mensahe salamat,would like leave message thank,magbilin mensahe salamat
ninong nagbigay pulang damit,godfather gave red dress,gihatagan ninong pula sinina
tumae bata itoy loob silidpaaralan,child defecated classroom,nalibang bata samtang tulunghaan
napakabaho tae,shit stinks,nanimaho tae
umihi dayaper anak,child peed diaper,nangihi anak dayaper
aklat napakahalaga estudyante agham,book important students science,libro hinungdanon alang estudyante syensya
alam pandesal ibang bansa,dont know pandesal countries,nasayud bay pandesal ubang nasud
masarap kumain pandesal kape,good eat pandesal coffee,lami kanon pandesal adunay kape
maraming pandesal maalat,many pandesals longer salty,daghang pandesal parat
umambag tatoeba,contribute tatoeba,amot tatoeba
sabihin katotohanan,tell truth,isulti tinuod
maaaring masaya,happy,mahimong malipayon
tumulo dugo mula sugat,blood dripped wound,sirit dugo samad
kalusugang mental magkasinhalaga kalusugang pisikal,mental health important physical health,kahimsog pangisip labi hinungdanon kahimsog lawas
mahilig magluto aking kapatid babae,sister doesnt like cook,ganahan magluto igsoon babae
hinalik,havent kissed yet,gihagkan
magagawa tumanggap,nothing accept,nahimo gawas pagdawat
bulag mata,blind one eye,nabuta mata
sinaklolohan bumbero,firefighters helped,bombero nagluwas kaniya
minantikilyahan ibabaw sunog tinapay,longer buttered surface burnt bread,mantikilyahan ibabaw nasunog pan
tulungan pakiusap,help please,tabangi palihog
karayom sinulid,needle thread,adunay dagum hilo
pangungusap tama,sentence correct,husto tudlingpulong
nakakapagtataka,wonder hes,nakurat
palagi dumarating ganitong oras,always comes time,kanunay moabut taknaa
humingi tawad,apologize,mangayo pasaylo kaniya
pinakain,feed,gina pakaon
lumabas manatili loob,id rather go stay,buot mogawas magpabilin sulod
kumain bahagi hamon pagkatapos itinago iba ref,ate ham hid rest refrigerator,gikaon pipila bahin hamon pagkahuman gitago uban ref
sabay sabay kaming tumayo,stood together,dungan tindog
kinailangan bigyan kaunting tulong,give little help,hatagan gamay hinabang
dahandahan marinig,take easy cant hear,hinay hinaya dungog
itim,isnt black,itom
buksan ilaw,turn light,mahimo ipasiga suga
hali lumangoy,come lets swim,dali langoy
pagod pagod mabuhay,tired living,gikapoy buhi
amin nakasagot,neither us answered,amo nakatubag
naiintindihan,dont understand,makasabut
naming matuto awit kastila,want learn spanish songs,buot hibalo pipila kanta espanya
anak,children,anak
huminga malalim,breathed deeply,ginhawa lalom
takot,afraid,hadlok
natatakot,afraid,nahadlok
takot,afraid,nahadlok
hari mahahabang braso,kings long arms,hari adunay taas bukton
tingin imposibleng matapos trabaho bago magalas singko,think impossible finish work five oclock,hunahuna imposible tapuson trabaho pay singko
ulitin salitang loob bahay diyos,repeat word inside house god,pagusab pulong sulod balay ginoo
kinailangang pintahin bakod,paint fence,pintalan koral
inalis linggo pagkatapos niyang pintahin,removed week painted,gikuha semana pagkahuman pagpamintal
ilan magaaral nandito,many students,estudyante ania
dalawang anak babae,two daughters,silay duha anak babaye
nating ipagtanggol bansa gugulin,defend country matter spend,panalipdan nasud buhaton
malaman aking magulang pumarito maaari gumawa bagay kanaisnais,parents find youre might something unpleasant,nahibalan ginikanan mianhi makahimo butang maayo
labinlimang taon,teacher fifteen years,magtutudlo kinse tuig
marco,marco,marco
kapatid,brother,igsuon
tingin okey trabaho,think work okay,hunahuna okay trabaho
palagi nakikinig balita radyo,always listens news radio,kanunay namati balita radyo
alam iniisip gawin,know youre thinking,kabalo nahunahunaan buhaton
kapilyang itinayo kastila siglo nakalipas,chapel built spaniards centuries ago,kapilya gitukod katsila gatusan tuig milabay
mali,wrong,nasayop
malamig pagkain,food cold,bugnaw pagkaon
pinakamataas tore bansang hapon,tallest tower japan,pinakalabing taas tore nasud japan
umikot narinig boses,spun around heard voice,lingi dihang nabati tingog
pahiramin steypler,lend stapler,mahimo pahulamon steypler
humintay mahabang oras ngunit sumipot,waited long time appear,naghulat dugay panahon apan mingtungha
edad maalam,age know better,edad labi maalamon
naglaro tenis buong araw,played tennis day,dula tenis tibuok adlaw
damit,want dress,sinina
tumingin salamin,looked mirror,gitanaw salamin
hinamon laro ahedres,challenges game chess,hagit dula chess
pagkakataong matatakasan parusa,time cannot escape punishment,ning orasa makalikay silot
estudyanteng napakasipag magaral,diligent student,kugihan tuon estudyante
gumigising maaga madaling yumaman,wakes early gets rich easily,sayo mata magpadato dayon
magtrabaho labis,dont work hard,sobra trabaho
pinapasaya marie bata,marie makes children happy,gipalipay marie bata
pinatugtog gitara,made play guitar,gipa duyog gitara
sinasabi inosente,everyone says innocent,giingon silay sala
natatakot lumangoy,afraid swim,nahadlok molangoy
hanapin direktori telepono,dont look phone directory,pangitaon direktoryo telepono
inakala barko lulubog,everyone ship thought would sink,tuo pasahero barko malunod
naglalaba kotse,washes car,nanghugas awto
kumain kaunting lugaw matanda,old ate porridge,kaon gamayng lugaw tigulang
diksyunaryo,dictionary,diksyoanryo
nakikita ilaw,see light,nakitan suga
maaari ilagay bagahe kotse,put luggage car,mahimo ibutang bagahe awto
nakilala kina,met,nahimamat mahitungod
nakilala bahay,met toms house,nahimamat balay
pumunta su,went su,su
bantayan bata saglit,watch boy,bantayi bata alang kadiyot
mismong minutong tumugtog selpon,minute cell phone rang,adtong taknaa mismo tingog selpon
naninigarilyo mula labingsiyam taong gulang,smoking since nineteen years old,nanigarilyo nagedad napulog siyam tuig
matandang magasawa umupo magkatabi,old couple sat side side,nagtupad paglingkod tigulang magtiayon
ibinebenta,dont sell,gibaligya
sayasaya,happy,nalingaw
hulaan nakita araw,guess saw today,tagnaa nakita
unang tumulong,first help,una mitabang kaniya
bumago isip,changed mind,nakapausab hunahuna
magawa,cant want,buhaton gibuhat kutob mahimo
maging maingat,careful,magamping
dilaw,yellow,dalag
patayin telebisyon,lets turn television,patayon telebisyon
malapit pamilya,close family,suod pamilya
naming bilhin buhat ibang bansa,buy countries,paliton gawas nasud
itutulog,ill put sleep,ikatulog
asukal,sugar free,miy asukar
ibang ambulansya,another ambulance,laing ambulansya
gumamit katas bulaklak paggawa sorbetes,used flower juice make ice cream,gigamit duga bulag paghimo ice cream
ginto ngipin taong,one persons teeth gold,bulawan ngipon kanang tawhana
sopas napakaalat masama,soup salty bad,sabaw sobra parat makadaot
labhan damit tubig sabon matatanggal mantsa,wash garment soapy water stains removed,hugasi sinina tubig adunay sabon kuha lama
daling mantsahin telang,fabric stains easily,dalia sad mahugawan ning panaptona
,,dilidili
pumili pagitan dalawang,must choose two,mopili taliwala niining duha
binigay sundalo pangalan,soldier gave,gihatag sundalo ngalan
nahulog mansanas,apple fell,natagak mansanas
bago natanggap mensahe,received message,bag nadawat mensahe
matalik magkakaibigan,best friends,labing suod managhigala
laro nilalaro palagi nananalo,matter game plays always wins,igsapayan unsang dula dulaon kanunay nagadaog
marunong magmaneho kotse,doesnt know drive car,kahibalo unsaon pagdrayb awto
narito narito,doesnt want,ania
pangako sasabihin kanino,promise wont tell,misaad isulti
kalaro,wants friend,kadula
posible pupunta bukas,possible come tomorrow,posible ugma moanhi
magaling matematika,better math,maayo matematika
maligayang pagdating aking bahay,welcome house,maayong abot balay
pinahiram aking amerikana kaibigan kapatid,lent coat friend brothers,gipahulam coat higala igsoon
nagiingay bata,children making noise,nagsinggit bata
bababa mula tren itoy hihinto,get train stops,paggawas tren mohunong
umabsent paaralan pagkakasakit,absent school due illness,absent tulunghaan tungod sakit
matunaw yelo itoy magiging tubig,ice melts turns water,mutunaw ays mahimo tubig
kabuluhan sinasabi,say meaningless,pulos gisulti
sumasakit aking lalamunan labis paninigarilyo,throat hurts smoking much,sakit tutunlan tungod sobrang panigarilyo
malapit hotel paliparan,hotel close airport,duol hotel paluparan
bintana tinakpan bahay gagamba,windows covered spider webs,bintana silingan natabunan damang
alam naririnig,knew hearing something,kahibalo sii adunay nadunggan
,cant,mahimo
pumasok kwarto patakbo,entered room run,misulod kuwarto nagdagan
sumagot ingles,answer english,tubag iningles
kanilang ugali nakakatawa,habits funny,katawanan batasan
humahanga henry,everyone admires henry,gidayeg henry
huli niyang sulat taglagas,last letter fall,katapusang sulat kaniadtong tingdagdag
kaalaman nangyari,know happened,alamag nahitabo
naririto,,ania
palabas,show,salida
bagay ibinebenta,item sale,gibaligya butang
naglalagay asukal kape,doesnt put sugar coffee,gibutngan asukar kape
lumabas bata maglaro,children must go play,bata mogawas magdula
nais malaman detalye,want know details,buot mahibalan detalye
palagi nagkakamali,always make mistakes,kanunay masayop
nais iwan mahirap trabahong,want leave difficult job,nakong biyaan saiya kining hago trabaho
nakatira hyogo,live hyogo,nagpuyo hyogo
,,tinood
paborito manunulat binabasa,favorite author read,bay pinalabi manunulat gibasa
binuksan kahon tumingin loob,opened box looked inside,giablihan karton lili sulod
pumasyal ibang bansa unang pagkakataon,went trip abroad first time,una higayon nagbiyahe gawas nasud
mabuhay mamamatay,live die,mabuhi hanaw gihapon
magingat pagtawid daan,careful crossing road,pagamping pagtabok dalan
tumingin sarili salamin,looked mirror,gitanaw kaugalingon samin
binili aklat araw,bought book day,gipalit libro miaging adlaw
seryoso,serious,seryuso
kayang magputol kuko magplantsa sabay,cant cut nails iron time,makahingoko samtang namalansa dungan
matanggal taghiyawat,cant get rid pimples,mawala bugas
magsaing,sing,lungag
naniniwala kwentong,still believe stories like,mutoo istorya ingon
tumayo harapan salamin,stood front mirror,tindog atubangan samin
napakabango trapong hawak,youre holding smell bad,mahumot trapo gikuptan
maraming dayuhan pumupunta bansang hapon matuto hapones,many foreigners come japan learn japanese,daghan dayu naga lungsod hapon magtuon hapones
inihaw isda hilaw isda,dont like grilled fish fish,ganahan inihaw isda hilaw isda
murielle tagaindya,murielle india,murielle lumulupyo indya
pumunta likuran kotse saka tumulak,went back car drove,nangadto likud bahin awto dayon naglawig
manigarilyo loob kwartong,smoke inside room,pagpanigarilyo sulud kwarto
nagmadali ann kaninang umaga,ann hurry morning,nagdali ann kaganinang buntag
sobrang init,hot,igang
makati ilong,nose itches,katol ilong
kumakati mata,eyes itch,nangatol mata
dinidiligan bakuran,water yard,gina bubuan tugkaran
naubos pagkain,ran food,nahurot among pagkaon
magbasa oras pagkain,read eating,pagbasa takna pagkaon
nagrereklamo palagi,complains time,kanunay nagareklamo
katatanggap balita,received news,bag nadawat balita
kumuha aklat mula istante,took book shelf,gikuha libro estante
nakalimutan niyang magdala damit,forgot bring clothes,nakalimot magdala sinena
pasahero namatay aksidente,passengers died accident,pasahero panaw aksidente
sigurado tutulungan,sure help us,sigurado tabangan
huling tren,last train,katapusan tren
ipahid ketsap pakpak manok platong,spread ketchup chicken wings plate,ibutang ketchup pako manok kanang plato
magaspang kamay,hands rough,gaspang kamot
mahalimuyak bulaklak ngunit pinitas,flower fragrant pick,humot bulak apan gipunit
napakapangit bulaklak pinitas mula hardin,flower picked garden ugly,labihan ngilad bulak gikuha tanaman
patutungo butiking limang binti,lizard five legs go,padulong ning tuko lima tiil
limang binti butiking,lizard five legs,tuko adunay lima bitiis
naputol buntot butiking limang binti,tail fivelegged lizard cut,putol ikog lima tiil tuko
gutom,still hungry,gigutom
marunong magingles magpranses,knows speak english also french,kamao storya ingles apan kahibaw sad pranses
sigurado,wasnt sure,sayod buhaton
makakagawa gamot mula laboratoryo,make drugs laboratory,mugna tambal laboratoryo
patay,dead yet,mingpanaw
anino patpat lantad,shadow stick obvious,klaro anino tukog
pumasyal,went walk,suroy
niyo basahin sulat iba pahintulot,read peoples letters without permission,basahon sulat uban pagtugot
ilayo bata mula apoy,keep child away fire,ipahilayo bata kalayo
sinabi bata tumahimik ngunit nagpatuloy kanilang pagiingay,told kids shut kept making noise,giingnan bata hilum apan nagpadayon kasaba
matulog,sleep,matog
nanggaling,,
saging kulay berde hinog husto kainin,bananas green ripe enough eat,berdeng saging nahinog kaonon
nasawi magulang,parents died,namatay ginikanan
kalilipat araw,moved day,nibalhin miaging adlaw
bumiyahe mula boston papuntang san francisco pamamagitan chicago,traveled boston san francisco via chicago,nagbiyahe bostonpadulong san francisco agi chicago
gawin sinasabi niyang magagawa maayos,whatever says better,buhaton giingon maayo mahimo
dumating mamang kartero,postman come yet,dumating mamang kartero
sapat pera binilhin bag,enough money would bought bag,adunay salapi mapalit bag
lumakad papunta,walked towards,naglakaw
basahin anumang aklat interesante,read book interests,mahimo mabasa unsang libro buot lantawon
totoo pasalamatan dito,actually thank,tinuud magpasalamat kanimo alang
mapaayos,fix,mahimo ayohon
inalis pinggan mesa pagkatapos hapunan,cleared dishes table dinner,gikuha platso lamesa pagkahuman panihapon
pumunta pulong bukas,come meeting tomorrow,mahimo duaw miting ugma
nagdala dosenang kutsara doble tinidor,brought dozen spoons twice many forks,nagdala dosena kutsara duha tinidor
tsaa kape,would like tea coffee,tsa kape
gawin,please,mahimo buhaton
naiintindihan salitang sinasabi,couldnt understand word saying,makasabut unsang pulong gisulti
mismo pumunta roon,went,mismo duaw
sakali mang mahuli kailangang maghintay,ever get caught dont wait,masakpan paabuton
mamamayan nagmula bansang hapon,citizens come japan,populasyon nasod japan
batang lalaki babae,children boys girls,bata lalaki babaye
nagnakaw pera,someone stole money,adunay nangawat nakong kwarta
masaya umalis,happier left,malipayon biya
dami bulaklak pula dilaw,many flowers red yellow,pagka daghan bulak adunay pula adunay dalag
tatanggap pabuya tumulong,receive reward helping,makadawat ganti alang tabang
tigre,likes tigers,tigre
tiyakin sinasabi,want make sure say,masiguro giingon
itoy bagay nakikita nililinis arawaraw,something see dont clean every day,butang nakita apan malimpyo matag adlaw
arawaraw linisin silid,clean room every day,limpyohan sulud matag adlaw
ihele anak,ihele child,atimana anak
nakatatandang kapatid nagnanais magaral ibang bansa,elder brother wants study abroad,among kamagulangan magtuon gawas nasud
nais matuto tsino susunod taon,want learn chinese next year,makakaton inintsik sunod tuig
mahalaga pasaporte pagbibiyahe,passport essential travel,mahinungdanon pasaporte pagbiyahe
duda babalik,doubt back,duda mubalik
kamalasan nangyari,misfortune happened,maayo butang nahitabo kaniya
nakalimutan,forgotten,nakalimtan
masyadong masayang makita,dont seem happy see,morag malipayon makita
syempre gawin anumang nais,course whatever want,mahimo
gawin ganyang bagay,would want things,buhaton ingon butang
nakikipagusap,one talks,tawo nakighinabi kanako
sinasabing magisa magpunta,saying go alone,giingon moadto maginusara
sigurado gawin,sure dont want,sigurado buhaton
sabihin magbabago isip,matter say wont change mind,isulti mausab hunahuna
sapatos angkop gamitin pagtatakbo,shoes suitable running,sapatos alang pagdagan
napakaraming nanganghalian,busy doesnt eat lunch,daghan gibuhat naniudto
binigyan maiinom,gave something drink,gihatagan ilimnon
mabuti ipagawa,better yet let,maayongpang ipa buhat kanako alang kanimo
tinatangkilik tinedyer aklat,teenagers enjoy books,nalipay tinedyer libro
swerte nabasag,luck nothing broke,biwenas nabuak
umiinom servesa,drinking cervesa,naginom ilimnon
mananatili araw inyo,stay days,magpabilin kaninyo adlaw
labinlimang taong gulang retratong,fifteen years old picture,kinse anyos litrato
arawaraw kaming nagtatrabaho maliban linggo,work every day except sunday,manarbaho adlawadlaw gawas domingo
nais magbasa,want read,magbasa
gawin ganitong klaseng trabaho,cant kind work even,mahimo klase trabaho magdumili
tiningnan mula kalawakan ilog mukhang malaking ahas,viewed space river looks like huge snake,tanawon kawanangan suba maorag dako bitin
humawak likod,someone grabbed behind,adunay naghawid likud
kondisyon tutulungan,condition help,buhaton tabangan sad
nagsusuot salamin,wears glasses,nagasuot antipara
masyadong maganda aking pakiramdam,feeling well,maayo pamati
pinakamatangkad,tallest,pinakalabing taas
pinakamatangkad,tallest us,labing kataas among
masahista,masseuse,manghihilot
tinalo larong chess,beat game chess,gilupig dula chess
umupo gitna silid,sat middle room,nanglingkod tunga kwarto
makinig,listen,paminaw
napakalutong maning,peanut crunchy,lutong ning mania
maraming desenteng hanapbuhay titingnan oras silay nagtatrabaho,many teachers decent job considering hours work,daghang magtutudlo tarong panarbaho buot susion oras pagtrabaho
ring magpunta roon,go,magadto
aklat silidaklatan paaralan,book school library,libro librarya tulunghaan
paa bisibleng nakabakas niyebe,feet visible snow,tiil mahimog masubay niyebe
nakadipende ikay papasa eksamen,depends whether pass exam,nakasalig makapasar pasulit
sinubukan niyang tahanin nagpatuloy pagiyak,tried hold continued cry,gisulayan kuptan apan padayon naghilak
kumakanta tandang tuwing pagsikat araw,rooster sings every sunrise,manok nagawit pagsubang adlaw
ooperahan aking tatay,father operated,adunay operasyon amahan
nanood tv dalawang oras kahapon,watched tv two hours yesterday,nagtanaw tv sulod duha oras kagahapon
nawala lalaki kagubatan,disappeared forest,nawala tawo kalasangan
pakasalan,marry,pakasli
maaasahan,count,makasalig
pagkaing maaanghang,dont like spicy foods,ganahan pagkaon halang
makita ibang tsanel,see whats channels,mahimo makita ubang tsanel
nakinig ngunit naintindihan,listened understand,naminaw apan nasabtan
ideya,idea,kabalo
nakakuha eksamen,get exam,makakuha eksamen
magpunta mamayang gabi,cant go tonight,makaadto karong gabii
naririnig awit naaalala araw aking kabataan,hear song remember days youth,madungog sonata nahinumduman adlaw pagkabatanon
narinig sinabi,heard said,nadungog gisulti
pinatulog ina anak,mother put son sleep,gipakatulog inahan anak
mesa puno alikabok,table full dust,lamesa puno abog
maikling buhok,short hair,adunay mubu buhok
paparating kotse,car coming,adunay umaabot awto
magalala aso aalagaan,dont worry dog take care,kabalaka bahin iro atiman iya
matutong magbisikleta,learn ride bike,mahibalan gamit bayk
malayo aking bansa bansang hapon,country far japan,nasud layo japan
nagaral kahapon,study yesterday,nagtuon gahapon
mahaba maikli daan,road long short,taas mubu dalan
dumating nalaman,came find,nakaabot kamatikod
maaari kausapin mike,talk mike,mahimo makigstorya mike
posporo,match,adunay posporo
paumanhin naninigarilyo,sorry dont smoke,pasensya apan naga panigarilyo
ngumingiti,dont smile,nagapahiyom
hilaw kumakain isda,eat fish,hilaw mokaon isda
nararapat,thats deserve,kanako
ikakasal,getting married,kanusa ikasal
pahiramin bolpen,lend pen,ipahulam kanako bolpen
tinawagan,,gitawag
pumunta trabaho linggo,go work sunday,nakasulod trabaho niadtong domingo
nawala daan masama pay inabutan ulan,lost way make matters worse rain overtook us,nawala among dalan labi daotan naabtan ulan
ilan bagay bago makakaalis,things leave,adunay pipila butang buhaton lakaw
interesado,seem interested,morag interesado
gaano kadalas naliligo linggo,often shower week,kanusa kanunay maligo semana
kahapon,yesterday nothing,gahapon pako buhat
binisitahan puntod,visits grave,gibisita lubnganan
umalis,leave,mobiya
makilala sikat,everyone wants know famous,mahibalan bantogan
tatay limang kapatid,father five brothers,amahan adunay lima igsoon
bibliya beysbol,baseball bible,bibliya baseball
maraming karunungan matatagpuan bibliya,much wisdom found bible,adunay daghang kaalam bibliya
isaisang bumagsak plano,plans fell apart one one,tagsatagsa nahugno plano
dalhin bagahe itaas,take luggage upstairs,kuhaa bagahe taas
napanood pelikulang matagal panahon nakaraan,watched movie long time ago,nalantawan nana salida kaniadtong dugay
mangaawit sikat bansang hapon pati europa,singer famous japan also europe,magaawit bantugan japan apan lakip europa
dami trabahong gawin,lot work,daghan trabaho buluhaton
mayo ipinanganak,born,natawo mayo
niligtas tayong,saved us,giluwas
ikinasal anak babae mayamang lalaki,married daughter rich,gipangasawa anak babaye dato
alam kabisera belgium,know capital belgium,nahibalan kapital belgium
nagdesisyon kanselahin reserbasyon,decides cancel reservations,nakahukom kanselahon reserbasyon
sinabi nagpaalala kakaibang karanasan maraming taon nakalipas,said reminded strange experience many years ago,giingon nagpahinumdom kanako katingadan kasinatian daghang tuig milabay
patawad ngunit sangayon,sorry disagree,pasensya mosugot
dadalhin kate,ill take kate,ihatod ila kate
magluluto tatay masarap pagkain bukas umaga,father cook delicious meal tomorrow morning,magluto amahan lamian pagkaon ugma buntag
matanda dalawang taon,two years older,magulang duha tuig
problema,problem,problema
daming linta aking bukid,many leeches farm,daghang linta among bungtod
sisikat muli araw madaling panahon,sun rise soon,adlaw mosubang madugay
lola nakakapagmaneho motorsiklo,grandmother drive motorcycle,lola makadrayb motorsiklo
sasakay eroplano papuntang hanoi bukas,take plane hanoi tomorrow,mosakay ayroplano padulong hanoi ugma
kinain kendi,ate candy,gikaon kendi
susi,keys,yabi
bahay kahapon,home yesterday,balay gahapon
dalawang kotse,two cars,duha awto
nakita babaeng,see girls,nakita bayhana
kutsilyo,knife,kutsilyo
kasal dalawang anak,married two children,minyo adunay duha anak
nangibang bansa,ever moved abroad,nakaadto laing nasud
ibibigay,give,ihatag iya
matandangmatanda magpunta alemanya,old go germany,tigulang makaadto alemanya
kakailanganin kanselahin aking tagpuan,cancel meeting,kanselahon tigum
umalis agad,dont want leave right away,mobiya dayon
kaunting panahon makausap tungkol problema,little time would like talk problems,adunay gamay oras makigsulti kanimo bahin pipila problema
mabuhay reyna,long live queen,daygon rayna
sumama kanilang bahay malaman nakatira,went house find lived,miadto balay mahibalan nagpuyo
mahabang buntot,cow long tail,adunay taas ikog
natututo tao nagtuturo,learns teaches,makasabot tawo tudlo
iniisip tumira bahay mahabang taon,dont think lived house many years,hunahuna nagpuyo balay daghang tuig
sagot,answer,tubag
lunas sakit siko,cure elbow pain,tambal kasakit siko
sikuin,elbow,sikoha
siguro mali daang tinahak,maybe took wrong road,tingali sayup dalan giagian
kailangang itago nararamdaman,dont hide feelings,itago gibati
panganib,danger,nameligro
barya pitaka,coins wallet,bay sinsilyo pitaka
mukhang matanda,doesnt look old,ingon tigulang hulagway
sabihin pupunta inay istasyon tren maghintay itay,tell mother go train station wait father,ingna moadto mama estasyon tren hulaton papa
mukhang turista,look like tourist,mura turista
hinihintay sulat mula,waiting letter,naghulat sulat kaniya
makikita batang nagtitinda sampaguita kalye,see children selling tulips street,makita bata namaligya sampaguita dalan
kamayan,want hold hand,duolon kamayon
sobrang nangangati kuto siguro,itchy lice,nangatol daghang kuto
,,nabuhat
buksan pinto,open door,ablihi pultahan
gawin,want,buhaton
nadapa sahig,fell floor,naumod salog
una palakaibigan,first seemed unfriendly,una ingon mahigalaon
hinele,dont recognize,alamalam
kamutin kagat lamok magiging pula,scratch mosquito bite red,paggisi pinaakan lamok mamula
maging maingat paggamit posporo,careful using matches,pagamping paggamit posporo
bruha,witch,barangan
iwanan tv nakabukas,dont leave tv,pasagdi nakapasalida tv
pangit ngipin batang lalaki sinisipilyuhan,boys teeth ugly doesnt brush,bata lalaki daot ngipon tungod ginasipilyo
luto kanin,rice cooked yet,luto kan
minuto ha,minute huh,minuto ha
takbo takbo,dont run fast,dagan
mabangga mamahaling estatwang,maybe bump expensive statue,basi makabangga mamahalon estatwa
lalaki,men,dagko
humawak,hold,gunit
uminom anuman aking sipon,drink something cold,moinom butang alang subaw
tumutugtog piyano,plays piano,duyog piyano
ibibigay pera bukas,give money tomorrow,ihatag kanimo kwarta ugma
tingin bughaw pinakamagandang kulay,thinks blue best color,nagtuo asul labing kolor
maingat maingat madalas nagkakamali,careful doesnt make mistakes often,nagamping busa kanunay masayup
nakuha bisikleta libre,got bike free,nakuha bayk libre
nakakita bangkay,one found body,nakakita patayng lawas
maiinom kahapon,nothing drink yesterday,mainom kagahapon
sumama,come,mahimo mouban
bisingbisi melanie,melanie busy,bisi melanie
umiinom melanie gatas,melanie still drinking milk,nagainom gatas melanie
nakaupo pusa ibabaw mesa,cat sitting table,iring lingkod ibabaw lamisa
sinasabihan pumunta magisa,telling go alone,sultihan mulakaw maginusara
sinungaling,liar,bakakon
ingay nagpanatili gising buong gabi,noise kept night,kasaba nagpabilin kanako bugos gabii
kaibigan tumawag kagabi,friend mine last night,gitawag higala kagabii
gandang rosas,beautiful rose,pagkanindot rosas
kapanipaniwala sinuman natabunan gumuhong gusali lindol kaninang umaga,unbelievable one trapped collapsed building mornings earthquake,katuohan natabunan nahugno bilding linog kaganinang buntag
binati ginang,greeted lady,nitahud babaye
mabahong hininga,bad breath,maayo baho ginhawaan
tao mortal,mortal,mamatay tawo
nangyayaring sobrang kakaiba parke,something strange seems happening park,adunay katingadhang panghitabo nahitabo parke
niyang magtanong itinaas kamay,wanting ask question raised hand,tungod mangutana giisa kamot
alam alam ospital,knew well hospital,nahibalan hingpit ospital
mismo nagluto hapunan,cooked dinner,mismo nagluto panihapon
lokohin mundo sabihin katotohanan,want fool world tell truth,binuangan kalibutan isulti kamatuoran
maigi sinulat sinabi aking,carefully wrote everything teacher said,gisulat pagayo giingon magtutudlo
nagsimulang magtrabaho asawa pangangailangan,husband started working necessity,bana nagsugod pagtrabaho tungod panginahanglan
ganoon natuto ingles,thats learned english,ingon ato katon ingles
magaral ibang bansa,want study abroad,magtuon gawas nasud
plinaplano niyang umpisahan negosyo,plans start business,plano magsugod kaugalingon negosyo
mayroon ibang takot,fears,uban kahadlok
kaming basa pawis,drenched sweat,kaming basa singot
pakidilig bulaklak,water flowers,palihug pagpamobo tanom bulak
higit apatnapu,forty,sobra kwarenta
oras nagtatrabaho bawat linggo,many hours work week,oras pagtrabaho matag semana
mapagkakatiwalang tao,trustworthy person,makasaligan tawo
sinasabi sarili,saying,gisulti alang kaugalingon
nakita papauwi,saw way home,nakita pagpauli
umuwi maaga kaunti,go home little early today,mopauli sayo
limuting patayin apoy,dont forget put fire,kalimti pagpalong kalayo
pulong magaganap bukas,meeting take place tomorrow,tigum himuon ugma
lalaki sumipot pintuan,appeared door,lalaki abot pultahan
tingnan bulalakaw,look meteor,tanawa bulalakaw
sulat personal basahin iba,letter personal dont want else read,personal sulat basahon uban
ann maraming kaibigan,ann many friends,ann adunay daghang higala
linisin katulong kwarto pumasok loob carol,maid finished cleaning room carol entered,human limpyo katabang sulod niadtong sulod carol
ingat aso,watch dog,pagbantay aso
kinailangan alagaan sanggol,take care baby,atimanon bata
pakialam,dont care,paki iya
sakaling nais higit impormasyon magdalawangisip tawagan,ever want information dont hesitate call,dugang impormasyon duha duha twagan
sawa kakakain restawran,tired eating restaurants,pul mokaon restawran
nagplantsa sariling damit,ever ironed clothes,giplantsa kaugalingon sinina
malay,unconscious,panimuot
dinilaan tuta pisngi,puppy licked cheek,gitilaan itoy aping
resiping sibuyas,recipe one onion needed,alang resipe sibuyas gikinahanglan
oras umiyak hinto,cried nonstop several hours,hunong hilak oras
grabeng problema,serious problem,kitat dakong problema
sinabi magmaneho mabilis,told drive fast,giingnan magdali drayb
pinaiyak,made cry,gipahilak
nalunod,drowned,nangalumos
aso nakahiga ilalim mesa,dog lying table,iro naghigda ilawom lamesa
nakakalangoy malayo,swim farther,makalangoy layo mahimo
bumiyahe kasama aso,traveled dog companion,iro kauban byahe
pinangako aking aalagan,promised would take care,nisaad ampingan
pagsusulit hapon,exam pm,hapon eksam
kailangang gawin dito,dont,buhaton
tanungin mahirap tanong,dont ask hard question,pangutana lisud pangutana
pigilin,must stop,pugngan
natanggap balita inyong kasal,received news marriage,nadawat namon balita kasal
pera ngunit pagibig,needs money love,kwarta apan gugma
galit nanay,mother angry,nasuko mama
masaya hari,happy king,malipayon sama hari
tagagawa telepono bell meucci,phone manufacturer bell meucci,buhat telepono bell meucci
lumabas napakaginaw,went even though cold,nanggawas bugnaw
napakaganda panahon magbukas bintana,since weather nice open window,tungod matahum panahon mahimo abli bintana
ibinaba ulo hiya,lowered head shame,gipaubos ulo kaulaw
seryosohin bagay higit kaunti,take things little seriously,seryusoha butang samtang pipila palang
lima sampung taon bago maging handa teknolohiya,another five ten years needed technology ready,moabut lima napulo tuig maandam teknolohiya
mangyayari anak magsisimula digmaang nukleyar,happen children nuclear war starts,mahinabo anak magsugod giyera nukleyar
ipinaliwanag proseso,explained process,gipasabut kaniya proseso
nagbukas lata tuna,opened tuna,abrihan lata tuna
ilayo,keep away,ipalayo
sumusuko,give,
mayaman masaya,although rich happy,adunahan malipayon
magpahinga maaninong lugar,lets rest shady place,pahulay malinawon lugar
anino multo,ghosts shadows,bay anino abat
sigurado makakain,sure dont want eat,sigurado mokaon
masama matutulog gabinggabi linggo,theres nothing wrong staying late sunday,makadot matulog kagtungang gabii domingo
umasa tulong ibang tao,rely peoples help,mosalig tabang ubang tawo
ilabas,get us,pagawasa
bukas,something tomorrow,bay buhaton ugma
tumawag sinumang marunong maghapon pakisuyo,call someone speak japanese please,panawag maski kinsang kahibalo hapon palihog
maligayang pagbabalik hanaphanap,welcome back looking,maayong pagbalik gimingaw kanimo
malupit hayop,cruel animals,mangtas hayop
magandang pook pangangaso,good place hunting,maayong lugar alang pagpangayam
pusang naghahabol daga,cat chase mice,iring gukod ilaga
matalik kaibigan,best friend,suod higala
sabihin kinalaman kasintahan,shouldnt tell boyfriend,isulti kaniya bahin hinigugma
naglalakbay malayo bumibisita dayuhang bansa gumagawa bagay nagawa noon,traveling far visiting foreign countries things never done,layo pagbiyahe pagbisita langyaw nasud pagbuhat butang mahimo kaniadto
alam tungkol nangyari,dont know happened,nahibalan bahin nahitabo
tren sasakyanan,train take,unsang tren sakyan
nagsasalita tulog,talks sleep,naga sulti maski kasamtangan pagtulog
kausapin,dont talk ever,storyaha
tingin kumakatok pinto,think someone knocking door,hunahuna adunay nagtuktok pultahan
pinagkakaabalahan linggong,week,gika busyhan karong semanaha
mahirap intindihin teorya,theory hard understand,lisod sabton teyorya
sawa museo libingan sining,sick museums graveyards arts,gikapoy museyo lubnganan sining
paumanhin tao nais kausapin,sorry person want talk available right,pasensya tawo makigsulti mahimamat
laman pagkain aking ref,fridge empty food,sulod pagkaon ref
tinulungan itaas bagahe,helped carry luggage,gitabangan pagbayaw bagahe
dumating bansang hapon dalawang taong nakaraan,came japan two years ago,miabut japan duha tuig milabay
nakakaintindi,one doesnt understand,kasabot
babasahin,read,materyal buot pagabasahon
nay ineestorbo hector,mom hector bothering,mama gihasol hector
maaari iwanan saglit,leave us moment,mahimo biyaan kadiyot
mabuhay tubig araw,cannot live without water even day,mabuhi tubig adlaw
alam galit,know hate,nahibalan gidumtan
nakita,see,nakaplagan
tao pumasok kusina,one entered kitchen,tawo pagsulod kusina
maglaro apoy,dont play fire,pagdula kalayo
sumisikat araw maaga tagaraw,sun rises earlier summer,sayo pagsubang adlaw tinginit
isdang maraming maliliit buto katawan,fish many small bones body,isda adunay daghang gagmay bukog lawas
kinausap kapitbahay kanilay nagtanong alam pumunta,talked neighbors asked knew gone,giistorya silingan ilaha nangutana kabalo muadto
sumigaw marika,cant yell marika,makasinggit marika
bisita mula ibang bansa,visitor another country,bisita laing nasud
nabibilang kina,belongs,iya
gusaling malapit matapos,building nearing completion,hapit mahuman bilding
kumain keyk uminom tsaa,ate cake drank tea,nikaon cake miinom tsa
selda paaralan,school like cell,tulunghaan sama selda
lumipad lobo langit,balloon flew sky,lobo milupad langit
malinis,clean,limpyo
agham relihiyon,science religion,syensya relihiyon
nakinig sinabi aking nanay,wish listened mother said,namati gisulti inahan
tatay kapatid parehong mahilig pagsusugal,father brother fond gambling,amahan igsoon parehas mahiligon sugal
palayain bilanggo araw,cannot release prisoners today,buhian piniriso karong taknaa
paris,wish paris,paris
dumating gabi,night came,niabot gabii
dumadagdag bagong pangungusap tatoeba,adding new sentences tatoeba,nagdugang bagong tudlingpulong tatoeba
tren puno tao,train full people,tren puno tawo
dalawang pamilya naninirahan bahay,two families live house,duha pamilya nagpuyo balay
kumanan,right,liko tuo
halika,come,dali ngari
paaralan pransiya pasok ngayong miyerkules,french schools closed wednesday,eskuylahan pransya sirado karong miyerkules
relo,watch,relo
mahal buhay malalaking bahay,life expensive big houses,mahal kinabuhi dagku balay
dalawang anak babae,two daughters,adunay duha anak babaye
maayos pagkakaputol aking buhok,hair cut properly,putol maayo buhok
panaginip,dream,damgo
tasang plastik,plastic cup,plastik tasa
itim puti aking kwarto,everything black white room,itom puti kwarto
pangalan nitong prutas,fruit,ngalan prutas
titik pambansang awit canada unang isinulat wikang pranses,lyrics canadas national anthem first written french,liriko nasudnon awit canada una gisulat pranses
uso pula,red fashion,uso pula
pinangako uuwi maaga ngayong gabi,promised would home early tonight,misaad mopauli sayo karong gabii
lindol sumira gusali,earthquake destroyed building,linog guba bilding
magaling fisika,good physics,maayo pisika
ikalimang araw bibe buhay,fifth day chick still alive,ikalimang adlaw buhi pato
aklat tungkol sayaw ibabaw mesa,book dances table,adunay libro bahin sayaw lamesa
nagkakamali iniisip mali,wrong think wrong,nasayup gihunahuna sayup
nakikita luha mata,see tears eyes,nakita luha mata
ginusto magbalik baryo,would like return village,mobalik inyong baryo
mananaliksik gumawa kuting maaaring magbigay ilaw dilim,researchers created kittens give light dark,
tingin mali,think wrong,hunahuna sayop
panganib buhay,life danger,nameligro kinabuhi
ikinasal gulang labimpito,married age seventeen,naminyo edad napulog pito
lawa poyang pinakamalaking lawa tubig maalat tsina,poyang lake largest freshwater lake china,lanaw poyang pinakadako lanaw tubigalat tsina
nakikita krus ginto,see cross made gold,nakitan krus hinimo bulawan
paaralan itinatag taong,school founded year,eskuylahan gitukod tuig
sinipon kate,kate caught,subawan kate
sydney malayo mula,sydney far,layo sydney ngari
pusa tao,cat person,iring tawo
hapon,japanese,hapon
lolo namatay kanser taon nakaraan,grandfather died cancer year earlier,apohan namatay kanser kaniadtong miaging tuig
mali,wrong,mali
nilagdaan kasunduan,agreement signed,gipirmahan kasabutan
alam malaman,know want know,kahibalo mahibalan
manok bulag nakakahanap butil,even blind chicken find grain,buta manok nakakaplag lugas
nawalan pitaka,someone lost wallet,adunay wad pitaka
dalawang dolyar,two dollars,ania laman tay duha dolyar
bigyan dolyar libro,give dollar book,hatagi dolyar alang libro
pangulong jackson umalis pagkatapos minuto,president jackson left minutes,presidente jackson mibiya pagkahuman pipila minuto
babatayin pisikal anyo dalawang lalaki magkaibangmagkaiba,based physical appearance two men different,pinauyon pisikal panagway duha lalaki layo
papeles inihalo malaking kahon,papers mixed big box,papel gisagol dako karton
pagod paa pagkatapos mahabang araw pagtatrabaho,feet tired long day work,gikapoy tiil pagkahuman adlaw pagtrabaho
artista palaging nagsusuot mamahaling alahas,actress always wears expensive jewelry,kanunay nagsulob aktres mahal alahas
iniilawan araw lupa,sun lights earth,adlaw nagdanag yuta
bakla,gay,bayot
kapitbahay bakla,neighbor gay,silingan bayot
bakla,gay,bayot
pulis,policeman,pulis
nagdesisyong sumubok muli,decided try,nakahukom mosulay
nagluluto hapunan oras,cooking dinner time,nagluto panihapon taknaa
dumalo pagpupulong,attended meeting,mitambong miting
alam mayaman,know rich,kabalo dato
loob sampung taon bayan magbabago husto,ten years country change lot,napulo tuig mahinungdanon magbago lungsod
nagaalaga bulaklak hardin,take care flowers garden,giatiman bulak tanaman
kanino,whose,
nating sundin panuntunan,follow rules,sundon balaod
palagi nagrereklamo tungkol aking maliit sweldo,always complains small salary,kanunay nagreklamo bahin gamay suweldo
nakatira muling bumalik lungsod,occupants returned city,lumulupyo namalik siyudad
nagbabantay asong,watches dog,nagbantay iro
maaari istorbohin isara bintana,bother close windows,mahimo mahasol pagsira bintana
sulat dumating,letter arrived yet,naabut sulat
tumayo likuran,stood behind,nagtindog likud
malaya alinlangan tungkol aking anak,never free doubts son,makalaya pagduhaduha bahin anak
katotohanan,fact,kamatuoran
palengke bumili gulay ring bumili bulaklak,market bought vegetables also buy flowers,merkado nagpalit utanon mahimo makapalit bulak
kumindat,winked,kidhatan
kumikindat nakatingin,winking wasnt looking,gikidhat apan nagtanaw
pilipino,filipino,pilipino
namatay kama,died bed,namatay katre
kabisera hungary budapest,capital hungary budapest,kapital hungary budapest
narito dumating,still arrived,pagabot
sinabi doktor iwanan paninigarilyo,doctor told quit smoking,giingnan doktor undang pagpanigarilyo
aking tanong,question,pangutana
pinakamagaling,best,pinakamaayo
kalimutan pakiusap,never forget please,kalimti palihog
mukhang alam sekretarya lihim,secretary seems know secret,nahibalan sekretarya sekreto
krimen pagdura sahig singapore,crime spit floor singapore,kalapasan balaod luwa salog singapore
edad karapatan pagboto,age right vote,hustong edad kanay katungod pagboto
pangalawang ina,second mother,ikaduha inahan
butas ngipin,dont even single tooth cavity,lungag ngipon
nagmamayari bahay,owns house,tagiya balay
kasimputla multo,pale ghost,sama abat luspad
taong nakakita pagsabog,people saw explosion,tawo nakakita pagbuto
bukas hapon,tomorrow afternoon,bay buhaton ugma hapon
sobrang bata umibig,young fall love,bata mahigugma
dalidali lumabas,hurried,nagdalidali nanggawas
nasaktan nahulog,hurt fell,nasakitan pagka tagak
punan porm gamit bolpen,fill form pen,sulati porm gamit ballpen
pinakita album,showed album,gipakita album
magagawa magisa,,himo inusara
busog makakain,full cant eat,nabusog mukaon
magisa biyernes gabi,alone friday night,naginusara kaniadtong biyernes gabii
kasingganda nanay,beautiful mother,ingon gwapa inahan
langit puno maiitim ulap,sky full dark clouds,langit napuno ngitngit panganod
nakapagdesisyon,havent decided yet,nakadesisyon
sinabi pera ginastos,say much money spent,saysay nabayran
naiinis pulitikong ganyan,hate politicians like,mairita pulitiko ingon niana
naglagay nilagang itlog kaunting patis aking sopas,put poached egg fish sauce soup,gibutang nilung ag itlog gamay sarsa isda sabaw
nakita kaming pagong hardin,saw turtle garden,nakakita bao tanaman
iuwi pagong,want bring turtle home,nakong dadon pawikan
napansin,notice,napansin maskin
bansang hapon klase nagsisimula abril,japan classes start april,japan klase magsugod abril
ulitin sinabi,repeat said,mahimo balikon giingon
winasak lindol lumang bahay,earthquake destroyed old house,guba linog karaang balay
kabuluhan tulang,poem mean something,mahinungdanon balak
sabay natutulog aso pusa buslo,dog cat sleep together bed,iro iring dungan natulog bukag
bukas silidaklatan unibersidad oras,university library open hours,abli librarya unibersidad niining orasa
,like dont,ibog
magagandang arkitektura dayuhang bansa,foreign countries beautiful architecture,langyaw nasud adunay matahum arkitektura
magnanakaw,steal,kawatan
aalis nakuha gamit,ill leave get stuff,mobiya pagkuha gamit
isumbong sasaksakin,report stab,isumbong dunggabon
hawakan mahigpit raketa,hold racket tightly,hugti kupot raket
manggagamot pinuntahan tanyag,physician went famous,bantog doktor giadto
pumunta paaralan kahapon,go school yesterday,eskuyla gahapon
alam mahahanap,know find,kahibalo mapangita
gumawa ingay loob silidaklatan,make noise inside library,pagsaba sulod librarya
dadating dikakilala aalis kaibigan,come stranger leave friend,moabut ingon estranghero mobiya higala
ganyang klaseng larawan loob kuwarto,picture like toms room,gibuhat klase litrato kwarto
teatro kathy ina nagpalitan upuan,theater kathy mother switched seats,sinehan kathy inahan baylo lingkuranan
kinumpirmahan niyang labi titanic,confirmed remains titanic,gikumpirma nahabilin titanic
umuupo nagbabasa libro,sitting reading book,naglingkod nagbasa libro
mananatili bahay araw,stay home today,magpabilin balay
malapit magalas hapon,almost pm,hapit hapon
manirahan kasama leyon mapanganib,living lion dangerous,peligro mamuyo kauban liyon
tumatanggap visa,accept visa,naga dawat visa
batang makarinig nakakatakot kwento,children love hear scary story,bata makadungog makahadlokon istorya
iniwan naghihintay,left waiting,gibiyaan naghulat
kotse,car,gibuhat awto
dumating bansang hapon bata,came japan child,miabut japan kaniadtong bata
umuwi bahay,go home,mahimo mopauli
pinangalanan nilang jerry kanilang pusa,named cats jerry,ginganlan iring jerry
dalawang babae umaawit,two women singing,duha babaye nagawit
labag batas,law,supak balaod
panahon makapagisip tungkol doon,still time think,pay panahon paghunahuna bahin niana
kulay kompyuter pula,color computer red,pula kolor kompyuter
kagandahan umagaw atensyon,beauty grabbed attention,nakakuha atensyon kaanyag
sugat nagiwan peklat aking braso,wound left scar arm,bilin peklat samad bukton
binibining nagmula rusya,lady russia,batanong babaye russia
nasusunog bahay,house fire,nasunog balay
nakalimutan pangalan,forgot,nakalimtan ngalan
binuksan mabuti bibig,opened mouth wide,gibuka baba
nawala maliit batang lalaki pera bigay tatay,little boy lost money father given,nawala gamay bata salapi gihatag amahan kaniya
kakailanganin,necessary,
alam kaibhan pagitan semana santa pasko,doesnt know difference holy week christmas,hibali kalainan semana santa pasko
pinarkehan kotse bakanteng lote,parked car empty lot,giparking awto bakante lote
itoy hulinghuli,late,ulahi alang
imposibleng sagutin tanong,impossible answer question,alang kanako imposible matubag pangutana
pumili armas,choose weapon,pamili armas
magandang gabi,good evening,maayong gabii
aklat doon ngunit sinauli,book returned,libro kaniya apan giuli
nakikita babaeng nakaitim,see woman black,nakita babaye itum
nagbato bato lawa,threw stone lake,gilabay bato lanaw
sinusubukan nilang kontakin,trying contact,gipaningkamutan makontak
sobrang haba aking palda,skirt long,taas sayal
maputla problema,looked pale problem,luspad hitsura bay problema kaniya
maraming kaibigan lucy,like lucy many friends,sama daghang higala lucy
nating bilhin mula ibang bansa,buy countries,paliton gawas nasud
tumakbo parke,ran park,nidagan park
europa,europe,europe
inutusan manggagamot manatili kama,physician ordered stay bed,gimandoan doktor maghigda
pinakamalapit bangko,nearest bank,pinakaduol bangko
hindinghindi magkakaanak babae,never daughter,makabaton anak babaye
sinulat aklat dalawmpung taong gulang,wrote book twenty years old,gisulat libro edad baynte anyos
pinapangako diyos pinatay,promise god kill,misaad diyos patya
napakadilim salang,living room dark,ngitngit sala
wikang ingles,like english language,ingles sinultian
sabihin hinihintay,want tell waiting,isulti kanimo ginahulat
sasabihin taong,wont say person,isulti kanang tawhana
kumain kasabay aking batang kapatid,ate little brother,nangaon kauban manghud
ulat panahon mahirap palaging magkatotoo,weather reports difficult always come true,ulat panahon lisud kanunay matuman
dumating tanghali,needs come noon,moabut udto
aksidente anim buwan nakalilipas sumasakit leeg,even though accident six months ago neck still hurts,aksidente nahitabo unom bulan milabay sakit gihapon liog
binebenta,sell,gibaligya
nagbibigay atin gatas manok itlog,cows give us milk chickens give us eggs,naghatag kanamo gatas manok nangitlog
sigurado ngunit putok baril,sure sounded like gunshot,sigurado apan ingon buto pusil
maraming keso maraming butas,cheese holes,daghang keso daghang buslot
maraming butas kaunting keso,holes less cheese,daghang buslot gamay keso
maraming keso kaunting keso,cheese less cheese,daghang keso gamay keso
maging maingat susunod,careful next time,magamping sunod
alam baybayin salita,dont know spell word,kahibalo unsaon pagsulat pulong
mabubuhay makata pagibig,poets cannot live without love,magbabalak mabuhi gugma
nagiwan pinto nakabukas kagabi,leave door open last night,gibiyaan abli pultahan gabii
tubig buhay,water life,tubig kinabuhi
matinding init araw nasunog balat likod,due intense heat sun skin back burnt,tungod grabe kainit adlaw nasunog panit likud
pakakasalan,marry,pakaslan
taon unang nagkaroon nobya,old first girlfriend,pilay edad una uyab
tumakbo daladala itlog,ran eggs,nagdagan dala itlog
bakuran tandang tatlong inahin,yard rooster three hens,tugkaran adunay manok tulo
nahulog pinggan kapatid babae sahig,sisters plate fell floor,nahulog salog plato igsoon
kape itim,likes coffee black,itom kape
malapit matapos,almost done,hapit mahuman
maninirahan aking tiya kyoto,live aunt kyoto,mopuyo iyaan kyoto
tatlong tao larawan,three people picture,adunay tulo tawo litrato
patawad inabutan tren,sorry missed train,pasensya naki abtan tren
kailangang manahimik magaaral nagkaklase,students must quiet class,estudyante maghilum panahon klase
paghambingin estilo tatlong titik,compare style three letters,itandi estilo tulo letra
alam,know,nahibalan
hardin maraming gulay letsugas sibuyas bawang atbp,garden many vegetables lettuce onion garlic etc,tanaman daghang utanon letsugas sibuyas ahos uban
naghahapunan pagkatapos trabaho,dinner work,nanihapon pagkahuman trabaho
kaunting duda,dont slightest doubt,gamay pagduhaduha
pinatay diyos,killed god,gipatay ginoo
inahin nangitlog loob aking aparador,hen laid eggs inside closet,manok nangitlog aparador
bumabasa matuto,read learn,naga basa katon
kinain buwaya,eaten crocodile,gikaon buaya
sinabi,said something,sulti iya
tingin oras magsalita,think time speak,hunahuna panahon lungtad
makakabahagi pagkain iba panahon kagutuman,share food others times hunger,mahimo ipaambit pagkaon uban panahon gutom
tsuper bus,bus driver,drayber bus
pakialam ikay aalis mananatili,dont care leave stay,labot mobiya magpabilin
,something,silay gibuhat
hinalikan bibig,kissed mouth,gihagkan labi
niyang tumakbo napakabilis,run fast,modagan ingon paspas
kakailanganin niyang pumunta riyan,go,moadto
alam magugutom,know hungry,kabalo gutumon
aklat tingin nabasa,many books think read far,libro nabasa
pagod kakalakad,tired walking,gikapoy lakaw
kaibigan,friends,higala
gaanong magaling palaging taong higit magaling,matter good always someone better,maayo kanunay adunay labi maayo kanimo
lumang aklat,old book,daan libro
sasagot itatanong tanong,wont answer asks question,tubagon gipangutana pangutana
gumagana,doesnt work,magsilbi
dalawang aso tatlong pusa anim inahin,two dogs three cats six hens,adunay duha iro tulo iring unom manok
bagay isat,suitable,hinungdan matag
umulan tatlong beses biyahe,rained three times trip,ika tulo ulan biyahe
naiintindihan nagalit,understand angry,masabut nasuko kaniya
nalalaman,know,kabalo
gulay,vegetables like,unsang gulay
madamot,cant get hurt,kuripot
leksiyon nakakayamot,lessons boring,puol leksyon
bumibilang sampu,count ten,nagaihap napulo
mauulit,wont happen,mausab
nagamit bala,used bullets,gigamit niyang bala
nakakagalaw malaking kahon,one moves big box,manghilabot dakong karton
nakakainis sumasakit palagi ulo gumagamit kompyuter,annoying get constant headache using computer,makalagot kanunay sakit ulo tungod gamit computer
matagal nakita,havent seen long time,dugay himamat
dami pera,lot money dont,daghan kwarta maski
dumidikit pandikit plastik,glue stick plastic,mani dikit papilit papilit dikit plastik
batang babaeng kumakaway,little girl waving,kadtong bata babaye nanagad kaway kanimo
makita ibigin,see love,mahimamat mahigugma
narinig bumili bagong kompyuter,heard bought new computer,nakadungog nagpalit bagong kompyuter
layo tindahang,shop far away,layo sad tindahan
ipinanganak ika agosto california,born th august california,natawo kaniadtong kaniadtong agosto california
elepante pangunahing atraksyon sirko,elephants main attraction circus,elepante nanguna pagdani sirko
kapatid babae asawa kapatid babae naninirahan canada,sister sisters husband live canada,igsoon babaye bana igsoong babaye nagpuyo canada
inilagay kamay aking balikat,put hand shoulder,gibutang kamot abaga
magandang oras,good time,unsang maayong oras kanimo
mataas puno mahirap akyatin,taller tree difficult climb,labi taas kahoy labi lisud katkaton
tumal negosyo araw,business slow days,hinay negosyo karong adlawa
kalimutang isama mabibilang,dont forget include count,kalimti iapil ihap
pelikulang bata,movie kids,salida alang bata
nagtuturo wikang aleman,teaches german,nagtudlo kanimo istoryang aleman
buntis,pregnant,mabdos
tulog tao silay nabubuhay silay gumigising silay namamatay,people sleep live wake die,tawo nangatulog diha nagpuyo nahigmata diha namatay
dalhin suka mantika pakisuyo,bring vinegar oil please,dadi suka mantika palihog
inca taong relihiyoso,incas religious people,inca relihiyoso tawo
kulangot buhok,frizz hair,kugmo buhok
pinakamainit tagaraw nagkaroon loob limampung taon,hottest summer weve fifty years,pinakainit tinginit natagamtaman sulod singkwenta tuig
aklat kasinginteresante aklat,book interesting book,libro ingon nindot libroha
nagsusuot bagong pares sapatos,wearing new pair shoes,nagsulob bagong pares sapatos
kotse,car,awto
bibisitahin bukas kaibigan mula oregon g brown,friend oregon mr brown visit us tomorrow,bisitahon ugma higala oregon g brown
gisingin,wake,pukawa
damit ibinigay amin pati kaunting pera,gave us clothes also money,gihatagan sinina apan adunay gamayng salapi
pumunta roon beses,went times,niadto beses
pinakamalapit museo,nearest museum,pinakaduol museyo
natapos digmaan,war still,gihapon human giyera
pagkadating bahay naglaro laro kompyuter,got home played computer game,pagabut balay nagdula dula kompyuter
pumunta amerika,went america,pumunta amerika
narinig pumasa eksamen,heard passed exam,nakadungog sugakod exam
martes araw kalayaan,tuesday independence day,martes adlaw kagawasan
nakatanggap masamang balita mula bahay ngayong araw,received bad news home today,nakadawat maayong balita balay
suot sapatos ngunit suot medyas,wearing shoes wearing socks,nagsulob sapatos apan nagsulob medyas
bawal magdikit papel pader,dont stick paper wall,gidili pagdikit papel dingding
magkakaroon sanggol darating buwan,baby next month,manganakay umaabot bulan
gawin aking takdangaralin nais magpahinga saglit,finished homework want rest,nahuman buluhaton balay mopahulay kadiyot
palagi natatagalan pagpili damit,always took long time choosing clothes,kanunay maulahi pagpili sinina
sumulat fred mahabang sulat nanay,fred wrote long letter mother,fred nagsulat taas sulat alang inahan
inyo mananahimik,silent,hilom
pupunta libingan,going grave,lubnganan dayon
nakilala marami loob teatro,recognized many inside theater,daghan ila sulod teatro
nagdala libro,brought books,dad libro
nagalit tinawanan,even angry laughed,nasuko gikatawan
taong,person,ning tawhana
nais malaman ganoon sinabi,want know said,mahibalan ingon ato ingon
naligo putik,bathed mud,naligo lapok
kalbo,bald,opaw
ilarawan,describe,ihulagway kanako
pahintayin sandali,make wait moment,pahulata kadiyot
manggagamot nagliligtas buhay,physicians save lives,doktor nagaluwas kinabuhi
malungkot istorya nagpaiyak amin,sad story made us cry,masulubon istorya nagpa hilak kanamo
mabait ngunit matapat,like nice honest,ganahan tungod buotan apan tungod matinuoron
mangyayari,happen,maghitabo
sumulat liham,wrote letter,nagsulat sulat
nakakapaglutas problemang,nothing solves problem,makasulbad problema
palaging nakukuha,doesnt always get wants,kanunay makuha
salamat pagtitiwala,thank trusting,salamat pagsalig
amin,one us,saato
nakapagaral ibang bansa kakulangan pera,could study abroad due lack money,nakatuon gawas nasud tungod kakulang kwarta
alam gaano nagaalala,dont know worried,hibalan nabalaka
trabaho magaaral linisin kanilang silidaralan,students job clean classrooms,trabaho estudyante paglimpiyo classroom
tumingin paligid,looked around,tanaw palibot
kapatid babae naglalaro manika,sister playing doll,igsoon babaye nagdula manyeka
magandang ideya,great idea,adua maayong ideya
nabulag,went blind,nabuta
natagpuan bangkay sanggol bagong kapanganak loob freezer,found body newborn baby inside freezer,nakitan lawas bagong natawo bata sulod freezer
masasabi,say,masulti
maaaring sabihin gawin,cant tell,isulti kanimo buhaton
sabihin ibig sabihin doon,want tell means,isulti gipasabut
dumating araw,one came today,ningabut karong adlawa
matitibay buto ngipin,strong bones teeth,gahi bukog ngipon
pinapangarap pumunta mexico,dream going mexico,nagdamgo mexico
tatlong kapatid babae nars iba,three sisters one nurse others teachers,adunay tulo igsoong babaye nars magtutudlo
lumubog kahapon bapor malapit dito,ship sank yesterday near,barko nalunod duol diari gahapon
nakalimutan dalhin aking payong,forgot bring umbrella,nakalimot pagdala payong
paris nagsasalita pranses,paris speak french,paris pranses gina sulti
asawa,wife,asawa
mamatay,hope die,mamatay
dumating bitbit malaking kumpol bulaklak,came carrying large bunch flowers,miabut nagdala daghang hugpong bulak
una alam,first know,una kabalo buhaton
agang dumating handa,toms early arrival ready yet,sayo miabut andam
alam buong kwento,know whole story,kahibalo tibuuk istorya
sakit diyabetis,diabetes,sakit diabetes
,isnt done yet,nahuman
tumutulong,helping,motabang
namangha,surprised,namangha
,,
posible nagsasabi kasinungalingan,possible telling lie,posible nagsulti bakak
boston,arent boston,boston
halos handa hapunan,dinner almost ready,hapit andam panihapon
klase tao naninirahan tokyo,kinds people live tokyo,lahilahi tawo nagpuyo tokyo
nakita muli,never saw,nakita
masuwerte buong buhay,lucky life,swerte tibuok niyang kinabuhi
namana bahay,inherited house,napanunod balay
mabuti pay dalhin bahay,better take home,maayo ihatud balay
nagsasabi mahal palagi totoo,says love time true,kanunay niyang giingon gihigugma tinuud
nakinig,hope listened,gipamati
akala magugustuhan,thought wouldnt like,nagtuo ganahan
nagpaalam bisita,said goodbye guests,nananghid bisita
bigyan tasa kape,give cup coffee,hatagi tasa kape
nandito daga,mouse,ania ilaga
tawagin pusa,call cat,tawga iring
tumira sendai sampung taon bago dumating tokyo,lived sendai ten years coming tokyo,nagpuyo sendai napulo tuig moadto tokyo
kayang bumili bagong bisikleta,cant afford new bike,mapalit bagong bayk
ingles,nope english,ingles
nakikita maliit kotse,dont see little car,makita gamay awto
seryoso trabaho,serious work,seryuso trabaho
nais malaman gamitin salita hanapin diksyunaryong,want know use word look dictionary,mahibalan unsaon paggamit pulong tanawa diksyonaryo
dumating dito bago,got,niabot bago
kainin natitirang pay,eat rest pay,mahimo kanon nahabilin bayad
maaamo hayop,animals tame,buotan hayop
katatanghalian,lunch,bago naniudto
sumunod aso,dog followed,gisundan iro
babae muna,girls first,babaye una
malaking gusaling harap,big building front us,unsang taas bilding atubangan
pakihugas inyong kamay,please wash hands,palihug hugasi kamut
pinapayagang umalis,wont let leave,motugot mobiya
bumiyahe buong mundo,traveled world,nagbiyahe tibuuk kalibutan
tingin pumuntang magisa,think go alone,pananaw inosara
natuto wikang pranses bago pumunta europa,learned french going europe,kat sinultiang pranses moadto europa
mura kumain dito,cheap eat,mura kumain dito
kumusta kahapon,yesterday,kumusta gahapon
sasabayan papuntang paliparan,accompany airport,mokuyog airport
daan patungong baryo napakalubak,road village bumpy,labihan kabangag lubak dalan padulong barrio
mahal piyano,piano expensive,mahalon piyano
bisitahin pakiusap,visit us please,duawa palihog
kumakain tsokolate,eat chocolate,nagkaon tsokolate
bumibihis,getting dressed,nagilis
anak babae hari prinsesa,kings daughter princess,anak babaye hari prinsesa
maganda kulay berde alice,green beautiful alice,alice matahum kolor berde
tanyag gusali taj mahal bansang indya,famous building taj mahal country india,bantog taj mahal bilding makita india
natagpuan buhay,found alive,nakitan buhi
karahasan tumagal dalawang linggo,violence lasted two weeks,pagpanlupig milungtad duha semana
sinabi,said,giingon
maglagay kaunting tubig paso,put water burn,pagbutang gamay tubig paso
tumalab gamot,medicine thick,epekto tambal
pumunta,want go,moadto
sinuri makina depekto,checked machine defects,gisusi makina adunay depekto
higit maikli hintuturo palasingsingan,index finger shorter ring finger,tudlo tudlo mubo singsing tudlo
sinabi magulang,tell parents,ingon ginikanan
nakukuha nagnanais labis,desires much gets nothing,ambit
ipagtanggol sariling bayan kasalanan,defending ones country sin,pagpanalipod sarili nasud sala
mabaho,smell bad,baho
nananghalian,lunch,naniudto
nakilala,met,nailhan
aklat ibabaw mesa,book table,bay libro igbabaw lamesa
dalawang anak babae dalawang lalaki,two daughters two sons,duha anak babaye duha anak laki
nagnakaw aking payong panaderya,someone stole umbrella bakery,adunay nangawat payong panaderya
palaging nanonood tv,always watches tv,kanunay nagtanaw tv
mamimiss,miss,mingawon sad
heto aking blog magpapakilala maghahayag ukol aking pangarawaraw buhay,blog introduce reveal daily life,blog magapaila magpadayag akoang pangadlawadlaw kinabuhi
tokwang mapo dalawang mangkok kanin,want tokwang mapo two bowls rice,tokwa mapo duha panaksan kanon
mangkok kanin kinain,many bowls rice eat,panaksan kanon gikaon
gamitin gripong sira,cannot use faucet broken,gamiton gripo guba
hugis puno keyk,shape cake full,pormag puno keyk
akala kapatid,thought brother,igsoon
barbero nagtatrabaho barberyang,many barbers work barber shop,barbero nagatarbaho diria barberya
awit tinutugtog,song playing,kanta ginapatugtog
tagumpay resulta kasipagan,success result hard work,kadaugan resulta pagkakugihan
magsalita wikang pranses,want speak french,mustorya sinultian pranses
sinabihan pumunta roon magisa,tells go alone,giingnan muadto
nandito bukas,tomorrow,ugma
pagkatapos halos buwan natatandaan salita,almost month still remember word,pagkahuman halos bulan nakahinumdum inistoryahan
pasok kotse,get car,sulod sakyanan
umuwi,go home,muoli
brid pera,money brids,brid kwarta
bahay tatlong palapag,house three floors,balay adunay tulo andana
pakialam gastos,dont care cost,labot gasto
malaki dibdib,chest big,dako dughan
nagsasalita wikang pranses,speak french teachers,nagastorya sinultian pranses akoang magtutudlo
marunong magsalita mahina,cant speak softly,kabalo mustorya hinay
nars,nurse,nars
palagi naglalakad papuntang paaralan,always walks school,pirme magbaktas paadto skwelahan
binti,one leg,ray batiis
paninigarilyo masamang kagawian,smoking bad habit,pagpanigarilyo daotan buhat
pinakamasarap prutas bansang hapon,delicious fruit japan,pinakalami prutas nasud hapon
sinira,ruined everything,giguba
sinasabi liham,say letter,gipangstorya sulat
nabenta araw,sell today,nabaligya karong adlawa
pari,priest,pari
masyadong pagod,doesnt seem tired,gikapoy
alam hahanapin,know find something,kabalo pangitaon
umiyak,dont cry,hilak
nakapula,blushing,nakapula
asukal,sugar,silay asukar
malaman sasama atin,want know us,masayran muuban
unggoy umaakyat mataas puno,monkey climbs tall tree,unggoy nikatkat tagas puno
pera kaibigan,neither money friends,kwarta amigo
naglagay kaunting gatas kape,put milk coffee,nagbutang gamay gatas kape
papatayin,kill,patyon
magkano ibinayad diyan,much pay,gibayad
magmahal,wants someone love,mohigugma
mura,cheap,barato
,would,buhaton
dumating parti,one came party,niabot parti
mabait bata magkakaroon kendi,youre good kid get candy,buotan bata matagaan kendi
itinayo sarili niyang bahay,built house,gipatindog sarili balay
dumikit basang damit katawan,wet clothes stuck body,nipilit basa sinina lawas
amoy tabako kuwarto,room smelled tobacco,baho tabako kwarto
gitarang masyadong kamahalan mabibili,guitar wasnt expensive id buy,gitara masyado mahal mapalit
iniilawan araw daigdig,sun lights world,ginasinagan adlaw kalibutan
alam,doesnt know doesnt like,kabalo
habol,,gigukod
makatingin asong nais kainin,dog look like wants eat,makatanaw ning iroa kaonon
hardin,garden,tay tanmanan
berde asul,like green blue,lunhaw bughaw
pareho,whatever,parehas
marunong magmandarin,speak mandarin,kabalo magmandarin
kapatid babae ann,ann sisters,lumon babaye ann
magsipilyo pagkatapos kumain,brush teeth eating,pagsipilyo inig kahuman mokaon
nagsasalita wikang pranses,speak french,nagastorya sinultian pranses
sabihin nangingisda,tell fishing,ingna mangisda
nagmamaneho kotse,drive car,nagadrayb sakyanan
eto susi,keys,susi
aso,doesnt like dogs,ganahan iro
maraming gitara anim kwerdas,many guitars six strings,daghang gitara unom kwerdas
arabo,arabs,arabo
nagtrabaho bubuyog,worked like bees,nagtarbaho buyog
oras,time,buhaton oras
kasamaang palad umulan,unfortunately rained,kasubo niulan
klaro mali lalaki,obviously wrong,klaro mali laki
ipinagbabawal,forbidden,ginabuhat gibawal
nalaman,know,nabalan
maghahanap trabaho tsina,look job china,mangita tarbaho tsina
tinanong propesor maraming beses,asked professor several times,gipangutana propesor daghan higayon
nakinig balita kahapon,listen news yesterday,naminaw balita gahapon
kotse,car,sakyanan
kumain buwaya,ate crocodile,nikaon buaya
napakawalang silbi tuwalya,towel useless,pagka way pulos tuwalya
ibigay,give,ihatag
sabi ikakasal anne hunyo,said anne getting married june,ingon kakaslon anne hunyo
tama sagot,answer correct,tama tubag
tatawag pulis,want call police,motawag pulis
magpunta nagsisinungaling,wherever goes lies,niadto nangatik
naiintindihan sinasabi,understand telling,nasabtan gipansulti
gustonggusto tao magsalita magsalita,people love talk,tawo magstorya magstorya
sinabi magsisimula pulong,wish said meeting would start,niingun magsugod pulong
nagising kotse,woke car,nagimata sakyanan
naiintindihan nagsasalita wikang pranses,dont understand speak french,masabtan magstorya sinultian pranses
binasag batang babae salamin bintana,girl broke glass window,gibuak bata babaye samin bintana
nagtatanong sarili dadating eroplano oras,ask plane arrive time,ginapangutana akoang kaugalingon moabot eroplano oras
gawin magwalis sahig,sweep floor,buhaton manilhig salog
syota,toms sweetheart,uyab
higit mura ikay sasakay bus papunta roon,much cheaper take bus get,barato mosakay bus paadto
alam gaano kadaming asukal mayroon biskwit,dont know much sugar cookie,kabalo kadaghan asukar diraa biskwit
tindahang nagbebenta,store sell,tindahan nagabaligya
propesor nagbayad amin,professor paid us,among propesor nagbayad amoa
tahimik,quiet,hilom
nakikita bituin,see star,makitan bituon
malapot pulot losyon balat,honey thicker skin lotion,lapot pulot losyon kutis
nakita tiya europa,saw aunt europe,nakitan iyaan europa
nagmamaneho mabilis mabilis barrichello,barrichello drives fast,nagdrayb paspas barrichello
sapat bangko loob conference room,enough benches inside conference room,bangko sulod conference room
pupunta roon,going,moadto
pumili,choose,mopili ato
magsisimula palabas,show start,kanusa magsugod salida
babalik bukas makalawa,back tomorrow day,mobalik ugma sunod adlaw
maging robot robot nananaginip,become robot robots dont dream,unsaon mahimo robot robot nagadamgo
mahalin iba pagmamahal sarili,love others love,higugmaa uban sama paghigugma sarili
pumunta roon agad,go immediately,moadto dayon
kasalanan,fault,sala
lalangoy bukas,swim tomorrow,molangoy ugma
,,
bakanteng silid gabing,spare room tonight,moy bakante kwarto karong gabhiona
kumain piniritong karne,ate fried meat,nikaon pinrito karne
babalik pagkatapos oras,back hour,mobalik inig human oras
kalapati simbolo kapayapaan,dove symbol peace,kalapati simbolo kalinaw
luha sandata bata,tears childs weapon,luha hinagiban bata
kilala personal,know personally,kaila personal
kotse,car,sakyanan
alam mahiyain,know shy,nabalan maulawon
gutom,hungry,gutom
magdala pagkain loob laboratoryo,bring food laboratory,pagdala pagkaon sulod laboratoryo
kumain loob laboratoryo,eat inside laboratory,kaon sulod laboratoryo
panahon nagbubura maraming alaala,time erases many memories,panahon nagapawala daghan handumanan
kasintigas bato,hard rock,parehas kagahi bato
nagalit amin,angry us,nasuko amoa
nandito ngunit dumating bill,bill hasnt arrived yet,niabot bill
malungkot,sad,magulanon
mapa,thats map,mapa
dalawang bomba nahulog lungsod,two bombs fell city,duha bomba nahog lungsod
tatay ospital,father hospital,akoang tatay ospital ron
magkano radyong,much radio,tagpila ning radyo
inimbitahan maglaro baraha,invited play cards,giimbitahan dula baraha
mahal,love,gihigugma
ibig sabihin,mean dont want,buot pasabot
marami kaibigan,many friends,daghan amigo
karpintero tatay kapatid babae,father sister carpenters,panday amahan lumon babaye
kayong maglaro daan,never play road,dula dulan
nanay,toms mother,inahan
hindinghindi magkakaroon komunismo nabubuhay,never communism lifetime,magkakomunismo samtang buhi
lugar naganap labanan,place battle took place,lugar nahitabo gubat
lugar naganap labanan,place battle took place,lugar nahitabo gubat
itim pusa,cat black,itom iring
kinakabahan resulta eksamen,nervous result exam,ginakulbaan resulta eksamen
kadiliman kawalan ilaw,darkness absence light,kangitngit kawadan suga
aso,dog,iro
sabihin totoo,tell truth,iingon tinuod
bolpen nawala kahapon,thats pen lost yesterday,bolpen nawala gahapon
magpahinga,want rest,magpahulay
masa akan datang,come soon,umaabot
kinuha eksamen silid pulong,took exam meeting room,gikuha eksamen pulong
mababa ulap,clouds low,panganod mubo
abotlangit presyo lupa bansang hapon,land prices japan sky high,abot langit presyo kalupaan nasud hapon
mawawala langaw pulot,flies disappear honey,mawala langaw basura
plinano lumabas aksidente,planned appear accident,giplano mogawas mura aksidente
,something,ginabuhat
madaling matuto pisika,easy learn physics,dali makatuon pisika
karamihan pulis nawalan trabaho,majority police lost jobs,kadaghanan pulis nawadan tarbaho
pumunta lawa maligo,went lake bathe,niadto lawa mangaligo
malaya sabihin isip,free say whats mind,libre sultion hunahuna
bote servesa bubog,cervesa bottles made foam,botelya servesa gihimo buak baso
daan dinadaanan arawaraw,road walk every day,dalan ginaagian adlawadlaw
pinagawayan dalawang aso buto,two dogs fought bone,ginaawayan duha iro bukog
gawin ipapagawa,whatever tells,himoa ginapabuhat
sinamahan malalakas hangin ulan,strong winds accompanied rain,giubanan mangkakusog hangin ulan
nakita pulis taong pumatay,police found person killed,nakitan pulis tawo nipatay
tinabihan bangko,asked bank,gidiktan bangko
kape iniinom,drinks coffee,kape ginainom
lumuwas amerika,came america,nigawas amerika
tingin,think,pagtuo
masahe,massage,masahe
ibigin habambuhay,want love forever,higugmaon hangtodhangtod
tumitigil pagdurugo,bleeding stop,nihunong dugo
alin higit malaki araw lupa,bigger sun earth,dagko adlaw lupa
sigurado sapat pera bilhin,sure dont enough money buy,sigurado kwarta paliton
kaygandang tanawin,beautiful scenery,kanindot talanawon
araw tinakpan kumot ulap,sun covered blanket clouds,adlaw gitabunan tabon langit
natutulog mamahaling banig,sleeps expensive mat,nagatulog mahalon banig
naniniwala kakayahan,believe ability,tinuod nituo kapasidad
binuksan maling kahon,opened wrong box,giablihan mali kahon
nandito kahapon,yesterday,gahapon
umalis silid pagkapasok,left room entered,nilakaw kwarto pagkasulod
pumasok,dont come,nisulod
sanay diyan,used,anad ron
tingnan bundok,look mountain,lantawa bukid
babalik sabi,ill back said,mobalik ingon
maging malikhain,creative,magmamugnaon
umaamoy gamit aking ilong,smell nose,nagasimhot gamit akoang ilong
dahon nagsimulang maging pulat dilaw,leaves started turn red yellow,dahon nagsugod kapula dalag
dukha,poor,pobre
minamahal,love,ginahigugma
turuan alam,teach know,tudloan nabalan
tatay nakapaghuli tatlong isda kahapon,father caught three fish yesterday,amahan nakadakop tulo isda gahapon
magsimula,wants start,magsugod
maiinom,would like something drink,ilimnon
salamat magmamaneho,thank drive,salamat magdrayb
barko nakikita,ship see,barko nakitan
akala niloko aking mata,thought eyes tricked,giloko akoang mata
simbahang napakasikat napakagandang lugar,church famous beautiful place,simbahan grabe sikat grabe nindot lugar
peter aking matalik kaibigan,peter best friend,peter akoang suod amigo
humiga,lie,mohigda
ibabaw mesa diksyunaryo,dictionary table,igbabaw lamesa diksyunaryo
masaya mansanas aking kinakain kulay berde,happy apple eating green,nalipay mansanas ginakaon kolor lunhaw
bumili pagkain ngunit sapat pera,buy food dont enough money,mopalit pagkaon kwarta
gamitin tinta pagsusulat,use ink write,gamiton tinta pagsulat
pinaplantsahan aking bestida,ironed clothes,ginapalanstsahan akoang sinina
laki buwan ngayong gabi,moon big tonight,dako bulan karong gabhiona
matanda kaunti ibang estudyante klase,little older students class,tigulang gamay lain estudyante klase
pupunta sinehan sabado pagkatapos restawran,go cinema saturday restaurant,moadto sinehan sabado pagkahuman restawran
umubo,cough,tong niubo
doon nakatira niyebe enero,live snows january,nagpuyo niyebe enero
akyat,climb,saka
nagkita simula,havent seen since,nagkita sugod
matagal,long ago,dugay
asong malaki,big dog,iro daku
sumubok nagawa,tried,nisulay nabuhat
tingin naglalagay maraming asukal,think putting much sugar,paguto nalp nagabutang daghan asukar
,thats mine,
alam,dont know,kabalo imuha
nangyari,nothing happened,nahitabo
maging makata,cannot poet,mahimong magbabalak
nauhaw,thirsty,giuhaw
silid pipintahan bukas,room painted tomorrow,pinturahan kwarto ugma
muntik ngumiti,almost smiled,hapit mongisi
anakmayaman,son rich,anak datu
anak mayamang pamilya,son rich family,anak datu pamilya
dalawang beses pinagkamalang espanyola,twice mistaken spaniard,duha higayon nasaypan espanyola
damit magkatulad maliban kulay botones,clothes similar except color buttons,sinina magkaparehas gawas kolor botones
nakita hubad,saw naked,nakitan hubo
tagaulat,reporter,tagabalita
sasabihin darating,say comes,iingon moabot
malaking bahay,big house,dagko balay
lumabas araw,sun came,nigawas adlaw
dalawang bintana silid,room two windows,duha bintana kwarto
mahal aking wika,love language,gihigugma sinultian
kailangang ayusin silyang,chair needs fixed,tarungon ning lingkuranan
kumakain karne purong gulay,eat meat pureed vegetables,nagakaon karne puro gulay
bibigyan ibang pagkakataon,ill give another chance,tagaan lain higayon
alam masasabi,dont know say,kabalo masulti
paumanhin niyo lagyan wasabi sushi,excuse please put wasabi sushi,pasensyahi butngan wasabi sushi
kukunin,ill take,kuhaon
sanggol,baby,bata
ngunit alam,know yet,nakabalo
lumalapit,coming closer,nagaduol
maging maligaya,everyone wants happy,mahimong malipayon
kumain karne sagot babae,ate beef woman answered,nikaon karne tubag babaye
bumiyahe gamit eroplano,cant travel plane,mobiyahe gamit eroplano
anak hardin,children garden,anak tanmanan
paminsan pumupunta trabaho sakay kotse,sometimes goes work car,usahay nagaadto tarbaho sakay sakyanan
sabi pedro paulo mamamatay martir,peter paul said would also die like martyr,ingon pedro paulo mangamatay sad parehas martir
gawin,like,buhaton
magaling marunong magtagalog,good know speak,maayo kabalo magtagalog
nagkasakit nakalipas araw,got sick days ago,nasakit niagi adlaw
mukha nakakatawa,funny face,nawong katawanan
laman kamay,hands empty,sulod kamot
tumulong,helped,nitabang imoha
umakyat itaas,climbed top,nisaka taas
pinahiram,lend,gipahulam
tumulak,dont push,paglawig
pera,needs money,kwarta
nakaupo bangko,isnt one sitting bench,tong naglingkod lingkuranan
nagtatrabaho,working,nanarbaho
naninirahan kasama magulang,live parents,nakipuyo kauban inyong guinikanan
magkakilala,know,magkaila
mabuti,fine,maayo
mansanas dalandan,prefer apples oranges,mansanas dalandan
abokado mayaman bitamina e,avocado rich vitamin e,abokado datu bitamina e
nanigarilyo,never smoked,kanusa nanigarilyo
aling baitang kapatid babae,grade sister,grado lumon babaye
naniniwalang uulan bukas,dont believe rain tomorrow,nagatuo moulan ugma
nakarinig putok baril,heard gunshot,nakadungog buto baril
kumain,eat,mokaon
mithiin buhay magkaroon pera,one goal life money,pangandoy kinabuhi maadunay kwarta
tumakbo,ran,nidagan
pumunta trabaho nakaraang lunes,go work last monday,niadto tarbaho niaging lunes
marunong magsalita hapones dito,speak japanese,bay nakabalo storya hapones
tanungin propesora tungkol diyan,cant ask professor,pangutanon propesora matod
estudyanteng loob silidaralan,students inside classroom,estudyante sulod eskwelahan
pakiusap tanggapin aking pagdadalamhati,please accept grief,palihog dawata kaguol
ibon lilipad patungo,bird would fly towards,langgam molupad paadto
sapagkat,want,gibuhat
nais ring malaman,want know,sad masayran
labis pagtatrabaho,work much,grabe pagpanarbaho
aklat maliit,book small,libro gamay
ibigay tasa kape,give cup coffee,ihatag tasa kape
matatalo,hope dont lose,mapildi
naliligo banyo,taking shower bathroom,nagaligo banyo
,would,buhaton
nawalan buhay aksidente kotse,lost life car accident,nawadan kinabuhi aksidente sakyanan
nawala pasaporte,lost passport,nawala pasaporte
kumakain kanin bansa,eat rice country,nagakaon kanon inyong nasud
bahay,house,balay
mahal aking lungsod,love city,gihigugma lungsod
tagasaan karen,karen,tagaasa karen
napaiyak nanay diyan,mother cried,nakahilak inahan tungod
kasamahan kwarto masyadong maingay,roommate noisy,kauban kwarto samok
kumain tanghalian,havent eaten lunch yet,nikaon paniudto
iwan diyan,leave,biyae
totoo nilinis hardin,clean garden,tinuod gilimpyohan tanmanan
kaninong medyas aking kapatid babae,whose socks sister,medyas igsoon baye
hawak bulaklak kamay,holding flowers hand,gigunitan bulak kamot
madaling matutunan ingles,english easy learn,dali matunan ingles
nagtatrabaho umaga natutulog gabi,work morning sleep night,nagatarbaho buntag nagatulog gabii
buhay,still alive,buhi gihapon
magdurugo kanilang ilong,noses bleed,nagadugo ilong
iniwan naghihintay mahabang panahon,left waiting long time,gibiyaan naghulat tagas panahon
pasok agosto,school august,klase agosto
bawat bata mayroong kanyakanyang paraan pagiisip,every child way thinking,bata kanyakanya pamaagi paghunahuna
hinalikan noo,kissed forehead,gihalukan toktok
niyang gisingin asawa maaga,wanted wife wake early,pukawon asawa sayo
naghahanap mang nakakapagportuges,looking someone speak portuguese,nagahanap nagaportuguese
nagsimulang tao mundo ganyan magwawakas,world began without people end,nagsugod tawo kalibutan sad mahuman
maraming tao sumusubok bumili bahay,many people trying buy house,daghang tawo nagasulay palit balay
maniwala sinasabi,cant believe says,motuo ginapangsulti
asawa paririto loob minuto,wife minutes,asawa moanhi sulod minuto
nagsisipilyo bawat umaga,brush teeth every morning,nagasipilyo buntag
susubukan tigilin aking paninigarilyo,try stop smoking,sulayan undangan pagsigarilyo
itinatago,hiding,ginatago
niyang gawin gustuhin,wants,buhaton
kinausap,talked,giistorya
,dont,
kumukulo dugo,blood boiling,nagakulo dugo
pakihugas pinggan,please wash dishes,pakihugas plato
pakiusap tandaan gisingin bukas syete umaga,please remember wake tomorrow seven morning,palihog timane pukawon ugma syete buntag
sumayaw musika,danced music,nisayaw musika
hubad,naked,hubo
kalimutan,lets forget,kalimtan
kinailangan maraming taon itayo,took years build,gikinahanglan daghan tuig patindogon
ibon kumain,like bird eats,langgam mokaon
pumunta paris magaral sining,went paris study art,niadto paris mageskwela sining
nilalamigan,doesnt catch cold,gitugnaw
napakainit sopas,soup hot,init sopas
tumalsik tubig mula sirang gripo,water splattered broken faucet,nipisik tubig guba gripo
akala kayong dalawa magkakapatid,thought two brothers,igsoon duha
magkakaroon,,adunay
nagmamadali,hurry,nagdali
mawalan pagasa nawala,dont despair lost,kawadi paghandom nawala
napakatangkad,tall,tagas
pumunta interbyu darating linggo,would like come interview next week,moanhi interbyu umaabot semana
propesora,thats professor,propesora
kunin buto ihagis aso,take bone throw dog,kuhaa bato ilabay iro
sakit david,david sick isnt,sakit david
inaamoy bulaklak,smells flowers,ginasimhot bulak
lilipat,move,mobalhin
subukan mabasa ulan,try get wet rain,sulayi mabasa ulan
matandaan itinago dokumento,couldnt remember hid documents,mahinumdoman gitago dokumento
makita bago umalis,want see leave,makitan bago molakaw
susunduin pumunta gym,pick go gym,sundoon moadto gym
nanood telebisyon,watched television,nitanaw telebisyon
,dont like,
sasayaw kasama,dance,mosayaw kauban
nananghalian roon onse nagutom,lunch eleven hungry,naniudto onse gigutom
unang pagkakataon naghintay ganitong katagal,first time waited long,una higayon naghulat ingun dugay
alalahanin,dont worry,kabalaka bahin
mabuti gatas,milk good,maayo gatas
sampung taon mahabang panahon,ten years long time,napulo tuig tagas panahon
swerte,guys lucky,moy swerte
naiintindihan importansya pagaaral,understand importance education,nasabtan importansya pageskwela
napakalakas lindol tumama mehiko taglagas,strong earthquake hit mexico fall,kusog linog niigo mehiko karong tiglagas
gawin sinasabi,lets says,himuon giistorya
susundan mundoy magwawakas,would follow end world,sundan kalibutan mahuman
maririnig kulog magdamag,thunder could heard night long,madunggan dalugdog tibuok gabii
nakikita hardin ngunit nakikita,cant see garden see mine,nakita tanmanan makita
kinakain bata karne,child eats meat,ginakaon bata karne
isda,fish,isda
matuto griyego emily,emily wants learn greek,makatuon griyego emily
nakalimutan maglagay selyo bago pinadala sulat,forgot put stamp sent letter,nalimtan magbutang selyo bago gipadala sulat
ikabubuti anak,everything good children,gibuhat kaayuhan anak
gugustuhin,want,buhaton gustohon
naramdaman gumagapang likod,felt someone crawl behind,nabati nagakamang likod
pakiusap tingnan mabuti aking anak,please take good look son,palihog tanawa maayo anak
nakabukas ilaw,light,nakaabli suga
banyo dumating,bathroom arrived,banyo tong niabot
magmadali papuntang klase,hurry class,magdali paadto klase
magandang umaga,good morning,maayong buntag
peter,peter,peter
pangalan,,ngalan
kinamumunghian aking pamilya,hate family,nagadumot pamilya
mukhang sakit aso,dog looks sick,sakit iro
nakarating nara,nara,nakaadto nara
doon nagaaral kapatid babae,sister study,nagaeskwela igsoon baye
nais malaman nanggaling,want know came,mahibalan
manatiling magisa,want stay alone,magpabilin
tatlong araw natutulog,havent slept three days,tulo adlaw natulog
nagbibigay ikalawang pagkakataon,dont give second chances,nagahatag ikaduha higayon
alam alam,dont know knows,kabalo nakabalo
nangyari malapit bahay,hit close home,nahitabo duol balay
batuhin aso,dont stone dog,batoha iro
itlog pandaigdigang simbolo buhay muling pagkasilang,egg universal symbol life rebirth,itlog simbolo kinabuhi pagkatawo balik
mayroon ipapakita,something show,ipakita
taong gulang,also years old,sad tuig
kaninong pera,whose money,kwarta
kending nagkakahalaga walumpung sentimos,candy costs eighty cents,kendi tag sentabos
tingin nangyari,think thats happened,pananaw nahitabo
ginising maaga,woke early,gipukaw sayo
sumangayon tungkol dito,cant agree,modapig matod
mangyayari pipindutin boton,happens press button,mahitabo pindton boton
pinapalakas gatas,milk makes us strong,ginapakusog gatas
mundo mapanganib aking inakala,world dangerous thought,kalibutan delikado pagtuo
bumilang mula daan,count one one hundred,pagihap uno gatos
punuin pakiusap,fill please,punoa palihog
magkaroon kopya nobela,want copy novel,maadunay kopya akoang nobela
talon,jump,lukso
mahal mahal panganay kapatid babae,love oldest sister much,gihigugma panganay igsoon baye
gumising maaga bukas tawagan seis,get early tomorrow call six,makamata sayo ugma tawagan seis
dadating pavel pagkatapos dos,pavel arrive two oclock,moabot pavel pagkahuman dos
alam mahal,know love,alam gihigugma
alam nangyari,dont know happened,kabalo nahitabo imoha
nakasalamin,mirrored,nakasalamin
usok apoy,theres smoke theres fire,aso
eto batang lalaki,boy,bata laki
nakatira mansyon,lives mansion,nagpuyo mansyon
taong maingat,careful person,tawo maampingon
maghintay kaunting sandali,wait little longer,maghulat kadali nalang
batang kalalakihan sarisariling bisikleta panahong,young men bikes days,bata laki sarisarili bisekleta panahona
akala loob kwarto,thought inside room,sulod kwarto
mawalan kaunting taba ngunit tingin kailangang gawin,wants lose fat doesnt think needs,mawadan gamayng taba pananaw buhaton
umalis nakuha,dont leave without getting,lakaw nakuha
uuwi bahay kasama,go home,muuli balay kauban
alam itay sinira relo,dad know broke watch,kabalo itay giguba relo
balang araw makikita,one day see,puhon makitan
paaralan nagtuturo,school teaches,eskwelahan nagatudlo
nakatingin,everyone looking,nakatanaw
hindinghindi pagtataksilan,never betray,traydoron
lalaki nabundol harap bahay mismo,hit right front house,lalaki nabundol atubangan balay mismo
magisa noon alam,alone know,sauna kabalo buhaton
hayop kakaiba su,animals unique su,hayop katingadan su
interesado ibang wika,interested languages,interesado ibang wika
umalis,leave right,molakaw dayun
sanggol natutulog kuna,baby sleeping crib,bata natulog kuna
sabihin nagsabi,dont say said,ingna nagingon
sinubukan niyang lutasin problema swerte,tried solve problem luck,gisulayan solbahon problema swerte
pagtuturo bata madali,teaching children easy,pagtudlo bata dali
binigay aklat magaaral,gave books students,gihatag libro estudyante
apat buwan nakita,havent seen four months,upat bulan nakitan
mabilis matuto,learns quickly,dali makatuon
kinamumunghian,everyone hate,gikontra
gaano katagal,long,kadugay
magpustahan,dont want bet,mopusta
kapatid lalaki,brother,igsoon laki
pelikulang amerikano palaging nauunang namamatay negro,american movies negro always dies first,salida amerikano pirme una mamatay negro
magaral kapatid babae,study like sister,magtuon parehas igsoon baye
magaling maglaro chess,plays chess better,maayo modula chess
bundok nangangailangang berde,mountain green,bukid lunhaw
nagsimula araw isinilang,started day born,nagsugod adlaw gipanganak
tingin nababaliw,think going crazy,pananaw naboang
alam nararamdaman,know feel,kabalo gibati
nakatira,live,nagpuyo
tumawag telepono,call phone,tong nitawag telepono
gawin,want,buhaton dayun
mura,thats cheap,barato
makita loob,want see whats inside,makita sulod
bigyan kalahating kilo mansanas,give half kilo apples,tagae tunga kilo mansanas
ninyong sumayaw,want dance,mosayaw
alam mula,dont know,kabalo buhaton sugod
namatay matanda kaninang umaga,old died morning,namatay tigulang ganihang buntag
dumating tokyo tatlong taong nakalipas mula noon dito nakatira,came tokyo three years ago living ever since,niabot tokyo tulo tuig niagi sugod ato nagpuyo
sigurado pareho,sure would,sigurado parehas buhaton
dumating kahapon,thats come yesterday,niabot gahapon
natutong magmaneho,learn drive,nakabalo magdrayb
tao marunong salitang ingles,people know single word english,bay tawo kabalo sinultian ingles
unang beses pinawisan husto,first time sweated much,una higayon gipaningot ayo
tanda niyo,sign,tigulang
humihitit sigarilyo pagkatapos mananghalian,smokes cigarette lunch,nagahithit sigarilyo pagkahuman paniudto
aksidente nagdulot maraming kamatayan,accident caused many deaths,aksidente hinungdan daghan kamatayan
mukhang tinakasan panganib,seem escaped danger,gitakasan kadelikado
tutulungan,help,tabangan
kesong gatas kambing,cheese made goats milk,keso gibuhat gatas kanding
lapis,even pencil,lapis
nakikita,see,nakitan
alam ganyan palang klaseng tao,know kind person,kabalo ingana klase tawo
kasalanan bakla,sin gay,sala bayot
gabi sabado este linggo,saturday night sunday,gabii sabado dominggo
lasing,drunk,hubog
kayang maniwala diyan,cant believe,mutuo
isara mata sasabihin buksan,close eyes tell open,sirade mata magingon ablihan
akala kinamumunghian,thought hated,ginadumtan
aking takdangaralin pagkatapos klase,homework school,ginabuhat asaynment pagkahuman klase
iiwanan magisa,alright ill leave alone,biyaan
mukhang musikero,looks like musician,mura musikero
asong malaki dito,dog bigger,iro dagko
kama matanda,old bed,kama tigulang
amoy masarap pagkain,food smells delicious,humot lami pagkaon
hindinghindi pababayaan,never leave,pasagdan
marumi ref,refrigerator dirty,hugaw ref
ginawang masama,nothing wrong,gibuhat daotan
iniiwasan,avoiding,ginalikayan
inamin mali,admit wrong,giangkon mali
magisa gumising,woke alone,nimata
naiintindihan bata,children understand,nasabtan bata
tinulungan makapunta canada,helped get canada,gitabangan makaadto canada
nobyembre aking kaarawan,birthday november,nobyembre adlaw natawhan
babalik pagkatapos tanghalian,back lunch,mobalik human paniudto
matatagalan pagdating,take long arrive,dugay moabot
buksan puso,open heart,ablihi kasingkasing
marunong magbasa alpabeto ginoong legros pabaligtad,mr legros read alphabet upside,kabalo magbasa alpabeto ginoong legros pabaliktad
nagtawanan magaaral,students laughed,nagkinatawanay estudyante
masyadong importante,thats important,masyado importante
anak babae pula itlog,daughter likes egg yolks,anak babaye pula itlog
pusa,cat mine,iring
buslong puno mansanas,bush full apples,silay buslo puno mansanas
panahong maglaro baraha,time play cards,higayon magdula baraha
ambabaho,stink,baho
mansanas mesa,apple table,mansanas lamesa
sobrang masaya makita,happy see,lipay makita
lumaki malapit dagat ngunit niyang lumangoy,grew near sea never wanted swim,nidako duol dagat molangoy
ihalo tubig langis,water oil cannot mixed,isagol tubig lana
bagong sapatos,new shoes,bago sapatos
babalik estados unidos,coming back united states,kanusa mobalik estados unidos
pera,dont money,kwarta
bahay araw,home today,balay karong adlawa
sinunod payo doktor,wish followed doctors advice,gisunod tambag doktor
nawawala maari niyo tulungan,missing help,nagakawalawala tabagan
marami ring,still much,daghan gihapon bulohatonon
aso narinig naming tumatahol magdamag,heard dog barking night,amoang iro nadunggan samok tibuok gabii
magandang gabi mahal kaibigan,good evening dear friend,maayong gabii pinalanggang higala
nagsisinungaling,lying,nangatik
gaano katagal lipad,long flight,kadugay paglupad
pumuntang mangaso lalaki,men went hunting,niadto pangpangayam laki
okey kayong dalawa,two okay,okey duha
ibigay susi,give key,hatagan susi
kamatis gulay prutas,tomato vegetable fruit,kamatis gulay prutas
lumapag c,c lands,mitugpa c
linngo,linngo,ginabuhat dominggo
malupit,cruel,isog
alisin dito,get,palakwa
humihinga malinis hangin,breathing clean air,nagaginhawa limpyo hangin
tatay namatay,father died,namatay amahan
nagmula kyoto,kyoto,kyoto
mabuhay,dont want live,mabuhi
magagawa,cant,buhatin mabuhat
nawalan asawa,lost wife,nawadan asawa
sinabi tatlumpung taong gulang,said thirty years old,nagingon tuig
mahuli klase muli,dont late class,kaleyt klase
ikwento istorya,tell story,iistorya storya
retrato barkong sinakyan,picture ship,retrato barko gisakyan
sumuko,dont give,undang
makakapagturo tao matututo magisa,one teach person learn,makatudlo tawo makakaton
nais makita g kosugi,want see mr kosugi,makita g kosugi
ligtas,safe,luwas
kumuha taksi,got cab,nikuha takos
nais magalmusal kasama,want breakfast,mamahaw kauban
sinusulat ngalan kaibigang nasawi,writing behalf friends lost lives,gisulat atoang amigo nangamatay
narito ligtas,safe,samtang luwas
madilim umuwi bahay,dark went home,ngitngit maong niuli balay
galit asawa,angry wife,nasuko asawa
malaman batang babae,girl want know,mabalan bata baye
malaman,want know,mabalan
huling dinala bata tabingdagat,last time took kids beach,kanusa huli gidala bata baybayon
iniwan relo bahay,left watch home,gibilin akoang relo balay
magpinsan jane,jane cousins,magkatagsa jane
naniniwala,dont believe anymore,mutuo
samahan pasyente oras operasyon,cannot accompany patient operation,ubanan pasyente oras operasyon
nahihiya sarili aking,ashamed,naulaw sarili tungod gibuhat
gusali,building,bilding
dinala aso beach,ever taken dog beach,gidala iro beach
pumunta,go,niadto
reporma sistema edukasyon,everyone wants reform education system,reporma sistema edukasyon
aling kama matulog,bed want sleep,kama matulog
sumangayon aking ideya,agreed idea,nisugot ideya
tumatalon batang babae,girl jumping,nagaluksolukso bata babaye
pumunta paliparan magpaalam kaibigan,went airport say goodbye friend,niadto airport manamilit amigo
nagbabasa iilang aklat anak tuwing gabi,read books son every night,nagabasa pipila libro anak gabii
silyang plastik mura,plastic chairs cheap,lingkuranan gibuhat gamit plastik barato
isulat alpabeto malalaking titik,write alphabet capital letters,sulata alpabeto dako letra
magbakasyon poland,want go vacation poland,magbakasyon poland
pumunta pumunta,want go go,moadto
bago,new,bago
aklat,books,libro
sasangayon gaano makatuwiran ideya,never agree matter reasonable ideas,kanusa mouyon makatarunganon ideya
tawagan mamaya okey,call later okay,tawagi unya okey
sinasayang oras,wasting time,giusik oras
nakita ganyang klaseng ibon,never seen bird,ingun klase langgam kanusa
malaman tungkol aking trabaho,want know work,masayran matod tarbaho
kalalaman tatay,knows father,bago nasayran amahan
nangisda tatay,dad went fishing,nangisda tatay
alam alam,know know nothing,kabalo kabalo
marunong sumayaw,cant dance,kabalo molangoy
naging matalik kaibigan,became best friends,nahimong suod magamigo
alam katotohanan ngunit pinahintulutang malaman iba alam,knew truth let others know knew,kabalo tinuod gitugot mabalan lain kabalo
sinuman niyan,nobody likes,ganahan
sobrang maniwala,dont believe much,tuo
tingin oras ipakita tamang paggawa niyan,think time show right way,pananaw oras ipakita imoha unsaon tama pagbuhat
lalakad,walk,molakaw
aalis,leaving,molakaw
nobya intsik,girlfriend chinese,uyab intsik
nagiwan mensahe inyong,left message,nagbilin mensahe inyong
namatay,die,pagkamatay
marunong magsalita magsulat wikang pranses,cant speak write french,kabalo magstorya magsulat sinultian pranses
hindinghindi sasaktan,never hurt,pasakitan
oras aalis tren papuntang boston,time train leave boston,oras molakaw tren paadto boston
dalawang oras nagaaral,studying two hours,duha oras nagistudyo
silay nagyakapan,hugged,nagginaksanay
lasinggera,drunk,maoy
napakaganda panahon,weather beautiful,nindot panahon
silay naging magkasintahan,became lovers,nagkauyab
lakaslakas,strength,kusgan
magkakaanak,child,magkaaduna anak
kumakain maliban sibuyas,eat except onions,nagakaon gawas sibuyas
biglang naging mapukla mukha,suddenly face turned pale,kalit namula nawong
tulong,help,among tabang
kotse,none cars mine,kotse
malapit kaarawan,birthday coming,hapit adlaw natawhan
sabihin,tell like,iingon
maging mahiyain,dont shy,magmaulawon
nagising singko,woke five oclock,naggimata singko
dito nakatira ginoong pedro,mr pedro live,nagpuyo ginoong pedro
alam maghihintay,dont know wait,kabalo maghulat iya
lumalangoy karagatan,swimming ocean,nagalangoy kadagatan
problema batabata,problem still young,problema bata
umupo tabi,sit next,molingkod tapad imoha
nangyari noon posibleng mangyari muli,happened happen,nahitabo sauna posible mahitabo sad ron
umupo,sit,molingkod
kunin,take one,kuhaon
masyadong naaarawan silid,room doesnt get much sunlight,masyado masidlakan adlaw kaning kwartoha
kilala buong mundo pangalan,whole world knows,ilado tibuok kalibutan pangalan
maguuwi maraming pagkain,bring home lot food,magdala daghan pagkaon
gamitin banyo,use bathroom,gamiton banyo
nagkakahalaga malaki relos,watch worth lot,mahal ning reloha
tawagan oras,call time,tawagan oras
kopyahin adres,copy toms address,kopyaha adres
mataba,fat,tambok
dalaway magaaway,one doesnt want two wont fight,magaway duha
kulay pula,like color red,kolor pula
nakakita multo jody,jody seemed see ghost,nakakita multo jody
kaibigan,friend,amigo
nilalaro laruan,dont play toys anymore,gidulaan kanang dulaan
siguro nating ipamigay,maybe give away,siguro ipanghatag
nakakita nawawalang aso,found lost dog,nakakita nawala iro
naliligo tatay bago maghapunan,father takes bath dinner,nagaligo amahan bago manihapon
hinuhugas kamay marumi,wash hands dirty,ginahugasan kamot tungod hugaw
una sabihin dumating doon,first want tell got,una iingon pagkaadto
sabihin totoo,tell truth thats,ingna tinuod
naninirahan dito maraming taon,lived many years,nagpuyo daghan tuig
paalam sayoko,goodbye sayoko,manamilit sayoko
aking pagkakaalam kasal,far know married,nabalan kasal
matatagpuan,find,makita
bumisita okinawa presidente pransiya,french president visited okinawa,nibisita okinawa presidente pransiya
sipilyuhin aking ngipin,brush teeth,sipilyohan akoang ngipon
tumakbo mabilis,needs run fast,modagan paspas
maraming bulaklak hardin,lots flowers garden,daghang bulak tanmanan
ensayuhin biyolin arawaraw,practice violin every day,ensayohon biyolin adlawadlaw
labis kumain tataba,eat much gain weight,grabe pakaonon motambok
usok apoy,smoke without fire,way aso way
kailangang kumpunihin bisikletang,bike needs repair,ayoson ning bisekleta
kumuha dalawang pasahero taksi,cab took two passengers,nikuha duha kabuok pasahero taksi
langaw kisame,fly ceiling,langaw kisame
napakaluma librong,books old,daan ning libroha
pagkain sobrang anghang,dont like food spicy,pagkaon grabe halang
pangalan sally,sally,ngalan sally
marami natutunan mula,learned lot,daghan natunan imoha
ikinasal nanay taong gulang,mother got married years old,gikasal nanay tong edad
ambabata,still young,bata
tubig gripo mapanganib,tap water dangerous,tubig gripo delikado
bansa pambansang bandila,countries national flag,nasud sarili bandila
malaya,free,libre
pinapakain aso umaga gabi,doesnt feed dog morning night,ginapakaon iro buntag gabii
mahanap umalis,cant find left,makita nilakaw
nagmukhang galit grace,grace looked angry,nasuko grace
maraming babae lalaki kumpanyang,women men company,daghang babaye lalaki diria kompanya
sasabihin tatay,tell father,iingon amahan
pagtulong paghimok kalaban itinuturing pagtataksil,aiding abetting enemy considered treason,pagtabang pagdani kalaban ginaingon pagtraydor
ikay taksil,traitor,traydor
nanatili,stayed,nagpabilin
nanggaling,come,
simbahan,church,simbahan
kinailangan magovertime kahapon,work overtime yesterday,gikinahanglan magovertime gahapon
oras umuwi bahay,time go home,oras muoli balay
kinailangan gumising maaga,wake early,mobakod sayo
nakita tumalon,saw jump,nakita nilukso
labas kayong makausap,dont want talk,gawas storyahon
ingat,take care,amping
silay lumangoy,swam,nilangoy
malapit pransiya alemanya,france close germany,duol pransiya alemanya
sabihin ibang paraan,say another way,ingna laing pamaagi
malakas memorya,hope memory strong,kusog memorya
musikero,musician,musikero
kakain pagkarating bahay,eat gets home,mokaon inig abot balay
nahihiya,ashamed,naulaw gibuhat
itoy ospital,hospital,ospital
taospuso kayong pinasasalamatan,sincerely thank,kinasingkasing pagpasalamat inyo
iiwanang bukas pinto,wont leave door open,biyaan abli pultahan
nabubuhay magisa,lives alone,nabuhi naginusara
tingin mali,think wrong,pananaw mali
nakatira,live,nagpuyo
nakaputi nars,nurse white,nakaputi nars
halaga,everything value,importansya
magagawa magisa,,mahimo
nakinig nakaupo silya,listened sitting chair,naminaw tong nakalingkod lingkuranan
alam,know,kabalo
magtrabaho,dont want work,manarbaho
pumunta sinehan,go cinema,kaha moadto sinehan
maagang gumigising aking lolo,grandfather wakes early,sayo nimata lolo
ipinagbabawal pagpaparke,parking prohibited,ginabawal paggrahe
alam gaanong pagod reklamong,idea tired complaints,kabalo kakapoy aning reklamoha
dumating lisboa bago pagsikat araw,arrived lisbon sunrise,niabot lisboa pagsinag adlaw
alam,dont know,kabalo
g tanaka kaibigan,mr tanaka one friends,g tanaka amoang higala
maniwala diyan,want believe,mutuo
pakiulit sobrang ingay naririnig,please repeat loud couldnt hear,pausab banha nadunggan nuon
nagbanta kunin mayroon,threatened take everything,naghulga kuhaon
kumakain karne leyon,lion eats meat,nagakaon karne leyon
pupunta lungsod bandang bukas,band coming city tomorrow,moanhi among lungsod banda ugma
lumaki bahay,grew house,nidako dirang balaya
nakikita,see,nakita
mahal,expensive,mahal
pinakain pusa kapitbahay silay,fed neighbors cat away,gipakaon iring silingan samtang
magwawakas,end,kanusa mahuman
alam,dont know,kabalo
nakapagsabi,one could tell,nakaingon
alam mamamatay,like know going die,parehas kabalo mangamatay
kailangang isauli librong totoong mayari,book must returned rightful owner,iuli kining libroha tinuod tagiya
handa,ready,andam
sinabi gagana,told wouldnt work,giingnan mogana
nais magumpisa,want start,kanusa nmo magsugod
hinahanap aking kaibigan,looking one friends,ginapangita amigo
siguro mali,maybe wrong,sgiuro mali
hanggan leksiyong,lesson timeless,katapusan ning leksyona
tinanong mahirap tanong,asked difficult question,gipangutana lisod pangutana
selpong napakamahal,cell phone expensive,selpon mahal
sinabi paaralan,told everyone school,giingon eskwelahan
umiinom kape,doesnt drink coffee,nagainom kape
kapitbahay,neighbor,silingan
sumasakit ngipin pupunta dentista,toothache goes dentist,nagasakit ngipon moadto dentista
sulatkamay mababasa,illegible handwriting,sinulatan mabasa
mahilig manok,dont like chicken,hilig manok
nahahanap susi,cant find keys,mahanapan susi
hawakan buhok,touch hair,magunitan buhok
mercury pinakamalapit planeta araw,mercury closest planet sun,mercury pinakaduol planeta adlaw
alam darating,know arrive,kabalo kanusa moabot
sinabi minahal,said loved,giingon gihigugma
taba,fat,tambok
kakaalis bahay nagumpisang umulan,left house started rain,bago nilakaw balay nisugod ulan
nakakabigo masabi sabihin,frustrating able say want say,makaguol maingon iingon
naniniwala,believed,nituo
kumain mabilis,ate quickly,nikaon paspas
umalis manatili bahay,want leave stay home,molakaw magpabilin balay
,whatever,bisag
nagsitinginan,looked,nagtinanaway
bakasyon mainam taong nababagot buong taon,vacation ideal people bored year round,bakasyon ky tawo gipanglaay tibuok tuig
sinabi niyang gawin ngunit sinabi,said could say,giingon buhaton giingon unsaon
naghihintay balkonahe titigil ulan,wait balcony rain stops,naghulat balkonahe muhunong ulan
madali pagbiyahe panahon,traveling easy nowadays,dali pagbiyahe panahon
sinasabi tao krisis,people say crisis,ginaingon tawo krisis human
ulyanin,dont let,malimtanon
babaeng nakaputi nobya,girl white girlfriend,baye nakaputi uyab
kumain baboy,dont eat like pig,kaon baboy
sariling kultura,culture,silay sarili kultura
sumagot,answer,nitubag
iwanan magisa,leave alone,biyae
alam aabangan,know expect,kabalo hulatan
,,
nagatubili,everyone hesitated,nagduhaduha
dalawang magkapatid parehong musikero,two brothers musicians,duha managsuon pareho musikero
kaibigan,friends,amigo
maramdaman tao ligtas,people want feel safe,mabati tawo luwas
hindinghindi malilimutan kabaitan,never forget kindness,malimtan kabuotan
nais matuto pagpipinta paris,want learn painting paris,makabalo pagpinta paris
madaling magsalita wikang banyaga,easy speak foreign language,dali magsulti wika banyaga
nagulantang nalaman babeng alipin totoong prinsesa,everyone shocked found slave girl real princess,nakugaan inig kabalo babaye mutsatsa prinsesa
nangyaring nakakahiya nakaraang linggo,something embarrassing happened last week,nahitabo makaulaw niagi semana
,dont want anymore,
umalis,dont leave,lakaw
bukas bintana,window open,abli bintana
sukli,change,imoha sukli
hinugas,wash everything,gihugasan
nangyari,happen,nahitabo
tingnan,check,tanawa
ikandado pinto,lock door,siradoe pultahan
aking puso,oh heart,akoang kasingkasing
maganda rosas,beautiful like rose,gwapa sama rosas
kumusta pamilya,family,kumusta pamilya
kalimutang magdala kamera,dont forget bring camera,kalimti magdala kamera
alam magkakaroon panahon gawin,dont know time,kabalo panahon buhaton
sama amin,come us,uban amoa
tamad aking asawa,husband lazy,tapulan asawa
roma italya,rome italy,roma italya
vegetarian kaibigan sinabi karne sopas,even though friend vegetarian tell soup meat,vegetarian amigo giingon karne sopas
matalino ngunit ganyan,hes smart even dont like,utokan ingana
kagabi,last night,gabii
uulan niyebe makakalipad eroplano,snows planes cant fly,muulan niyebe makalupad eroplano
sinabi masaya,tells happy,giingon malipayon
mananatili sabi bosing,stay boss said,magpabilin sama giingon bossing
pakiusap kayong manood telebisyon,please dont watch television,palihog tanaw telebisyon
tsokolate,dont like chocolate,tsokolate
aking bahay tumayo buong oras bintana,house stood whole hour window,akoang balay nitindog oras dapit bintana
nating magmadali,hurry,magdali
interesado matutuo wikang aleman,interested learning german,interesado makabalo sinultian aleman
mabuti,better,maayo
nagbayad apat dolyar,paid four dollars,nagbayad upat dolyar
bilisan tatakbo mahuhuli,hurry dont run well caught,dalii mudagan masakpan
hiniram aklat mula,borrowed book,gihulman ning libro
magandang balita,thats good news,nindot balita
hoy madaya,hey thats tricky,hoy tikas
sumakit ulo,headache,nisakit ulo
karamihan babae mahilig pagshopping,women love shopping,kadaghanan babaye hilig shopping
paluin gamit walis,beat broom,bunali gamit walis
sunog sigaw,fire shouted,sunog gisyagit
sabihin totoo,cant tell truth,iingon imoha tinuod
sabayan pananghalian,want join lunch,ubanan pagpaniudto
nagawa,,nabuhat
gumamit katas limon imbes suka,use lemon juice instead vinegar,nigamit katas limon imbis suka
maraming sinabi g william,mr william say much,daghan gisulti g william
oso sumulat istorya,bear wrote story,oso magsulat istorya
pulis,policeman,pulis
tinatanong,nope ask,napangutana
hulihin bago hulihin,catch catch us,dakpa bago dakpon
palaging nagdadala pagkain higit niyang kainin,always brought food could eat,pirme magdala pagkaon daghan kaonon
nagtatago araw likod ulap,sun hides behind clouds,nagatago adlaw likod panganod
basahin aklat,read book,basaha ning libroha
kaunting gutom,still little hungry,gutom gamay
gumawa desisyon,made decision,nihimo desisyon
umalis tao lungsod,left city,nilakaw tawo lungsod
tinutulungan isat,help,ginatabangan usagusa
kaming pasok araw,dont school today,klase karong adlawa
magisip mabuti bago umoo,think carefully settling,maghunahuna maayo bao muoo
sinabi,said,giingon
arawaraw nanananghalian restawran,lunch restaurant every day,adlawadlaw naniudto restawran
sabihin sinabi,cant tell told,iingon imoha giingon
maging totoo ganyang bagay,things cannot true,mahimong tinuod ingana butang
payat,thin,niwang
payat,thin,niwang
kunwari nasesante unauna,pretend sane first,kontahay nawadan tarbaho una buhaton
sasama amin,come us,mouban amoa
magugustuhan larong,wont like game,maganahan kanang dulaa
nagsasalita kastila,dont speak spanish,nagastorya kastila
kilala kayong g green,know mr green,kaila g green
halos puno kahong,box almost full,halos puno kahoy
ipinanganak roon,born,gihimugso
alam,know,kabalo
mangangaso,hunt,mangangayam
kanino sumama,go,niuban
aking kinalaman diyan,,labot
nangyaring inaasahan,something unexpected happened,nahitabo gipaabot
musika wikang naiintindihan tao,music language everyone understands,musika inistoryahan masabtan tanang tawo
umiinom baso tubig umaga,drinks glass water every morning,nagainom ig baso tubig buntag
kilala,know,kaila
dilaw,yellow,dalag
leyon,lion,leyon
naintindihan ibig sabihin,understand meaning,masabtan buot pasabot
bibigyan kompyuter aking anak lalaki katapusan buwan,give son computer end month,tagaan kompyuter anak laki katapusan bulan
kaunti asukal garapon,little sugar left jar,gamay asukar garapon
inakala nagbibiro,think joking,pagtuo nangatik
kalusugan,health everything,kahimsog
yinakap mahigpit,hugged tightly,gigakos taman
maraming magaaral pumasok araw,many students come school today,daghang estudyante nisulod karong adlawa
balita nagsasabi totoo katotohanan kailanman magiging balita,news never tells truth truth never news,kanusa balita nagaingon tinuod tinuod mamahimo balita
garahe bahay,house garage,bay garahe balay
ulitin beses,repeat one time,utroha kausa
maaari tulungan hanapin walet,help find wallet,tabangan pangita akoang walet
makita maniwala,must see believe,makita mutuo
nakagawian sundalo panganib,soldiers used danger,naandan sundalo kadelikado
paumanhin itlog,excuse eggs,pasayloa itlog
tingin,think,pananaw gani
nakita magandang ibon,saw beautiful bird,nakitan nindot langgam
kausapin tito,want talk uncle,istoryahon uyoan
naiintindihan,understand,nasabtan
magandang gabi matulog mahimbing,good evening sleep well,maayong gabii katog lawom
wakas biyernes,finally friday,biyernes
marami aking nakain kaninang umaga,ate lot morning,daghan nakaon ganihang buntag
posibleng uulan muli,chance rain,posible muulan sad
darating sandali,shortly,moabot taodtaod
pupunta pupunta,doesnt go wont either,moadto sad moadto
batabata bumiyahe magisa,young travel alone,bata mobiyahe
sumama,come,mouban
proprotektahin,protect,protektahan
sumasangayon,disagrees,niuyon
nagtatago likod kurtina,hiding behind curtains,nagtago likod kurtina
imbitado kasal,invited wedding,imbitado iyahang kasal
ben maghuhugas pinggan,ben wash dishes,ben hugas plato
kaibigan roberts,friend roberts,amigo roberts
kamukhangkamukha nanay,looks exactly like mother,kanawong nanay
dalawang pusa,two cats,duha iring
itim iba puti,one black white,itom uban puti
martilyo natatakot gamitin,hammer afraid use,martilyo nahadlok gamiton
hinalal maging kapitan,elected captain,gibotohan mahimong kapitan
nagaalmusal bahay,breakfast home,nagapamahaw balay
lalaking kumain tinapay,ate bread,laki nikaon pan
alam,know dont like,kabalo
pakialam iniisip ibang tao tungkol,care people think,pakialam ginahunahuna laing tawo imoha
kumakain mansanas,eat apple,nagakaon mansanas
nalaman totoo sasabihin atin,finds truth tell us,nabalan tinuod iingon
sumigaw layas,shouted get away,nisyagit layas
masyadong nakakasiguro,cant sure,makasiguro
nilinis salamin,cleaned glasses,gilimpyohan antipara
tanungin trang lalabas ngayong gabi,ask trang shes coming tonight,pangutanaha trang mogawas karong gabii
maging masaya,happy,malipay
diksyunaryong ibabaw mesa,dictionary table toms,diksyunaryo igbabaw lamesa
laki gusaling,size building,dako ning bilding
akala umalis,thought left,nilakaw
nangyayari dahilan,everything happens reason,nahitabo rason
bansang hapon halos pamilya washing machine,japan almost every family washing machine,nasud hapon halos pamilya washing machine
sumasangayon,agree,niuyon
langit maulap uulan,sky cloudy rainy,langit dugom muulan
uminom tubig nauuhaw,drank water thirsty,niinom tubig giuhaw
nasugatan lolo digmaan,grandfather injured war,nasamaran lolo gubat
inalagaan magulang aalaga,parents took care us take care,gialagaan guinikanan sad moalaga ilaha
pumuntang bumili kasama kapatid lalaki nanay,mother went shopping brother,niuban palit igsoon laki inahan
nahanap,find,nakitan
buhay buhay pusa gabi,cats lively night,buhi iring gabii
kayraming ibat ibang tao europa,many different people europe,daghan kaayong lainlain tawo europa
tinanggap alok sabayan hapunan,accepts offer accompany dinner,gidawat tanyag ubanan panihapon
umawit pakiusap,sing please,kanta palihog
babae larawan,woman picture,babaye piktsyur
sinadya niyang magkamali,intended make mistake,gituyo mosipyat
tumigas tinapay,bread hardens,nigahi pan
piniktyuran magandang tanawin,painted beautiful scenery,gipiktyuran nindot talanawon
mike nariyan hiroshi,mike hiroshi,mike hiroshi
umulan malakas malakas kalahating oras,rained heavily half hour,niulan kusog tunga oras
obama nakakaalam niyan,obama knows,obama nakabalo
kailangang magalala,neednt worried,mabalaka
masamang magaganap,nothing bad happen,maot mahitabo
hinuli paruparong,caught butterflies,gidakop alibangbang
dahilan pagtatanong,reason question,bay rason pagpangutana
nakita makita,saw everything wanted see,nakitan makitan
ikakasal darating linggo,getting married next sunday,kaslon umaabot dominggo
sinubukan niyang magpakamatay,tried commit suicide,gisulayan magpakamatay
nakatira daigdig,live world,nagpuyo kalibutan
nakatira lupa,live earth,nagpuyo lupa
narinig batang kumakanta sabaysabay,heard children singing unison,nadunggan bata dungan nikanta
papeles,papers,papeles
ipinakilala parti,introduced party,gipailaila parti
tulog tulog bata,child fast asleep,tog bata
ilan bilangin,many count,iphon
mabilis tumitibok aking puso,heart beating fast,kusog nipitik kasingkasing
babaeng malungkot matindi pagiyak kinuwento istorya,sad crying woman told story,babaye magulanon grabe paghilak giistorya storya
magulang responsable pagpapaaral anak,parents responsible childrens education,guinikanan responsable pagpaeskwela anak
nating tawagan pulisya,call police,tawagan pulis
patawarin niyo kasalanan,forgive us sins,pasayloa among sala
naghahanap telepono,someone looking phone,nangita imoha telepono
bumalik normal,want everything go back normal,mobalik normal
nais maging normal ulit,want everything normal,mahimong normal balik
lumabas pusa mula ilalim mesa,cat came table,nigawas iring ilawom lamesa
beses sinabihan kausapin,many times told talk,kahigayon giingnan istoryahon
hininto,stopped,ihunong
alam sasabihin,know say,kabalo isulti
init dito,hot,igang
kahapon diyaryo,newspaper yesterday,gahapon diyaryo
alam nakatira,know live,kabalo nagpuyo
bumili relos,bought watch,nipalit relo
kumuha saging unggoy gamit patpat,monkey gets banana stick,nikuha saging unggoy gamit sungkod
david kapatid joe,david joes brother,david igsoon joe
magsalita puno bibig,dont talk mouth full,istorya puno baba
tanghalian mesa,lunch table,paniudto lamesa
lolo nagkwento istroyang,grandfather told story,lolo nagistorya anang storyaha
nananaginip,dreaming,nagdamgo
panahon,dont time,higayon ron
umawit awit,want sing song,mokanta kanta
pinatanggal aking ngiping nabubulok,decaying tooth removed,gipatanggal ngipon nadaot
napakahigpit magulang,parents strict,strikto guinikanan
kumusta panahon kahapon,weather yesterday,kumusta panahon gahapon
natutulog aking kapatid lalaki,brother still sleeping,natog gihapon igsoon laki
pinatay,killed,pagpatay
humindi,cant say,modili
palagi nagrereklamo tungkol pagkain,always complains food,pirme nagareklamo mahitungod pagkaon
sobrang pagod,tired,gikapoy
nakakapagingles kaunti,speak little english,nagaingles gamay
napakatanda maglakad,old walk,tigulang ron magbaktas
tubig,nope doesnt want water,tubig
manikang,doll mine,ning manika
naupo malapit,sat near,nilingkod duol
nagkakamali,wrong,mosipyat
nagkakamali,wrong,nisipyat
pagkain ref,food fridge,pagkaon ref
hinahanap matandang lalaki,looking old,gipangita tigulang laki
klaseng isda,kind fish,klase isda
nasiyahan,satisfied,nalipay gibuhat
diretsong umuwi bahay mayuko,mayuko went straight home,niuli diretso balay mayuko
sinabayan piyano,accompanied piano,gisabayan pyano
dito nakatira,live,nagpuyo
sasabihin bago makalimutan,ill tell forget,iingon imoha bago malimtan
puno masasayang alaala isipan,mind full happy memories,puno malipayon handumanan hunahuna
bumato bato aso,threw stone dog,nipatlag bato akoang iro
inaresto,arrested,giaresto
taong tinititigan,dont like people staring,tawo ginatitigan
masyadong alam tungkol alemanya,dont know much germany,masyado nabalan mahitungod alemanya
ibon lumipad patimog paghahanap mainit lugar,birds flew south search warm place,langgam nilupad pahabagatan pagpangita init lugar
tama,right,tama sad
oras bumabangon araw pasok,time get weekdays,oras mobakod adlaw klase
iiwanan kasama,wont leave,biyaan kauban
kumakain taho plastik baso,eats taho plastic cup,nikaon taho plastik baso
kalikasan pagulunggulong bagay,nature things roll,palibot nagligidligid butang
tapat ilog nakatira,live across river,atubangan sapa nagpuyo
kakaunti siyopaw kusina,less noise kitchen,gamay siyopaw kusina
kabundukan nakatira anito,anito people live mountains,kabukiran nagpuyo anito
nakamaskara tagasayaw pista,dancers wear masks festival,nagmaskara mananayaw pista
kalesa bayan,carriages town,kalesa lungsod
naggigitara bisita,guests play guitar,naggitara bisita
gaano kalayo mula dito papuntang susunod baryo,far next village,kalagyo paadto sunod baryo
tingnan bundok natatakpan niyebe,look mountain covered snow,lantawa bukid natabunan niyebe
gutom kukuha makakain,hungry ill get something eat,gigutom mokuha makaon
siguro lagpas sesenta,maybe sixty,siguro lagpas sitinta
pinangako darating lalagpas singko,promised would come later five oclock,gisaad moabot molagpas singko
panaginip,like dream,mura damgo
pumayat,lose weight,niniwang
silid nagpakamatay awtor,room author committed suicide,kwarto nagpakamatay awtor
peke,thats fake,peke
salamin magbasa,glasses read,samin magbasa
mukha asawa magsasaka,looks like farmers wife,mura asawa tagabasak
sigurado itoy tama,sure correct,sigurado tama
aklat binasa,many books read,libro gibasa
hindinghindi hapon ganyang bagay,japanese would never thing,mahimo hapon ingun butang
kumain karne,cant eat meat,mokaon karne
bahay italya tito,uncle house italy,balay italya uyoan
bababa presyo,prices drop,mubaba presyo
sabay nagumpisa,started together,dungan sugod
nahulog unggoy mula puno,monkey fell tree,natakdag unggoy punoan
magulang nagmamahalan,parents love,guinikanan nanaghinigugmaay
nakita itim pusang tumako paloob bahay,saw black cat crawling inside house,nakita itom iring nidagan pasulod balay
gumawa maraming mali,made many mistakes,nibuhat daghang mali
pagkakatuklas kuryente nagbago kasaysayan,discovery electricity changed history,pagkadiskubre kuryente nagbago kasaysayan
magsinungaling,dont lie,pamakak
pangunahing produkto bansang kape,one main products country coffee,pinakauna produkto aning nasura kape
papalitan,change,kambyuan
bibili kamera anak babae,buy camera daughter,mopalit kamera anak babaye
kahulugan salitang,meaning word,buot pasabot aning sultia
dalawang tao nagsasabing nakarinig putok,two people say heard shot,duha tawo nagingon nakadungog buto
masaya bigat,happy weight,nalipay kabugaton
nakilala tingin,recognized glance,nailhan tanaw
nakatulog,sleep,nakatog
tumapak damuhan,dont step grass,tamak sabgutan
susulat pangungusap wikang aleman,write sentence german,magsulat sentens panultian aleman
bata,still young,bata
alam mac gamitin kompyuter,mac knows use computer,kabalo mac unsaon paggamit aning kompyuter
napakahina aking ngipin mansanas sabi batang lalaki,teeth weak apples said boy,hina ngipon mansanas ingon bata laki
agad sumagot,answered immediately,nitubag dayun
pinangako magsasabi,promised tell,gisaad iistorya
hindinghindi umiinom gamot sipon,never takes cold medicine,nagainom tambal sipon
naniniwala mabuting tao,believe good,nituo maayo tawo
maliit dahilan malaking epekto,small cause big effect,gamay rason daku epekto
nagtuturo amin wikang ingles,teaches us english language,nagtudlo amoa panultion ingles
bangkay sala bangkay doon,theres dead body living room theres single dead body,patay sala patay
sumasakay bus papuntang trabaho,takes bus work,nagasakay bus padulong tarbaho
takot lindol,afraid earthquakes,hadlok linog
nakasakay eroplano limang minutos bago lumipad,got plane five minutes took,nakasakay eroplano lima minutos bago nilupad
apat silya malapit mesa,four chairs near table,upat lingkuranan lamisa
pinilit magdala payong anak lalaki,insisted son bring umbrella,gipugos magdala payong anak laki
ipinaghanda nanay tanghalian,mom made us lunch,gihandaan nanay paniudto
takot mababangis hayop,afraid wild animals,hadlok isog hayop
naaalala,oh remember,nahinumdoman
madalas pumunta boston,often goes boston,pirme magadto boston
gumawa keyk gumamit itlog mantikilya asukal,make cake use eggs butter sugar,magbuhat keyk mogamit itlog mantikilya asukar
nakita sinehan,saw cinema,nakitan sinehan
narinig carol,heard carol gone,nadunggan caril
bahay,home,balay
sanggol natutulog,baby sleeping,bata natulog
aga aga nilang dumating,arrived early,sayo niabot
sagutin kinakausap,answer talk,tubaga kaistorya
pumasok silid nakatanggal sombrero,entered room hat,nisulod kwarto nakatanggal kalo
naiintindihan ibig sabihin,understand mean,nasabtan buot ipasabot
uminom tsaang malamig,dont like drink cold tea,moinom tugnaw tsaa
pasyente,patient,pasyente
nagpakuha retrato,took picture,nagpakuha ritrato
libong yen,thousand yen,libo yen
mayaman,wish rich,datu
tinanggap sumang galing lola,accepted agreement grandmother,gidawat suman lola
laruan mabait bata,good childrens toys,dulaan buotan bata
kumain bolabola tabi kalye,ate meatballs side street,nikaon bolabola gilid kalsada
nanininda koton kendi tapat sambahan,selling cotton candy front church,nagatinda koton kendi atubangan simbahan
pangabay,adverb,pangabay
oras,time,oras
tasa asukal,needs cup sugar,tasa asukar
kaibigan mike nagaaral kimika pamantasan oxford,friend mike studying chemistry oxford university,amigo mike nageskwela kimika pamantasan oxford
napunta,get,naunsa naadto
,,
nating magbasa aklat buwan,read least one book month,magbasa libro bulan
lumalangoy bata malawak ilog,boy swimming wide river,nagalangoy bata daku suba
inimbitahan maghapunan,invited dinner,giimbitahan manihapon
ipinanganak hapon,born japan,gitawo hapon
nakalimutan payong,forgot umbrella,nalimtan payong
tatlong araw bago pasko,three days christmas,tulo adlaw bago pasko
nahihiya kahirapan tatay,ashamed fathers poverty,naulaw kapobre amahan
nakaupo ibabaw mesa,sitting table,nagalingkod ibabaw lamesa
naghihintay interesanteng magaganap,waiting something interesting happen,nagahulat interesado butang mahitabo
nakita larawang noon,ive seen picture,nakitan ritrato sauna
pakialam,dont care anymore,pakialam
magtagal masyado,cant take long,magdugay
mesa kumakain tsampurado,table eating tsampurado,lamesa nagakaon tsampurado
nagliligo ilog bata baryo,village children bathe river,nagaligo suba bata baryo
namamasyal dalampasigan,walking beach,nagsuroysuroy baybayon
bibigyan sakay,ill give ride want,tagaan sakay ganahan
aso,like dogs,ganahan iro
loko,crazy,loko
magiging mabuti,everything fine,motarong gihapon
nangingisda ilog katabi baryo,fish river next village,nagapangisda suba pikas baryo
napakainit nakabentilador bahay,hot fan house,tungod grabe init nakabentilador balay
magagawa isipin pagpunta labas bansa,cant dont even think going country,mabuhat hunahunaa lain nasud
lumalangoy batang lalaki kasama kaibigan,boy swimming friends,nagalangoy bata laki kauban iyahang amigo
sumulat aklat tungkol tsina,wrote book china,nisulat libro tungkol tsina
kapatid babae,sister,gibuhat iyahang lumon baye
nagtanim ube kanilang hardin,planted pears garden,nagtanom ube tanmanan
hinalo asukal buko dyus,mixed sugar knuckle juice,gihalo asukar buko dyus
maligayang pasko,merry christmas,malipayong pasko
maligayang pasko mahal,merry christmas love,maligayang pasko pinalangga
prutas buto loob,fruits seeds inside,prutas liso sulod
umupo riyan,sit,paglingkod
tigil pagulan,raining nonstop,hunong ulan
kinain niyang kainin,ate wanted eat,gikaon kaonon
magsalita tungkol pamilya,dont talk family,istorya tungkol pamilya
nagluto kusinero pamilya maraming taon,cook cooked family many years,nagluto kusinero pamilya daghan tuig
pinagsilbihan tagaluto pamilya maraming taon,cook served family many years,gisilbihan tagaluto pamilya daghan tuig
marumi bata,child dirty,hugaw bata
alister pumatay barbara,alister one killed barbara,alister nagpatay barbara
pabayaang mangyari,dont let happen,pasagdi mahitabo
bahay,like house,ganahan balay
kasintanda kapatid lalaki,brother old,parehas tigulang lumon laki
magkasingedad kapatid lalaki,brother age,parehas edad lumon laki
nagbibigay atin gatas,cows give us milk,bata nagahatag gatas
dalawang anak lalaki,two sons,duha anak laki
lumipad eroplano eksaktong gabi,plane took exactly pm,nlupad among eroplano eksakto gabii
patalastas naguudyok bumili maluluhong bagay,advertisements motivate us buy luxury items,impormasyon nagaanyag mopalit mahalon butang
bagay maikling buhok,short hair suits,iya gamay buhok
mabuhay republika,long live republic,mabuhay republika
pinapalo,beat,ginabunalan
tinuturuan wikang pranses,teaches french,ginatudloan sinultian pranses
mapili,youre picky,pilian
dumating tokyo edad,arrived tokyo age,niabot tokyo edad
sangayon sinabi,agree everything said,uyon gisulti
dalawang kundisyon,two conditions,duha kondisyon
prutas,like fruit,ganahan prutas
nagmamahal,someone loves us,nagahigugma
patawad makumpuni,sorry ill fix,pasayloa himuon maayo
nangyari,happen,kanusa nahitabo
nangyari,happen,kanusa nahitabo
kinain kakanin,eat food,gikaon makaon
sinabi kahapon,wish told yesterday,giingun gahapon
natutulog nakatayo,sleep standing,nagatog nagatindog
gaano katagal shanghai,long shanghai,kadugay shanghai
malalaking bato lupa,big stones ground,daku bato lupa
kambal,twin,kambal
nagbubunga pera puno alam,tree doesnt produce money know,nagabunga kwarta punoan kabalo
sabihin totoo,tell truth,ingna kamatuoran
nangyari aso,happened dog,nahitabo iro
nagsasalita matanda,talking like hes old,nagaistorya mura tigulang
makakaya,best,himuon nakong makaya
tahimik makinig,quiet listen,hilom paminaw
nagbulakbol,blurted,nagpabadlong
nakakaalam sagot,one seems know answer,nakabalo tubag
ganda pakiramdam,feels good,nindot pamati
binili kamerang sarili asawa,bought camera wife,gipalit kining kamera iyahang sarili asawa
malalakas leyon lobo,lions stronger wolves,mangkakusog leyon lobo
bago kompyuter,computer new,bago kompyuter
maaaring tama,right,tama
dalhin pinakaimportante,bring important,dada pinakaimportante
lumabas pagkatapos dapithapon,go midnight,gawas inig hapit magabii
magkano utang,much owe,utang
sabihin nakuha,tell got,iingon kuha ato
asal babae,manners like woman,pamatasan parehas babaye
kumakain maraming prutas tatay,father doesnt eat lot fruit,nagakaon daghan prutas amahan
malaking sweldo nakakabiyahe ibang bansa taontaon,large salary able travel abroad every year,tungod iyahang daku sweldo makabyahe lainlaing nasud tuig
binisita hollywood los angeles,visited hollywood los angeles,gibisita hollywood samtang los angeles
mahirap matapat,poor honest,pobre matinuoron
napakasaya,happy,lipay
kaibigan pamilya pinipili miyembro,friends family choose members,amigo pamilya ginapili miyembro
pangulo,president,presidente
aalis papuntang estados unidos bukas,leaving united states tomorrow,molakaw paadto estados unidos ugma
tanyag parkeng bulaklak,park famous flowers,sikat ning parkeha tungod bulak
trumpeta instrumentong pangmusika,trumpet musical instrument,trumpeta instrumento pangmusika
ipinagbabawal manigarilyo,forbid smoke,ginabawalan manigarilyo
naramdaman init araw balat,felt heat sun skin,nabati init panit
kumakain karne itlog,eat meat eggs,nagakaon karne itlog
imposible lumabas,impossible get,imposible mogawas
kaibigan kagipitan kaibigang tunay,friend true friend,amigo kalisod amigo tinuod
dula hango totoong pangyayari,play based true events,dula gikuha tinuod panghitabo
tuwing pupunta bahay,every time go house,balay
namatay araw pagkalipas ikaisandaang kaarawan,died days hundredth birthday,namatay adlaw pagkahuman ikasagatos pagselebrar pagkatawo
estudyante,student,estudyante
pulutin lapis sahig,pick pencil floor,kuwaa lapis bantaw
nakatingin,someone looking,nagatanaw
nakakatawa,funny,katawanan
alis,go away,hawa
napakahusay,good,kuyaw
niyang pumunta roon bukas,go tomorrow,magadto ugma
diyos buddha,god buddha,diyos buddha
inamin niyang marunong magpranses,admits doesnt know french,giangkon sya kabalo magpranses
ginaya likha van gogh,imitated works van gogh,gisundog gibuhat van gogh
mesang bakante restawran,single empty table restaurant,lamesa bakante restawran
isulat apelyido ikaapat linya,write last fourth line,isuwat apelyido ikaupat linya
araw kasama carlos niyang kaibigan,day carlos one friends,adlaw kauban carlos amigo
mabubuti riyan,nothing better,nay maayo iya
pinilit sundalo binata lumahok hukbo,soldiers forced young men join army,gipugos sundalo ulitawo moapil ila
pakiusap tandaang patayin ilaw bago matulog,please remember turn light going bed,daan naandan patyon suga bago matulog
binasa aklat pahina kahapon,read book page yesterday,gibasa libro peyj gahapon
gumawa manika ann,made doll ann,nagbuhat manika ann
sinubukan magsulat gamit kaliwang kamay,tried write left hand,gitistingan sulat gamit tuo kamot
kutsilyong ginagamit pagputol karne,knife used cut meat,kutsilyo gigamit pangputol karne
nagkaroon sapat pera,enough money,tamatama kwarta
pipiliin mamatay magnakaw,would rather die steal,pilion mamatay mangawat
itinayo,built,kanusa gibuhat
susi hinahanap,key youre looking,susi ginapangita
mahal,loves,gihigugma
narinig radyo,heard radio,nadunggan radyo
duda,doubt,duda
nagaaral wikang arabo,learning arabic language,nagatuon panultiang arabo
kumuha,wants take,mukuha
nagtataka sakit,wonder sick,natingala sakit
kumakain ubas aso,dog eats grapes,nagakaon parras akoang iro
tawagan nagiging mapanganib,call gets dangerous,tawagi delikado
alam pupunta,dont know come,nahibalo kanusa moanhi
bahay,house,balay
lumabas aso,toms dog wants go,mogawas iro
pumasok kotse,got car,nisulod sakyanan
pumasok kwarto kumakatok,dont come room without knocking,sulod kwarto panuktok
nakakita noon,never seen like,nakakita ingani sauna
tingin pumasok magisa,think go alone,pananaw mosulod
nagpanggap bilang,pretended,nagtakuban
sumama sinehan,dont want go cinema,mouban sinehan
kuba,hunchback,buktot
matingkad pula dugo,blood bright red,sinag pula dugo
librong,book,imoha ning libro
simula bukas maninigarilyo,starting tomorrow wont smoke anymore,sugod ugma manigarilyo
kamayan,hold hand,kamayi
bumilad araw matagal,expose sun long time,bilad adlaw dugay
alam pinagsasabi,dont know talking,kabalo ginapangsulti
nakita barko malayo,saw ship distance,nakita barko lagyo
sabihin uuwi,tell everyone coming home,mouli
imbestigahan,lets investigate,imbestigahan
pasko,christmas today,pasko
kabayong malalaki magagandang mata,horse big beautiful eyes,kabayo mangkadagko mangkanindot mata
siyempre katwiran,course point,siyempre rason
lasang tsokolate paborito,chocolate flavor favorite,lasa tsokolate akoang paborito
nobyo,boyfriend,uyab
pinagawa amin trabaho,made us work,gipabuhat amoa tarbaho
kaunting pera,little money,gamay kwarta
binasa aklat,read book,gibasa libro
mahirap magkatotoo ganyang klaseng plano,plan hard come true,lisud matinuod ingun klase plano
kumakain,dont eat,nagakaon
nagaral ingles yumi kagabi,yumi studied english last night,nagaestudyo ingles yumi gabii
nagniningning bituin langit,stars shining sky,nagasiga bituon langit
aasenso mabuting edukasyon,advance without good education,unsaon pagasenso tarong edukasyon
sikat mangaawit,famous singer,sikat tagakanta
taon anak lalaki,old son,pilay edad anak laki
nagsasayang maraming pagkain,wastes lot food,nagakalas daghan pagkaon
maghanap ibang mapagtataguan,lets find somewhere else hide,mangita lahi kitaanan
natumba magisa puno,tree fell,natumba iya puno
lasa pakwan,like taste watermelon,ganahan lami pakwan
tumaba,gained weight,nitambok
boston darating linggo,boston coming week,boston umaabot semana
ilagay mesa,want put table,ibutang lamesa
ikinasal pagkatapos anim buwan,got married six months later,gikasal pagkahuman unom bulan
sinara mata,closed eyes,gisaradan mata
kainin sopas ingay,eat soup quietly,kaona sopas pagbanha
araw ngunit mainit,sun hot,adlaw init
akala sinabi pumunta,thought told come,giingon imoha maganhi
bumili pares botas,bought pair boots,nipalit pares botas
nobyo bago nakilala,boyfriend met,uyab bago nailhan
pinunas mukha,wiped face,gipahid nawong
humupa bagyo,storm subsided,nihunong bagyo
pumunta londres,went london,niadto londres tong
dumating paaralan tamang oras,came school time,niabot eskwelahan tama oras
tawag ibon,bird,tawag anang langgama
pangunahing pangyayari kahapon,main events yesterday,una nahitabo kagahapon
naghihintay magandang balita mula,waiting good news,nagahulat nindot balita ilaha
isinauli damit maliit,returned dress small,gibalik sinina gamay
sampung taon patay,hes dead ten years,napo tuig patay
,,
mapapagod,tired,kapoyon
mananalo larong,win game,modaog aning bisyoha
iilang panulat,pens,maihap pangsulat
galing tsina tsaa,tea comes china,tsina tsaa
magkukuwento tungkol,tell story,maistorya imoha tungkol
kasal dentista,married dentist,kasado dentista
gabi matulog,late go sleep,gabii matulog
nahulog nahulog palaka,frog fell,nahog nahog palaka
gawin makinig,get listen,himuon maminaw
sabihin plano iba,dont tell else plan,iingon plano lain
natapos takdangaralin,finished homework,nahuman asaynment
pupunta,doesnt come,buhaton maganhi
madali sagutin,thats easy answer,dali tubagon
ibigay,else give dont already,kaha ihatag
alam sariling kasalanan,knows sin,kabalo mismo sala
sinasarhan pinto,dont close doors,ginasaradan among pultahan
sabihin pumunta,tell go,ingna magadto
palaging tumatahol aso,dog always barks,pirme mouma iro
tumakbo restawran tatay,ran fathers restaurant,maong nidagan restawran amahan
nakita asong maruming pumasok bakuran,saw dirty dog enter yard,nakitan iro hugaw nisulod tanmanan
pipiliin katas pinya katas pomelo,prefer pineapple juice pomelo juice,pilion katas pinya katas pomelo
bisikleta,dont bicycle,bisekleta
san francisco,like san francisco,ganahan san francisco
gusali,dont like buildings,bilding
pumupunta londres buwan,goes london every month,nagaadto londres bulan
nakatago makikita,nothing hidden cannot seen,nakatago makitan
higit pitong libong wika buong mundo,seven thousand languages world,sobra kapito libo sinultian tibuok kalibutan
tinanong web cam,asked web cam,gipangutana web cam
tinatanggap regalo,accepts gifts,ginadawat regalo
bahay mapagtitirhan,house live,balay mapuyan
mahalaga pagkakaibigan,friendship important,importante inyong panagamigo
nagturo mayayamang babaeng indiyana,tutored wealthy indian women,nagtudlo datu babaye indiyana
tinulungan kayong tulungan,helped want help,gitabangan sad tabangan
mukha nainis,see face annoyed,nawong nasuya
trahediya digmaan kalimutan,tragedy war must forgotten,trahediya gubot hikalimtan
kagaya noon,like,parehas sauna
nakakasalita ibang wika,dont speak another language,nagastorya lain sinultian
sanay buhay lungsod,used city life,anad kinabuhi lungsod
kuntento kasalukuyan sweldo,satisfied current salary,kontento sweldo
makita naghuhubad,want see undress,makitan nagahukas
bigyan panahon,give time,tagae higayon
trabaho,thats job,tarbaho
pera,dont money,kwarta
umutot,someone farted thats,niutot
bumalik galing tsina,came back china,nibalik tsina
tatanungin muli,ask one question,pangutanahon kaisa nalang
daming itlog kahon,many eggs box,daghang itlog kahon
matanda marunong,older wiser,tigulang kabalo
nahulog nasaktan binti,fell hurt leg,nahog nasamaran batiis
nagbabasa dyaryo umaga,reads newspaper every morning,nagabasa dyaryo buntag
nakita dalawang lalaking naghahalikan pasilyo,saw two men kissing hallway,nakitan duha laki naghadok agianan
alagaan bata ngayong gabi,take care kids tonight,atindiron bata karong gabii
kuwento interesante,stories interesting,storya nindot
nahulog namatay ibon,bird fell died,nahog namatay langgam
marinig,cant hear,madunggan
muntik makalimutan,almost forgot,hapit malimtan
pinapatawa,make laugh,ginapakatawa
inistorbo,disturbed,giistorbo
nagbabasa,everyone reads,nagabasa
matulog,want sleep,matulog
alam salitang,dont know word,kabalo pangsulti
atin dalawa nahulog loob aking kapatid babae,two us crush sister,duha nahog pagbati manghod baye
sansinukob hanggan,universe eternal,paghinigugmaay katapusan
nagtatrabaho gabi,works night,nagatarbaho gabii
ipapaliwanag mamaya,explain everything later,iistorya unya
magdesisyon gawin,one decide,magdesisyon buhaton
natutulog,still sleeping,natog
apat kapatid babae,dont four sisters,upat lumon baye
maging sobrang mapili pagkain,picky food,mahimong pilian pagkaon
anak babae nars,daughter nurse,anak baye nars
pinayuhan doktor kumain sobrang marami,doctor advised eat much,giingnan doktor mokaon daghan
sasabihin kumbinsihin bumili,would say convince buy one,iingon kombinsihon mopalit
sinadya,mean,tuyoa
palaging naiintindihan,dont always understand,pirme masabtan
tren aking sinakyan umalis kyoto seis dumating tokyo nwebe,train took left kyoto six oclock arrived tokyo nine oclock,tren gisakyan nilakaw kyoto sais niabot tokyo alasnwebe
napagod magbasa,tired reading,gikapoy basa
kumakain silidaralan,eat classroom,nagakaon eskwelahan
siyam planeta araw,sun nine planets,siyaw planeta adlaw
almusal,breakfast,pamahaw
masasarap kanilang keyk,cakes delicious,lami keyk
tingin magandang panahon bukas,think good weather tomorrow,pagtuo maayo panahon ugma
nagbibiro,youre joking,nangatik
natatakpan putik aso mula ulo paa,dog covered mud head toe,natabunan lapok iro ulo paa
batang babae mahaba buhok judy,girl long hair judy,bata babaye tagas buhok judy
ilagay mesa,dont put desk,ibutang lamesa
natanggap regalo aking kaarawan,received present birthday,nadawat regalo adlaw natawhan
masama pakiramdam gumigising umaga,feel bad wake morning,lain pamati bago mata buntag
bigyan dahon papel,give sheet paper,tagae dahon papel
bigyan kopya aklat,give copy book,tagae kopya libroha
tumawag,call,nitawag
binibigyan hinihingi,gives everything asks,ginatagaan ginapangayo
binasa bagong nobelang kapatid babae,havent read new novel neither sister,gibasa ning bago nobela lumon babaye sad
sagot moy tama,answer correct,tubag tama
imposibleng malaman mangyayari hinaharap,impossible know happen future,imposible mabalan mahitabo umaabot
takot kamatayan,afraid death,hadlok kamatayon
gawin bagay ikasisi,dont something regret,buhata butang pagbasulan
mei nagluluto kusina,mei cooking kitchen,mei nagaluto kusina
maraming kolonya afrika pransiya noon,france many colonies africa,daghang kolonya africa pransiya sauna
lalaking raul,raul,laki raul
nawala kagubatan,got lost forest,nawala kalasangan
batang lalaki aklat kamay pinsan,boy book hand cousin,bata laki libro kamot katagsa
hinabol aso pusa,dog chased cat,gigukod iro iring
pinatawad,forgive,gipasaylo
masaya,happy,nalipay gibuhat
narinig balita,hear news,nadunggan balita
dumating hotel pagkatapos takipsilim,arrived hotel dusk,niabot hotel pagkahuman kahaponan
puno tren,train full,puno tren
marumi plato,plate dirty,hugaw plato
magulang ninenerbiyos kaunti,parents little nervous,guinikanan gikulbaan gamay
mataas araw umalis kama,sun high got bed,hapit udto nibakod higdaanan
kaibigan payuhan,friends advise,amigo tagaan adbays
maraming magagandang babae shanghai tokyo,beautiful women shanghai tokyo,daghang gwapa babaye shanghai tokyo
copacabana,copacabana,copacabana
matigas,tough,gahi
ilegal,illegal,gibuhat ilegal
ninyong gawin,else,inyong buhaton
ihatid pintuan,walk door,ihatod pultahan
sumigaw narinig,shouted hear,nishagit nadunggan
naghapunan isda,fish dinner,nanihapon isda
susunod sabihin totoo,next time tell truth,sunod iingon tinuod
niyaya lumabas,asked,giagda gawas
naway magkatotoo aking panaginip,dream come true,matinuod damgo
matandaan iniwan kotse,dont remember left car,mahinumdoman nabilin sakyanan
pagod,tired,gikapoy
dumating umulan,come rained,niabot niulan
maraming salamat tulong,thank much help,daghang salamat tabang
madaling mapagod,gets tired easily,dali kapoyon
oras magbasa,dont time read,oras magbasa
tumawag bago pumunta,call coming,motawag bago moanhi
mapait lasa gamot,medicine tastes bitter,pait lasa tambal
itinaas lalaki kamay magtanong,raised hand ask,gitaas laki kamot mangutana
mabait bata emi,emi kind child,buotan bata emi
marunong magmaneho kotse,doesnt know drive car,kabalo modrayb sakyanan
tinitigan kuko,stared nails,gitutokan kuko
sobrang bait,kind,buotan
narinig napakayaman,heard rich,nadunggan datu
babae nagsulat aklat tungkol maging masaya pagkatapos nagpakamatay,woman wrote books happy committed suicide,babaye nagsuwat libro tungkol unsaon mahimong malipayon human nagpakamatay
tingin gawin,think want,ganahan himuon
suot,wearing,gisuot
bumili bulaklak,buy flower,nipalit bulak
diksyunaryong naglalaman lalagpas salita,dictionary contains words,diksyunaryo sulod molagpas storya
kontra diborsyo simbahang katolika,catholic church divorce,uyon diborsyo simbahan katolika
mabuhay,want live,mabuhi
sabik makita pelikula,eager see movie,eksayted makitan salida
nararamdaman sakit ibang parte katawan,feel pain parts body,nabatian sakit lain parte lawas
binilhan batang babae suweter,bought girl sweater,gipalitan bata baye suweter
panaginip,dream,damgo
natitirang salita listahan lima pangngalan,remaining words list five nouns,nabilin gipanulat listahan lima nawn
matulog nakasindi ilaw,dont sleep light,katulog sindi suga
pangalan ludwig,ludwig,ngalan ludwig
napanaginipan bahay,dreamed house,nadamgohan balay
pangarap makapunta unibersidad inglatera,toms dream go university england,pangandoy makaadto unibersidad inglatera
bagay kurbatang,tie suits,angayan anang kurbataha
napakabata magpakasal,young get married,bata magpakasal
subukan hanapin,try find,tistinga pangita
iinumin kape,drink coffee,imnon kape
tabi istasyon,station next door,tapad istasyon
nakakatakot palabas,dont like horror shows,ganahan salida kahadlokan
naniniwalang nagdudulot kamalasan pusang itim,dont believe black cats bring bad luck,mutuo dala kamalasan iring itom
mapaguusapan,discussed,pagistoryahan
mali sanaysay,nothing wrong essay,mali inyong gisulat
normal alemanya,thats normal germany,normal alemansya tinuod
alam tulungan,dont know help,kabalo unsaon pagtabang
okey,okay,okey
maaaring sumabog,might explode,mubuto
alam niyang nagkamali,knows made mistake,kabalo namali
pilitin sinuman,one forced,lugson
pupunta ngayong gabi,going tonight,moadto karong gabii
kaunting pera dito,money,gamay kwarta
muslim,muslim,muslim
tinawagan kaninang umaga,morning,gitawagan ganihang buntag
pinatay konde,killed count,gipatay konde
alam magaganap balang araw,dont know happen one day,kabalo kanusa mahitabo adlaw
pupunta europa susunod linggo,going europe next week,magadt europa sunod semana
pumunta pinangyarihan krimen,went crime scene,niadto nahitaboan krimen
patay,dead,patay
kompyuter,computer,silay kompyuter
hilig pangongolekta lumang laruan,love collecting old toys,hilig pagkolekta daang dulaan
maniniwala tsismis,one believe rumor,mutuo anang tsismisa
nagsisisi patatawarin,repent forgive,tungod nagbasok pasayloon
sinisisi diyan,dont blame,gibasol tungod
halos maiyak,almost cried,halos makahilak
tawagan mamayang gabi,call us tonight,tawagi unyang gabii
galing,hey,oy
kinailangan ninyong alagaan,take care,ampingan
mainit tsaa malamig,prefer hot tea cold,ganahan init tsaa tugnaw
pagod,tired anymore,gikapoy
pinakain aso,fed dog,gipakaon iro
amoy bagong tinapay,love smell new bread,ganahan humot bago pan
alam daan,know way,kabalo agian
bawal karamihan bansa,illegal countries,bawal kadaghanan nasud
tratuhin baliw,dont treat like crazy,tratuha mura boang
maganda inang kalikasan,mother nature beautiful,nindot inang kalikasan
sabihin,want tell something,iingon
nakapasa eksamen,passed exam,nakapasar eksam
umuulan kagabi,rained last night,nagulan gabii
pera babayaran utang makakabayad,money pay debt right cant,kwarta bayran utang kabayad
magkano orasan,much clock,tagpila ning orasan
gutom gutom gutom,hungry,gigutom
nene,mom anymore,bata
binuksan sobre,opened envelope,giablihan sobre
nakahanap trabaho,havent found job yet,kakita tarbaho
pasensya nagpapasok taong kilala,sorry dont admit people dont know,pasensyahi nagapasulod tawo nailhan
trabaho,dont job,tarbaho
isipin pinakamalalang mangyari,lets think worst happen,hunahunaon kinakalalaan mahitabo
armado sundalo,soldiers armed,armado sundalo
tanong,question,pangutana imoha
,,
gaano pilitin magawang kalimutan halik,matter hard tried couldnt forget kiss,pugos mahimo hikalimtan tong haluka
malaman patay,know dead,unsaon kahibalo patay
nalalaglag dahon,leaf falls,nahog dahon
maaaring magkaroon ibang lalaki asawa,wife another,tingali mangabit asawa
trabaho bumili prutas gulay,job buy fruits vegetables,tarbaho mopalit prutas gulay
isauli aklat bago dumating sabado,return book saturday,iuli libro bago moabot sabado
bumili ibang kotse,buy another car,nipalit lain sakyanan
mukhang malakas,looks strong,mura kusgan
patawarin,forgive,pasayloon
bandila bansang hapon,flag japan,bandila nasud hapon
maliliit paa,small feet,gamay lawas
kaaway kaibigan kaibigan,friends enemy friend,kaaway amigo amigo sad
uminom serbesa,feel like drinking beer,mura moinom serbesa
araw mabubuhay,werent sun wouldnt alive,tungod adlaw mabuhi
umalis dito,want get,molakaw
magandang babae,beautiful woman,gwapa babaye
natutulog umaga nagtatrabaho gabi,sleeps morning works night,matog buntag nagatarbaho gabii
doktor,doctors,doktor
wakas pumili ibang kuting,finally chose another kitten,kinauwaihan nipili lain iring
palagi mapagbigay nangangailangan,always generous,pirme mohatag nanginahanglan
aking ikalabinganim kaarawan,today sixteenth birthday,ikadisisayes adlaw natawhan
kumikidlat bago kumulog,lightning thunder,nagakilat bago mokulog
sumulat aklat dalawang taon nakakaraan,wrote book two years ago,nagsulat libro duha tuig nilabay
wikang ingles naging predominante buong mundo maraming dahilan,english language become predominant throughout world many reasons,panultion ingles nahimong dominante tibuok kalibutan daghan rason
tatawag taksi atin,call cab us,tawagi taksi
paggamit makina,machine used,ingani paggamit makina
ininit malamig sabaw hapunan,heated cold soup dinner,giinit tugnaw sabaw panihapon
binigyan kwintas perlas kapatid babae kaarawan,gave sister pearl necklace birthday,gitagaan kwintas perlas lumon baye adlaw natawhan
naguumpisa magtrabaho alassiyete,starts work seven oclock,nagasugod tarbaho inig alassiyete
kahon pako,box nails,kahon lansang
matandaan unang dumating,dont remember came first,mahinumdoman una niabot
tinamaan bola golf,hit golf ball,naigo bola golf
mahusay kusinero,good cook,nindot kusinero
makukuha susubukan,get try,makuha tistingan
ikli,short,gamay
tulog,sleeping,natog
araw lumuwas madrid,one day left madrid,adlaw niadto madrid
nakalimutan pasok,forgot school today,nakalimot klase ron
nagdisisyon kenji maging kusinero,kenji decides become cook,nagdesisyon kenji mahimong kusinero
nalalaman tungkol bansang hapon,dont know japan,nabalan nasud hapon
estudyante dumalo pulong,students attended meeting,estudyante niadto pulong
bukas dadalhin aking palasyo,tomorrow take palace,ugma dadon palasyo
milyong dolyar,would million dollars,himoon milyon dolyar
magkaroon anak,want children,ganahan magkaanak
niyang magpakasal agad,wants get married right away,magpakasal dayon
babayaran,pay everything,bayran
sipilyuhin ngipin,brush teeth,sipilyuhi ngipon
tatawagan mamaya,call later,tawagan unya
uminom kape naninigarilyo,drank coffee smoked,niinom kape samtang naingarilyo
binuksan sanggol bibig,baby opened mouth,giablihan bata baba
pinakilala kapatid lalaki,introduced brother,gipailaila lumon laki
kumain,dont eat,mokaon
maawa,mercy,malooy
pagpasok kamalig nakita nawawalang bisikleta,entered barn saw missing bicycle,pagsulod kamalig nakitan nawala bisekleta
bumaba bus,got bus,ninaog bus
katatawag pulis,police,bago nitawag pulis
sigurado magpapalagay tatu,sure want get tattoo,sigurado magpabutang tatu
narinig pati motorista taksi madalas nawawala tokyo,also heard taxi drivers often get lost tokyo,nadunggan pati motorista taksi halos pirme mawala tokyo
alam sayasaya araw,dont know happy today,kabalo malipayon karong adlaw
malaki kotseng kotseng,car bigger car,daku ning sakyanan ato sakyanan
posible manirahan pulong,possible live meeting,posible mopuyo lupa
naapektuhan baga paninigarilyo,lungs affected smoking,apektado baga tungod panigarilyo
bumili tokwa pabalik bahay,buy tofu way home,palit tokwa pagbalik balay
iniisip magabroad darating taon,thinking going abroad next year,gihunahuna magabroad moabot tuig
pupunta,according come,matod moanhi
sumakay kotse umalis,got car left,nisakay sakyanan nilakaw
ipahihiram,ill lend,pahulmon
sobrang hina matematika,weak mathematics,hinay matematika
ganoon,want,ingato
malinaw paningin,vision clearer mine,klaro pananaw
makita tiket eto,see ticket,makitan tiket
nakuha hiling wakas,got wish last,nakuha pangandoy kinauwaihan
pumapatay nagpapalakas,doesnt kill makes stronger,mopatay magpakusog imoha
magtrabaho metro,want work metro,ganahan magtarbaho metro
pumapasok paaralan hiromi limang araw buwan,hiromi goes school five days month,nagaadto eskwelahan hiromi lima adlaw bulan
nakita,saw,nakitan
dalawang pusa,two cats,duha iring
kinse minutos aalis dito,fifteen minutes ill,kinse minutos molakaw
binasa dyaryo,read newspaper today,gibasa dyaryo
umuwi bahay steve,steve come home,niuli balay steve
kabuluhan,thats nonsense,way kapuslanan
sinuswerte,lucky,giswerte
umiyak,feel like crying,mohilak
doon nawalan trabaho,lost job,tungod ato nawadan tarbaho
bilog bola,balls round,lingin bola
habambuhay niyang iibigin asawa,love wife forever,hangtodhangtod higugmaon asawa
gaano kalawak parke,big park,kadaku ning parkeha
mike hugasan kotse nanay araw,mike doesnt wash moms car today,mike hugasan sakyanan inahan aning adlawa
maglaro,play,pagdula
tinanong matanda oras,old asked time,gipangutana tigulang oras
kaunting posibilidad tagumpay,little chance success,gamay posibilidad modaog
kaibigan nanay beterinarya,friend whose mother veterinarian,amigo inahan beterinarya
galing pransiya,france,pransiya
ibang gawin tumawa,nothing else laugh,laing buhaton mokatawa
lumipad bubuyog palabas bintana,bee flew window,nilupad buyog paggawas bintana
nandito,,sad
wikang kinagisnan ingles,toms native language english,sinultian namathan ingles
mainit kape,coffee hot,init kape
kumusta pagaaral,study,kumusta pageskwela
matulog saglit,dont sleep,matog kadali
makita,see,makitan
panaginip,dream,damgo
malapit,close,duol
hardin tatay,father garden,tanmanan amahan
sanay kaming kumain pagkaing simple,used eating simple foods,anad mokaon pagkaon simple
abril sinusundan mayo,april followed,gisundan abril mayo
sisantehin,cannot satisfy,kwaan panarbaho
baliw,crazy,boang
kapatid babae lalaki,neither sister brother,lumon baye laki
madalas lumilindol bansang hapon,earthquakes often occur japan,halos pirme maglinog nasud hapon
halos sirain eskandalo karera,scandal nearly destroyed career,halos gubon eskandalo tarbaho
alam nangyari,knows happened,nahibalo nay nahitabo
makita nanay,want see mother,makitan inahan
guwapo,handsome,gwapo
pareho sitwasyon,situation still,parehas gihapon sitwasyon
gaano kadalas makita,often see,higayon makitan
mataas sweldo,salary high,daku sweldo
nabintang pagsasabi totoo,accused telling lies,naapsan pagsulti tinuod
kainin karneng hilaw,meat eaten,kaonon karne hilaw
pipiliin pamamasyal panonood palabas,id rather go sightseeing watching show,pilion molaag magtanaw salida
mahaba,long,tagas
mahaba,thats long,tagas
kinakabahan madali matakot,nervous get scared easily,gikulbaan dali mahadlok
masyadong mabait kyoko buhatin bagahe,kyoko kind carry luggage,buotan kyoko alsahon bagahe
aking iibigin habambuhay,love forever,higugmaon hangtodhangtod
pulis nagpoprotekta testigo,police protecting witness,pulis tigprotekta testigos
paghaluin negosyo kasiyahan,mix business pleasure,haloa negosyo kalipay
alam bagay,knows everything,unsaon tinuod kabalo tanang butang
tatlong kilometro papunta doon,three kilometers get,tulo kilometro paadto
umiinom kape,drink coffee,nagainom kape
mabilis ring masasanay diyan,quickly get used,dali maanad
matangkad,taller,tagas
malakas lalaki,strong,kusgan laki
bata lalaki,young,bata laki
aking,teacher,magtutudlo
namimiss pamilya bayan,miss family town,gimingaw pamilya lungsod
madilim tingnan dinadaanan,dark watch way,ngitngit maong tanawa agian
nililibing aso buto hardin,dog buries bones garden,gilubong amoang iro bukog tanmanan
magantay bumalik,lets wait returns,maghulat mobalik
tanghali,noon,udto
punta mark,lets go mark,ilaha mark
tama punta punta kina,correct lets go lets go,tama ilaha ila
isulat pangalan address sobreng,write address envelope,isulat inyong ngalan address sobre
anak,son,anak
nagsimula apoy kusina,fire started kitchen,nagsugod kusina
kilala isat,know,kaila usagusa
binabasa aklat,reading book,gibasa ning libroha
bata mansanas,children like apples,bata ganahan mansanas
daang sentimetro metro,one hundred centimeters meter,dalan semento metro
kinain mansanas berde,ate green apples,gikaon mansanas lunhaw
handa,ready,andam
handa,ready,andam
malusog matanda,still healthy even though old,himsog gihapon tigulang
dadating tanghali sunduin,come noon pick,moabot udto sundoon
naaakit babaeng asyana,attracted asian women,ganahan babaye asyana
nilabas aklat nagumpisang basahin,took book started reading,gipagawas libro nagsugod basa
oras tulog,time sleep,oras matog
problema,thats problem,problema
oras humiga kahapon,time go bed yesterday,oras nihigda gahapon
alam nakita gumalaw,knew saw something move,kabalo nakitan nilihok
bawal manigarilyo dito,smoking,bawal manigarilyo
naming bumoto,want vote,mobuto
nagaaral,studying,nageskwela
palaging natatalo,always loses,pirme pildi
marunong lumangoy,swim,kabalo molangoy
pera diyan magkano pahiramin pakiusap,money matter much please lend,kwarta pahulma palihog
bumili kamera nagkakahalaga dolyares,bought camera cost dollars,nipalit pg kamera tag dolyar
tingin dahilan napakagaling pranses nanonood maraming palabas wikang pranses,think reason good french watches lot french language shows,nagtuo rason kuyaw pranses tungod nagatanaw daghan palabas sinultian pranses
tagasaitama,saitama,tagasaitama
pinalinis kwarto,cleaned room,gipalimpyohan kwarto
problema droga pandaigdigan,drug problem global,problema drogas pangtibuok kalibutan
mabubuhay matagal,live long,mabuhi dugay
papasok loob,wont go inside,mosulod
kaaalis inay magshopping,mother left go shopping,bago nilakaw inay magshopping
umapaw ilog malakas ulan,river overflowed due heavy rain,niapaw suba tungod kusog ulan
bibigyan pagkakataon,ill give one chance,tagaan higayon
mahal peter jane,peter loves jane,gihigugma peter jane
pagibig umuusbong mula pagibig,love grows love,paghigugma nigikan gugma
mahalin ibang tao mismo unang magmahal,want people love love first,higugmaon laing tawo mismo una mohigugma
basahin aklat,hasnt finished reading book yet,nahuman basa anang libroha
tinawag pangalan bawat estudyante,teacher students,gitawag magtutudlo ngalan estudyante
nangyayari diyan taas,whats going,nahitabo taas
mahal ben sarili,loves ben,gihigugma ben sarili
marunong ring magsalita wikang pranses,also speak french,kabalo sad magstorya sinultian pranses
aking pitaka,wallet,gibuhat pitaka
alam,know want,kabalo
naniniwala inosente,believe innocent,nituo inosente
bukas bukas,open tomorrow,abli ugma
maliit hardin harap aking bahay,small garden front house,gamay tanmanan atubangan balay
sasabihin,tell,iingon
tatagal bagay,thing wont last,magdugay ning butanga
pinuno baso alak,filled glass wine,gipuno baso ilimnon
hahantong kulungan,end jail,moabot presohan
tama tama,youre right youre right,tama tama
babaeng tagaamerika klase,american girl class,babayeng tagaamerika among klase
napakaganda panaginip,dream beautiful,nindot damgo
buong araw nanatiling tahimik,remained silent day,tibuok adlaw hilom
hirap,difficulty,lisud
ipabukas magagawa ngayong araw,dont open today,ipaugma mabuhat karong adlawa
galit napakaikli palda,mad skirt short,nasuko gamay palda
nakipagkaibigan estudyanteng banyaga,made friends foreign student,nakigamigo estudyante
nagsinungaling amin,lied us,nangatik amoa
ingles aking katutubong wika,english native language,ingles sinultian
mapa,map,mapa
nawalan gana,lost appetite,nawadan gana
tagalungsod,city person,tagalungsod
madaling salita tamad,words lazy,dali storya tapulan
natatakpan niyebe buong bansa,whole country covered snow,natabunan niyebe tibuok nasud
ginagalit,makes angry,ginapasuko
araw buhay imposible,sun life impossible,adlaw kinabuhi imposible
perang pambili bagong kotse,money buy new car,kwarta pangpalit bago sakyanan
inaamin mali,admit wrong,giangkon mali
biniro ngunit tumawa,joked laugh,giatik nalipay
hinihingi kanilang opinyon,asking opinions,gipangayo opinyon
matapang sundalo,brave soldier,isog sundalo
pangalan hisashi,hisashi,ngalan hisahi
pinakakuripot tao aking nakilala,stingiest person ever met,pinakakuripot tawo nailhan
alat nitong sopas,soup salty,asin ning sopas
aklat inilimbag inglatera,book printed england,libro giprinta inglatera
aklat nagbigay inspirasyon,book inspired,libro naghatag inspirasyon
matanda nanay tatay,mom older dad,tigulang nanay tatay
sabihin narinig,tell heard,ingna nadunggan
nakapunta diyan maraming beses,many times,nakaanha kapila
ligpitin kwarto mismo,move room right,limpyohi kwarto dayon
piniritong isda,dont like fried fish,prito isda
nandito,,
magaral,dont want study,mageskwela
tingin maganda tingnan mahabang buhok,think look better long hair,pananaw gwapa tanawon tagas buhok
tanong bilhin aklat,question buy book,pangutana paliton libroha
handa handa,ready youre ready,andam andam
ikinasal pera,married money,gikasal kwarta
kaninong kaibigan,whose friend,amigo
kaibigan nino,friends,amigo
umupo,dont want sit,molingkod
pinapayagang pumunta diyan loob,allowed go,gitugtan anha sulod
binigyan nitong lumang barya,gave old coins,gitagaan daan sinsilyo
natulog,slept,natog
nakita tumatakbo,saw running,nakitan nidagan
imposibleng tulungan,impossible help,imposible tabangan
makakapagsabi mangyayari hinaharap,say happen future,makaingon mahitabo ugma
tingin sagot,think answer,pananaw tubag
pera,thats money,kwarta
pusa loob bahay,cat inside house,iring sulod balay
itoy tigre,tiger,tigre
tao dito magiwan mensahe,one leave message,tawo pagbilin mensahe
nakatayo katedral,cathedral stand,nabutang katedral
nakaalis tren dumating istasyon,train already left arrived station,nilakaw tren inig abot istasyon
turuan kaunting kanji pakiusap,teach kanji please,tudloe gamay kanji palihog
kinain daga bahagi tinapay,mice ate bread,gikaon ilaga pikas pan
magisa niyang,alone,nagbuhat ato
aktor,actor,aktor
tatay,father teacher,magtutudlo amahan
ginto hari hari,gold king kings,bulawan hari hari
maghintay maging berde ilaw,wait light turns green,maghulat mahimong lunhaw ilaw
nobya,doesnt girlfriend,uyab
nakita pinagagalitan tatay,saw father scolding,nakitan gikasukan amahan
pumunta paaralan,shouldnt go school,moadto eskwelahan
magpahinga,rest,magpahulay
naghingi maraming pera,asked lot money,nangayo daghan kwarta
kahapon kaarawan,yesterday birthday,gahapon adlaw natawhan
takbo,run,dagan
sakit,sick,sakit
natalo,lost,napildi
halika,come,ali
nahirapan pumara taksi,hard time hailing cab,nalisdan taksi
aking trabaho,job,gibuhat tarbaho
batang mahiyain,shy child,bata maulawon
ipinanganak estados unidos lumaki bansang hapon,born united states grew japan,gitawo estados unidos nidako nasud hapon
marunong mangabayo,know ride horse,kabalo mangabayo
sinungaling,hate liars,ganahan bakakon
pangalan hotel,hotel,gani ngalan hotel
matandaan,dont remember,mahinumdoman
maraming salamat pagimbita,thank much inviting,daghang salamat pagimbita
laman bote,bottle empty,sulod botelya
basa aso,dogs wet,basa iro
narinig hinalikan aking nobya,heard kissed girlfriend,nadunggan gihalokan uyab
pulang sapatos,would like red shoes,pula sapatos
marunong ditong magmaneho kotse,know drive car,bay kabalo drayb sakyanan
kinagat aso kamay,dog bit hand,gipaak iro kamot
makiliti sarili,cant tickle,magitik kaugalingon
ideya nangyari,idea happened,ideya naunsa nahitabo
taon,old,nay edad
taong gulang,years old,tuig
sinabi magulang,tell parents,giingon guinikanan
nakikinig radyo,listening radio,naminaw radyo
wang pangalan,wang,wang pangalan
lakas radyo,power radio,kusog radyo
pakihinaan,please slow,palihog hinayi
magkahawakkamay larawang,lets hold hands picture,naggunitay kamot ritrato
bago,new,bago
totoo pagkagupit buhok,honestly dont like hair cut,tinuod ganahan gupit buhok
raisa kyut,raisa cute,raisa kyut
nakatulog maayos,sleep well,nakatog tarong
daan magdadala patungo sentro bayan,road take center town,dalan magdala imoha padulong sentro lungsod
lilipad eroplano loob oras,plane fly one hour,mulupad eroplano sulod oras
nagkukulo tubig tsaa,boiling water tea,nagpakulo tubig tsaa
ipinanganak israel,born israel,gipakatawhan israel
bulag,blind,bulag
salamat hapunan,thanks dinner,salamat panihapon
mukha babae,looks like woman,mura babaye
humingi walis walisan sahig,ask broom sweep floor,mangayo silhig silhigan salog
alam makakapunta,dont know go,kabalo makaadto
napakaraming mapupulang bulaklak hardin,many red flowers garden,daghan pula bulak tanmanan
hinihingal,panting,gahangos
bangko balkonahe,bench balcony,bangko balkonahe
krisis europa,europe crisis,krisis europa
pumasa eksamen,passed exam,nakapasa eksam
nasagasaan kotse manika,car ran doll,naligsan sakyanan manika
tingin natatakot,think afraid,pananaw nahadlok
nakatira tiyo madrid kabisera espanya,uncle lives madrid capital spain,nagpuyo uyoan madrid kabisera espansya
kumain maraming gulay,eat lots vegetables,kaon daghang gulay
nagpandesal pista,prayed festival,nagpandesal pista
buko pandan bata pook,buko pandan children like area,buko pandan ganahan bata among lugar
laman mangkok niyang mesa,bowl table empty,way sulod panaksan lamesa
pumitas bulaklak hardin,picked flowers garden,nikuha bulak tanmanan
natatandaan numero pasaporte,remember passport number,nahinumdoman numero pasaporte
bahay berdeng bubungan,house green roof mine,balay lunhaw atopan
oras bumangon,time get,oras tigbakod
umiiyak payaso,clowns cry,mohilak sad payaso
sinuman perpekto,nobody perfect,perpekto
sinumang perpekto,one perfect,perpekto
nanalo,,nidaog
umalis tren,train left,nilakaw tren
pinatay betty,killed betty,gipatay betty
alin dito gitara,one guitar,gitara
naway magkatotoo pangarap,dreams come true,matinuod pangandoy
kailangang mahiya,dont shy,maulaw
tinakpan tenga,covered ears,gitabunan dalunggan
pinaiyak,made cry,gipahilak
lumang dyaryo pantakip pader,old newspapers cover wall,daan dyaryo pantakop pader
tumatambak plato lababo,plates piling sink,nagatambak plato lababo
pumatay,would someone want kill,mopatay
pera wallet,wallet empty,nay kwarta wallet
huhugasan pinggan,wont wash dishes,gihugasan plato
pakialam pera,dont care money,pakialam ginabuhat kwarta
tingin bay magugustuhan aking regalo,think like present,pananaw magustuhan akoang regalo
baliw,crazy,boang
aklat tungkol hari nawalan korona,book king lost crown,libro tungkol hari nawadan korona
ok umuwi,ok go home,ok muoli
pakpak lilipad patungo sayo,wings fly towards,pakpak molupad paadto
,,
kawawala aking bagong walet itim,lost new black wallet,bago nawala bago walet itom
madaling maluto sibuyas patatas,onions easier cook potatoes,dali maluto sibuyas patatas
magaaral binibigyan aklat paaralan,students provided school books,estudyante gihatagan libro eskwelahan
pakiusap bigyan niyo makakain gutom gutom,please give something eat hungry,palihog hatagi makaon gutom
mahirap pakialam pera,poor doesnt care money,pobre pakialam kwarta
mali,wrong,mali gibuhat
kasalungat salita mali tama,opposite wrong right,kalahian mali tama
gutom,hungry,gutom
aking bunso natutulog,youngest still sleeping,bunso natog
ngumiti nagpaalam,smiled said goodbye,ningisi nilakaw
mahal mahal,love loves,gihigugma paghigugma
mukhang gulat asawa,husband looked shocked,mura gikugaan asawa
kasawiang palad totoo,unfortunately true,kadimalas tinuod
araw taginit araw,day without like summer without sun,adlaw mura taginit adlaw
kinuha mula bulsa,took something pocket,gikuha bulsa
tsansa gagaling,chance recover,tsansa mamaayo
nawawala pusa lukas,lukass cat missing,nawala iring lukas
kinamumunghian kapitbahay,hate neighbors,kontra silingan
roon,wasnt,
kilala kapitbahay,dont know neighbors,nakaila silingan
naku napansin naiwan aking cellphone restawran,notice left cellphone restaurant,napansin nabilin cellphone restawran
ipapakilala aking magulang,introduce parents,ipailaila guinikanan
kapatid babae pierrot,pierrots sister,lumon baye pierrot
miyerkules,wednesday right,miyerkules ron
aling planeta pinakamalapit araw,planet closest sun,planeta pinakaduol adlaw
napakahaba pantalong halos abot sahig,pants long almost floor,perting tagasa anang pantalon halos moabot salog
nagpakamatay vincent van gogh,vincent van gogh committed suicide,nagpakamatay vincent van gogh
sigurado papasa eksam,sure pass exam,sigurado mopasar eksam
tama dinadaanan,right thing,tama ning giagian
magkakapareho edad,age,parehas edad
nanamitbabae,dressed woman,nakapangbabaye sinina
hiniram aklatan lungsod,borrowed city library,gihulaman librohan lungsod
tulungan,want help,tabangan
swerte swerte ninyong tatlo,three lucky,swerte tulo
pumunta magisa,go alone,moadto
natagpuan,found,nakitan
klinick link nangyari,clicked link nothing happened,gipindot link nahitabo
pagpatay naganap pagitan madaling araw,killing took place morning,pagpatay nahitabo tunga kaadlawon
dugong bughaw dumadaloy aking ugat,blue blood running veins,dugo asul nilatay ugat
helen pinsan,helen cousin,helen katagsa
kinailangan maglakad papunta roon nasiraan kotse,walk car broke,gikinahanglan magbaklay paadto naguban sakyanan
sumulat iilang kanta nakaraang linggo,wrote songs last week,nagsulat kanta niagi semana
nakikita liwanag,see light,nakitan kahayag
magbabayad,pay,nagbayad gibuhat
pagkakaalam nasulat nobela wikang hapon,far know novel never written japanese,nasayran nasulat nobela sinultian hapon
kinamumunghian isat,hate,nagadumot usagusa
alam matapat,know honest,kabalo matinuoron
ilog maraming isdang kulaydalandan,river many orange fish,suba daghang isda kolor kahel
maskara tao bundok,people mountain masks,maskara tawo bukid
loob kahon tatlong bolang ibaiba kulay,inside box three balls different colors,sulod kahon tulo bola lainlain kolor
sabi prinsipey kumain magsasaka langka,prince said farmer eat jackfruit,ingun prinsipe mokaon tagabasak langka
kalesa nilay kahoy ginto,chariot made wood gold,karwahe kahoy bulawan
naglilimos tapat batong templo,people begging front stone temple,nanglimos atubangan templo bato
lumalangoy bata ilog gubat,children swim river jungle,nagalangoy bata suba kalasangan
nagbangka taong papuntang bangko,people went boat bank,nagbangka tawo paadto bangko
pakainin pusa atay,feed cat liver,pakaona iring atay
kandelabra kalagitnaan hinayin ibabaw mesa,candelabra middle linens table,kandelabra tunga pagkaon lamesa
umupo lalaki bangkong kawayan,sat bamboo bench,nilingkod laki bangko kawayan
kulayrosas salamin bintana tapat hardin,glass window facing garden rosecolored,kolorrosas samin bintana atubangan tanmanan
nagluto nanay pusit kusina,mother cooked squid kitchen,nagluto nanay pusit kusina
naaksidente,accident,naaksidente
alam baybayin salitang creme brulee,doesnt know spell word creme brulee,kabalo unsaon pagbaybay pulong creme brulee
pangako pangako,promise promise,saad saad
maghintay,wants us wait,maghulat
nandoon pulong kahapon,meeting yesterday,pulong gahapon
sampung panulat,ten pens,napulo panulat
mahiyang maging babaet umiyak umiyak,dont ashamed woman cry cry,kaulaw mahimong babaye hilak hilak
marte pula lupa,mars earth red,marte pula lupa
triton buwan neptuno,triton moon neptune,triton bulan neptuno
galaksiyang daang magatas loob laniakea malawak malawak,milky way galaxy within laniakea vast,galaksiya agian maggatas sulod laniakea hastang lapara
laniakea higit galaksiya,laniakea galaxies,laniakea hapit galaksiya
dalawa buwan marte,mars two moons,duha bulan marte
mahigit buwan lumilibot hupiter,takes moons orbit jupiter,hapit bulan nagalibot hupiter
buwan venus,venus moon,bulan venus
buwan merkuryo,mercury moon,bulan merkuryo
sinturon asteroyd pagitan marte hupiter,asteroid belt mars jupiter,sinturon asteroyd tunga marte hupiter
maraming yelo ibabaw buwang europa hupiter,lot ice surface jupiters moon europa,daghang yelo ibabaw bulan europa hupiter
ilalim yelo tubig dagat buwang europa hupiter,beneath ice sea water jupiters moon europa,ilawom yelo tubig dagat bulang europa hupiter
mahigit tiyera kasya loob hupiter,jupiter fit tieras inside,hapit tiyera masigo sulod hupiter
mahigit tiyera surpasyong area hupiter,jupiters surface area tieras,hapit tiyera ibabaw lugar hupiter
surpasyong presyur hupiter kpa,surface pressure jupiter kpa,ibabaw presyur hupiter kpa
titan buwan saturno,titan moon saturn,titan bulan saturno
lawat ilog metano ibabaw buwang titan saturno,lakes rivers methane surface saturns moon titan,lawa suba metano ibabaw bulan titan saturno
masinsin himpapawid venus napakainit,venuss atmosphere dense hot,dasok kahanginan venus hastang inita
tiyera planetang asul berde,tiyera blue green planet,tiyera atoang planeta asul lunhaw
io mabulkang buwan hupiter,io massive moon jupiter,io mabulkan bulan hupiter
daang magatas galaksiya bilyong bituwin,milky way galaxy billion stars,agian maggatas galaksiya libo bituon
araw bituwin espasyo,sun star space,adlaw bituon espasyo
eksobiyolohiya pagaaral buhay espasyo,exobiology study life space,eksobiyolohiya estudyo kinabuhi espasyo
kalkulasyon edad sansinukob mahigit bilyong taon,calculated age universe billion years,kalkulasyon edad uniberso hapit libo tuig
mahigit bilyong taon edad tiyera,earth billion years old,hapit libo tuig edad atoang tiyera
malalaking bagyo hupiter,big storms jupiter,mangkadagko bagyo hupiter
eris pluton duwendeng planeta,eris pluto dwarf planets,eris pluton duwende planeta
hupiter saturno urano neptuno dambuhalang gas planeta,jupiter saturn uranus neptune giant gas planets,hupiter saturno urano neptuno dambuhala gas planeta
hupiter pinakamalaking planeta sistemang solar,jupiter largest planet solar system,hupiter kinadagkoan planeta sistema solar
hupiter pinakamalaking planeta sistemang pangaraw,jupiter largest planet solar system,hupiter kinadagkoan planeta sistema pangadlaw
liwanag surpasyo hupiter gradasyon gas likidong hidroheno,jupiter bright surface gradation gas liquid hydrogen,kahayag surpasyo hupiter tungod gradasyon gas likido hidroheno
planetang ekstrasolar planetang pamilya araw sol,extrasolar planets planets family sun sol,planeta ekstrasolar planeta kapamilya atoang araw sol
dakilang pulang batik hupiter malaking bagyo,jupiters great red spot huge storm,dakila pula batik hupiter dagko bagyo
saturno ruwedang lumilibot,saturn wheel going around,saturno ruweda nagalibot
mahigit buwan lumilibot saturno,moons orbit saturn,hapit bulan nagalibot saturno
mahal tatay,love father,gihigugma akoang amahan
sinabi niyang pupunta amerika,said going america,giingun moadto amerika
olympus mons marte malaking bulkan mataas bundok everest tiyera,olympus mons mars large volcano taller mount everest earth,olympus mons marte daku bulkan tagas bukid everest tiyera
maraming buhanging duna surpasyo marte,many sand dunes surface mars,daghan balas surpasyo marte
valles marineris malalim mahabang sabak marte,valles marineris deep long pits mars,valles marineris lalum tagas sabak marte
umaga vallis lambak venus,umaga vallis valley venus,umaga vallis lambak venus
umaga lumang tawag venus,umaga old calling venus,umaga karaan gitawag venus
venus tala umaga,venus note morning,venus bituon buntag
lakshmi planum talampas patag kataasan venus,lakshmi planum plateau plateau venus,lakshmi planum talampas patag katagasan venus
katamtamang surpasyong temperatura venus c,average surface temperature venus c,tamatama surpasyo temperatura venus c
temperatura surpasyo marte c c katamtamang c,surface temperature mars c c averages c,temperatura ibabaw marte c c tamatama c
katamtamang surpasyong temperatura pluton k c,average surface temperature pluto k c,tamatama temperatura surpasyo pluton k c
katamtamang surpasyong temperatura hupiter k c,average surface temperature jupiter k c,tamatama temperatura surpasyo hupiter k c
ceres duwendeng planetang loob sinturon asteroyd,ceres dwarf planet within asteroid belt,ceres duwende planeta sulod sinturon asteroyd
merkuryo venus tiyera marte planetang terestriyal sistemang pangaraw,mercury venus earth mars terrestrial planets solar system,mekyryo venus tiyera marte planeta terestriyal atoang sistema pangadlaw
eris duwendeng planetang lampas neptuno malaki pluton,eris dwarf planet beyond neptune larger pluto,eris duwende planeta lagpas neptuno dagko pluton
eris pinakamalaking duwendeng planetang alam sistemang pangaraw,eris largest dwarf planet known solar system,eris kinadakan duwende planeta ilado atoang sistema pangadlaw
makemake haumea duwendeng planetang lampas neptuno,makemake haumea dwarf planets beyond neptune,makemake haumea pipila duwende planeta lagpas neptuno
alam limang buwan pluton charon pinakamalaki,pluto known five moons charon largest,ilado lima bulan pluton charon kinadakan
charon nix hydra kerberos styx alam buwan pluton,plutos known moons charon nix hydra kerberos styx,charon nix hydra kerberos styx ilado bulan pluton
ulap oort napakalaking bilog kaulapan lampas neptuno dito binubuo bilyunbilyong kometa,oort cloud large round cloud beyond neptune home billions comets,panganod oort kinadakan lingin kapanganuran lagpas neptuno gilangkob libo libo kometa
ruwedang maninipis lumilibot neptuno,thin wheels orbiting neptune,ruweda mangkanipis nagalibot neptuno
dambuhalang gas planeta sistemang pangaraw ruwedang lumilibot maninipis malalaki,gas giant planets solar system orbiting wheels either thin large,dagko gas planeta sistema pangadlaw ruweda nagalibot nipis dagko
ganimedes pinakamalaking buwan sistemang pangaraw buwan hupiter,ganymede largest moon solar system moon jupiter,ganimedes kinadakan bulan sistema pangadlaw bulan hupiter
ganimedes alam buwan magnetospera sistemang pangaraw,ganymede known moon magnetosphere solar system,ganimedes ilado bulan magnestospera sistema pangadlaw
komposisyon buwang ganimedes bato yelo,composition moon ganymede rock ice,komposisyon bulan ganimedes bato yelo
merkuryo pinakaunang planetang lampas araw,mercury first planet beyond sun,merkuryo pinakauna planeta lagpas adlaw
venus ika planetang lampas araw,venus nd planet beyond sun,venus ika planeta lagpas adlaw
tiyera ika planetang lampas araw,tiera rd planet beyond sun,tiyera ika planeta lagpas adlaw
marte ika planetang lampas araw,mars th planet beyond sun,marte ika planeta lagpas adlaw
hupiter ika planetang lampas araw,jupiter th planet beyond sun,hupiter ika planeta lagpas adlaw
saturno ika planetang lampas araw,saturn th planet beyond sun,saturno ika planeta lagpas adlaw
urano ika planetang lampas araw,uranus th planet beyond sun,urano ika planeta lagpas adlaw
neptuno ika planetang lampas araw,neptune th planet beyond sun,neptuno ika planeta lagpas adlaw
suklob yelong polar marte metrong yelo karbon dioksido ibabaw yelong tubig,polar ice caps mars several meters carbon dioxide ice top water ice,takup yelo polar marte pipila metro yelo karbon dioksido ibabaw yelo tubig
marte puno desyerto,mars full deserts wilderness,marte puno desyerto
tunawin suklob yelong polar timog marte mababaha buong surpasyo planeta metrong kailalimang tubig,polar ice caps south mars melt entire surface planet would flooded meters deep water,tunawon takup yelo polar habagatan marte bahaon tibuok surpasyo planeta kametro kalalom tubig
mapula surpasyo marte kalawang,surface mars red due rust,pupula surpasyo marte tungod kalawang
mahigit aktibong bulkan buwang io hupiter,jupiters moon io active volcanoes,hapit aktibo bulkan bulan io hupiter
interaksiyon buwang io magnetospera hupiter,moon io interacts jupiters magnetosphere,interaksyon bulan io magnetospera hupiter
buwang io hupiter medyong malaki luna tiyera,jupiters moon io slightly larger planets moon,bulan io hupiter daku gamay luna atoang tiyera
kalawakan laniakea milyong sinagtaon,laniakea galaxy million lightyears across,kawanangan laniakea milyon silaw tuig
alpha centauri kapitbahay sistemang pangbituwin tatlong bituwing alpha centauri b c,alpha centauri neighboring star system three stars alpha centauri b c,alpha centauri atoang silingan sistema pangbituon tulo bituon alpha centauri b c
distansiya alpha centauri araw sinagtaon,distance alpha centauri sun light years,kalayon alpha centauri adlaw silaw tuig
antares pulang superhiganteng bituwing beses radyus araw,antares red supergiant star times radius sun,antares pula kinahigantian bituon dakan radyus adlaw
atmospera venus porsiyentong karbon dioksido,atmosphere venus percent carbon dioxide,atmospera venus porsiyento karbon dioksido
alam buwan urano mahigit,known moons uranus maybe,kabuok ilado bulan urano basi daghan
miranda ariel umbriel titania oberon malalaking buwan urano,miranda ariel umbriel titania oberon large moons uranus,miranda ariel umbriel titania obreron dagko bulan urano
portia maliit buwan urano,portia small moon uranus,portia gamay bulan urano
alam buwan neptuno mahigit,known moons neptune maybe,kabuok ilado bulan neptuno basi daghan
titania pinakalaking buwan urano,titania largest moon uranus,titania kinadakan bulan urano
titan pinakalaking buwan saturno makapal atmospera,titan saturns largest moon thick atmosphere,titan kinadakan bulan saturno baga atmospera
buwang titan duna ilog lawa dagat,moon titan dunes rivers lakes seas,bulan titan duna suba lawa dagat
surpasyo buwang triton neptuno yelong nitroheno yelong tubig yelong karbon dioksido,surface neptunes moon triton nitrogen ice water ice carbon dioxide ice,surpasyo bulan triton neptuno yelo nitroheno yelo tubig yelo karbon dioksido
oberon pinakapulang buwan urano,oberon reddest moon uranus,oberon kinapulahan bulan urano
katamtamang surpasyong temperatura urano k c,average surface temperature uranus k c,tamatama temperatura surpasyo urano k c
katamtamang surpasyong temperatura neptuno k c,average surface temperature neptune k c,tamatama temperatura surpasyo neptuno k c
katamtamang surpasyong temperatura saturno k c,average surface temperature saturn k c,tamatama temperatura surpasyo saturno k c
kabilangan surpasyo buwang triton neptuno yelong nitroheno yelong tubig yelong karbon dioksido,surface neptunes moon triton includes nitrogen ice water ice carbon dioxide ice,lakip surpasyo bulan triton neptuno yelo nitroheno yelo tubig yelo karbon dioksido
artipisyal grabidad maaaring matamo megastrukturong rotasyon espasyo,artificial gravity achieved megastructures space rotation,artipisyal grabidad matamo megastrukturo rotasyon kawanangan
masyadong alam epekto ibaibang grabidad pagbubuntis,effect different gravities pregnancy well known,masyado ilado epekto lainlain grabidad pabguntis
masyadong alam epekto ibaibang grabidad paglaki bata,little known effect different gravities childrens growth,masyado ilado epekto lainlain grabidad pagdaku bata
kabilangan habitasyon espasyo ibaibang hayop halaman,includes space habitats various animals plants,lakip habitasyon kawanangan lainlain hayop tanom
solusyon inyong problema pornograpiya,pornography solution problems,solusyon inyohang problema pornograpiya
nagdrodroga nawala isip,take drugs lose minds,nagadroga nawa pangutok
anak nilay isip matatanda,children minds adults,anak panghunahuna pangtigulang
nagtitibi buong araw,hang around day,nagatibi tibuok adlaw
nabuwibuwisit silat naghihintay gera,waiting war,nabwisit nagahulat gubat
nilang pagusapan relihiyon,want talk religion,pagistoryahan pulong relihiyon
karne simbolo sekso,meat symbol sex,karne simbolo sekso
tiwala tao,dont trust people,silay salig tawo
nilang panuurin kahirapan ibang tao,want observe peoples difficulties,tanawon kalisud laing tawo
mahal kuwarta tao,love dough people,gihigugma kwarta tawo
tinatamad maraming tao,many people lazy,natapulan tawo
maintindihan natanda,dont understand get old,masabtan nanigulang
matanda eliza katapusan,eliza old wants end,tigulang eliza kataposan
nahihirapan umintindi budismo,find difficult understand buddhism,naglisud sabot budismo
mahal buda,loves buddha,gihigugma buda
niyang tumira bansang budista,wants live buddhist country,magpuyo nasud budista
niyang magaral isip niyay matanda,doesnt want study anymore thinks old,ganahan mageskwela tungod tigulang
gamot sikosis,needs medicine psychosis,tambal sikosis
phobos deimos dalawang buwan marte,phobos deimos two moons mars,phobos deimos duha bulan marte
nagkaroon kolonya marte,colony mars around,adunay kolonay marte
limang libong taon eksplorasyon kolonisasyon sistemang pangaraw katulad pagdidiskubre amerika primitibong panahon,exploration colonization solar system took five thousand years similar discovery americas primitive times,lima libo tuig eksplorasyon kolonisasyon sistema pangadlaw parehas pagdiskubre amerika primitibo panahon
takipsilim planetang alabong galaksiyang andromeda langit,twilight planet alabong saw andromeda galaxy sky,pagkataklap gabii planeta alabong makita galaksiya andromeda kawanangan
gubat planetang gonggong maraming nakabiting sinagbunga,jungles planet gonggong many hanging ray fruits,kalasangan planeta gonggong daghan nakabitay bunga sanag
moradong ilog planetang hughog untong nangingisda,purple river planet hughog untong fishing,morado suba planeta hughog nangisda untong
tatlo mata untong berde balat buhok,untong three eyes green skin hair,tulo mata untong lunhaw panit buhok
kekong sumakay sasakyang pangkalawakan,kekong wants ride spaceship,kekong mosakay sakyanan pangkawanangan
totong maglakbay sankabituwinan,totong wants travel heaven,totong mosuroy kawanangan
galing kalawakan yoyong tagatiyera,yoyong outer space tiyera,galaksiya yoyong tagatiyera
hula sikat dalubagham pagtamo pinakaagang kolonya marte siglo,famous scientist predicted earliest colony mars might century,gitagna sikat eksperto pagkakuha pinakasayong kolonya marte siglo
legal prostitusyon germany,prostitution legal germany,legal prostitusyon germany
kalawakan laniakea maraming bagay buhay,laniakea galaxy many living things,galaksiya laniakea daghang butang kinabuhi
buhay tiyera basado elementong karbon iba ibang planeta,life earth based element carbon different planets,kinabuhi tiyera basado elemento karbon sab ubang planeta
ibang planeta buhay basado silikon karbon,planets might life based silicon coal,ubang planeta kinabuhi basado silikon karbon
dambuhala brasil,brazil monster isnt,labing kadako gayud brazil
magaling sikolohiya,good psychology,maayo sikolohiya
lebel alam sikolohiya primitibo,level knowledge psychology still primitive,lebel inyong kaalam sikolohiya primitibo
panspermia teoriya buhay galing bumagsak bagay galing kalawakan galing kalawakan buhay,panspermia theory life comes fallen matter space life comes space,panspermia teyorya kinabuhi butang natagak kawanangan kawanangan kinabuhi
kodswitsing ibang bagay hiram salita,codeswitching different matter borrowed words,kodswits lahi butang huram pulong
palagi nagkokodswits bagay,always coddling doesnt suit,kanunay naga kodswits angayan
agham kinabukasan,without science future,syensya gyuy kaugmaon
sumakay sasakyang pangkalawakan dodong,dodong boarded spaceship,misakay sakyanang pangwanang dodong
nagbiyahe dodong sankabituwinan,dodong traveled sankabituwinan,nagbiyahe dodong wanang daghang bituon
umalis dodong pakalawakan,dodong left space,mipanaw dodong paadto kawanangan
papatayin magulang,parents kill,mapatay sakong amahan inahan
masisiyahan marinig,happy hear,malipay madungog
iba pananampalataya,different faith mine,lahi pagtoo kumpara sakoa
naglanding modulong philae rosetta surpasyo kometa,rosettas philae module landed surface comet,mitugpa modulo philae rosetta lansay kometa
maghanap apeksiyon mula ibang tao bumili pusa,dont look affection people buy cat,pangitaa pagbati ubang tao maayong mupalit iring
magaral budismo dao inyong sariling kabutihan,study buddhism dao good,pagtuon budismo dao alang inyong kaugalingong kaayohan
bumisita taylandiya bandang huli naging budista,visited thailand eventually became buddhist,mibisita thailand kaulahian nahimo budista
nagaral dao maging simpleng driptwud,studied dao become like simple dripwood,nagtuon dao arun mahimong sama yano gapo
umiinom teteng hugo sampalok,teteng drinks tamarind juice,teteng gainom duga sampalok
magaling naglanding philae rosetta kometa mahiwaga kometa,rosettas philae successfully landed comet comet mysterious,maayo mitugpa philae rosetta kometa tungod kahibulongan kometa
populasyon planetang sobong bilyon,population planet sobong billion,populasyon planetang ginganlan sobong napulo bilyon
populasyon planetang tolong milyon,population planet tolong million,populasyon planetang ginganlan tolong duha milyon
ibang intelihenteng espesye nakatira planetang gurongkong,another intelligent species lives planet gurongkong,lahi maalamong klase nagpuyo planetang gurongkong
superklaster tikilong nadiskubreng limang intelihenteng espesye,tikilong supercluster five intelligent species discovered,superklaster tikilong adunay nabatyagan lima maalamong klase
propesor yeyeng eksobiyolohiya unibersidad,yeyeng professor exobiology university,propesor yeyeng eksobiyolohiya kinatumhaan
inhenyero espasyong estruktura bingbing,bingbing structural space engineer,banalam espasyong estraktura bingbing
nakatira galaksiyang andromeda,lives andromeda galaxy,nagpuyo galaksiyang andromeda
gumawa halohalo,make mess,pagbuhat halohalo
magluto pritong bangus,cook fried bangus,prito bangus
gumawa mais yelo,make ice cream,pagbuhat halohalo
gumawa sagot gulaman,make sago gelatin,pagbuhat sago gulaman
pritong isda buko kinain dalampasigan,ate fried fish knuckles beach,pinirito isda butong among gikaon daplin dagat
kalamay hugo kalamansi nimeryenda bahay,snacked calamari lime juice home,kalamay duga kalamansiang among esnak balay
kaunti pitsipitsi narating bahay dindin,little crowded reached dindins house,gamay nalang pitsipitsi among abot balay nil dindin
gumamela namumulaklak hardin loob kolonya marte,blooming garden inside colony mars,gumamela nagpamiyuos tanaman sulod kolonya marte
sampagita dinagdag halaman hardin loob kolonya marte,sampagita added garden plants inside colony mars,sampagita gidungag panid tanaman sulod kolonya marte
hardin marte loob domo protektado labas,gardens mars inside domes protected outside,tanaman marte sulod domo protektado gawas
nagbarko inhenyero propesor lawang metano buwang titan,engineers professors set sail methane lakes moon titan,nagbarko banalam propesor linawng metano buwan titan
masanay istoryang makahipotesis,get used hypothetical stories,maanad pulong makapangagapas
teraporming benus pinalagnaw atmospera pinataas oksiheno pinababa karbon dioksido,terraforming benus atmosphere cooled increased oxygen decreased carbon dioxide,teraporming benus gipalasaw atmospera gipataas oksiheno gipababaan karbon dioksodo
imahinasyon nagiging kulungan utak tao,without imagination human brain becomes prison,handuwaran mamahimong prisohan utok tao
nangyayari nangyayari daigdig,everything happens happens world,nahitabo nahinabo niining kalibutana
nagaaral jingjing eksobiyolohiya unibersidad sistemang solar,jingjing studies exobiology university solar system,nageskwela jingjing eksobiyolohiya kinatumhaan sistemang solar
su marte hayop galing tiyera,among su mars animals tiyera,su marte kahayopan tiyera
karamihan kolonista marte budista,majority colonists mars buddhists,kadaghanan kolonista marte budista
lotus dekorasyon templo marte,temples mars decorated lotuses,pagusi dekorasyon agigising marte
nagaaral mineralohiya andong unibersidad marte barsoom,andong studies mineralogy university mars barsoom,nageskwela mineralohiya andong kinatumhaan marte barsoom
tagapamahayag jetjet diyaryo marte,jetjet reporter diyaryo marte,jetjet tigpamalita diyaryo marte
ospital nitong kolonya marte ilalim lupa,colonys hospital mars underground,balay tambalanan marte nahimutang ilalom yuta
masaya bata pista ika anibersaryo kolonya marte,children fun th anniversary celebration mars colony,malipayon bata pyesta niadtong ika anibersaryo kolonya marte
kain kain masasayang nagpipistahan loob domo barsoom,happy feasters inside domo barsoom eat food,kaon malipayong selebrar pyesta sulod domo barsoom
kantahan tawanan nagpipista loob domo barsoom,sing laugh revelers inside domo barsoom,awit nagkatawa selebrar pyesta sulod domo barsoom
masaya bata narito barsoom,happy young barsoom,malipayon tungod bata barsoom
budista tao barsoom,people barsoom buddhists,budista katawhan barsoom
naging budista kalahati mundo,half world became buddhist,nahimong budista katunga katawhan kalibutan
masaya tao barsoom bata budista,people barsoom happy buddhist young,malipayon katawhan barsoom tungod budista sukad paman pagka bata
nagsiksik nagpipista tabi plaza burroughs,revelers crowded side plaza burroughs,guot selebrar pyesta daplin plaza burroughs
gumawa espasol,made spasol,pagbuhat espasol alang
superklaster bilonggo nadiskubreng intelihenteng espesye,bilonggo supercluster intelligent species discovered,superklaster bilonggo adunay nakaplagang maalamong klase
niyang maging simpleng driptwud nagaral dao,wanted like simple dripwood studied dao,pangandoy mahimong sama yano gapo busa nagtuon dao
populasyan planetang gandong dalawang daang libo,population planet gandong two hundred thousand,kamulupyohan planetang gandong duha gatos libo
nagkamping siyentipiko gubat planetang wonggong,scientists camped jungle planet wonggong,kamping sayantipiko lasang planetang wonggong
jongjong budismo ibang relihiyon,jongjong prefers buddhism religions,pangandoy jongjong budismo ubang relihiyon
espesyeng pinokyo matitilos ilong nakatira planetang pinokyohan,pinokyo species sharp noses live planet pinokyohan,klaseng pinokyo adunay hait ilong nagpuyo planetang pinokyohan
tagabenus pamilya ronron lumaki marte,ronrons family benus grew mars,tagabenus pamilya ronron apan midako marte
seramik bahay benji kumikislap araw,benjis house ceramic sparkles sun,seramiko balay benji nagpangidlap adlaw
moradong kanin popular pagkain planetang empong,rice popular food planet empong,morado kanon bantog pagkaon planetang empong
kumakanta totong pinakapopular kanta planetang imonggo,totong sings popular song planet imonggo,gakanta totong pinaka bantogang kanta planetang imonggo
totong mareng pumunta buwang triton,totong mareng want go moon triton,pangandoy totong mareng muadto bulang triton
umalis totong pakalawakan hupiter,totong left space jupiter,mipanaw totong wanang jupiter
naging independiyente sistemang hupiter tiyera mula taon nakalipas,jupiter system independent tiera since years ago,nahimong makinaugalingon sistemang hupiter adtong tuig milabay
ayokong pumasok eskwela,dont want go school,mosulod eskwela
naging independiyente marte tiyera mula taon nakalipas,mars independent tiyera since years ago,nahimong makinaugalingon marte tiyera adtong tuig milabay
populasyon labas tiyera lumampas tiyera mula taon nakalipas,population outside tiyera exceeded tiyera since years ago,kamulupyohan gawas tiyera milampas tiyera sukad niadtong tuig milabay
dakilang relihiyon marte budismo,great religion mars buddhism,bantogan relihiyon marte budismo
nagsasamba marsiyano kanilang templo,martians worship temple,naga simba marsiyano templo
malaking industriya paggawa berdeng keso kolonya buwan,green cheese production large industry moon colony,dako industriya pagbuhat lunhaw keso kolonya bulan
masasarap pagkain restawran barsoom,meals restaurants barsoom delicious,lamian pagkaon restawran barsoom
paborito planeta sistemang solar,favorite planet solar system,paboritong planeta sistemang solar
hugo gumamela totong,totong wanted hugo gumamela,gata gumamela totong
maraming alagang kambing totong bukid,totong many goats farm,adunay daghang binuhing kanding totong bukid
nagkalesa budistang papuntang templo,buddhists took chariot temple,nagkalesa budista padulong ilahang templo
republika maharlika budismo relihiyon,royal republics religion buddhism,budismo relihiyon republika maharlika
maraming templo republika maharlika,many temples royal republic,adunay daghang templo republika maharlika
pagitan lungsod republika maharlika gubat bukid,cities royal republic forests fields,taliwala lungsod republika maharlika adunay lasang kabukiran
niyang kumain pitsa dalampasigan,wants eat pizza beach,gapangadoy mukaon pitsa baybayon
niyang kumain pitsang halamang dagat,prefers eat pizza seaweed,ganahan mukaon pitsa adunay guso
masarap pitsang halaan tahong ibabaw,pitas halaa mussels top tastier,lami pitsa adunay halaan tahong babaw
maraming kabuti totong pitsa,totong likes lot goodness pizza,ganahan totong daghang uhong pitsa
tengangdaga totong pitsa,totong likes pizza rat ears,dalunggan ilaga ganahan totong pitsa
pugita totong pitsa,totong likes squid pizza,kugita ganahan totong pitsa
kugita totong pitsa,totong likes squid pizza,kugita ganahan totong pitsa
tinatandaan aksento karaniwang sinusulat kudlit,accent remembered usually written without apostrophes,ginatimanan tonada tungod kasagaran kining ginasulat kudhit
ruso karaniwang sinusulat kudlit aksento,like russian apostrophes accent usually written,susama ruso tungod kasagaran ginasulat kudhit alang tonada
binati dodong totong harap bahay,dodong greeted totong front house,giabiabi dodong totong atubangan balay
maraming olibo totong pitsa,totong likes lot olives pizza,daghang olibo ganahan totong pitsa
palaging nagsasabi totoo,doesnt always tell truth,kanunay gasturya tinuod
maghugas kamay bago humawak pagkain,wash hands handling food,hugas daan kamot bago mugunit pagkaon
mayroon haykap galing kalawakan,fan outer space,bay haykap kawanangan
tingin pagpapanuod ordinaryong telebisyon trabaho,think watching ordinary television work,panglantaw pagtanaw ordinaryong telebisyon trabaho
seramik bubong totong kumikislap araw,totongs roof ceramic sparkles sun,seramiko atop totong gapangsidlak adlaw
umiinom basong sarsaparilya enrico,enrico drinking glass sarsaparilla,gainom baso sarsaparila enrico
palibot kastilyo maraming halaman,around castle many plants,palibot kastilyo adunay daghang tanom
isla dagat,islands sea,adunay isla dagat
babae kayong takot pusa,women afraid cats,babae hadlukan iring
akala ninyoy marumi buhok,thought hair dirty,nagtuo hugaw inyong buhok
nahihinaan wika,weak language,nahuyangan inyong sinultian
akala tae,think shit,mura mog tae
takot pusa,afraid cats,hadlok iring
nalulungkot relihiyon,sad religion,nasubo tungod inyong relihiyon
lolo wika,speak like grandfather,sama tigulang lalake pinulungan
masyadong intelihente,intelligent,maalamon
mahal diyos,god love,higugmaa ginoo
naiintindihan buong daigdig wika,whole world understands language,nasabtan tibuok kalibutan pinulungan
,,
takot astronomiya,also afraid astronomy,mahadlokon sab astronomiya
buong rasa ninyoy simbolo retribusyon,whole race symbol retribution,inyong tibuok kaliwat nagpatimaan pagsilot
simbolo metapora,symbol metaphor,larawan sambingay
naging tamad katauhan,personality become lazy,nahimong tapulan persona
akala nilay tao,thought human,nagtuo tao
manedyer,dont manager,magdudumala
inuutusan,ordered,ginasugo
bayad,paid,bayad
pangit relihiyon,religion ugly,ngilad inyong relihiyon
naging alila hayop,become slave animals,nahimo sulugoon hayop
tiwala katauhan daigdig,trust people world,silay pagsalig katawhan kalibutan
ginagamit manuwal sikolohiya,oh use psychology manual,ilahang ginagamit manwal sikolohiya
tao,human,tao
pinalaya ibon,freed bird,gibuhian langgam
isip moy trabaho manuod telebisyon,think everything work watch television,hunahuna trabaho baylo paglantaw telebisyon
isip moy trabaho puwera manuod telebisyon,think everything work except watching television,hunahuna trabaho gawas paglantaw telebisyon
nasasarapan sarili nilang propaganda,enjoy propaganda,naganahan kaugalingong propaganda
akala nilay importante opinyon tao nagpropropaganda,thought everyones opinion important propagated,nagtuo importante panahom tanang katawhan propaganda
buong daigdig kulungan pakalawakan,whole world like prison space needed,tibuok kalibutan masusama prisohan busa kawanangan
tingin masyadong apektado tao propaganda,think people affected much propaganda,panglantaw apektado tawo propaganda
makaagham propaganda sinusukat kabisahan,propaganda scientific measure memorization,makasensya ilahang propaganda tungod sukda kaalam
random epek propaganda,effect propaganda seems random,sinalagma epekto ilahang propaganda
nagiingles silay umiiyak,speak english like theyre crying,mamulong silag ingles mura silag gahilak
relihiyon,religion,silay relihiyon
nilang relihiyon,dont want religion,ganahan silay relihiyon
matagal nawalan relihiyon,lost religion long time ago,hagbay nawalan relihiyon
nakabilanggo tao daigdig pagsasaliksik kalawakan,imprisoned world space research necessary,piniriso tao niining kalibutana maong panukiduki kawanangan
maraming ilog pransya,many rivers france,daghang suba pransya
kumain restawran magisa,ever eaten restaurant alone,mikaon restawran
kalungkutan ninyong magbati,want sadness dont want congratulate,tungog makigdait usagusa kasubo inyong gipili
siguro nananagarilyo tapat kompyuter,maybe fiddling front computer,tingali gasigarilyo atubangan kompyuter
parati ninyong pinaguusapan,keep talking,pirme
masyado relihiyosa,religious,sobra relihiyosa
roon hapon iba pangalan,japan different,hapon tungod lahi pangalan gigamit
ninyong maging matanda,want old,nangandoy mamahimo edaran
ninyong obligasyon matanda,want obligations like old,ganahan obligasyon susama edaran
kapitbahay kayong matatanda,neighbors like look old,ganahan silingan tungod mura edaran
basta magpromot relihiyong mabuti inyo,promote religion better,basta pagpausbaw relihiyon maayo inyo
bagay inyo tradisyunal ninyong relihiyon,seems traditional religion suit,inyo inyuhang naandan relihiyon
pagsusulat ingles gamot aburido,writing english medicine aburido,pagsulat ingles maoy tubag nabalaka
akala mayaman europa,thought europe rich wasnt,nagtuo dato europa
nawala mahiya buhay,shame disappeared life,nawagtang kaulaw inyong kinabuhi
nawala salamangka buhay,magic gone life,nawagtang lingla inyong kinabuhi
nawala madyik buhay,magic gone life,nawagtang mahika inyong kinabuhi
malungkot relihiyon,sad dont like religion,masubanon tungod ilahang relihiyon
ganang kumain mansanas,dont want eat apples anymore,silay kahinam mukaon mansanas
umiinom tasa tsokolate labas kastilyong bato,drinking cup chocolate outside stone castle,gainom tasa tsokolate gawas kastilyo gama bato
naghihintay malaking katastrope nabuwibuwisit buhay,waiting big catastrophe getting tired lives,gahuwat dakong katalagman tungod napulan kinabuhi
pera pera pera iniisip,think money money money,kwarta kwarta kwarta nalang hunahuna
naging robot,became robots,nahimo robot
malungkot nilang tumira malayong bansang mayaman,sad want live far richer country,masubanon tungog nangandoy mupuyo layong lugar dato
nilang isipin robotrobot,dont want think robots,hunahunaon robotrobot
tinapos pitsa papuntang sentro,finished pizza going center,iyahang gihurot iyahang pitsa tungod muadto sentro
nagpipintura tanaw bukid labas bahay,painting view farm outside house,nagpintal laraw bukid gawas balay
tinik dibdib,thorns chest,adunay tunok dughan
luha salita,tears words,adunay luha ilahang pulong
parati nakasimangot,always frowning,pirme nagmugot
jhong budismo relihiyong pinagaralan,jhong preferred buddhism among religions studied,tanang relihiyong natunan jhong ganahan budismo
nagaral bing relihiyong animista,bing studied animist religions,nagtuon bing relihiyong animista
mamatay ibang lalawigan laniakea papunta,dies going another province laniakea,mamatay laing probinsya laniakea padulngan
langit ibang lalawigan laniakea,province laniakea like heaven,sama langit ubang probinsya laniakea
solidong ilusyon buong laniakea,laniakea solid illusion,sumpok ilusyon tibuok laniakea
labas laniakea,whats outside laniakea,gawas laniakea
tipiko lalawigan laniakea,province laniakea typical,tipikal probinsyang laniakea
katauhan unggoy nageebolb,humans still apes still evolving,katawhan unggoy padayon nagalambo
katauhan matsing nageebolb,humans still young developing,katawhan unggoy padayon nagalambo
tama afghanistan dito,right afghanistan,sakto sama afghanistan
dominante kaliwang utak,left brain dominant,dominante parte ilahang utok
kontrol kaliwang utak kanan katawan kanang utak kaliwa katawan,left brain controls right side body right brain controls left side body,kontrolado parte utok tuo parte utok tuo parte utok kontrolado parte lawas
uminom berdeng tsa hardin niyang puno gumamela,drank green tea gumamela garden,naginom lunhaw tsa hardin niyang napuno gumamela
araw zamenhof maligaya kaming esperantisto,zamenhof day esperantists happy,adlaw zamenhof malipayon kaming esperantisto
araw zamenhof kumain pitsa selebrasyon,zamenhofs day ate pizza celebrate,adlaw zamenfor mikaon pitsa alang kasaulogan
berdeng keso loob tinapay,green cheese inside bread,lunhaw keso sulod pan
berdeng rosas paligid hardin bing,green roses around bings garden,lunhaw rosas palibot hardin bing
berdeng rosas mutasyon,green rose mutation,lunhaw rosas mutasyon
nagaaral dodong klingon klase dramatika,dodong studying klingon drama class,nagtuon dodong klingon alang klase dramatika
kailangang magbati arawaraw,say hello every day,makig abiabi adaw
magbati magbati aburido,want say hello youre bored,ganahan abiabi tungod magulanon
natutunan ben paggawa apoy gamit posporo,ben learned make fire without matches,nakakaton bensa pagmugna kalayo pina agi posporo
mali calculator,something wrong calculator,adunay sayop igalkulo
tingin mananatili,think stay,pananaw magpabilin
burj khalifa pangkasalukuyang pinakamataas gusali mundo,burj khalifa current tallest building world,burj khalifa pagkaakaron inilang kinatasang dakbalay tibuok kalibutan
mayroong isla dagat,islands sea,adunay pulo dagat
naiinggit mayaman,jealous richer,nasina taw labaw dato
wika kulubot wika,language like language wrinkles,ilahang pinulungan sama pinulungan kulubot
naiintindihan ibig sabihin kayamanan,understand meaning wealth,masabti kahulogan bahandi
nalalamigan salita wika,get cold words language,nabugnawan pulong pinulongan
nilang magkaanak katapusan pagod pagod,dont want children want end tired,mangandoy magkaanak ganahan mahuman tungod gikapoy maayo
gubat wagalang puno sinagbunga,forest wagalang fruit trees,lasang wagalang adunay punoan sinagbunga
magandang umaga,good morning,maayong buntag
lungkot lungkot,sad,masubanon
nilang basahin obra talakong planetang mimeng,want read works talakong planet mimeng,ganahan basahon buhat talakong lawangitang mimeng
binabasa sulat saratok planetang sengkong,reading letters saratok planet sengkong,gina basa suwat saratok lawangitang sengkong
relihiyoso tao bundok,mountain people religious,relihiyoso katawhan bukid
nagpuputo lina kusina,lina cooking kitchen,puto lina kusina
nagpapandesal pedro kusina,pedro praying kitchen,pandesal pedro kusina
nagpapansit celeste kusina,celeste making noodles kitchen,pansit celeste kusina
nagaadobo ben kusina,ben pickled kitchen,adobo ben kusina
nagkukutsinta enrico kusina,enrico making love kitchen,kutsinta enrico kusina
nagkakalamay nida kusina,nida shaking hands kitchen,kalamay nida kusina
gumagawa nilupak wesley kusina,wesley making pottery kitchen,gama nilupak wesley kusina
gumagawa sans rival crystal kusina,crystal makes sans rival kitchen,gama sans rival crystal kusina
nagluluto bangus dindo kusina,dindo cooking bangus kitchen,luto bangus dindo kusina
nagpopolboron ebyang kusina,ebyang whispering kitchen,polboron ebyang kusina
nagleletseplan binda kusina,binda cooking kitchen,letseplan binda kusina
gumagawa tocino de cielo nerria,nerria makes tocino de cielo,gama tocino de cielo nerria
nagsasansribal calla kusina,calla arguing kitchen,sanribal calla kusina
gumagawa apol dyus tria kusina,tria making apple juice kitchen,gama apol dyus tria kusina
gumagawa pitsipitsi gina kusina,gina making lace kitchen,gama pitsipitsi gina kusina
nagpapalitaw tony kusina,tony pacing kitchen,nagpalitaw tony kusina
nagsasandwits marco,marco sandwich,sandwits marco
naghahamburger anna restawran,anna eating hamburger restaurant,hamburdyer anna restawran
nagkakape francis kapehan,francis coffee cafe,nangape francis kapehanan
nagtsatsa mirabel tsahan,mirabel sipped tea,tsa mirabel tsaahanan
kumain kakanin,wants eat something,mukaon kakanin
andres kumain nilupak,andres wants eat nipulak,andres mukaon nilupak
kumakain wanda kalderetang kambing,wanda eats goat meat,nagkaon wanda kinaldereta kanding
naglolongganisa bambam kusina,bambam messing around kitchen,longganisa bambam kusina
nagtotosino olaf kusina,olaf scrounging kitchen,tosino olaf kusina
nagtsatsampurado ramon kusina,ramon busy kitchen,champurado ramon kusina
naglilitson ronny hardin,ronny roasting garden,lechon ronny hardin
naghahalohalo karl kusina,karl messing around kitchen,halohalo karl kusina
nagsasalabat sandy kusina,sandy messing around kitchen,salabat sandy kusina
naghahotdog emma kusina,emma making hotdogs kitchen,buhat hotdog emma kusina
nagpapopcorn eli kusina,eli making popcorn kitchen,buhat popcorn eli kusina
nagsosoftdrink kyle kusina,kyle drinking soft drink kitchen,inom softdrink kyle kusina
nagtetennis likod marta lina,marta lina playing tennis back,nagduwa tennis likod marta lina
nagdyajogging siyudad,went jogging city,jogging dakbayan
nagsyashampoo mindy banyo,mindy shampooed bathroom,nanyampo mindy kasilyas
nagtataco vinny restawran,vinny eating tacos restaurant,nagkaon taco teddy restawran
nagiispageti teddy restawran,teddy eats spaghetti restaurant,nagkaon ispagetti teddy restawran
nagdidinuguan randy kusina,randy bleeding kitchen,dinuguan randy kusina
nagbubuko sam dalampasigan,sam lying beach,namutong sam baybay
nagpupusit danny dalampasigan,danny peeing beach,namusit danny baybay
nagkikinilaw wally jerry dalampasigan,wally jerry frolicking beach,nagkilaw wally jerry baybay
nagkikilawin wally jerry dalampasigan,wally jerry frolicking beach,nagkilawin wally jerry baybay
nagtitinapay kape kusina,making bread coffee kitchen,nangkaon pan nangape kusina
nagkekeso tinapay jenny kusina,jenny making cheese bread kitchen,nagkaon pan adunay keso jenny kusina
nagmamantikilya tinapay quincy,quincy butters bread,naga mantikilya pan quincy
nagpipizza marisol johnny,marisol johnny pizza,nangaon pizza marisol johnny
nagsusushi taro hanako,taro hanako eating sushi,nangaon sushi taro hanako
nagsasashimi erwin,erwin eating sashimi,nangkaon sashimi erwin
nagsosausage rikki,rikki making sausages,nagkaon sausage rikki
nageempanada luis,luis made empanadas,nagkaon empanada luis
nageensaymada alex,alex enzymada,ensaymada alex
naglalaing gabi,gabi crying,naglaing gabi
nagtsatsampoy celia,celia sighed,nagtsampoy celia
nagtotokwat baboy lester,lester pretends pig,nagkaon tokwa babo lester
nagsusuman oswaldo,oswaldo laughed,himo uogsuman oswaldo
nagsasapinsapin zoe,zoe layering,himo sapinsapin zoe
nagtsitsitsaron benny,benny whistled,chicharon benny
nagpapaksiw dominic,dominic fun,nagluto paksiw dominic
nagkakarate bata garahe,kids play karate garage,karate bata grahe
nagaalmusal kusina,breakfast kitchen,namahaw kusina
nagtatanghalian kusina,lunch kitchen,naniudto kusina
naghahapunan kusina,dinner kitchen,nanihapon kusina
nagkekeso nikki kusina,nikki making cheese kitchen,keso nikki kusina
nagpuputo bumbong ale kalye,ale street overflowing,nagabuhat puto bumbong manang kalsada
nagpuputo maya nellie kusina,nellie cooking kitchen,puto maya nellie kusina
nagpuputo bian penelope kusina,penelope cooking bian kitchen,puto bian penelope kusina
nagaampaw tonya kusina,tonya kitchen,ampaw tonya kusina
nagsiyosiyopaw vincent kusina,vincent pacing kitchen,siopao vincent kusina
naniniwala vincent punsoy,vincent believes punsoy,mutuo vincent punsoy
naglulumpiya katrina kusina,katrina wrestling kitchen,lumpia katrina kusina
nagtsotsokolate beranda,eating chocolate porch,tsokolate beranda
naggagatas timmy kape,timmy milk coffee,naga gatas timmy kape
nagaasukal timmy kape,timmy drink sugar coffee,naga butang asukal timmy kape
nagkakanela vincent kape,vincent cinnamon coffee,naga kanela vincent kape
nagsisinamomo vincent kape,vincent pleading coffee,naga sinamon vincent kape
yatsuhashi pasalubong vincent galing hapon,yatsuhashi vincents welcome japan,yatsuhashi gasa vincent hapon
magaganda kahon hapon,japanese boxes beautiful,maanindot kahon hapon
magaganda aklat hapon,japanese books beautiful,maanindot libro hapon
nagsisinangag raul kusina,raul cooking kitchen,sangag raul kusina
nagninilagang mina kusina,mina tending cows kitchen,laga mina kusina
nagtatapa oliver kusina,oliver cooking kitchen,tapa oliver kusina
nagtatabasco omelette,tabasco omelette,tabasco omelette
nagrerelyenong talong kusina,eating eggplant kitchen,relyeno talong kusina
nagrerelyenong sili kusina,cooking chili kitchen,relyeno sili kusina
nagtutuba lalaki dalampasigan,men swimming beach,nanuba laki baybay
naguube kusina tyler,tyler messing around kitchen,ube kusina tyler
puno ube plato taro,taros plate full pears,napuno ube plato taro
nagmamacaroni nelia kusina,nelia making macaroni kitchen,macaroni nelia kusina
nagprufruit salad mel kusina,mel making fruit salad kitchen,fruit salad mel kusina
nagbubuko salad mel kusina,mel making salad kitchen,buko salad mel kusina
nageeclair clara kapeterya,clara eating eclairs cafeteria,eeclair clara kapeterya
naglilimunada rex kapeterya,rex walking cafeteria,buhat dyus gama lemonsito rex kapeterya
nagaaysti larry kapeterya,larry acting cafeteria,aysti larry kapeterya
nagbabarbekyu jeff hardin,jeff barbecue garden,barbeque jeff tanaman
nagkocotton candy nancy tapat kalye,nancy selling cotton candy across street,naga buhat cotton kendi nancy kalsada
nagbubble tea charlie siyudad,charlie bubble tea city,bubble tea charlie dakbayan
nagkape zack kapeterya,zack coffee cafeteria,nangape zack kapeterya
nagseserbesa barkada duane dalampasigan,duanes friends drinking beer beach,inom ilimnong makahubog amigo duane baybay
nagkekeyk bisita gina,guests cake,nangaon keyk bisita gina
nagbuko pandan salad bisita gina,guests made pandan salad,nangaon buko pandan salad bisita gina
nagbiko bisita gina,guests cheered,nangaon biko bisita gina
nagkutsinta bisita gina,guests fell love,nangaon kutsinta agng bisita gina
nagpalitaw bisita gina,guests show,nangaon palitaw bisita gina
nagputo bisita linda,lindas guests blast,nangaon puto bisita linda
nagbuko salad bisita sally,guests made salad,nangaon buko salad bisita sally
nagtsampurado bisita sally,guests spoiled,nangaon champurado bisita sally
nagpitsipitsi bisita wanda,wandas guests crowded around,nangaon pitsipitsi bisita wanda
magpalitaw kusina,get started kitchen,pangaon palitaw kusina
magletseplan kusina,get busy kitchen,pangaon letseplan kusina
magpitsipitsi kusina,get tight kitchen,pangaon pitsipitsi kusina
magkutsinta kusina,make love kitchen,pangaon kutsinta kusina
magpansit kusina,make noodles kitchen,pangaon pansit kusina
magbuko pandan kusina,kneel kitchen,pangaon buko pandan kusina
magpusit kusina,sneak kitchen,pangaon pusit kusina
magputo muna salas,go living room first,pangaon puto sala
magkape muna salas,coffee living room first,pangape sala
magtsa muna salas,go living room first,panginom sala
magtsokolate muna salas,chocolate living room first,panginom tsokolate sala
magsalabat muna salas,go living room first,panginom salabat sala
magensaymada muna salas,enzymada living room first,pangaon ensaymada sala
magempanada muna salas,make empanadas living room first,pangaon empanada sala
magmeryenda muna beranda,snack porch first,pamainit beranda
magcalamansi juice muna beranda,drink calamansi juice first porch,panginom dyus lemonsito beranda
maggreen mango juice muna beranda,green mango juice first porch,panginom dyus hilaw mangga beranda
magbubble tea palengke,lets bubble tea market,manginom bubble tea palengke
magbubble tea siyudad,lets bubble tea city,manginom bubble tea dakbayan
magkalamay muna salas,lets hold hands living room,mangaon kalamay sala
magube cake muna salas,lets ube cake living room,mangaon ube keyk sala
magsapinsapin muna beranda,layer porch first,mangaon sapinsapin beranda
magtocino de cielo muna salas,lets tocino de cielo living room,mangaon tocino de cielo sala
magturrones de casuy muna beranda,lets turrones de casuy porch,mangaon turrones de casuy beranda
magtamales muna beranda,lets chat porch first,mangaon tamales beranda
magmango cake muna salas,lets mango cake living room,mangaon keyk gama mangga sala
magmorcon kusina,lets fun kitchen,mangaon morcon kusina
magembutido muna kusina,lets get kitchen first,mangaon embutido kusina
magtaro cake muna kusina,lets make taro cake first kitchen,mangaon keyk gama taro kusina
maghalohalo shopping mall,lets mingle shopping mall,mangaon halohalo mall
magpilipit tsokolate muna beranda,lets curl chocolate porch,mangaon pilipit manginom tsokolate beranda
nelia pilipit tsa meryenda,nelia prefers pilipit tea snacks,ganahan nelia pilipit tsa pamainit
veronica pilipit tsokolate meryenda,veronica prefers twists chocolates snacks,ganahan veronica pilipit tsa pamainit
terry turrones de casuy,terry prefers turrones de casuy,ganahan terry turrones de casuy
mork pastilyas,mork prefers pastillas,ganahan mork pastillas
karl queso de bola,karl prefers queso de bola,ganahan karl keso de bola
drake suman,drake prefers suman,ganahan drake suman
henrik tapsilog,henrik prefers tapsilog,ganahan henrik tapsilog
joel adosilog,joel prefers adosilog,ganahan joel adobosilog
joel bacsilog,joel prefers bacsilog,ganahan joel bacsilog
joel bangsilog,joel prefers bangsilog,ganahan joel bangsilog
joel tosilog,joel prefers tosilog,ganahan joel tosilog
joel longsilog,joel prefers landslide,ganahan joel longsilog
kumain tapsilog mark,mark ate snack,mikaon tapsilog mark
kumain bangsilog mark,mark ate bangsilog,mikaon bangsilog mark
kumain adosilog mark,mark ate dosilog,mikaon adosilog mark
kumain chosilog mark,mark ate chosilog,mikaon chosilog mark
kumain longsilog mark,mark ate landslide,mikaon longsilog mark
nagluto tapsilog wally,wally cooked tapsilog,nagluto tapsilog wally
nagluto bangsilog wally,wally cooked bangsilog,nagluto bangsilog wally
nagluto adosilog wally,wally cooked adosilog,nagluto adosilog wally
nagluto chosilog wally,wally cooked chosilog,nagluto chosilog wally
nagluto longsilog wally,wally cooked longsilog,nagluto longsilog wally
magluluto tapsilog quincy,quincy cook tapsilog,magluto tapsilog quincy
magluluto bangsilog quincy,quincy cook bangsilog,magluto bangsilog quincy
magluluto adosilog quincy,quincy cook adosilog,magluto adosilog quincy
magluluto chosilog quincy,quincy cook chosilog,magluto chosilog quincy
magluluto longsilog quincy,quincy cook longsilog,magluto longsilog quincy
nagluluto tapsilog josh,josh cooking tapsilog,galuto tapsilog josh
nagluluto bangsilog josh,josh cooking bangsilog,galuto bangsilog josh
nagluluto adosilog josh,josh cooking adosilog,galuto adosilog josh
nagluluto chosilog josh,josh cooking chosilog,galuto chosilog josh
nagluluto longsilog josh,josh cooking longsilog,galuto longsilog josh
magluto litsilog,cook litsilog,pagluto litsilog
nagluluto dexter tosilog kusina,dexter cooking tosilog kitchen,galuto dexter tosilog kusina
kumakain dexter tosilog kusina,dexter eating tosilog kitchen,gakaon dexter tosilog kusina
morgan tosilog tapsilog,morgan prefers tosilog tapsilog,ganahan morgan tosilog kumpara tapsilog
kumakain morgan tosilog komedor,morgan eats tosilog dining room,gakaon morgan tosilog komedor
kumakain morgan tosilog kakanan,morgan eats tosilog right,gakaon morgan tosilog kakanan
kumakain morgan tosilog silidkainan,morgan eating tosilog dining room,gakaon morgan tosilog kananan
kumain morgan tosilog komedor,morgan ate tosilog dining room,gakaon morgan tosilog komedor
umiiyak lasing tabi kalye,drunk people crying side street,mihilak hubog daplin kalsada
umiiyak drogista tabi tindahan,druggists crying next store,mihilak adik daplin tindahan
umiiyak matatanda paradahan awto,old people crying car park,mihilak tigulang paradahan sakyanan
nalalamigan matatanda salita wika,old people get cold words language,gibati kabugnaw tigulang pulong pinulongan
isip nilay kuwenta buhay,think lives worthless,hunahuna pulos kinabuhi
nagpaalam bata matatandang galing ibang bayan,children said goodbye elders towns,nanamilit batasa tigulang laing lungsod
malungkot magamit kanilang guniguni,sad cannot use imagination,masubanon tungod magamit ilahang handuwaran
malungkot pobre salita kanilang diyalekta,sad words seem poor dialect,masubanon tungod mura kuno kabos pamulong ilahang dayalekto
malungkot nilang magmukhang mayaman tingin kanilang kapitbahay,sad want look rich eyes neighbors,masubanon tungod mahimong adunahan pananaw silingan
magmukhang mayaman importante tanga,looking rich important stupid,mahimong adunahan importante tanga
naging alila kanilang sariling mahigpit emosyon,became slaves rigid emotions,nahimo ginapos kaugalingong higpit pagbati
binato tinapay matandang humihingi limos ngunit nakailag matanda,bread thrown old asking alms old escaped,gilabayan pan tigulang nangayo limos apan ikyas
pambubuska iwasan halip paggalang ibigay kapwa,avoid digging instead give respect others,angayan likayan pagpang husga isig katawo apan labawng maayo muhatag pagtahod
wika bansa pagyamanin sapagkat kaluluwa lahi,language country must enriched soul race,pinulongan nasod palambuon tungod kalag kaliwatan
mabatid aking magulang aking grado ngayong kapat,parents know grades quarter,mahibalan ginikanan grado semestre
gamitin guniguni,use imagination,gamita handurawan
guniguni hawla,delusional cage,handurawan tangkaw
ibong hawla guniguni,like bird cage illusions,sama langgam tangkaw taw handurawan
reptilya hawla guniguni,illusionist like reptile cage,sama mananap nagkamang tangkaw taw way handurawan
napakaimportante guniguni arawaraw buhay,imagination important everyday life,importante handurawan adlawadlaw kinabuhi
pirasong mansanas salita kyle,kyles words like pieces apple,sama bahin mansanas pulong kyle
parati,always,pirme nalang hisgot
naging dinosawro wika,language become dinosaurs,nahimong dinasawro pinulungan
namang kuwenta pagaaral kanilang wika,point learning language,gihapoy pulos pagtuon pinulongan
maayos sans rival,sans rival fine,maayo sans rival
maayos sapinsapin,layers fine,maayo sapinsapin
maayos siyopaw,well,maayo siyopaw
maayos hopya,hopia fine,maayo hopya
maayos salabat,answered well,maayo salabat
maayos tsokolate,chocolate fine,maayo tsokolate
maayos keso,cheese fine,maayo keso
maayos pilipit,twist fine,maayo pilipit
maayos pandesal,pandesal fine,maayo pandesal
maayos limunada,lemonade fine,maayo lemonada
maayos tsampoy,shampoo fine,maayo tsampoy
maayos tsampurado,hes good mood,maayo tsampurado
maayos leche flan,leche flan good,maayo leche flan
maayos buko pandan salad,pandan salad fine,maayo buko pandan salad
maayos ube keyk,ube cake good,maayo keyk gama ube
maayos mango cake,mango cake good,maayo keyk gama mangga
maayos kalamansi dyus,lime juice fine,maayo dyus gama lemonsito
maayos buko dyus,knuckles fine,maayo dyus gama butong
maayos tsa,tea fine,maayo tsa
maayos kape,coffee good,maayo kape
maayos adobo,pickle fine,maayo adobo
maayos sinangag,shield fine,maayo sinangag
maayos nilagang,beef stew good,maayo nilatang
maayos kutsinta,clothes fine,maayo kutsinta
kumakain vhon espasol,vhon eats espasol,gakaon vhon espasol
vhon bicol express,vhon prefers bicol express,ganahan vhon bicol express
gumawa benny espasol,benny made spoon,naghimo benny espasol
gumagawa benny espasol,benny making spoon,gahimo benny espasol
gagawa benny espasol,benny make spasol,maghimo benny espasol
paborito vincente espasol,vincentes favorite espasol,ampay vicente espasol
loob taro espasol,pods inside taro,sulod taro espasol
loob tapayan espasol,spasols inside oven,suod tapayan espasol
loob banga espasol,spasols inside jar,sulod banga espasol
espasol pasalubong rikki galing probinsiya,rikkis welcome province spanish,espasol maong gasa rikki probinsya
espasol espesyalidad sarisari store,espasol specialty sarisari store,espasol espesyalidad sarisari tindahan
kumakain rikki espasol beranda,rikki eating espasol porch,gakaon espasol rikki beranda
niregaluhan vincente espasol bata,vincente gave children gift,gigasahan rikki espasol bata
pasalubong vincente espasol galing biyahe,vincente greets espasol trip,gasa vincente espasol panaw
espasol vincente tindahan ale,vincente wanted espasol ale store,espasol ganahan vicente tindahan babaye
masarap buko pandan esmeralda,esmeraldas knuckles delicious,lami buko pandan esmeralda
masarap sapinsapin esmeralda,esmeraldas layers delicious,lami sapinsapin esmeralda
masarap morcon esmeraldo,morcon delicious,lami morcon esmeraldo
masarap adobo esmeraldo,pickle delicious,lami adobo esmeraldo
masarap pansit esmeraldo,noodles delicious,lami pansit esmeraldo
masarap halohalo esmeraldo,mix delicious,lami halohalo esmeraldo
masarap sisig esmeralda,esmeraldas sisig delicious,lami sisig esmeralda
masarap espasol esmeraldo,espasol delicious,lami espasol esmeraldo
masarap tsampurado esmeraldo,tsampurado delicious,lami champurado esmeraldo
masarap ube esmeraldo,pears delicious,lami ube esmeraldo
isip adil henealohiya tao wika konektado,adil thinks mans genealogy language connected,hunahuna adil henealohiya taw pinulungan gayud konektado
nagulat adil nalaman niyang ruso aleman,adil surprised learn russian sounded like german,nahipugwat adil niadtong nabalan iyahang ruso sama aleman
tagakazakhstan adil tingin mukha hapon,adil kazakhstan think looks japanese,tagakazakhstan aadil apan pananaw hulagway sama hapon
mestisong turkiko monggoloydo adil kazakh,adil kazakh turkic mongolian mestizo,mestiso turkiko monggoloydo adil kazakh
tagaukranya sabi niyay inhinyero barko,ukraine says ship engineer,tagaukranya nagsulti banalam barko
malaki espiritwal tao diyos,mans spirituality great god,dako espiritwal tawo ngadto ginoo
nagaaral pagsusulat akademiko ingles,studies academic writing english,nagtuon pagsusuwat akademiko ingles
lumaki adil panahon sobyet,adil grew soviet era,midako adil niadtong panahon sobyet
nabanggit pelikulang solaris,mentioned movie solaris,nahisgutan salida solaris
maraming narating puwerto trabaho barko,visited many ports work ship,daghan naabot puwerto tungod trabaho barko
iniiwasan pagbabasa pantasya drama tolstoi,avoids reading fantasy prefers tolstois dramas,ginalikayan pagbasa pantasya tungod ganahan drama tolstoi
iniiwasan siyensiyang piksiyon drama,also avoids science fiction prefers drama,ginalikayan siyensiyang piksiyon tungod ganahan drama
asawa adil nagtrabaho kompyuter sobyet kazakhstan,adils wife worked soviet computers kazakhstan,nagtrabaho asawa adil kompyuter sobyet kazakhstan
asawa adil matematika sobyet kazakhstan,adils wife mathematician soviet kazakhstan,asawa adil matematika sobyet kazakhstan
musikolohista adil kazakh,adil kazakh musician,adil kazakh musikolohista
subalit inhinyero barko matematika,ship engineer like mathematics,banalam barko gayod ganahan matematika
maitim buhok namumuti,yaroslavs hair black turning white,itom buhok apan hinay hinay kining namuti
ukranya pamilya kanada,yaroslavs family still ukraine canada,kasamtangan ukranya pamilya kanada
marunong adil tungkol bagay asya sentral,adil knowledgeable central asian matters,maalamon adil bahin butang sentro asya
maputi lahi kaunting lahi hun unang panahon,yaroslavs race white little hun race past,puti kaliwat apan gamayng kaliwat hun adtong miaging panahon
marami buhok adil namumuti,adil still lot hair turning white,baga buhok adil apan hinay hinay kining namuti
dalubwika adil kazakh,adil speaks kazakh,adil kazakh dalubwika
gumawa adil musika pelikula bansang kazakhstan,adil composed music films native kazakhstan,naghimo adil kanta alang salida nasud kazakhstan
paboritong bansa new zealand,yaroslavs favorite country new zealand,ampay nasud new zealand
matatalino adil sobyet,adil clever soviets,maalamon adil sobyet
sabi emosyonal tao ukranya kanada,says people ukraine emotional canada,misulti emosyonal katawhan ukranya ika tandi katawhan kanada
sabi masaya ukranya panahon sobyet,says ukraine happier soviet era,misulti malipayon ukranya niadtong panahon sobyet
sabi mahirap wika ruso,says russian difficult language,misulti lisod pinulungang ruso
alam wikang ruso wikang ukranyano,knows russian language better ukrainian language,maalamon pinulungan ruso ika tandi pinulugang ukranyano
alam adil pareho wikang ruso kazakh,adil knows russian kazakh languages,nasayod adil parehong pinulungang ruso kazakh
alam adil ruso wikang indoeuropeo katulad ingles,adil knows russian indoeuropean language like english,nasayod adil ruso pinulungang indoeuropeo sama ingles
nagaral adil asawa wikang pranses bago dumating kanada,adil wife also studied french came canada,nagtuon adil asawa pinulungang pranses bago paman miabot kanada
magaling pareho adil heograpiya,adil good geography,parehong maayo heograpiya adil
masyado namang emosyonal europeo,europeans emotional,sobra emosyonal europeo
arawaraw propaganda,every day propaganda,kadaadlaw propaganda
leksiyon ingles maging amerikano,english lesson become american,human lugdo ingles mamahimong amerikano
napansin masyado kayong miserable iyak iyak,noticed miserable crying,nahmatikdan labaw kamong makaluluoy hilak
ganoon buong mundo,whole world like,ingon tibuok kalibutan
tingin mayaman asya kanluran,think asia richer west,pananaw adunahan asya kumpara kasadpan
magulo isip tagakanluran,westerners confused,gubot tagakasadpan
alak alak,wine wine,rakag inom ilimnong makahubog
droga droga,drug drug,rakag droga
sigarilyo sigarilyo,cigarette cigarette,rakag panigarilyo
masarap sagot gulaman esmeralda,esmeraldas sagot gelatin delicious,lami sago gulaman esmeralda
masarap litson esmeraldo,roast delicious,lami lechon esmeraldo
masarap hopyang kundol esmeraldo,hopia kondol delicious,lami hopya kundol esmeraldo
masarap leche flan esmeralda,esmeraldas leche flan delicious,lami leche flan esmeralda
masarap palitaw niyog esmeraldo,coconut flavor delicious,lami palitaw lubi esmeraldo
masarap kalderetang kambing esmeraldo,caldereta goat delicious,lami kalderatang kanding esmeraldo
masarap kalamansi dyus esmeralda,esmeraldas lime juice delicious,lami dyus esmeralda gama lemonsito
masarap siyopaw esmeraldo,soup delicious,lami siyopaw esmeraldo
masarap ginataan esmeralda,esmeraldas food delicious,lami ginataan esmeralda
masarap tapsilog esmeraldo,tapsilog delicious,lami tapsilog esmeraldo
matalinong magaaral,bright student,maalamon magtutungha
masarap isda,fish good,lami isda
sumusulat libro,writing book,gasuwat libro
narating ehipto beses barko,reached egypt several times ship,naabot ehipto makadaghan sakay barko
beses nagbakasyon buong pamilya ehipto,upon time yaroslavs whole family went vacation egypt,ikausa bakasyon tibuok banay ehipto
nabanggit esperantong librong akbar,mentioned esperanto book akbar,nahisgutan esperantong libro akbar
nabanggit esperantong salitang bahay domo kahawig ruso,mentioned esperanto word house domo similar russian one,nahisgot esperantong pulong alang balay domo nasusama ruso
nabanggit esperantong salitang longganisa kolbaso kahawig ruso,mentioned esperanto word longganisa kolbaso similar russian one,nahisgot esperantong pulong alang longganisa kolbaso nasusama ruso
nabanggit esperantong salitang kabayo cevalo kahawig pranses,mentioned esperanto word horse cevalo similar french,nahisgot esperantong pulong alang kabayo cevalo nasusama pranses
nagbabasa istoryang tungkol afghanistan klaseng ingles,reading story afghanistan english class,gabasa sugilanon mahitungod afghanistan alang klase ingles
problema selpon,problem cell phone,problema selpon
nabanggit pelikulang soylent green tungkol eutanasya,mentioned movie soylent green euthanasia,nahisgot salidang soylent green mahitungod eutanasya
sabi minsan gera merong kanibalismo,said sometimes war cannibalism,misturya gyera usahay adunay kanibalismo
kulay gris dyaket plastik,yaroslavs plastic jacket color grease,gris kolor tsakita plastik
sabi narating ehipto bakasyon,told reached egypt vacation,misturya nakaabot napud ehipto alang pagbakasyon
sabi nagtren patimog galing aswan ehipto,told took train south aswan egypt,misturya tren padulong habagatan aswan ehipto
sabi hotel pranses tinulugan ehipto kahulihuli hotel domestiko,told slept french hotels egypt end domestic hotel,misturya hotel pranses among gitulogan ehipto apan kaulahian hotel domestiko
layunin dati makita piramide templo ehipto,previous goal see pyramids temples egypt,katuyuan kaniadto makita piramde templo ehipto
nagandahan ehipto disyembre,beautiful egypt december,anyagan ehipto niadtong desyembre
ibang siglo ehipto,like another century egypt,mura lahi siglo ehipto
malayo ehipto,egypt seems far away,mura layo ehipto
ibang mundo ehipto,egypt like another world,mura lahi kalibutan ehipto
ipinagluto esmeraldo nilagang liliana,esmeraldo made liliana cook beef stew,gilutoan esmeraldo nilatang liliana
nagbiyabiyahe asya anak lalaki adil,adils son currently traveling asia,ga byahe asya lalaki anak adil
nanunuod adil soker telebisyon,adil watching soccer television,naglantaw adil soker telebisyon
mahilig adil soker,adil loves soccer,ganahan adil soker
nabanggit adil lugar turistiko tokyo,mentioned adil tourist spots tokyo,hisgot adil ugar turistiko tokyo
sabi adil pista harajuku tokyo bawat linggo,told adil festival harajuku tokyo every week,ingon adil adunay pista harajuko tokyo matag semana
basar elektroniko akihabara sabi adil,electronics bazaar akihabara told adil,adunay basar elektroniko akihabara ingon adil
templo asakusa sabi adil,temples asakusa told adil,adunay templo asakusa ingon adil
maganda makulay tokyo gabi sabi adil,tokyo beautiful colorful night told adil,maanindot mabulokon tokyo inig gabii ingon adil
masarap pagkain tokyo sabi adil,food tokyo good told adil,lami pagkaon tokyo ingon adil
masarap keyk teramisu,teramisu cake delicious,lami keyk teramisu
masarap istroberi keyk,strawberry cake delicious,lami stroberi keyk
masarap ube keyk,ube cake delicious,lami ube keyk
pelikulang soylent green soylent soy lentil,movie soylent green soylent soy lentils,salida soylent green soylent soy lentil
pelikulang forbidden planet halimaw nanggaling panaginip tao,movie forbidden planet monster comes peoples dreams,salida forbidden planet adunay ungo damgo tao
narangha paboritong kulay sol,narangha sols favorite color,kahil paborito kolor sol
masarap bluberi keyk,blueberry cake delicious,lami bluberi keyk
isip nilay wikang ingles tungkol britaniko amerikano,think english language british americans,hunahuna pinulungang ingles alang britaniko amerikano
naisip planeta nating tiyera papua new guinea,thought planet tiyera papua new guinea,nahunahunaan planeta tiyera susama papua new guinea
pinakamakalat wika tiyera alam mahigit bilyong katao,widely spoken language tierra billion people know,karun pinaka gubot pinulungan tiyera nasayran sobra bilyon katawhan
kilalanin tao madyik pandaigdigang senoglosya,people recognize magic global senoglosya,kanusa ilhon tao madyik pangkalibutanong senoglosya
iniisip tungkol pagsasalin makina,think machine translation,inyong hunahuna niining balhin makina
nilagyan asukal suman,added sugar suman,gibutngan asukal suman
nilagyan niyog palitaw,put coconut finger,gibutngan lubi palitaw
nilagyan ninoy niyog kutsinta,ninoy put coconut necklace,gibutngan ninoy lubi kutsinta
nilagyan ninoy niyog puto bumbong,ninoy put coconut butt,gibutngan ninoy lubi puto bumbong
nilagyan ninoy niyog kalamay,ninoy put coconut palm,gibutngan ninoy lubi kalamay
sabi adil panahon sobyet tinatago tao kazakhstan musikang galing kanluran,adil said soviet era people kazakhstan hid western music,nisturya adil niadtong panahon sobyet ginatipigan tao kazakstan musika kasadpan
musikang kanluranin presyoso panahon sobyet kazakhstan sabi adil,western music prized soviet era today kazakhstan adil said,musika kasadpanon hamili niadtong panahon sobyet ikatandi karun kazakhstan sulti adil
interesado adil kazakh antropolohiya pilipinas,adil kazakh interested anthropology philippines,interesado adil kazakh antropolohiya pilipinas
pinagusapan adil kasing edad nanay beatles,adil talked mother age beatles,amoang giisturyahan adil inahan edad beatles
pinagusapan adil australoid pilipinas,adil talked australoids philippines,amoang isturyahan adil australoid pilipinas
masarap pritong saging marisol,marisols fried bananas delicious,lami pinirito saging marisol
masarap langkang kendi hal,hals candy bar delicious,lami nangka kendi hal
masarap tsokolateng kendi dennis,denniss chocolate candy delicious,lami tsokolate kendi dennis
masarap tsokolateng ayskrim dennis,denniss chocolate ice cream delicious,lami tsokolate ayskrim dennis
tingin sanay palaging magkaiba nominatibo akusatibo aleman ruso,think nominative accusative always different german russian,pananaw pirmente lahi nominatibo akusatibo aleman ruso
nagkokomiks wendell,wendell makes comics,gakomiks wendell
matagal nakita wendell edwin,wendell hadnt seen edwin long time,dugay makita wendell edwin
nagbibilyar wendell edwin guesthouse,wendell edwin play billiards guesthouse,gabilyar wendell edwin guest house
tinanong wendell nakasulat hapon papel,wendell asked japanese written paper,gipangutana wendell nakasulat hapon papel
tsokolateng sorbetes inorder tammy tindahan,tammy ordered chocolate ice cream store,tsokolate ayskrim order tammy tindahan
tsokolateng keyk inorder tammy tindahan,tammy ordered chocolate cake store,tsokolate keyk order tammy tindahan
tsokolateng polboron binili tammy tindahan,tammy bought powdered chocolate store,tsokolate polboron gipalit tammy tindahan
tsokolateng ensaymada binili tammy tindahan,tammy bought chocolate enzymada store,tsokolate ensaymada gipalit tammy tindahan
tsokolateng barkilyos ayskrim kinain tammy restawran,tammy ate chocolate bar ice cream restaurant,tsokolate barkilyos adunay ayskrim gikaon tammy restawran
ipinaliwanag chris dalubwika salitang ingles pangungusap kanji hapon ibang salita hapon,chris linguist explained english words sentences like kanji japanese words like japanese,gipasabot chris lingguwista pulong ingles kapahayag susama kanji hapon ubang pinulungan susama hapon
tsokolateng barkilyos pasalubong edwin rosalinda,edwins welcome rosalinda chocolate barkilos,tsokolate barkilyos gasa edwin rosalinda
ubeng barkilyos pasalubong edwin imelda,edwins welcome imelda wild one,ube barkilyos gasa edwin imelda
tsokolateng gulaman eksperimento alessandro,alessandros experiment chocolate gelatin,tsokolate gulaman basanbasan alessandro
masarap ginawang bibingka marisol,marisols bibingka delicious,lami hinimo bingka marisol
ampaw pasalubong nerria bata,nerrias warm welcome children,ampaw gasa nerria bata
nakasandalyas pedro aplaya,pedro wearing sandals beach,sandal pedro baybay
magaling guniguni,nestors imagination good,hawd handurawan
bibingka kinain nellie kusina,nellie ate bibingka kitchen,bingka gikaon nellie kusina
ampaw tonya tindahan,tonya likes ampaw store,ampaw ganahan tonya tindahan
nagkandila hapunan lamesa,lit candles dinner table,kandila lamesa panihapon
nagdyudyus bruce,bruce wanted die,dyus ganahan bruce
balimbing ingles,balimbing english,balimbing ingles
tunay berdeng keso,real green cheese,tinuod adunay lunhaw keso
nilang magpranses imbes magingles,prefer speak french instead english,naayunan magpranses magingles
tatlo opisyal wika iso pandaigdigang pamantayang organisasyon,three official languages iso international organization standardization,tulo giamhan pinulungan iso pangkalibutanong panagingnang organisasyon
ingles pranses ruso,english french russian,ingles pranses ruso
pranses komersiyal pabango,prefer french sounds like perfume commercial,naayunan pranses sama komersiyal pahumot
uminom sarsaparilya,drink sarsaparilla,inom sarsaparilya
uminom salabat,drink glass wine,inom salabat
uminom sagot gulaman,drink sago gelatin,inom sago gulaman
uminom tsang galing ibang bayan,drink tea another country,inom tsa lungsod
uminom barakong kape,drink cup coffee,inom barako kape
uminom gatas malipukon,drink curdled milk,inom gatas malipukon
uminom kapeng kanela,drink coffee cinnamon,inom kape kanela
nandito naipit trapik,still stuck traffic,gihapon ipit trapik
magtutulungan linisin kalat yon,lets work together clean mess,magtabangay malimpyohan kalat
tumalon palabas sasakyan tumakbo palayo,jumped car ran away,niambak pagawas sakyanan ning dagan palayo
nagawang makaalis mula lumulubog van,managed get sinking van,nakahimo makagawa unloray van
sinehan bayan,one cinema town,sinehan lungsod
nakakaunawa nangyayari,one understands happening,nasayod nahitabo
marami panganib nagaabang,dangers lie ahead,pay daghang katalagman muabot
wag subukan bahay makikita,try home whatever see,sulayi panimalay inyong nakita
pakialam,dont care,labot
manahimik,quiet,paghilom
tatakpan pool,cover pool,tabunan iyahang pool
iniisip miniskirt suot naglalaro tennis,wonder miniskirts worn playing tennis,gihunahuna mini skirt ginasublob magdula tennis
pasensya tagal naghintay,sorry waiting long,pasaylo dugay naghulat
riga kabisera latvia,riga capital latvia,riga kabisera latvia
dito buong araw,want day,ganahan la nalang tibuok adlaw
natuwa mabalitaan,happy heard,nalipay nabalitaan
siguro tama,maybe youre right,sakto
aso pusa,prefers dogs cats,ganahan iro iring
gawin,nobody wants,giganahan buhaton
malipukon tinanim nellie paligid hardin,nellie planted around edges garden,malipukon gitanom nellie palibot tanaman
hinalo nellie malipukon harina,nellie mixed dough flour,gisagol nellie malipukon harina
nilagyan nellie malipukon mainit tubig,nellie clumsily filled hot water,gibutangan nellie malipukon init tubig
hinalo nellie malipukon mainit gatas,nellie mixed curd hot milk,gisagol nellie mlalipukon init gatas
nilagyan malipukon nellie nilutong adobo,nellie put cooked adobo crumbly manner,gibutangan nellie malipukon niluto adobo
malipukon gulaman cassandra,cassandras gelatin curdled,malipukon gulaman cassandra
mahilig malipukon kanela cassandra,cassandra loves curly cinnamon,ganahan malipukon kanela cassandra
kinakain kalahati trigo buong mundo,eat half worlds wheat,gikaon katunga trigo tibuok kalibutan
naglugaw mhel kusina,mhel wandered kitchen,naglugaw mhel kusina
nagpuspas mhel kusina,mhel busy kitchen,nagpuspas mhel kusina
nilagyan mhel tokwa lugaw,mhel added tofu porridge,gibutngan mhel tokwa iyahang lugaw
nilagyan mhel toyo puspas,mhel put soy sauce puspas,gibutngan mhel toyo puspas
nagaroskaldo mhel kusina,mhel stormed kitchen,nagaroskaldo mhel kusina
nagaroskaldo jhenna mhel kusina,jhenna mhel made kitchen,nagaroskaldo jhenna mhel kusina
naglalagay tokwa jhenna aroskaldo,jhenna puts toffee aroskaldo,nagbutang tokwa jhenna aroskaldo
bumisita benny sakahan tiyo,benny visited uncles farm,nibisita benny basakan angkol
nagbakasyon benny tiyong sakahan,benny took vacation uncles farm,nagbakasyon benny basakan angkol
nagtaka weena masyadong marami simbolo wikang hapon,weena wondered many symbols japanese language,natingala wenna daghan simbolo pinulungang hapon
nagaral kaunting sulat hapon weena,weena studied little japanese writing,nagtuon gamayng sulat hapon weena
wiener magsulat wikang hapon,wiener likes write japanese,ganahan weinner magsulat pinulungang hapon
marunong wiener silabaryo hapon,wiener knows japanese syllabary,kabalo weiner silabaryo hapon
marunong wiener kaligrapiya hapon,wiener knew japanese calligraphy,kabalo weiner kaligrapiya hapon
kanela gulaman weena,weenas gelatin cinnamon,kanela gulaman weena
nasarapan wiener gulaman kanela,wiener enjoyed gelatin cinnamon,nalamian weiner gulaman kanela
wiener gulaman malipukon,wiener likes gelatin crunch,ganahan weiner gulaman malipukon
gumawa wiener gulaman tsokolate,wiener made gelatin chocolate,ganahan weiner gulaman tsokolate
kumain keyk tsokolate wiener kapeterya,wiener ate chocolate cake cafeteria,nikaon keyk tsokolate weiner kapeterya
type,hes type,type
ipinagmamalaki,proud,ikapanghambog
misr tawag ehipto wikang arabo,egypt misr arabic,misr tawag ehipto pinulungang arabo
maliliit paa kumpara,feet small compared,gagmay tiil ika tandi
masaya,everyone happy,malipayon
salamat mabilis pagresponde,thank quick response,salamat paspas pagtubag
nagaaral doria bikolano,doria studying bikolano,gatuon doria bikolono
nagaaral lina ilokano,lina studying ilokano,gatuon lina ilokano
nagaaral alicia cebuano,alicia studying cebuano,gatuon alicia cebuano
dalawa araw langit daigdig malakas maganda,two suns sky world strong beautiful,duha adlaw langit kalibutan malakas maganda
likod bundok dalawang araw malakas maganda,behind mountains two suns malakas maganda,likod bukid duha adlaw malakas maganda
malaysia anak adil kazakh,adils kazakh son already malaysia,malaysia anak adil kazakh
nagbiyabiyahe asya,traveling asia,gabiyahebiyahe asya
kumain benny tsokolateng barkilyos,benny ate barkilyos chocolate bar,nikaon benny tsokolate barkilyos
kumain ubeng barkilyos,ate banana barkilyos,nikaon ube barkilyos
dalawa buwan gabing langit daigdig mabigat magaan,two moons night sky world heavy light,duha bulan kagabhiong langit kalibutan mabigat magaan
mahirap italyano,italian difficult,kabos italyano
hindinghindi makikita muli,never see,makita
hinabol aso kakahuyan,dogs chased woods,gigukod tao lasang
prinito isda pagkatapos imarinate,fried fish marinating,prito isda human gimarinate
halika sayaw,come lets dance,ali manayaw
berdeng keso kinain rodolfo,rodolfo ate green cheese,lunhaw keso gikaon rodolfo
nakitang elepanteng anim paa,saw sixlegged elephants,makakita elepante unom tiil
ginamit rodolfo goma paglangoy dagat,rodolfo used rubber swimming sea,gigamit rodolfo goma paglangoy dagat
kumakain mildred kendi,mildred doesnt eat candy,nikaon mildred kendi
gumawa myrna ubeng keyk,myrna made banana cake,naghimo myrna ube keyk
parol kulay ubeng nakabitin hardin,purple lanterns hanging garden,parol kolor ube gibitay tanaman
pulang parol nakabitin loob templo,red lanterns hanging inside temple,pula parol nakasabit sulod templo
berdeng parol nakabitin harap kalye,green lantern hanging front street,adunay lunhaw parol nakasabit atubangan kalsada
sabi babae hayop,one woman said theyre like animals,nisulti babae mura hayop
nakapalda lalaki bayan,like men town wear skirts,mura nakapalda inyong lalake lungsod
matatanda tao bayan,people town old,edaran tao inyong lungsod
maraming bakla bayan,many gays town,daghang bayot inyong lungsod
luha pagsusulat,tears writing,adunay luha pagsulat
kayong babae lalaki,like woman,mura babae lalaki
anito paligid hardin zoe,anitos around zoes garden,anito palibot tanaman zoe
naniniwala zoe bagay anito,zoe believes things like,mutuo zoe butang anito
sigurado papasa darating eksam,sure pass upcoming exam,nakasigurado makapasar muabotay eksam
bahay kaigiban ipagdiwang kaarawan anak,friends house celebrate sons birthday,balay sakong higala arun pagsaulog kaadlawan anak
maiintindihan,cant understand,masabtan
nagsinungalin,lie,namakak
kumakain oliver talong,oliver eats eggplant,gakaon oliver talong
paborito oliver talong,olivers favorite eggplant,ampay oliver talong
kulay ube kamiseta oliver,olivers shirt purple,kolor ube sanina oliver
ube talong tanghalian oliver,olivers lunch apples eggplant,ube talong paniudto oliver
kulay ube kotse oliver,olivers car purple,kolor ube sakyanan oliver
ubeng keyk pabertdey oliver sandy,olivers birthday sandy banana cake,ube keyk pabertdey oliver sandi
kulay ube yoyo oliver,olivers yoyo purple,kolor ube yoyo oliver
tsokolateng keyk kyle kaarawan,kyle wants chocolate cake birthday,tsokolate keyk gihandom kyle kaadlawan
pulang gumamela tinanim bopeep hardin,bopeep planted red gumamela garden,pula gumamela gitanom bopeep tanaman
nagpuntang tahiti bing eroplano,bing went tahiti plane,niadto tahiti bing sakay eroplano
ubeng polboron pasalubong luisa bata,luisas welcome children tumultuous,ube polboron gasa luisa bata
siglong itlog kinain,ate century egg,siglo itlog gikaon
pansit palabok arnan,arnan likes spicy noodles,pansit palabok ganahan arnan
itlog pugo kasama sopas,quail eggs included soup,itlog pugo pares sopas
nilagyan nellie itlog pugo pansit,nellie added quail egg noodles,gibutngan nellie itlog pugo pansit
palitaw asukal hinanda tonya,tonyas prepared sugar,palitaw asukal gihanda tonya
siyopaw bolabola wanda,wanda likes meatballs,siyopaw bolabola ganahan wanda
asadong siyopaw larry,larry likes asado siyowa,asadong siyopaw ganahan larry
gulaman buko sago hinanda ellen,ellen prepared gelatin knuckle sago,gulaman buko sago gihanda ellen
nagpitsa pamilya edwin,edwins family lunch,nagpitsa banay edwin
natatanaw dagat ilog,see sea river,nalantaw dagat sapa
bay bitbit tipo armas,carrying type weapon,nagbitbit masking unsang klase armas
nagtitibi pedro kuwarto,pedro stays room,nagtibi pedro iyahang kwarto
parke ibon timog siyudad,bird park south city,parke langgam habagatan dakbayan
kulay abo langit siyudad,sky gray city,kolor abo langit karun dakbayan
parkeng puno bulaklak tabi paaralan,park full flowers next school,adunay parke napuno bulak kilid skwelahan
beses antigong siyudad,ancient city several times,makadaghan karaan siyudad
kumakain celia sagot gulaman,celia eats sago gelatin,gakaon celia sago gulaman
nasira tiyan celia pagkatapos niyang kumain dalandang galing puno,celias stomach upset ate orange tree,nadaot tiyan celia human mikaon dalandan punuan
lumang bahay kapis bintana tinitirhan,lives old house broken window,karaang balay kapis bintana gipuyan
salabat barkilyos kinakain beranda,eats salabat barkilyos porch,salaba barkilyos ginakaon beranda
berdeng mangga bagoong kinakain hardin,eats green mangoes anchovies garden,hilaw mangga uyap ginakaon tanaman
handa gawin sayo,ready,andam buhaton
loob,inside,sulod
mabilis tumitibok puso,heart beating fast,paspas midukdok dughan
dinidiligan ulan bulaklak,rain waters flowers,gibisbisan ulan bulak
pinuno,leader,lider
magkakaroon isdang butiki tiyan,could fish lizard stomach,isdaa nasudlan butiki tiyan
gisingin pusang natutulog,dont wake sleeping cat,pukawa iring natulog
milagro naniniwala,miracles believe,tinuod milagro mutuo
maliban,ill,buhaton maski
umiinom bernardo sarsaparilya bote,bernardo drinks sarsaparilla bottle,gainom bernardo sarsapilya bote
magtapon basura dito,throw garbage,paglabay basura
matulog bago maghatinggabi,go bed midnight,matulog bago tungang gabii
byuda babaeng namatayan asawa,widow woman whose husband died,byuda babae namatyan bana
mauna,ill first,muuna
kinain indiyo puso,indians ate heart,gikaon indiyo kasingkasing
aso kayumanggi,toms dog brown,iro tabonon
bulag bingi pipi,blind deaf dumb,sya buta bungol amang
handa,ready,andam
nagispageti restawran siyudad,ate spaghetti restaurant city,nagispageti restawran dakbayan
nagsarsaparilya tony tindahan tabi,tony went store next door,nagsarapilya tony daplin tindahan
simple buhay,ogs life simple,lunsay pamuyo
kotse malapit trabaho,doesnt car job nearby,kotse duol balay trabahuan
maliit hayop malakingmalaki sansinukob totoo,small animal universe big thats true,gamay mananap arang kadako sansinukob tinuod
niyog,coconut,lubi
gumagawa tagabukid alak mula niyog,farmers make wine coconuts,gabuhat tagabukid bahal
laman buko paborito,ogs favorite knuckle meat,unod butong paborito
buko pay meryenda,buko pay ogs favorite snack,pay gama butong ampay
kumakain buko pay beranda,eating buko pay porch,gakaon pay gama butong beranda
maraming ibon parke siyudad,many birds city park,daghan langgam parke dakbayan
pabrika alak aking nayon,wine factory village,pabrika ilimnon baryo
tsokolateriya nayon,chocolate shop village,tsokolaterya baryo
pabrika artipisyal bulaklak,artificial flower factory,pabrika artipisyal bulak
sinamahan ina,mother accompanied,gikuyogan inahan
kumuha litrato dito,take photo,mukuha hulagway
bumalik pedro galing hapon naging budista,peter returned japan became buddhist,nibalik pedro hapon nahimo budista
taylandiya binisita sandy templong budista,thailand sandy visited buddhist temples,taylandiya giduaw sandy templong budista
kumain pedro tsokolateriya nayon,pedro ate chocolate shop village,gakaon pedro tsokolateriya baryo
bumili keyk luis pasteleriya nayon,luis bought cake pastry shop village,nipalit keyk luis pasteleriya baryo
maraming kendi pasteleriya probinsiya,many candies pastry shop province,daghan kendi sakong pasteleriya probinsiya
itlog pugo,prefer quail eggs,ganahan itlog pugo
pakialam boyfriend,boyfriend doesnt care,labot uyab
alak,wine,ilimnon
panaderiya rita nagbebenta tsokolateng tinapay,ritas bakery sells chocolate bread,panaderya rita nagbaligya tsokolate pan
kulay daigdig,color earth,kolor kalibutan
ibon pula,birds red,langgam pula
bagong produkto aking tsokolateriya probinsiya,new product chocolate shop province,bago produkto tsokolateriya probinsiya
pasteleriya ubeng barkilyos,pastry banana barkilyos,pasteleriya adunay ube barkilyos
pasteleriya buko pay,pastry lump bread,pasteleriya adunay pay gama butong
panaderiya istrobering tinapay,bakery strawberry bread,panaderiya adunay stroberi pan
naiisip naririnig awit,think hear song,mahunahunaan inig madungog ning kantaha
uhaw,still thirsty,giuhaw gihapon
naway matalo kaaway,defeat enemies,naghandom mapildi natong kalaban
tingnan torreng ibabaw burol,look tower top hill,tanawa tore ibabaw bungtod
nageenjoy magsulat nagtratrabaho,dont enjoy writing anymore work,nalingaw magsulat gatrabaho nalang
nahihiya kabastusan,arent ashamed rudeness,mp maulaw inyong bastos
nakatira boston,ive never lived boston,nakapuyo boston
paumanhin sinigawan,sorry yelled,pasayloa nashingitan
mamamatay tayong,die,mangamatay tang
minamahal,love,hinigugma
pakialam iniisip,dont care think,labot gina hunahuna
balita magandang balita,news good news,way balita maayong balita
pinayagan doktor tatay magbuhat mabibigat bagay,doctor allow father lift heavy objects,gitugtan doktor amahan magalsa bugat butang
tamad sakim,lazy greedy,tapulan hakog
tinapay trigo,bread made wheat,pan mugna trigo
natatakot palaka ahas,frogs afraid snakes,nahadlok baki bitin
magwawakas kasakiman tao,human greed end,kanusa mahuman hakog tao
bumangon madalingaraw,got early morning,nibakod kadlawng dako
masayang makita,doesnt seem happy see us,mura malipay makita
hardinero mamamataytao,gardener murderer,hardinero mamumuno
nakatira dengdeng planetang bikumbong,dengdeng lives planet bikumbong,nagpuyo dengdeng planetang bikumbong
nagtanim ube dengdeng planeta,dengdeng planted pears planet,nagtanom ube dengdeng planeta
moradong kanin kinakain dengdeng planeta,dengdeng eats like rice planet,morado bugas ginakaon dengdeng planeta
magubat planetang bikumbong dengdeng,dengdengs planet bikumbong forested,sama lasang planetang bikumbong dengdeng
marakab disyertong planeta andong,andongs desert planet barren,makarab disyerto planeta andong
sakahan andong planeta,andong farm planet,basak andong planeta
moradong baboy andong sakahan,andong beautiful pig farm,morado baboy andong basakan
sasakyang pangalangaang andong kalawakan,andong spaceship space,sakyanan pangalangaang andong kawanangan
pumunta ibang bituwin ginagamit andong sasakyang pangalangaang,go another star andong uses spaceship,muadto ubang bitoon ginagamit andong sakyanan pangalangaang
andong tsuper sasakyang pangalangaang,andong driver spaceship,andong tagmaneho sakyanang pangalangaang
bintana sasakyang pangalangaang andong bituwin,window spaceship andong could see stars,bintana sakyanang pangalangaang makita andong bitoon
alam,know,nasayod gibuhat
bagong sasakyang pangkalawakan teteng,teteng new spaceship,adunay bagong sakyanang pangkawanangan teteng
harding domo teteng parte planeta,teteng harding domo part planet,tanaman domo teteng pahat planeta
harding lungaw teteng parte planeta,teteng harding cave part planet,tanaman lungaw teteng pahat planeta
tanim ube harding domo teteng,ube plant tetengs gardening domo,tanom ube tanaman domo teteng
moradong ubas harding lungaw teteng,purple grapes tetengs gardening hole,morado ubas tanaman lungaw teteng
kabilangan kolonya planeta teteng maraming lungaw,colony tetengs planet contains many caves,nahisakop kolonya planeta teteng daghang lungaw
awading tawag planeta teteng,tetengs planet awading,awading ngalan planeta teteng
naniniwala hesu kristo,believe jesus christ,nituo hesu kristo
naniniwala kristiyano hesu kristo,christians believe jesus christ,mituo kristiyano hesu kristo
ginto kumikinang,glitters gold,bulawan gasidlak
ubeng puto kinakain dodong,dodong eats banana puto,ube puto ginakoan dodong
moradong saging galing gubat planeta paborito dodong,dodongs favorite banana comes forest planet,morado saging lasang planeta ampay dodong
dinala aklat,brought books needed,gidala libro
kambal nanay,mother twins,kambal inahan
mabuti,hope well,sab maayo
leyon hari kagubatan,lion king forest,leyon hari lasang
nawalan malay,lost consciousness,nawalan kusog
hinimatay,passed,nakuyapan
malaki sala bago bahay,living room new house big,dako sala bago balay
nagawang kontrolin galit,couldnt control anger,nakaya pugngan kasuko
pera,money,kwarta
ialmusal,want breakfast,kaunon pamahaw
inaasahan bibiguin,expected disappoint,sayopn sama suma
,right,gina buhat pagka
nakatira ibabang palapag,live downstairs,ilalom puyo
azeri,azeri,azeri
langit ibon,bird sky,langgam kalangitan
magawa,cant,silay mahimo
pagkatalo,loss today nothing,kapildihon
naroon,,tuara pd
nandoon,,
niyo masagot tanong magpatulong inyong,cannot answer question ask teacher help,katubag pangutana pangatuna inyong maestro
kinailangan niyang magtrabaho linggo,work even sundays,trabaho miski dominggo
masyadong pilitin ha,dont push hard huh,pugsa ha
babalik susunod linggo,back next sunday,mubalik sunod dominggo
untiunting dumadami nalalaman ingles,little little know english,ga anamanam natunan ingles
dalawang tainga tao,two ears,duha dalunggan tao
nagtatrabaho kuya gasolinahan,older brother works gas station,kuya ga trabaho gasolinahan
nakapunta kyoto,kyoto,mog kyoto
magawa tumahimik,could nothing remain silent,mabuhat muhilom
nagkita simbahan,met church,simbahan
pumasok kwarto magpahinga,went room rest,nisulod kwarto pahulay
pumasok silid magpahinga,went room rest,nisulod kwarto pahulay
sinulat sarili niyang pangalan,wrote,sulat sariling pangalan
takot mawalan pera,afraid losing money,nahadlok mawad kwarta
takot mawalan salapi,afraid losing money,kahadlokan mawadan kwarta
basa kumot,blanket still wet,basa habol
mabagal maglakad,walks slowly,hinay baktas
mahalagang pagalalahan,important worry,importante kabalakhan
mukhang masyadong nakapagaral pagsusulit,sounds like study well exam,tuon aton buhatunon
uulan,looks like going rain,uwan
mukhang uulan,looks like going rain,kaulanon
pumasok kuwarto,entered room,nisulod kwarto
nakalimutan patayin ilaw,forgot turn light,nakalimot patay suga
bato loob sapatos,stone shoe,bato sulod sapatos
ubeng tinapay kinakain andong,andong eats banana bread,kaon andong tinapay ube
nagtanim sakahan planetang irding ube kamote,planted farms planet irding pears sweet potatoes,tanom basakan planetang irding ube kamote
planetang irding maraming babuyan moradong baboy,planet irding many purple pigs,daghan baboyan moradong baboy planetang irding
malaking asyenda andong planetang irding,andong large estate planet irding,dako yutaan andong planetang irding
planetang irding akuwakultura,planet irding aquaculture,isdaan quary planetang irding
planetang irding pagsasakang pangtubig,planet irding aquaculture,basak tubig planetang irding
asyenda andong planetang irding pagsasakang pangtubig,andongs estate planet irding also water farming,kayutaan andong planetang irding adunay basak tubig
nagkaroon bagyo kahapon,storm yesterday,bagyo gahapon
tingin marunong mangastila obama,think obama knows kill,pananaw kahibaw espanyol obama
tanong,question,pangutana
nagaaral mabuti,studies hard,ga tuo maayo
sayo magaaply trabaho,would apply job,mangapply trabaho
kailangang humingi tawad,dont apologize,mangayo pasaylo
masaya,doesnt seem happy,malipayon
afrika bansa,afrika country,nasud afrika
nagtamo tatlong bala katawan,received three bullets body,duha bala kalawasan
panganib,danger,delikado
mahabang istorya,long story,taas storya
nabago buhay mula nakilala,life changed since met,sukad nakaila bago kinabuhi
madaming kakilala,knows many people,daghan kaila
iginagalang paul magulang,paul respects parents,dako respeto paul ginikanan
masyadong nagaaral monica,monica doesnt study well,ga tuon monica
kusina,kitchen,kusina
mahilig pagong,love turtle,ganahan pagong
bumangon seis,get six oclock,mata sais
maliit bituing pinakamaningning,little star brightest,bitoon gamay pinaka hayag
kristyanismo islam dalawang magkaibang relihiyon,christianity islam two different religions,lahi relihiyon kristyano islam
,,
,whats,saman
ipagpatuloy magandang gawain,keep good work,ipadayon maayong buhat
klaseng sensasyon tanong nagbabantay tindahan,kind sensation asked store keeper,klase sensasyon pangutana tig bantay tindahan
itsura,look like,nahung
matangkad,tall,taas sya
mayroon kayumangging buhok,brown hair,bay pgka bulaw buhok
sumusuot salamin,wear glasses,ga sulob antipara
magpanggap kilala,pretend dont know,atikatik diha kaila
gaano bobo mayroon ring bobo,matter stupid still stupid,bogo pay bogo
tayong magagawa magtiwala,whoever cant trust,miski tay mabuhat salig
maisip aking sarili pumatay tao,cant imagine killing someone,hunahunaan sarili patay isip tao
aking katinuan gumawa takdang aralin,right mind homework,saktong hunahuna buhat buhatunon
napapaisip anoanong kasabihan utak,wonder kind sayings mind,ga hunahuna pulong hunahuna
kumuha pera,take money,ga kuha kwarta
pinatay lalaking,kill,patay lalaki
interesado gawin bagay ganyan,interested things like either,sad interest buhaton butang
pinakaeksklusibong adress,thats one exclusive addresses,pinakaekslusib adress
pinakaeksklusibong adres lungsod,one exclusive addresses city,pinakaekslusib adress lugar
naubos paglaumpagasa,hope gone,nahurot paglaom
hahanapin charley,ill find charley,pangitaon charley
matatapos proyekto,cant finish project,mahuman proyekto
bagong gupit,new haircut,bagong gupit
naglagay palaka aking kama,put frog bed,butang baki katre
asyano kumakain bigas,asians eat rice,ga kaon bugas asyano
italyano kumakain pasta,italians eat pasta,ga kaon pasta italyano
kakaiba ilong,nose weird,lahi rajod ilong
alam mahal,know doesnt love,kahibaw gina higugma
pupunta doon,go,
inaasahan mali alam tama,hope youre wrong know youre right,ga dahom mali kahibaw tama
inaasahan mali,hope wrong,ga dahom mali
nahulog hagdan natamaan aking ulo,fell stairs hit head,nahulog hagdanan ulo
pinayagan aking aso tumakbo kalayaan,let dog run free,padagan iro dagan babag
kabataan pagasa kinabukasan,youth hope future,batanon pagasa kaugmaon
bahay,home,panimalay
magsalita wika,dont want speak language,ganahan istorya stinoryahan
sinubukan,tried,tistingan
sinaksak,stabs,saksak
nandiyan,,
nandiyan,,
dumating tsina,came china,abot tsina
sumagot,dont want answer,tubag
alam magaganap,dont know happen,kahibaw kanusa mahitabo
alam uuwi,dont know come home,kahibaw kanusa
alam babalik,dont know come back,kahibaw kanusa balik
alam matutulungan,dont know help,kahibaw kanusa matabangan
alam mapapalaya bilanggo,know prisoners released,kahibaw kanusa mapagawas priniso
alam makakabalik boston,dont know ill back boston,kahibaw kanusa balik boston
alam nagpakasal alam nagpakasal,dont know got married know,kabilbaw kanusa minyo kabalo minyo
gagamitin,use,gamiton
tinuturuan magluto aking tatay,father taught cook,tudloan tatay luto
ginagamit,use,ginagamit
bahay nagbabasa nakahiga,home always reads lying,balay pirmi ga basa higda
magtrabaho,want work,trabaho
pumunta lawa,go lake,lawa
paraan malaman,way knowing,mabuhat mahibawan
ganoon kagaling pagsusulat kanta,good writing songs,ingana hawod suwat kanta
mayroon limang minuto makapagbihis bumaba,five minutes get dressed come downstairs,lima minuto ilis baba
nabubo kape,spilled coffee,nayabo kape
aking paboritong larawan,favorite picture,paboriton litrato
nagaaway aking magulang,parents fighting,ga away ginikanan
aking paboritong kulay bughaw,favorite color blue,paborito kulay bughaw
alam totoo sasabihin sayo,know truth tell,kahibalo kamatuoran ingon
mayroong bagong kotse aking ama,father new car,bagong sakyanan amahan
aling bansa pinanggagalingan,country,nasud
maputi balat niyebe,skin whiter snow,puti panit niyebe
sakit dulot masamang panahon,illness caused bad weather,sakit tungod pangit panahon
kabayo,horse,ila kabayo
tatawagan,call,tawagan
nagaalala,also worried,nabalaka
biro tama,joke right,atik
bansa niue,niue country,nasud niue
nalaman,know,kahibalo
tulungan,want help,ganahan tabangan
anthony,anthony,anthony
nakita,saw,nakita
kinalaman,,relasyon
magaaral aleman,study german,tuon aleman
kuwenta kausapin,worthless talk,pulos istorya
napakagulo aking buhok,hair mess,grabe gubot buhok
mabuti tayong magkaibigan,good friends,maayo pagkaamigo
aso,like dogs,ganahan iro
aso,like dog,ganahan iro
asong,like dog,ganahan aning iroa
aso,like dog,ganahan iro
asong,like dog,ganahan ato iro
aso,like dogs,ganahan iro
kumuha taksi umuulan,took taxi raining,kuha taksi nagulan
kumakain gulay,dont eat vegetables,kaon otan
baliw suzan,suzan crazy,buang suzan
nagsinungaling tungkol grado,lied grade,namakak grado
pinanganak ika marso,born th march,gipanganak diseotse marso
maganda marika maniwala,beautiful marika believe,gwapa marika tuo
tingin,think like,pananaw ganahan
nakatulog aking kanang kamay,right hand fell asleep,nakatulog tuo kamot
gawin,,buhaton
maganda sabihin,beautiful matter say,gwapa miski iingon
nagiipon makabili bahay,saving buy house,ga tigom makapalit balay
mayroon limang kaibigan,five friends,lima barkada
mayroon mapa mundo,world map,mapa kalibutan
aking ina ring,mother also teacher,mama maestra
manatili lasing,stay drunk,pundo hubog
magugustuhan,wont like,maganahan
nagtatago,hiding,ga panago
binagalan niyang maglakad madulas,slowed avoid slipping,iya hinayan baktas islide
sinabi ina,told mother,ingnan mama
itago bisikleta,hide bike,tagoa bike
mayroon puting ngipin,white teeth,puti ngipon
magandang gabi inyong,good evening,maayo gabie inyong
maari makausap,talk,istorya
kausapin,talk,storyahon
ibinoto,voted,botar
madalas tumugtog gitara,often plays guitar,ga tugtug gitara panagsa
titiwala,one trusted anymore,nay ga salig
bumalik dito,come back,balik
magpahinga,dont want rest,pahuway
mahina,weak,hinay
nagpakulay buhok,dyed hair,bulaw buhok
minahal minahal,loved loved,gihigugma gihigugma pd
gising umuwi,awake got home,mata katung
ubos aking pasensya,running patience,hurot pasensya
pasensya,patience,pasensya
lumabas dito,get,gawas
kausapin,want talk,istorya
dalhin ospital,take hospital,dalaha ospital
mukhang pagod,looks tired,gikapoy
ganun,like,ingana
sabihin,want say,ingnon
matulungan,maybe help,basig matabangan
sagipin,rescue,luwason
naghihintay tayong,waiting,ga hulat tang
matamis pulotpukyutan ngunit nanunusok bubuyog,honey sweet bee stings,tamis pulot pukyutan ga panusok bubuyog
mabuting kaibigan,good friend,maayo pagka amigo
dilikadong mabuhay,hard live,delikado mabuhi
makakapigil,nothing stop,pugong
,,
,,
,,
bagalan paglakad,slow walk,hinaya baktas
maglakad mabagal,walk slowly,baktas hinay
paki lakasan,please strong,paki kusog
,,
tumakbo,ran,dagan
subukan ulit,try,tistingi
pakialam,cares,labot
sumimangot,frowned,ga mugot
umusog,get healthy,isbog
tumabi,step aside,sibog
tigilan paninigarilyo,stop smoking,undangi panigarilyo
tigilan paninigarilyo,stop smoking,undangi panigarilyo
tulungan sarili,help,tabangi kaugalingon
tumawag,call,tawag
sundan,follow,sundi
tumawa,laughed,katawa
labas,,gawas
lumabas,get,gawas diha
sundin,follow,sundoga
sumeryoso,serious,tinarong
sumeryoso,serious,tarong
kumakanta ibon,birds singing,ga kanta langgam
lumipas taon,years passed,nilabay tuig
ngumiti,smiled,ngisi
sinubukan,tried,tistingan
alam,know,kahibaw
,,
nasusunog kahoy,wood burns,nasunog kahoy
huminahon,calm,kalma diha
kumalma,calm,kalma diha
saluhin,catch,sala
tumatakbo,running,ga dagan
nawala,disappeared,nawala
tulungan,help,tabangi
nangyari,something happened,nahitabo
naiintindihan,understand,nakasabot
namatay,one died,namatay
umupo,sit,lingkod diha
tawagan,call,tawagi
nanalo,,nadaog
pakawalan,let go,buye
magintay dito,wait,hulat
inimbitahan jane hapunan,invited jane dinner,imbitar jane panihapon
nagpagupit buhok,cut hair,gupit buhok
tinatamad,lazy,gina tamad
laban,fight,laban
wag ganyan,dont like,
nagaway,waved,away
nangyayari,whats going,nahitabo
nananalo,wins,nadaog
alin saakin,one mine,diha
lumangoy,likes swim,salom
huling dumating,came last,ulahi abot
diretso tingin,look straight ahead,diretso tanaw
muntik malunod,almost drowned,hapit malumos
matangkad,tall,taas
kadiri,disgusting,luod
nagkasakit,got sick,sakit
minsan nananalo kasamaan,sometimes evil wins,usahay madaog maayo
mabilis tumakbo lynn,lynn ran fast,paspas dagan lynn
lakasan boses,raise voice,kusgi tingog
bagalan paglalakad,slow walk,hinaya baktas
libre inumin,drinks free,libre ilimnon
masakit aking tiyan,stomach hurts,sakit tiyan
iwanan,leave alone,pasagdie
nararamdaman,feel something,nabati
mayroon nararamdaman,feelings,ginabati
umaakyat puno unggoy,monkeys climb trees,saka unggoy puno
gumuhit bilog,draw circle,sulat lingin
maaari lumangoy,swim,salom
nagsisinungaling,lying,naga pamakak
,thats,
,,
mangyayari,happen,nahitabo
mayroon,,
magandang umaga inyong,good morning,maayong adlaw kaninyong
nauna tayong dumating,came first,nauna naabot
nanakaw,stole,nakawat
kumusta kayong,,kamusta
masungit,grumpy,maldito
mukha maputla,looks pale,luspad
hugasan mukha,wash face,hugasi nahung
nilalamig,cold,gina tugnaw
tumawag ambulansya,call ambulance,tawag ambulansya
binilisan umuwi,hurried home,paspasan
bilisan,hurry,paspasi
magpahinga,take break,pahuway
maganda,beautiful,gwapa
naging mayaman,became rich,nahimo dato
galit,angry,suko
naniniwala sayo,believe,ga tuo
bagay sayo luntian,green thing,bagay luntian
ninanais,want,
,,
mauna,first,una
mukha inip,look bored,mura bagot
lumangoy,swim,kahibaw salom
nakakaintindi saakin,one understands,nakasabot
mukha tanga,look stupid,mura tanga
malamig,cold,tugnaw
maganda buhay,life good,nindot kinabuhi
kanino,whose,
tumalon pababa,jump,ambak paubos
sumangayon,lets agree,uyon
maging matapang,brave,pangisog diha
sumangayon,everyone agreed,uyon tang
matulog,go sleep,matulog
tumawa,one laughed,katawa
nahulog,fell,nahulog
nagreklamo,complained,reklamo
nasunog,burnt,ugdaw
amuyin,smell,simhota
nakakaalala,remembers,nakahinomdom
napansin,noticed,bantay
tulungan,help,tabangi
tumalon,everyone jumped,ambak
tumalon,everyone jumped,ambak
bumaba,come,naog
ipaliwanag sarili,explain,ipasabot kaugalingon
tanungin,ask,pangutana
nahimatay,passed,nakuyapan
sumigaw,screamed,singgit
napakakadiri,disgusting,kaluod
umubo,coughed,ubo
intay,wait,huwat
manatili loob,stay inside,pundo diha sulod
ayusin,fix,ayuha
salamat ulit,thanks,salamat
bumahing,sneezed,nihumok
wag pansinin,dont pay attention,tagda
sakit,pain,sakit
sumuko,gave,surrender
magsalita mahinhin,speak modestly,sulti hinay
nandaya,cheated,nanikas
nadulas,slipped,islide
sumigaw,shouted,singgit
panoorin,watch,lantawa
magsimula,start,sugdi
nanalo,win,daog
nagiiba tao,people different,ga bago tao
maaari lumangoy lawa,swim lake,salom lawa
paumanhin,sorry,pasensya
dito,,
pumasok,come,sulod
sumangayon,agreed,ga uyon
huminga normal,breathe normally,hinga normal
napakasarap,tasty,lami
magintay labas,wait outside,huwat gawas
ipinangako,promised,promisa
paalis tren,train leaving,palakaw tren
malapit umalis tren,train leave,hapit lakaw tren
sinungaling,liar,bakakon
sinubukan,tried,tistingan
nagtagumpay,succeed,lampos
gumana,work,gana
lumapit,approached,duol
naglakad,walked,baktas
lumalakad,walking,naga baktas
bumoto,voted,botar
nagboluntaryo,volunteered,boluntaryo
nagboluntaryo,volunteered,boluntaryo
nagtrabaho,worked,trabaho
sumigaw,shouted,singgit
umuwi,go home,
subaybayan,follow,bantayi
panoorin,watch,lantawa
pagkatiwalaan,trust,saligi
isulat,write,isuwat
nadapa,stumbled,nadagma
sinubukan,tried,tistingan
naiintindihan,understands,nasabtan
hulihin,catch,dakpa
yakapin,give hug,gaksa
patawanin,make laugh,pakatawa
halikan,kiss,haluki
pakawalan,let go,buye
iligtas,save,salbaha
tulungan,help,tabangi
lumangoy,swam,salom
lumangoy,swam,salom
nagsalita,spoke,storya
nagtuturo,teaches,naga tudlo
sagutin,answer,tubaga
nagsalita,spoke,storya
tawagin,call,tawga
tawagan,call,tawaga
nagpawis,sweating,naningot
tumayo,stood,nio tindog
tumayo,stood,tindog
sumuko,gave,surrender
tumakbo,ran,dagan
tumakbo,ran,dagan
naalala,remembered,hinumdom
naaalala,remembers,nahinumdoman
nakinig,listened,naminaw
napansin,noticed,bantay
sumunod,followed,apas
nagdasal,prayed,ampo
nandaya,cheated,nanikas
nakatakas,escaped,layas
nakawala,got away,buhi
tulungan niyo,please help us,tabangi
pumalakpak,applauded,napalkpak
bumoto,vote,botar
isipin muli,think,hunahunaa
nakakatulong,helps,makatabang
nagintay,waited,huwat
nangyari,happened,nahitabo
nangyayari,happening,panghitabo
nanatili,stayed,pondo
nakalimutan,forgot,nakalimtan
matutong gitara,want learn play guitar,tuon tugtug gitara
kumakain luis palitaw kusina,luis eating snack kitchen,ga kaon luis palitaw kusina
nagluluto paksiw luisa kusina,luisa cooking paksiw kitchen,ga luto paksiw luisa kusina
hiniwalay karl buto laman pakwan,karl separated seeds flesh watermelon,bulag karl bukog unod pakwan
nilaga karl buto langka,karl stewed jackfruit seeds,laga karl bukog langka
mayaman magsalita,seems speak richly,mura dato storya
pumunta paris unang nakilala,went paris first met,paris una nakaila
maglaro taguan,lets play hide seek,dula tag taguanay
masarap turones de kasoy tindahan dindin,turones de kasoy dindins store delicious,lami anf turon de kasoy tindahan dindin
marunong gumawa dindin tocino de cielo,dindin knows make tocino de cielo,kabaw buhat dindin tocino de cielo
nilaga dindin balinghoy,dindin stewed tapioca,laga dindin balinghoy
kusina dindin tsokolateng keyk,chocolate cake dindins kitchen,kusina dindin tsokolet keyk
trixie maja blanca,trixie prefers maja blanca,ganahan trixie maja blanca
gumawa maja blanca trixie kusina,trixie made maja blanca kitchen,buhat trixie maja blanca kusina
sinubo trixie kutsarita maja blanca anak lalaki,trixie spooned teaspoon maja blanca son,hungit trixie kutsarita maja blanca anak lalake
bahay kubo dalampasigan,huts beach,payag dagat
kahon espasol myrna,myrna box scissors,espasol kaon myrna
nagtatabas talahib rolando bukid,rolando cutting grass field,ga tabas talahib rolando bukid
kakaunti taong nagsasalita wika tiyera,people speak language tiyera,gamay nlaang tawo ga storrya lingwahe tiyera
mahilig kyle pornograpiya,kyle loves pornography,ganahan kyle pornograpiya
komunista pamilya wallis,walliss family communist,komunista pamilya wallis
masyadong maasim handa bisita,ones prepared guests sour,grabe aslum handa bisita
malungkot tagabaryo umulan umulan pista,villagers sad rained heavily festival,nalipay baryo tungod sagunsod ulan tung pista
makulimlim langit alex bahay alice,sky overcast alex saw alices house,dagom langit alex balay alice
sinubo alex espasol bibig,alex took bite spoon mouth,hungit alex espasol baba
mahirap wikang pinagaaralan natutuwa,language learning difficult enjoys,lisod lingwahe tunan nalipay
nagdrodroga magasawa malungkot,couple drugs lonely,ga droga magasawa malipayon
ibang kabanata buhay benny,bennys life another chapter,lahi kapitulo kinabuhi benny
maliit tao napakalaki sansinukob,small universe big,tuod gagmay tawo dako kalibutan
kalagitnaan katauhan sansinukob,humanity center universe,tunga katawhan uniberso
kumakain tocino de cielo randy,randy eats tocino de cielo,ga kaon tocino de cielo randy
nilagay randy espasol plato,randy put knife plate,butang randy espasol plato
maraming bahay kubo bukid,many huts farm,daghan payag bukid
bahay kubo zelda tabi dalampasigan,zelda cottage beach,payag zelda kilid dagat
gabi naglalakad zelda tabi ilog,night zelda walks river,gabie ga baktas zelda kilid suba
nilagyan dindin sopas bulaklak saging,dindin topped soup banana flowers,butanagan dindin sopag bulak saging
tinikman dindin maja blanca trixie,dindin tasted trixies maja blanca,tilawan dindin maja blanca trixie
tinikman ronny tocino de cielo armando,ronny tasted armandos tocino de cielo,tilawan ronny tocino de cielo armando
nilagay ronny tocino de cielo ref kusina,ronny put tocino de cielo refrigerator kitchen,butang ronny tocino de cielo ref kusina
kumakain noel nilagang suso,noel eats breast stew,ga kaon noel laga suso
nagluluto sugpo noel kusina,noel cooking shrimp kitchen,ga luto noel sugpo kusina
suman kinakain joel kusina,joel eating kitchen,suman gina kaon joel kusina
tamales kusina kinakain joel,joel eats tamales kitchen,tamales kusina gina kaon joel
pan de ube kinakain joel panaderiya,joel eats pan de ube bakery,pan de ube gina kaon joel panaderya
kalihim kinakain joel panaderiya,secretary joel eats bakery,kalihim gina kaon joel panaderya
berdeng mangga buslo beranda,green mangoes bush porch,mangga hilaw buslo beranda
malalaking abokado buslo garahe,big avocados garage,adunay dagko abokado buslo garahe
kulaykulay parol nakabitin daan,colorful lanterns hanging road,adunay klaseklaseng kolor parol nakasabit dalan
aburido bisita,guests bored,tuod aburido bisita
sinunog trabahador talahib kampo,workers burned talahib camp,daoban trabahador talahib kampo
sumiklab talahib kampo,discord broke camp,siga talahib kampo
nabigla ronaldo nabalitaan niyang nanalo loteriya,ronaldo shocked heard lottery,kuratan ronaldo tung nakabalita daog lotto
maraming nahuling isda dalampasigang katabi nayon,many fish caught beach adjacent village,daghan isda nadakpan dagat tupad nayon
nagprito bangus perlita kusina,perlita fried bangus kitchen,prito bangus perlita kusina
nilagang balinghoy kinakain melissa almusal,melissa eats tapioca stew breakfast,laga balanghoy gikaon melissa pamahaw
nilagang balinghoy kinakain melissa agahan,melissa eats tapioca stew breakfast,laga balanghoy gikaon melissa pamahaw
nagluluto sago freddy kusina,freddy cooking sago kitchen,ga luto sago freddy kusina
nilagyan freddy sago baso,freddy filled glass sago,butangan freddy sago baso
kulaykulay sago baso freddy,sago freddys glass colored,adunay klaseklaseng kolor sago baso freddy
lumangoy bata pisina perla,children swam perlas pool,ga salom bata pisina perla
nagdasal nagdasal eva simbahan,eva prayed prayer church,nagampo nagampo eva simbahan
tsampurado agahan tony,tonys breakfast spoiled,tsampurado pamahaw tony
nagalaga kuneho,raised rabbit,nagalaga kuneho
maramingmaraming kuneho sakahan,many rabbits farm,daghan kuneho basakan
nageksperimento kalderetang kuneho,experimented rabbit caldera,nageksperimento kalderetang kuneho
nilagyan olibo kalderetang kuneho,rabbit stew topped olives,butangan olbigo kalderetang kuneho
maramingmaraming olibo luto,likes lot olives cooking,daghan olibo ganahan luto
maitim berdeng olibo luto,dark green olives cooking,adunay itom berde olibo luto
garapa olibo,olives jar,garapa olibo
berde itim olibo loob garapa,jar contained green black olives,adunay berde itom sulod garapa
maraming garapang puno olibo,many jars filled olives,daghan garapa puno olibo
naiyak bisita,guests started crying,nakahilak napod bisita
naiinggit wika,jealous language,tuod naibog lingwahe
inggitero,hypocrites,tuod inggitero
dumating nakakotse,came car,abot kotse
sinabi,say,ingon
magsasayaw,dance,manayaw
kyut nancy,nancy cute isnt,tuod kyut nancy
nilang magingles bata,want children speak english,ganahan iningles bata
ingles magulo ispeling,like english like messy spelling,ganahan ingles ganahan libog ispeling
ingles magulo ortograpiya,like english like messy spelling,ganahan ingle gubot ortograpiya
tony kondol kendi,tony likes candy,ganahan tony kondol kendi
masarap ubeng polboron tindahan,stores banana polboron tastier,lami ubeng polboron tindahan
ubeng polboron bata,children like eggplant polboron,ube polboran ganahan bata
gumawa ubeng polboron marita,marita made banana polboron,himo ube polboron marita
polborong ube kinain timmy,timmy ate pulborong ube,ube polboron kaon timmy
sapinsapin sandy,sandy layer layer,sapinsapin gibuhat sandy
tao makina,like machine,tawo mura makina
halaman makina,plant like machine,tanom mura makina
hayop makina,animal like machine,hayop mura makina
makina oras pupunta nakaraan kinabukasan,time machine would go past future,makina oras balik sauna ugma
alam idagdag wikang listahan politika,know cant add languages list politics,kahibaw idungag lingwahe listahan tungod politika
mali akalang patay,wrong think dead,sayop dahom patay
parehong babae dalawang rasang,two races seem women,parehas babaye duha rasang
masaya gabi pangangaluluwa maraming handa,happy night soul many people prepared,malipayon gabie pangangaluluwa tungod daghan handa
masayangmasaya bata bayan gabi pangangaluluwa,children town happy gabi panganaluluwa,malipayon bata among baryo gabie pangangaluluwa
arawaraw gabi pangangaluluwa bayan ricardo,seems like every day night compassion ricardos town,adlawadlaw gabie pangangaluluwa baryo ricardo
likod bahay puno kamyas,behind house kamyas tree,likod balay puno kamyas
balinghoy kinain pamilya kanilang agahan,family ate tapioca breakfast,balanghoy gikaon pamilya ganinang pamahaw
masarap kamatsili bayan nilo,kamachili delicious nilos town,lami kamatsili baryo nilo
kumakain liana kamatsili,liana eating tomato,naga kaon liana kamatsili
lolo lola atin,grandparents isnt,lolo lola
naiyak propesorang amerikana,american professor cried,nihilak propesorang amerikana
ingles naguguluhan,dont prefer english confused,ganahan ingles nalibog
naiyak pilipinang magtrabaho,crying filipina want work anymore,nihilak pilipina uyon trabaho
naku naging babae dito,oh become girl,hay naku nahimo babae
umalis aburido,go away stupid,hawa aburido
tumulog inaantok,go sleep youre sleepy,tulog diha ga duka
nagustuhan ingles,like english,ganahan akoang ingles
naging kalaban,become enemy,nahimo kaaway
nagmamahal inyo,one love,bay nahigugma kanimo
punong sinigwelas jayjay,jayjay ate something,adunay puno sinigwelas jayjay
bintana harap hardin bubog berde,window front garden bathed green,bintana atubangan tamnanan bubog berde
rosas kulayube hardin noel,purple roses noels garden,adunay rosas kulay ube tamnanan noel
punong santol palibot bahay warren,santal trees around warrens house,adunay santol puno palibot balay warren
naging demonyo tao,people become demons,nahimong demonyo tawo
mabait tao,nice people,nay buotan tao
alam matagal,known long time,dugay nahibalan
puno kamatsili palibot bahay erik,tomato trees around eriks house,adunay puno kamtsili palibot balay erik
kumakain kamatsili myra bahay,myra eating kamacili home,naga kaon kamatsili myra balay
buslong puno kamatsili eileen,eileen stomach full tomatoes,buslong puno kamatsili eileen
marcel maging bakla,marcel prefers gay,ganahan marcel mahimong bayot
alam lesbyana dora,dora known lesbian,kahibaw tomboy dora
parehong lesbyana risa yolanda,risa yolanda lesbians,parehas tomboy risa yolanda
alam tabitha lesbyana,tabitha knows lesbian,kahibaw tabitha tomboy
matagal lesbyana tabitha,tabitha lesbian long time,dugay tomboy tabitha
nakarating paris,paris,nakaabot paris
,dont,
nagbihisbabae,dressed woman,ilis binabaye
nakapambabae,feminine,binabaye suot
nakapunta paris,paris,paris
,dont,miski
nagdamit babae,dressed woman,sulob babae
kape,coffee,kape
kape pakiusap,coffee please,palihog kape
ginutom maigi,hungry,gutom taman
mahal,love,gihigugma
yn kasalanan,fault,sala
kasalanan,fault,sala
alam hihindi,know wont,kahibaw raka
alam hihindi,know wont,kahibaw
takot takot,scared,hadlok
sobrang takot,scared,hadlok taman
matagal lesbiyana tabitha,tabitha lesbian long time,dugay tomboy tabitha
alam tabitha lesbiyana,tabitha knows lesbian,kahibaw tabitha tomboy
parehong lesbiyana risa yolanda,risa yolanda lesbians,parehas tomboy risa yolanda
alam lesbiyana dora,dora known lesbian,kahibaw tomboy dora
nilang maging bakla,want gay,uyon mahimo bayot
inisip marcel masaya magiging buhay bakla,marcel thought life would happier gay,gina hunahuna marcel malipayon kinabuhi mahimo bayot
pagulunggulong buhay katulad panahon,life rolling like seasons,libog libog kinabuhi sama kaugmaon
gumawa maja blanca rhea bahay luis,rhea made maja blanca luiss house,buhat maja blanca rhea balay luis
maja de ube paborito sally,maja de ube favorite,maja de ube paborito sally
tsitsaron kinain ricky kusina,ricky eats chicken kitchen,tsitsaron kaon ricky kusina
hinalo maritess tsitsaron pansit palabok,maritess mixed tsitsaron noodles,halo maritess tsitsaron palabok
namili prutas gulay derek,derek went shopping fruits vegetables,namili derek prutas otan
derek kapeng bayad,derek prefers free coffee,ganahan derek kape bayad
johnny maglaro putbol,johnny prefers play football,ganahan johnny dula putbol
nagbabasa marisol siyensiyang piksiyon,marisol reads science fiction,ga basa siyensiyang piksyon marisol
marisol magbasa pantasya,marisol also likes read fantasy,ganahan marisol magbasa pantasya
nilagyan wesley eksperimentong karne tsokolate,wesley added chocolate experimental meat,butangan wesley eksperimentong karne tsokolate
salsa istroberi nilagay oscar lutong manok,oscar put strawberry salsa cooked chicken,duga istroveri gibutang oscar luto manok
lalaking nakita kaninang umaga ginoong green,saw morning mr green,lalake among nakitan ganinang buntag ginoong gree
lumabas pusa galing ilalim lamisita,cat came table,adunay gawas iring ilalom lamisita
pusang lumabas ilalim lamesa,cat came table,gawas iring ilalom lamesa
dahilan matakot,reason fear,rason mahadlok
pangungusap,sentence,silot
pangungusap,sentence,silot
nakakita kaniya sapul noon,one seen since,nay nakakita iya dugay panahon
patayin tv,could turn tv,mahimo patyon tv
handa,ready,andam
kumain,eaten,kaon
niloko,tricked,rakong uto
titi organong pangreproduktibo lalaki,penis one male reproductive organs,oten organong reproduktibo lalaki
masarap magkape malamig panahon,coffee good weather cold,lami mangape bugnaw panahon
gabi ngunit makatulog,late still couldnt sleep,gabie gihapon tulog
napaluha pinapanood niyang malungkot pelikula,moved tears sad movie watching,nakahilak tan aw masulobon palabas
nabanlian mainit sabaw,wet hot soup,gipulihan init sabaw
natalo manok,chicken lost,nawala manok
uuwi pasko,coming home christmas,mopauli alang pasko
malakas ulan,rain heavy,kusog ulan
naging bakla,like youve become gay,naging bakla
bakla naiintindihan,everyone dont understand gay,masabut bayot
malaking bokabularyo,bigger vocabulary,malaking bokabularyo
naging takot budismo,became afraid buddhism,nahadlok budismo
masyadong naiintindihan budismo,understand buddhism well,masabut hingpit budismo
kumain marivic kotonkendi,marivic ate cotton candy,kaon kotonkendi marivic
kumain stella ubeng polboron,stella ate polboron banana,kaon ube polboron stella
kumain gordon turrones de casoy siyudad,gordon ate turrones de casoy city,kaon turrones de casoy gordon siyudad
kumain chuck buko popsikel,chuck ate knuckle popsicle,kaon buko popsikel chuck
kumain chuck ice buko,chuck ate ice knuckle,kaon ice buko chuck
kumain chuck ays buko,chuck ate ice cream,kaon ays buko chuck
kumain leia santol,leia ate santol,kaon santol leia
kumain amy pritong bangus,amy ate fried bangus,kaon pritong bangus amy
kumain makopa,ate makopa,kaon makopa
gumawa kalihim benny,benny made secretary,buhat kalihim benny
gumawa pan de ube benny,benny made pan de ube,buhat pan de ube benny
baga imbes nagingles lumad pilipino,natives speak english instead longer filipinos,baga imbes ingles lumad pilipino
nagtatagalog kapampangan magaling pilipinong wika salita imbes dayuhan,kapampangans speak word still good filipino language instead something foreign,nagtagalog kapampangan hawd pilipinong lingwahe gihapon pulong imbes adlaw
sabi lumad pilipino ingles dayuhan,said natives still filipino english foreign,giingon lumad pilipino ingles dayuhan
malalaki kanilang titi,penises big,dagko oten
ibig sabihin hudyo,mean youre jewish,hinungdan hudyo
isip taong parating takot inutil,think people always afraid useless,hunahuna tawo pirting hadlok inutil
kumain pitsipitsi fiona,fiona took bite,kaon pitsipitsi fiona
karekare kinain emilio,emilio ate karekare,karekare gikaon emilio
buko pay nonong,nonong wants knuckles,buko pay ganahan nonong
buko pie nonong,nonong likes knuckle pie,ganahan nonong buko pie
kamusta,,kamusta
kumusta,,kamusta
kumain espasol kyle,kyle ate snack,kaon espasol kyle
ihugis buhay paghihintay malaking gera,dont shape life around waiting big war,ilabay kinabuhi paghulat daghang gera
gumagawa nilupak oscar,oscar making pottery,himo nilupak oscar
kumakain benny halohalo,benny eats mixed food,naga kaon benny halohalo
mahal astronomiya,love astronomy,gihigugma astronimiya
natutong maigi pari maya tungkol astronimya,maya priests learned great deal astronomy,natutong maigi pari maya bahin astronimya
eksperto astronomiya,expert astronomy,eksperto astronomiya
agham sansinukob astronomiya,astronomy science universe,agham sansinukob astronomiya
agham bagay langit astronomiya,astronomy science celestial objects,agham butang langit astronomiya
interesado astronomiya,seems interested astronomy,interesado astronomiya
nadiskubre galileo iniba mukha astronomiyang magpakailanman,galileos discoveries changed face astronomy forever,nadiskubre galileo nawong astronomiyang
binubulay pundador modernong astronomiya nicolaus copernicus,nicolaus copernicus considered founder modern astronomy,binubulay pundador ulahi astronomiya nicolaus copernicus
nagaral matematika astronomiya unibersidad krakow copernicus,copernicus studied mathematics astronomy university krakow,tuon matematika astronomiya unibersidad krakow copernicus
parehong kasabay pinakaantigo pinakamodernong agham astronomiya,astronomy oldest modern science,parehong kasabay pinakaantigo labing kadaghan agham astronomiya
naging interesado nicolaus copernicus astronomiya estudyante unibersidad italya,nicolaus copernicus became interested astronomy university student italy,nahimong interesado nicolaus copernicus astronomiya estudyante unibersidad italya
heograpiya astronomiya,astronomy like geography,mura heograpiya astronomiya
parte basikong edukasyon katulad,part basic education like mine,parte kanang basikong edukasyon adunay katulad
siyensiyang piksiyon,likes science fiction,ganahan siyensiyang piksyon
mahal siyensiyang piksiyon,loves science fiction,gihigugma siyensiyang piksyon
siyensiyang piksiyon,prefer science fiction,ganahan siyensiyang piksyon
panatiko siyensiyang piksiyon,science fiction fanatic,panatiko siyensiyang piksyon
dilaw saging,bananas yellow,dilaw saging
masarap saging,bananas delicious,lami saging
nagustuhan saging,liked banana,naganahan saging
mahal saging,love bananas,gihigugma saging
saging,bananas,miy saging
saging,bananas,tay saging
hinog saging,banana ripe,hinog saging
namulok saging,banana sprouted,namulak saging
umutot,farted,utot
matamis saging,bananas sweet,tamis saging
saging kinain,ate bananas,saging kaon
saging,banana,bay saging
mayroon saging,bananas,bay saging
saging,banana,saging
pritong saging,like fried bananas,ganahan pritong saging
langaw saging,flies like bananas,ganahan langaw saging
magtalop dalawa saging,peel two bananas,magtalop duha saging
hinog saging,bananas yet ripe,hinog saging
pumayag,agree,sugot
dumating kagabi,arrived last night,abot gabie
ayokong malaman pangalan,dont want know,makahibaw ngalan
kalimutan,dont forget,kalimti
nakatira malayong nayon,live remote village,nakapuyo layo baryo
nakapunta amin,us,amoa
bango dumaang dalaga,scent passing girl,humo agi dalaga
layo narating,far come,kalayo among naabtan
sundan taong,follow person,sundi tawo
tagtuyot tigang lupa tuyo bukirin,drought land dry fields dry,tagtuyot napud tigang lupa tuyo bukirin
sumilong muna,take shelter first,palandong
inabot malakas ulan kahapon,heavy rain hit yesterday,naabtan kusog uwan gahapon
busog busog,full,busog
sandali,moment,kadali rami
umiinom tsa,drink tea,inom tsaa
uminom tsa,drink tea,inom tsaa
uminom,drink,inom
inumin,drink,imnon
umiinom kape,drink coffee,ga inom kape
uminom,lets drink,inom
umiinom alak,drinks alcohol,ga inom alak
inumin katas,drink juice,inuma duga
inumin gatas,drink milk,inuma gatas
uminom tsa,drink tea,inom tsaa
nainom gatas,drank milk,inom gatas
nainom elepante tubig,elephants drank water,inom tubig elepante
nawala makina oras,time machine gone,nawala makina oras
aking makina oras,time machine,time machine
makina oras pupunta,time machine would go,adunay makina oras moadto
napakadilim gabi,night dark,ngitngit gabii
tinapay,wheres bread,tinapay
masakit ngipin,tooth hurts,sakit ngipon
alam pupunta,know going,nahibalan moadto
grabe sipon,bad cold today,grabe sipon
nilagnat pagkabasa ulan,got fever getting wet rain,gihilantan pagkahuman basa ulan
napanaginipan kagabi,dreamed last night,nagdamgo kagabii
hinabol pusa bubuwit,cat chased snake,gigukod iring ilaga
natalo inihalal kandidato pangulo dinaya resulta halalan,elected candidate president lost rigged election results,napili kandidato pagkapresidente napildi tungod gilimbungan sangputanan piliay
namili boto nagwaging gobernador,winning governor cast vote,nagdaog gobernador nagboto alang boto
nandaya kandidato upang manalo eleksiyon,candidate cheated win election,naglimbong kandidato modaug piliay
binilisan paglalakad upang maabotan gabriela,sped walking could reach gabriela,gipaspasan lakaw maabot gabriela
malapit botohan susunod mamumuno bayan,polls next leaders town coming soon,duol pagboto alang sunod pinuno lungsod
maniniwala iba,wont trust else anymore,motuo uban
umalis kaninang kuwatro umaga,left morning four oclock,naghalin kwatro aga
dalawang taon nakaraan sapul iwanan,two years since left,duha tuig nakalabay sukad gibiyaan
nagbayad,paid,gibayran
pinakamahalagang organo sex utak,important sex organ brain,labing hinungdanon organo pakigsekso utok
masaya nalaman mabuti kalagayan,happy know good condition,malipayon nahibalan maayong porma
halika dito ipapakita,come something show,dali ngari adunay ipakita kanimo
basa tuwalya,towel wet,basa tualya
kakaunti tao dalampasigan,people beach,gamay tawo baybayon
nagsisinungaling,lying,namakak
tumapak timbangan,step scale,pagtunob timbangan
dumating magulang,parents come,moanhi ginikanan
kaarawan,today birthday,adlawng natawhan
labing walo,eighteen,diseotso anyos
nakakaalam kaarawan,nobody knows birthday today,nakahibalo adlawng natawhan
ikinararangal,honor,gipasidunggan
nahihilo,dizzy,nalipong
nakapaa naglakad,walked feet,naglakaw nagtiniil
mabuti aking pakiramdam,feel good,maayo pamati
nalulungkot,sad,naguol
hihimatayin,feel like going faint,nakuyapan
umuwi magpalit damit,go home change clothes,pauli ilisan sinina
pakikuha kape,please get coffee,palihug hatagi kape
kape,want coffee,kape
napigilan maluha,couldnt stop tears,mapugngi luha
putangina nakalimutan password,putangina forgot password,putang ina nakalimot password
hinihingal umakyat bundok,breath climbing mountain,nahingangha pagsaka bukid
malamang galit aking kaibigan kinikibo,friend must mad doesnt move,tingali nasuko higala akon hilabti
magaling magpasaring facebook,good connecting facebook,maayo pagsundog facebook
nagdiriwang araw aking kapanganakan,dont celebrate birthday,gisaulog birthday
simulan,lets get started,magsugod
magrelaks,lets relax,relaks
magisa kumain,ate alone,naginusara nagkaon
nagpatiwakal edad tatlumpo,committed suicide age thirty,naghikog edad traynta
nahihiya magpasuso publiko,ashamed breastfeed public,naulaw magpasuso publiko
kinakailangan pasusuhin aking sanggol,breastfeed baby,magpasuso bata
kagigising,woke,nakamata
umaga,morning,buntag
gabi,night,gabie
hapon,afternoon,hapon
lumulubog araw kanluran,sun setting west,adlaw mosalop kasadpan
nawala relong bigay tatay,lost watch father gave,nawadan relo gihatag amahan
siyam buhay pusa,cat nine lives,iring adunay siyam kinabuhi
,,nabuhat kanako
palagay babalikan,think come back,hunahuna mobalik kanako
naiintindihan aking matalik kaibigan,best friend understands,nasabtan suod higala
sumisipol naglalakad,whistled walked,nagsirit samtang naglakaw
nanganak kambal,gave birth twins,nanganak kaluha
iisa bayag,toms voice,testicle
nahihirapan tumigas titi,toms cock getting hard,oten migahi gahi
nahihirapan tigasan,struggling hard,naglisud utgan
nasarapan una magtalik,enjoy first sex,ganahi kaniadtong una nagkayat
dinugo una nilang pagtatalik,bleed first sex,nagdugo una pakigsekso
masarap kantot,fuck good,lami kayat
limamput dalawang bahagdan babaing briton tsokolate kantot,fiftytwo percent british women prefer chocolate dick,singkwentay dos porsyento kababayenan britanya tsokolate pagkayat
duwag takot sarili niyang anino,coward afraid shadow,talawan nahadlok kaugalingon niyang anino
bumalik dito duwag,get back coward,balik talawan
sinabi duwag,told coward,gisultihan talawan
hangal sarili,made fool,gibuhat buang kaugalingon
anghit,mustache,nakapanghupaw
masakit kailangang limutin,hurts forget everything,sakit nakong kalimtan
malapit niyang matapos binabasa niyang makapal aklat,finish thick book reading,hapit matapos baga libro gibasa
tumigil muna magaral kolehiyo gagastusin,stopped going college nothing spend,niundang pagadto kolehiyo una tungod gasto
linggo pinapalitan kaniyang salawal,hasnt changed underwear week,semana gibago brief
kinalong kaniyang anak saka isinayawsayaw upang tumigil pagiyak,hugged son danced make stop crying,gigakus anak unya misayaw makahilak
ihinehele maliit niyang anak upang makaturog,rocking little son could sleep,giguyod pagkatulog gamay anak lalaki
kaunti matatapos,little,gamay mahuman
malapit mapuno,almost full,moabot dayon
marami naani naming palay,harvested lot rice,nagani daghang bugas
matamis nilagang bagong pitas mais,stewed freshly picked corn sweet,tamis bag laga bag ong mais
napakapayat,thin,nganung niwang
tumaba,gained weight,tambok
sarap hilik natutulog pusa,delicious sleeping cat snores,lami paghagok natulog iring
maliligo,take bath,kanusa maligo
kailangang aminin muna kasalanan bago patatawarin,must first confess sin forgive,una ikumpisal sala mapasaylo
ihingi kapatawaran,nothing apologize,ihingi kapatawaran
anumang nalalaman pinaggagawa tatay,dont know father,anumang nalalaman pinaggagawa tatay
bata mangyari batas militar bansa,still young martial law happened country,bata kaniadtong nahitabo martial law nasud
upang umunlad bayan disiplina,order people develop discipline needed,upang umunlad bayan disiplina
pinahirapan muna bihag bago pinatay,tortured captive killed,gipasakitan bihag gipatay
bawal pumuna,forbidden criticize,gitugotan pagsaway
maganda buhay panahon batas militar bansa,life good martial law era country,maayo kinabuhi panahon martial law nasud
ilan pangulo pilipinas nanungkulan bago benigno simeon aquino iii,many presidents philippines office benigno simeon aquino iii,pangulo pilipinas nagserbisyo benigno simeon aquino iii
pangunahing layunin buhay maging mayaman,main goal life become rich,panguna katuyoan kinabuhi mahimong adunahan
sandata,weapon,armas
kabiyak,spouse,kapikas
paglaruan susi,dont play key,pagdula yawi
umiinom tubig elepante,elephants drink water,elepante naginom tubig
umiinom gatas,drink milk,miinom gatas
nagkakape,coffee,kape
inihahabla pandarambong presidente pilipinas natapos kanilang panunungkulan,philippine presidents prosecuted plunder finish term office,presidente pilipinas gikiha alang piracy higayon mahuman termino
tuwing halalan natatalong kandidato pilipinas nadadaya,every election candidate loses philippines cheated,matag piliay pilde kandidato pilipinas pagpanikas
ganoon kadaming pera kagaya iniisip,dont much money think,daghang salapi gihunahuna
matulog,sleep,matulog
matutulog,going sleep,matulog
nabigla malaman niyang nakipagkantutan pinsan,shocked found sex cousin,nakurat pagkahibalo nakigsekso igagaw
nakipagkantutan babae unang pagkakataon napupunit kaniyang hymen dinudugo,woman sex first time hymen tears bleeds,nakipagkantutan babae unang pagkakataon napupunit kaniyang hymen dinudugo
posibleng magandang epekto pildoras pangkontraseptibo pagkawala libog,possible side effect birth control pill loss libido,posible epekto contraceptive pill pagkawala libido
pagkatapos naming magkantutan puwit aking nobya karaniwang naming maghugas mabuti,fuck girlfriends ass usually good wash,pagkahuman gihugpaan namon asno hinigugma kasagaran maghugas maayo
akala minamahal ngunit totooy ibig niyang makipagkantutan,thought loved truth wanted fuck,gihunahuna gihigugma apan mangulitawo
aking daan pauwi nakasalubong magandang dalaga,way home met beautiful young woman,pagpauli nahimamat maanyag babaye
dumadaloy aking ugat dugo bayani,blood heroes flows veins,dugo bayani nagagay ugat
maraming panauhin pumunta kasal,many guests came wedding,daghang bisita nangadto kasal
dumating bitbit pinamalengkehan niyang biyas,came carrying beef marketed,mianhi dala gibaligya paa
tayong dalawa pupunta,two us go,mangadto ming duha
pareho kapalaran,fate,pareho kamig kapalaran
baunin inihaw hito,lets eat grilled catfish,baunon sinugba hito
sumama manligaw,came flirt,niadto gapanguyab
taong dinidiyos,deified people,tawo gipakadiyos
lupa kinatayuan bahay,toms house land,yuta tukuran balay
magaling magararo,good plowman,maayo pagdaro
nagulam binulanlang gabi,blessed night,nagalagad malimbongong gabii
isinilang buwan oktobre,born month october,natawo kaniadtong buwan oktubre
magaganda kadalagahan nayon,maidens beautiful village,adunay gwapa babaye baryo
mangga gilid kalsada,love ones side road,mangga namon daplin dalan
uminom alak,drink alcohol today,naginom alkohol
nahirang mamumuno,chosen leader,gitudlo lider
takot gagamba,afraid spiders,nahadlok lawalawa
napiling magtatalumpati,chosen speaker,gipili mamumulong
bahay,home,balay
kahapon pumunta dito,came yesterday,kagahapon ninganhi
daytoy ti kapintasan kamera iti pagtagilakuan,thats flaw cameras handling,daytoy ti kapintasan kamera iti pagtagilakuan
kuwento unang panahon narinig,heard story old days,nabati istorya karaan adlaw
naligo tatlong beses naiinitan,ive showered three times still hot,tulo beses naligo apan igangan gihapon
pumunta bayan upang maghulog liham,went town drop letter,miadto lungsod ihulog sulat
gutom kinain natirang ulam,hungry ate leftover dish,gigutom busa gikaon nahabilin pinggan
gutom gutom inubos kalderong kanin,hungry finished pot rice,gigutom nakahurot kolon bugas
napakasarap tulog namalayang naihi aking higaan,slept well realize peed bed,nakatulog maayo nahibalan nanahi higdaan
inaantok ganyang dos tres hapon,sleepy like two three afternoon,nahinanok dos tres hapon
nauubos pera kabibili libro,run money buy books,nahutdan salapi makapalit libro
ipinagyayabang malaki niyang titi,brags big cock,gipanghambog bahin dakong oten
maraming naikukuwento usapan tungkol kantutan,lot say comes sex,daghan gisulti bahin kayatan
kakaunti bilang tamod nahihirapan makabuntis,toms sperm count low trouble getting pregnant,gamay tulos mugawas maong mabuntis
hubot hubad matulog,naked sleeps,sulob sanina matulog
nasiyahan buong gabi nagkantutan,satisfied even though sex night,nalipay tibuok gabii nakighilawas
nahuli pulis nagkakantutan kotse,police caught sex car,nadakpan pulis nakighilawas usag sulod sakyanan
sinulat kantang tatlong taon nakalipas,wrote song three years ago,gisulat kanta tulo katuig nilabay
pinagupitan aking mahabang buhok,cut long hair,gipagupitan taas buhok
binunot buhok aking kilikili,pulled hair armpits,gibunlot buhok ilok
ginupit makapal bulbol,cut thick hair,gigupit baga bulbol
palihim tinamnan guwardiya paliparan bala bag,airport guards secretly planted bullet toms bag,pasikreto gitanoman gwardiya kalibre bayntes dos bala balay tugpahanan bag
paulitulit nilang sinasabing matuwid daan ngunit likoliko,keep saying road straight winding,kapila gibalik sulti maayo dalan paliko liko
puno kamatsili tabi kastilyo,tamarisk trees next castle,adunay punoan sampalok tapad kastilyo
puno kamatsili likod kastilyo,tamarisk trees behind castle,adunay punoan sampalok likod kastilyo
puno kamatsili tabi bintana kastilyo,tamarisk trees windows castle,adunay punoan sampalok tapad bintana kastilyo
puno kamatsili pagitan estatwa kastilyo,tamarisk trees castle statues,adunay punoan sampalok napatungaan estatwa kastilyo
puno kamatsili burol kastilyo,tamarisk trees castle hill,adunay punoan sampalok bungtod kastilyo
puno kamatsili tapat bakuran kastilyo,tamarisk trees opposite castle grounds,adunay puno sampalok atbang nataran kastilyo
puno kamatsili tabi bukal kastilyo,tamarisk trees castle fountain,adunay puno sampalok tapad sapa kastilyo
puno sinigwelas tabi kastilyo,sinigwelas trees next castle,adunay punoan sinegwelas tapad kastilyo
puno sinigwelas tabi burol kastilyo,sinigwelas trees castle hill,adunay punoan sinegwelas tapad bungtod kastilyo
puno sinigwelas tabi bukal kastilyo,sinigwelas trees castle fountain,adunay punoan sinegwelas tapad sapa kastilyo
puno sinigwelas tabi bakuran kastilyo,sinigwelas trees next castle grounds,adunay punoan sinegwelas tapad nataran kastilyo
puno sinigwelas tabi estatwa kastilyo,sinigwelas trees next castle statue,adunay punoan sinegwealas tapad estatwa kastilyo
puno sinigwelas likod kastilyo,sinigwelas trees behind castle,adunay punoan sinegwelas likod kastilyo
puno sinigwelas tabi bintana kastilyo,sinigwelas trees windows castle,adunay punoan sinegwelas tapad bintana kastilyo
puno sinigwelas tabi batis kastilyo,sinigwelas trees stream castle,adunay punoan sinegwelas tapad sapa kastilyo
puno sinigwelas burol kastilyo,sinigwelas trees castle hill,adunay punoan sinegwealas bungtod kastilyo
puno sinigwelas pagitan estatwa kastilyo,sinigwelas trees castle statues,adunay punoan sinegwelas natungaan estatwa kastilyo
kumain marami bago naglakbay,ate lot traveled,nikaon daghan bago mibiyahe
napilit lumagda kasulatan,force sign deed,napugos mupirma kasabutan
pumunta pagpupulong ipinatawag,go meeting,niadto gipatawag panagipon
nagpunta magaral bayan pinili,went study town pinili,niadto kos lungsod pinili eskwela
sampung libong pangungusap maidagdag bago magtapos taon,even add ten thousand sentences end year,bahalag napulo libo
lumagot tali,someone broke rope,nibali pisi
binalak magpatiwakal malaman niyang nakikipagkantutan dati nitong kasintahan,planned commit suicide found sex exgirlfriend,nagbalak maghikog sukad nahibalan nakighilawas dating nobyo
nabaliw binigo kaniyang pagibig,went crazy failed love,nabuang nasayaop paghigugma kaniya
hiniwalayan malaman niyang baog,divorced found barren,gibulagan pagkahibalo baog
maliban nobya iba kasintahan kapareho niyang lalaki,besides bride another lover boy,gawas iyahang nobya dunay lahi uyab parehas lalaki
nakipaghiwalay mapatunayan niyang biseksual,broke found bisexual,nakigbulag apan napamatudan biseksual
kahihiyan pagiging bakla,gay longer shame,ikaulaw panahon pagka bayot
kalimitang lalaking galit bakla nagtatagong bakla,usually hates gays also closeted gay,kasagaran lalaki adunay dako kasuko bayot say bayot gatago
masaya bilang magasawa kabila katotohanang bakla tomboy,happy couple despite fact gay lesbian,malipayon ingon magtiayon pikas kamatuoran bayot tomboy
magaling magsupsop titi,good sucking cock,hawod muchupa oten
kasintahan bakla,prefers gay boyfriend,bayot nobyo
kasintahan tomboy,prefers gay boyfriend,uyabna tomboy
nagkabulutong bata,chicken pox child,nagka samad sama atung bata pako
patpatin marami bulate tiyan,pat lot worms stomach,maong payat daghan bitok tiyan
makita ngayong magandang babae mawari babai lalaki,see beautiful woman today wont able tell woman,moy makita gwapang babaye karun panahon mahibalan babaye lalake
iginagalang karapatan bilang tao bakla tomboy nagpalit kasarian,respect rights gays lesbians transsexuals human beings,gina respeto karapatan bayot tomboy nagkambyo pagkatao
inililibing bangkay dekada nakaburol,body buried even though buried decades,gilubong patay lawas miskag dekada nilabay
naagnas bangkay dekada nakalibing,body decompose even though buried decades,agnas patay lawas miskag dekada lubong
marasap litsong baboy ngunit masyado mamanteka punong puno kolesterol,fried pork delicious greasy full cholesterol,lami litsong baboy daghan mantika puno sab kolesterol
nilang ihanda litsong baboy piging lalo pista,love prepare fried pork feasts especially festivals,ihanda litsong baboy handaan labon piesta
pinakamasarap gawing pinapaitan kambing,best make goat bitter,lami himuong pinapaitan kambing
tunay pinapaitan mapait halip maasim,truly bitter bitter rather sour,tinuod papaitan pait aslom
pait ginagamit bilang sangkap tunay pinapaitan apdo pinigang nilalaman isaw hayup,bitter used ingredient true bittering bile squeezed contents animals udder,pait gigamot sagol tinuod papaitan apdo kundili gipuga sad laman hayop
tunay pinakbet kasamang bunga kalabasa,real pinakbet without pumpkin fruit,tinuod pinakbet sagol bunga kalabasa
kaibhan dinengdeng inabraw malimit karamihay dahon gulay nilulutong inabraw,difference dinengdeng inabraw mostly vegetable leaves cooked inabraw,kalahian dinengdeng inabraw gamay sagol dahon gulay inabraw
tunay pinakbet bagoong isda inilalagay bagoong alamang,real pinakbet anchovy fish placed anchovy known,tinuod pinakbet bagoong isda sagol dii bagoong alamang
nakalalaki tiyan maraming kinakaing kanin,people eat lot rice get big stomach,makadako tiyan pagkaon daghan
tunay lalaki magaling kumain kanin pakialam lumaki tiyan,real good eating rice doesnt care belly gets bigger,tinuod lalaking maayo mukaon kanon palabot mudako iyahang tiyan
kapanipaniwala napapanood pelikula tv,movies tv shows incredible,dali katuohan makita salida tv
nangangarap presidente kanilang kandidato mariwasa buhay magmumudmod ginto presidente,dream candidate becomes president life free president gather gold,nagapangandoy mahimo presidente kandidato muanyag ag kina buhi naga wadwad bulawan presidente
pangako kandidatong nanghihingi boto,candidate asking votes promise,hangtud saad kandidato gapangayo boto
oras byahe mamayang gabi,time flight tonight,oras biyahe unyang gabii
bus sasakyan magbibyahe,bus travel,bus sakyan pagbiyahe
tumaas pamasahe bus papunta amin,fare bus going us increased,nitaas pamasahe krn padulong amoa
naghubad harapan,undressed front,naghukas atubangan
nakatulogan pinapanood niyang pelikula,fell asleep watching movie,nakatulog gitanaw salida
tirhan,live,bilini
tumataba,gaining weight,nitaba
pumapayat,losing weight,namayat
malala karamdaman,seriously ill,lala sakit
magagamot sakit,toms illness incurable,matambalan sakit
halos taon nakaratay,bedridden almost year,hapit tuig naghigda
tatawagan telepono nakarating aking patutunguhan,call phone reach destination,tawagan telepeno abot adtuan
makayanang iligtas doktor ospital iniuwi,doctors hospital could longer save taken home,matabang doktor balaytambalan maong giuli nalang
kawawa inosenteng biktima teroristang nagbomba namaril paris,woe innocent victims terrorists bombed shot paris,luoy inosenteng biktima pagbomba pamaril terorista paris
masarap gayun luto niyang pinapaitan kinatas laman bituka kambing gamit,thats way cooks delicious uses squeezed goats intestines,lami giluto papaitan pinuga laman kambing gigamit
libo libo namatay terorismo,thousands died terrorism,kapin libo namatay tungod terorismo
galisin ulo bata,scratch toms head young,daghay katolkatol ulo atung bata
malakas hilik tulog,snores loudly sleeps,kusog muhagok matulog
nahuli teroristang nagbomba paris,caught one terrorists bombed paris,nadakpan terosita nagbomba paris
inihaw isda inulam kaninang tanghali,grilled fish afternoon,giihaw isda among giulam ganinang udto
paris biktima terorismo marami lebanon kenya iba lugar,paris victims terrorism many lebanon kenya places,paris biktima terorismo apan apil sad lebanon kenya uban lugar
malaki titi,big cock,dako bunal
magaling makata,good poet,maayo magbabalak
siling labuyo titi,toms cock like snake,mura sili kadako bunal
laki titi,size toms cock,kadako bunal
nakapaglathala aklat kaniyang tula,published book poems,nakabuhat libro tula
nakakaunawa,dont understand,makasabot
ginalaw kaniyang pananghalian,move lunch,gitarog paniudto
maligo napakabaho napakarusing,doesnt want take bath smelly intoxicating,maligo maong hugaw nanamaho
maraming nobya ipinagyayabang niyang magaling manligaw mapagtakpan tunay niyang katauhan bilang bisexual,many girlfriends brags good courting hide true identity bisexual,daghay nobya ginapang hambog niyang anad manguyan tabunan tinuod pagkatao
gulay inuulam,serves vegetables,gulay gina ulam
magaling magingles nalalasing,speaks english well drunk,hawod muistorya inengles hubog
mahapdi puki unang kantutan,pussy sore first sex,nanghapdos bulak unang pakighilawas
habulin babae,girls chase,hitsuraan
,course,
pakialam,dont care,palabot
sulatan,write,suwati
tanim saging tabi kastilyo,banana plantations next castle,adunay tanom saging tapad kastilyo
tanim saging tapat bintana kastilyo,banana plants opposite windows castle,adunay tanom saging atbang bintana kastilyo
tanim saging tabi batis kastilyo,banana plantations stream castle,adunay tanom saging kilid sapa kastilyo
tanim saging burol kastilyo,banana plantations castle hill,adunay tanom saging bungtod kastilyo
tanim saging paligid kastilyo,banana plantations around castle,adunay tanom saging palibot kastilyo
tanim saging tabi tarangkahan hardin kastilyo,banana plants next gate castle garden,adunay tanom saging tapad ganghaan tamnanan kastilyo
tanim saging tarangkahan kastilyo,banana plants castle gate,adunay tanom saging ganghaan kastilyo
tanim saging likod kastilyo,banana plantations behind castle,adunay tanom saging likod kastilyo
tanim saging tabi estatwa kastilyo,banana plantations next castle statues,adunay tanom saging tapad estatwa kastilyo
tanim saging tabi ilog kastilyo,banana plantations next river castle,adunay tanom saging tapad sapa kastilyo
tanim saging harap kastilyo,banana plantations front castle,adunay tanom saging atbang kastilyo
tanim gumamela tabi kastilyo,gumamela plants next castle,adunay tanom gumamela tapad kastilyo
tanim gumamela likod kastilyo,gumamela plants behind castle,adunay tanom gumamela likod kastilyo
tanim gumamela burol kastilyo,gumamela plants castle hill,adunay tanom gumamela bungtod kastilyo
tanim gumamela tabi ilog kastilyo,gumamela plantations next river castle,adunay tanom gumamela sapa kastilyo
tanim gumamela tabi tarangkahan kastilyo,gumamela plants next castle gate,adunay tanom gumamela tapad ganghaan kastilyo
tanim gumamela hardin kastilyo,gumamela plants castle garden,adunay tanom gumamela tamnanan kastilyo
tanim gumamela tabi estatwa kastilyo,gumamela plants next castle statues,adunay tanom gumamela tapad estatwa kastilyo
tanim gumamela paligid kastilyo,gumamela plants around castle,adunay tanom gumamela nakapalibot kastilyo
tanim gumamela tabi bakuran kastilyo,gumamela plants next castle grounds,adunat tanom gumamela tapad likodbalay kastilyo
tanim gumamela tabi halamang bakod kastilyo,gumamela plants next castle hedge,adunay tanom gumamela tapad tanom ganghaan
tanim gumamela tabi batis kastilyo,gumamela plants next castle stream,adunay tanom gumamela tapad sapa kastilyo
tanim gumamela tabi bambang kastilyo,gumamela plants next castle ramparts,adunay tanom gumamela tapad kanal kastilyo
tanim gumamela tabi kanal kastilyo,gumamela plants castle moat,adunay tanom gumamela tapad kanal kastilyo
tanim gumamela likod bakuran kastilyo,gumamela plants back yard castle,adunay tanom gumamela likod likodbalay kastilyo
tanim gumamela puwente tubig kastilyo,gumamela plants castles water fountain,adunay tanom gumamela tulay kastilyo
tanim tabi puwente tubig kastilyo,trellis plants next castles water fountain,adunay tanom aratiles tapad tulay kastilyo
puno tabi bakuran kastilyo,trees next castle grounds,adunay punoan aratiles tapad likobalay kastilyo
puno tabi tarangkahan kastilyo,trees castle gate,adunay punoan aratiles ganghaan kastilyo
puno tabi bintana kastilyo,tree grates next windows castle,adunay punoan aratiles tapad bintana kastilyo
puno tabi batis kastilyo,trees castle stream,adunay punoan aratiles tapad sapa kastilyo
puno paligid puwente tubig kastilyo,trees around castles water fountain,adunay tanom aratiles nakapalibot tulay kastilyo
puno tabi tulay kastilyo,trees next bridge castle,adunay punoan aratiles tapad tulay
puno hardin kastilyo,trees castle garden,adunay punoan aratiles tamnanan kastilyo
puno korte kastilyo,trees court castle,adunay punoan korte kastilyo
maraming paniki lumilipad tabi kastilyo,many bats fly castle,daghan paniki galupad tapad kastilyo
maraming paniki lumilipad gubat kastilyo,many bats fly forest castle,daghan paniki galupad lasang kastilyo
maraming paniki lumilipad hardin kastilyo,many bats flying castle garden,daghan paniki galupad tamnanan kastilyo
maraming paniki lumilipad tarangkahan kastilyo,many bats fly castle gate,daghan paniki galupad ganghaan kastilyo
maraming paniki lumilipad bakuran kastilyo,many bats flying castle grounds,daghan paniki galupad likodbalay kastilyo
maraming paniki lumilipad gabi,many bats fly night,daghan paniki ga lupad basta gabii
maraming paniki lumilipad madaling umaga,many bats fly early morning,daghan paniki galupad basta sayo kabuntagon
maraming paniki lumilipad likod kastilyo,many bats flying behind castle,daghan paniki galupad likod kastilyo
maraming paniki lumilipad harap kastilyo,many bats fly front castle,daghan paniki galupad atubangan kastilyo
maraming paniki lumilipad korte kastilyo,many bats fly castle court,daghan paniki galupad korte kastilyo
maraming paniki lumilipad burol kastilyo,many bats fly castle hill,daghan paniki galupad buntod kastilyo
maraming paniki lumilipad bundok kastilyo,many bats fly castle mountain,daghan paniki galupad bukid kastilyo
maraming paniki lumilipad takipsilim,many bats fly dusk,daghan paniki galupad hapit mugabii
maraming paniki lumilipad madalingaraw,many bats fly dawn,daghan paniki galupad sayo buntag
maraming paniki lumilipad pagsikat araw,many bats fly sunrise,daghan paniki galupad nay adlaw
maraming paniki lumilipad dalampasigan kastilyo,many bats fly beach castle,daghan paniki galupad kilid dagat kastilyo
maraming paniki lumilipad tabingdagat kastilyo,many bats flying beach castle,daghan paniki galupad kilid dagat kastilyo
maraming paniki lumilipad aplaya kastilyo,many bats flying castle waterfront,daghan paniki galupad baybayon kastilyo
maraming paniki lumilipad baybayin kastilyo,many bats flying around castle shore,daghan paniki galupad baybay kastilyo
maraming kalapati lumilipad korte kastilyo,many pigeons fly castle court,daghan kalapti galupad korte kastilyo
maraming kalapati lumilipad tarangkahan kastilyo,many pigeons flying castle gate,daghan kalapti galupad korte kastilyo
maraming kalapati lumilipad hardin kastilyo,many pigeons flying castle garden,daghan kalapti galupad ganghaan kastilyo
maraming kalapati lumilipad gubat kastilyo,many pigeons fly forest castle,daghan kalapti galupad lasang kastilyo
maraming kalapati lumilipad burol kastilyo,many pigeons fly castle hill,daghan kalapati galupad bungtod kastilyo
maraming kalapati lumilipad bundok kastilyo,many pigeons fly castle mountain,daghan kalapati galupad bukid kastilyo
maraming kalapati lumilipad baybayin kastilyo,many pigeons fly shore castle,daghan kalapati galupad baybay kastilyo
maraming kalapati lumilipad tabingdagat kastilyo,many pigeons fly beach castle,daghan kalapati galupad kilid dagat kastilyo
maraming kalapati lumilipad dalampasigan kastilyo,many pigeons fly beach castle,daghan kalapati galupad kilid dagat kastilyo
maraming kalapati lumilipad aplaya kastilyo,many pigeons fly castle waterfront,daghan kalapati galupad kilid dagat kastilyo
maraming gabyota lumilipad tabi kastilyo,many gabiotas fly castle,daghan kanaway galupad tapad kastilyo
maraming bako lumilipad tabi kastilyo,lot bats fly castle,daghan bako langgam galupad tapad kastilyo
maraming kanaway lumilipad tabi kastilyo,many ravens fly castle,daghan kannaway galupad kastilyo
maraming bako lumilipad baybayin kastilyo,lot sharks fly coast castle,daghan bako langgam galupad baybay kastilyo
maraming bako lumilipad aplaya kastilyo,lot junk flying castle waterfront,daghan bako langgam galupad baybayon kastilyo
maraming bako lumilipad dalampasigan kastilyo,lot sharks fly beach castle,daghan bako langgam galupad kilid dagat kastilyo
maraming bako lumilipad tabingdagat kastilyo,lot sharks flying beach castle,daghan bako langgam galupad kilid dagat kastilyo
maraming uwak lumilipad tabi kastilyo,many crows fly castle,daghan uwak galupad tapad kastilyo
maraming uwak lumilipad korte kastilyo,many crows fly castle court,daghan uwak galupad tsa koret kastilyo
maraming uwak lumilipad hardin kastilyo,many crows fly castle garden,daghan uwak galupad tamnanan kastilyo
maraming uwak lumilipad burol kastilyo,many crows fly castle hill,daghan uwak galupad bungtod kastilyo
maraming uwak lumilipad bundok kastilyo,many crows fly castle mountain,daghan uwak glupad bukid kastilyo
maraming loro lumilipad tabi kastilyo,many parrots fly castle,daghan loro galupad kastilyo
maraming loro lumilipad gubat kastilyo,many parrots fly forest castle,daghan loro galupad lasang kastilyo
maraming loro lumilipad burol kastilyo,many parrots fly castle hill,daghan loro galupad bungtod kastilyo
maraming loro lumilipad bundok kastilyo,many parrots flying castle mountain,daghan loro galupad bukid kastilyo
maraming loro lumilipad tarangkahan kastilyo,many parrots fly castle gate,daghan loro galupad ganghaan kastilyo
maraming loro lumilipad bakuran kastilyo,many parrots fly castle grounds,daghan loro galupad likodbalay kastilyo
maraming loro lumilipad halamang bakod kastilyo,many parrots fly castle hedge,daghan loro galupad ganghaan tanom kastilyo
maraming loro lumilipad hardin kastilyo,many parrots fly castle garden,daghan loro galupad tamnanan kastilyo
nagugutom,hungry,ginagutom
namimili talong doria palengke,doria buys eggplant market,namalit talong doria palengke
namimili sigarilyas doria palengke,doria shopping cigarettes market,namalit sigarilyas doria palengke
namimili pipino doria palengke,doria buying cucumbers market,namalit pipino doria palengke
namimili petsay doria palengke,doria shopping dates market,namalit petchay doria palengke
namimili malunggay doria palengke,doria buys horseradish market,namalit malunggay doria palengke
namimili letsugas doria palengke,doria shopping lettuce market,namalit letsugas doria palengke
namimili patani doria palengke,doria shopping patani market,namalit batawa doria palengke
namimili mustasa doria palengke,doria shopping mustard market,namalit mustasa doria palengke
namimili ampalaya doria palengke,doria shopping ampalaya market,namalit ampalaya doria palengke
namimili monggo doria palengke,doria shopping mongoose market,namalit monggos doria palengke
kinakain mabagal malaking tao maliit niyog,big slowly eats small coconut,gina hinay kaon dakong tao gamay niyog
kakainin mabagal taong malaki niyog maliit,big person eat small coconut slowly,ginkaonon hinay dakong tao gamay niyog
kinakain mabilis taong malaki niyog maliit,big quickly eats small coconut,gina paspasan kaon dakong tao kaon gamay niyog
kakainin mabilis taong malaki niyog maliit,big person quickly eat small coconut,ginakaon paspas dakong tao gamay niyog
kumakain lalaki malaking keyk puting tsokolate,eating large white chocolate cake,nagakaon dakong puti tsokoleyt keyk lalake
kinain taong malaki niyog maliit,big ate small coconut,gikaon dakong tao gamay niyog
kumain taong malaki niyog maliit,big ate small coconut,nikaon dakong tao niyog gamay
kumakain mabagal taong malaki niyog maliit,big eats small coconut slowly,nagahinay kaon dakong tao gamay niyog
kakain mabagal taong malaki niyog maliit,big eat small coconut slowly,mukaon hinay dakong tao niyog
kumakain mabilis taong malaki niyog maliit,big eats small coconut quickly,nagakaon pinaspas dakong tao niyog
kakain mabilis taong malaki niyog maliit,big quickly eat small coconut,gipaspasan kaon dakong tao niyog
binibigay hepe bulaklak tao,chief gives flower,ginahatag hepe bulak katawhan
binigay hepe regalo tao,chief gave gift,gihatag hepe regalo katawhan
kinakain lalaki malaking keyk puting tsokolate,eating big white chocolate cake,ginakaon lalaki dakong puti tosokoleyt keyk
binibigay hepe kabibe tao,chief gives conch,gihatag hepe taklobo katawhan
kumakain lalaki malaking keyk puting tsokolate,boys eat large white chocolate cake,nagakaon lalaki dako puti tsokoleyt keyk
pula bulaklak maliit,small flower red,pula bulak gagmay
puti kabibeng maliit,small shell white,puti taklobo gamay
kumakain lalaki empanadang isda,men eat fish empanadas,nagakaon lalake empanadang isda
asul bulaklak maliit,small flower blue,pugaw bulak gamay
morado bulaklak maliit,small flower purple,ubi bulak gamay
dilaw bulaklak maliit,small flower yellow,dalag bulak gamay
itim bulaklak maliit,small flower black,itom bulak gamay
berde bulaklak maliit,small flower green,lunhaw gamay bulak
kulayabo bulaklak maliit,small flower gray,abuhon gamay bulak
puti bulaklak maliit,small flower white,puti gamay bulak
kulaydalandan bulaklak maliit,small flower orange,kahelon bulak gamay
maitim bulaklak maliit,small flower dark,itomon bulak gamay
maputla bulaklak maliit,small flower pale,putlaon bulak gamay
kulayube bulaklak maliit,small flower purple,ubihon bulak gamay
dilaw bulaklak malaki,large flower yellow,dalag bulak dako
pula bulaklak malaki,big flower red,pula bulak dako
puti bulaklak malaki,flower white large,puti bulak dako
narangha bulaklak malaki,flower large,kahelon bulak gamay
kulayabo bulaklak malaki,large flower gray,abuhon dako bulak
asul bulaklak malaki,big flower blue,pugaw bulak dako
marami libro,many books,daghan libro
malaki kapihan,party big,dako kapihan
malungkot tao,sad,masulubon tao
masaya tao,person happy,malipayon tao
matangkad tao,tall,taas tao
pandak tao,short,pandak tao
naiyak tao,cried,kahilakon tao
natawa tao,laughed,nakatawa tao
nakangiti tao,smiling,nagpahiyom tao
tumawa,laugh,katawa
maliit kapihan,partner small,gamay kapihan
maliliit kapihan,parties small,gamay kapihanan
nagniyeniyebe bayan,snowing town,naga esno lungsod
umuulan bayan,raining town,nagaulan lungsod
magniyeniyebe bayan,snowing town,esno lungsod
uulan bayan,rain town,muulan lungsod
nagniyebe bayan,snowed town,esno bayan
umulan bayan,rained town,niulan lungsod
umuulan bayang malaki,raining big city,nagaulan dakong lungsod
nagniyeniyebe bayang malaki,snowing big city,naga esno dakong lungsod
umuulan bayang maliit,raining small town,nagaulan gamay lungsod
nagniyeniyebe bayang maliit,snowing small town,naga esno gamay lungsod
malaking oso,see big bear,nakita dakong oso
osong malaki,see big bear,nakita oso dako
osong malaki gubat,saw big bear forest,nakita dakong oso lasang
osong malalaki gubat,saw big bears forest,nakita dakong oso lasang
osong malalaki gubat,see big bears forest,nakita oso dagko lasang
malalaking oso gubat,saw big bears forest,nakita dagkong oso lasang
malalaking oso gubat,see big bears forest,nakita dagkong oso lasang
bulaklak bahay,flowers house,bulak balay
bulaklak bahay,flowers houses,bulak balay
kumain lalaki isda,ate fish,nikaon lalaki isda
maligayang pandaigdigang araw kababaihan,happy international womens day,maayong pangkalibutang adlaw kababaihan
naiintindihan bakla,everything dont understand gay,butang nasabtan bayot
maraming salita parati sinasabing bakla,words keep calling everyone gay,nimog daghan istorya permi gina ingnan bayot
matapang lasa suka,vinegars strong taste,isog lasa suka
profesor wikang kastila,professor spanish language,magtutudlo inistoryahang kastila
ibang bayang sakit katulad kontrateknolohiya maging pobre,countries want sick like antitechnology make poor,ubang lungsod sad moy sakit kontrateknolohiya mamobre
bata kontrateknolohiya selpon atbp,children antitechnology cell phones etc,bata kontrateknolohiya selpon lain
isip digmaang pandaigdig matatanda katulad dekadang,minds world war adults,huna huna atung gyerang pangkalibutan ras tiguwang pareahas atung dekada mil nuebesientos singkwenta
maitim ingles regularidad ortograpiya,english seems darker orthography regular,itom inengles regularidad ortograpiya
maitim ingles regularidad ispeling,english seems darker spelling irregular,itom inengles regularidad espeling
pinanganak jhon marte,born mars,natao maryte
pinanganak jhon mars,born mars,natao jhon mars
bumisita jhon benus makita tiyo,jhon visited benus see uncles,nibisita jhon benus makita uyuan
bumisita jhon venus makita tiyo,jhon visits venus see uncles,nibisita jhon benus makita uyuan
siyudad barsoom marte nakatira jhon,jhon lives city barsoom mars,lungsod barsoon marte nagpuyo jhon
binigyan alyenihena tagatiyera lakas teleportasyon,aliens gave people tiyera power teleportation,gihatagan elyenihena tagatiyera kusog teleportasyon
binigyan alyenihena tagatiyera lakas telepatiya,aliens gave people tiera power telepathy,gihatagan elyenihena tagatiyera kusog telepatiya
binigyan alyenihena tagatiyera lakas telekinesis,aliens gave people tiera power telekinesis,gihatagan elyenihena tagatiyera kusog telekinesis
binigyan alyenihena tagatiyera lakas artipisyal grabidad,aliens gave people tierra power artificial gravity,gihatagan elyenihena tagatiyera kusog artipisyal grabidad
binigyan alyenihena tagatiyera lakas artipisyal dagsin,aliens gave people tierra power artificial lightning,gihatagan elyenihena tagatiyera kusog artipisyal dagsin
pupunta parke,going park,muadto kos suroyanan
nagluluto sinigang,cooking porridge,nagaluto sinigang
nagluluto tapsilog,cooking tapsilog,nagaluto tapsilog
nagluluto puspas,cooking puspas,nagaluto aruskaldo
nagluluto lugaw,cooking porridge,nagaluto lugaw
nagluluto hawot,cooking hawot,nagaluto bulad
nagluluto sinangag,cooking fried rice,nagaluto sinangag
nagluluto tsampurado,cooking tsampurado,nagaluto tsamporado
nagluluto pansit,cooking noodles,nagaluto pansit
nagluluto pansit kanton,cooking canton noodles,nagaluto pansit kanton
nagluluto pansit palabok,cooking noodles,nagaluto pansit palabok
nagluluto pansit buko,cooking knuckle noodles,nagaluto pansit buko
nagluluto nilaga,cooking stew,nagaluto nilaga
nagluluto leche flan,cooking leche flan,nagaluto leche flan
nagluluto itlog,cooks eggs,nagaluto itlog
nagluluto ube,cooking ube,nagaluto ubi
nagluluto gabi,cooks evening,nagaluto gabi
nagluluto baboy,cooks pork,nagaluto baboy
nagluluto karne,cooks meat,nagaluto karne
nagluluto longganisa,cooking longganisa,nagaluto longganisa
nagluluto tocino de cielo,cooks tocino de cielo,nagaluto tocino de cielo
nagluluto pinipig,cooking pipinig,nagaluto pinipig
nagluluto suman,cooking suman,nagaluto suman
nagluluto tamales,cooks tamales,nagaluto pintos
nagluluto saging,cooks bananas,nagaluto saging
nagluluto manok,cooking chicken,nagaluto manok
nagluluto pating,cooks shark,nagaluto pating
nagluluto hipon,cooking shrimp,nagaluto pasayan
nagluluto alimango,cooks crab,nagaluto kagang
nagluluto gulay,cooks vegetables,nagaluto gulay
nagluluto kamatis,cooks tomatoes,nagaluto kamatis
nagluluto turon,cooking turon,nagaluto turon
nagluluto ampalaya,cooks ampalaya,nagaluto ampalaya
nagluluto pugo,cooking quail,nagaluto pugo
nagluluto itlog pugo,cooks quail eggs,nagaluto itlog pugo
nagluluto palaka,cooks frog,nagaluto baki
nagluluto dila,cooks beef tongue,nagaluto dila
nagluluto,cooks beef,nagaluto
nagluluto mani,cooks peanuts,nagaluto mani
nagluluto kasoy,cooks cashews,nagaluto kasoy
nagluluto buto langka,cooks jackfruit seeds,nagaluto liso nangka
nagluluto lumpia,cooks spring rolls,nagaluto lumpia
nagluluto omelette,cooking omelette,nagaluto tortilya
nagluluto dila pato,cooks duck tongue,nagaluto dila patok
nagluluto pato,cooking duck,nagaluto patok
nagluluto paa manok,cooking chicken leg,nagaluto tiil manok
nagluluto isda,cooks fish,nagaluto isda
nagluluto ulo isda,cooks fish head,nagaluto ulo sida
nagluluto salmon,cooking salmon,nagaluto salmon
nagluluto pansit itlog pugo,cooks noodles quail eggs,nagaluto pansit itlog pugo
nagluluto sisig,cooks sisig,nagaluto sisig
nagluluto sisig manok,cooks sisig chicken,nagaluto sisig manok
nagluluto sisig saging,cooks sisig bananas,nagaluto sisig saging
nagluluto sisig leche flan,cooks sisig leche flan,nagaluto sisig leche flan
nagluluto sisig tsampurado,cooks sisig tsampurado,nagaluto sisig tsamporado
nagluluto sisig isda,cooks sisig fish,nagaluto sisig isda
nagluluto sisig nilaga,cooks sisig stew,nagaluto sisig nilaga
nagluluto sisig sinangag,cooks sisig fried rice,nagaluto isis sinangag
nagluluto sisig pansit buko,cooks sisig knuckle noodles,nagaluto sisig pansit
nagluluto sisig pansit palabok,cooks sisig noodles,nagaluto sisig pansit palabok
nagluluto sisig pansit kanton,cooks sisig canton noodles,nagaluto sisig pansit kanton
nagluluto tsitsaron,cooking tsitsaron,nagaluto tsitsaron
nagluluto tsitsaron tsampurado,cooks tsitsaron tsampurado,nagaluto tsitsaron trsamporado
nagluluto tsitsaron itlog,cooks tsitsaron eggs,nagaluto tsitsaron iltog
nagluluto tsitsaron itlog pugo,cooks tsitsaron quail eggs,nagaluto tsitsaron itlog pugo
nagluluto tsitsaron bihud,cooks tsitsaron bihud,nagaluto tsitsaron bihud
nagluluto tsitsaron aligi,cooks tsitsaron aligi,nagaluto tsitsaron laman kagang
nagluluto tsitsaron tapsilog,cooks tsitsaron tapsilog,nagaluto tsitsaron tapsilog
nagluluto tsitsaron tapa,cooks tsitsaron tapa,nagaluto tsitsaron tapa
nagluluto tsitsaron tocino,cooks tsitsaron bacon,nagaluto tsitsaron tosino
nagluluto tsitsaron nilaga,cooks tsitsaron stew,nagaluto tsitsaron nilaga
gumagawa gulaman,making gelatin,nagabuhat gulaman
gumagawa halohalo,making mess,nagabuhat halohalo
gumagawa maiz con hielo,making maiz con hielo,nagabuhat maiz con yelo
gumagawa ube,makes ube,nagabuhat ubi
gumagawa nilupak,making pottery,nagabuhat nilupak
gumagawa kakanin,making food,nagbuhat kakanin
gumagawa biko,making biko,nagbuhat biko
gumagawa tsokolate,makes chocolate,nagbuhat tsokoleyt
gumagawa sapinsapin,layer layer,nagbuhat sapinsapin
gumagawa pichipichi,making pichipichi,nagbuhat pichipichi
gumagawa longganisa,making longganisa,nagbuhat longganisa
gumagawa leche flan,making leche flan,nagbuhat leche flan
gumagawa maja blanca,makes maja blanca,nagbuhat maha blanka
gumagawa maja de ube,makes maja de ube,nagbuhatb maha de ubi
gumagawa pulburon,makes gunpowder,nagbuhat pulburon
gumagawa pulburong ube,makes ube powder,nagbuhat pulburong ubi
gumagawa pulburong tsokolate,makes chocolate powder,nagbuhat pulburon tsokoleyt
gumagawa pandesal,making pandesal,nagbuhat pandesal
gumagawa kalihim,works secretary,nagbuhat pan de pula
gumagawa pan de ube,making pan de ube,nagbuhat pan de ubi
gumagawa buko pay,making buko pay,nagbuhat buko pay
gumagawa buko dyus,making buko juice,nagbuhat buko jos
gumagawa kalamansi dyus,makes lime juice,nagbuhat kalamansi jos
gumagawa manggang dyus,makes mango juice,nagbuhat manggang jos
gumagawa langkang keyk,making cake,nagbuhat nangka keyk
gumagawa manggang keyk,making mango cake,nagbuhat mangga keyk
gumagawa tsokolateng keyk,making chocolate cake,nagbuhat tsokoleyt keyk
gumagawa ubeng keyk,making banana cake,nagbuhat ubi keyk
gumagawa istrobering keyk,making strawberry cake,nagbuhat istroberi keyk
gumagawa blubering keyk,making blueberry cake,nagbuhat bluberi keyk
gumagawa mint keyk,making mint cake,nagbuhat herbabuena keyk
ginagatasan,milking cow,ginagatasan gatas
hinahanap niyo,looking,inyong ginapangita
natutunan mula,learn teacher,natunon miskan magtutudlo
tumatawa buong grupo,whole group laughs,nagkatawa tibuok grupo
pasensya nitong trabahong,job requires patience,pasensya trabaho
kamusta,,kumusta
pumunta palengke,went market,muadto palengke
matulog,sleep,mahimo matulog
tayong matulog,sleep,mahimo matulog nata
ika hunyo kaarawan muriel,today june th today muriels birthday,karun ika dise otso bulan hunyo pagkatao muriel
maligayang bati muiriel,congratulations muiriel,malipayong adlawng natawhan muriel
dalawampung taon muiriel,muiriel twenty years old,baynte tuig muriel
alam,dont know,kabalo
masabi,cant say,mahisgot
mangyayari,happen,nahitabo
tatawag bukas pagkauwi,call tomorrow get home,mutawag ugma inig
,,
sinisipa,hes kicking,ginasipa
sigurado,sure,siguro
sigurado,sure,siguro
paruparo,hey theres butterfly,alibangbang
mayroong paruparo,hey theres butterfly,alibangbang
bilis,speed,pagdali
pagtanda maging hari,grow want king,pagkatigulang mahimong hari
paglaki maging hari,grow want king,pagdako mahimong hari
taba,fat,taba
masyado mataba,fat,sobraan taba
,,karun
,,nasad
babarilin,shoot,barilon
babae,woman,babae
natanong,ask,nangutana
gano katagal nanatili,long stay,kadugay nagpabilin
,,
saang bansa,country,nasud
niebe,hey snow,esno
babalik bukas,come back tomorrow,mubalik ugma
maging magkaibigan,shouldnt friends,mahimong magka amigo
sinasabi,telling,giingon
magisa bahay,alone home,balay
tinaas kamay upang pumara taksi,raised hand hail cab,gitaas kamot mupara masakyan
gustonggusto,like,
baho masyado,stink much,baho
nakikinig atin,like one listens us anymore,naminaw
malaman kabiguan,know failure,mahibalan nasayup
pinakanta,sang,gipakanta
nagaaral ingles,study english,nagatuon inengles
binili kahapon,bought yesterday,gipalit gahapon
binili kagabi,bought last night,gibili kagabii
medyo pagod,little tired today,gikapoy gamay karun
mahilig lumangoy,likes swim,ganahan mulangoy
matangkad konti,little taller,tangkad gamay
tamad,lazy,tapulan
sira luma akyatan,old climbing frame broken,sira karaan hagdanan
punta martes posible,go tuesday possible,karung martes
masyado antok magmaneho,sleepy drive,katulgon magdrayb
antok antok magmaneho,sleepy drive,katulgon magdrayb
malamig kahapon,cold yesterday,bugnaw kagahapon
malamig kagabi,cold last night,bugnaw kagabii
naghahanap bahay,looking house,nagapangita balay
makapagaral bahay,cant study home,makatuon balay
,mine,mani
nakikipaglaro,doesnt play anymore,nakigdula
ayusin,fix,tarunga
alam pangalan nilang,know names,kabalo pangan
,,himuon
magtrabaho magisip,work think,magtrabaho maghuna huna
asan aking bola,ball,akoang bola
,,buhaton
bumagsak aking estudyante,none students failed,nabagsak akoang istudyanti
nagsasalita pranses arawaraw,speak french every day,nagasitorya inistoryahang pransiya adlaw
nagsasayaw,dancing,nisayaw
kabilang bahay nakatira bumati amin,even though lives house even greet us,miskan pikas balay abiabi
edgar degas,edgar degas,edgar degas
sabihin hawaii,tell hawaii,ingna gibuhat hawaii
ikuwento hawaii,tell hawaii,istoryahi gibuhat hawaii
pinanood laro,watch game,gitanaw dula
sigurado,sure,nakasiguro
malapit paaralan istasyon,school near station,duol among eskwelahan estasyon
tulungan konti,help little,tabangan miskag gamay
magsisimula,start,sugod
kayang tulungan,cant help,tabangan
naniniwala sayo,believe,nituo
perpekto,perfect,hingpit
tingin handa,dont think ready yet,pananaw pako andam
mayroon paltos aking paa,blisters feet,paltos tiil
bahay aking bahay,see house thats house,balay balay
alam magsalita magsulat wikang pranses,knows speak write french,kabalo muistorya sinultian pransiya
marunong magsalita magsulat wikang pranses,speak write french,kabalo musulat muistorya sinultian pransiya
matanda sayo walong taon,eight years older,tiguwang apko otso tuig
pagbenta kotse aking negosyo,selling cars business,pamaligya sakyanan maoy negosyo
nagsisipilyo pagkakain matatamis pagkain,always brush teeth eating sweet foods,pirme manutbras inig human kaon tamis pagkaon
mangyari,want happen,buot pasabot mahitabo
inggit,jealous,nasina
malalaking mata kuwago,owls big eyes,dakong mata bahaw
pinayuhan pumunta doon,advised go,gitambagan muadto
mabuting estudyante,good student,maayo estudyante
alam,knows,nasayod
paniniwalaan manumpa totoo,wont believe even swear true,tuohan miskan manumpa tinuod
alam oras,dont know time,kabalo bay oras
matagal kilala,long known,dugay nagkaila
nagsisimula,started yet,nagsugod
kasing takot,scared,parehas nahadlok
hinangaan aking bagong kotse,admired new car,giidolo bagong sakyanan
maging aking kasintahan siguro,want girlfriend nope maybe,mahimong uyab basig
inamin pagkakamali,admits mistake,giamin mha nasayup
magmadali maabutan bus,hurry might catch bus,pagdali basig maabtan bus
oras madalas lumabas bahay,time usually leave house,oras permi mugawas inyong balay
pagod hayaan matulog,tired let sleep,gikapoy pasagdi matulog
,maybe,basig
,teacher,magtutudlo
mahal pagong,love turtles,palangga pawikan
pumasok loob uminom kape,went inside drink coffee,nisulod sulod muinom kape
batang lalaki pumunta kahapon aking nakababatang kapatid,boy came yesterday younger brother,katung bata lalaki niadto gahapon manghud
nakita babae,saw woman,nakita babae
buksan aklat ikasiyam pahina,open book page nine,ablihi libro ika neube panid
mike pusa,mike likes cats,ganahan mike iring
mayroong tore tuktok bundok,tower top mountain,torre ibabaw bukid
gawin pinapagawa sayo,tells,buhata ginapabuhat
bahay bahay,house house,among balay sang balay
aking opinyon mali,opinion wrong,hunahuna nasayop
aking opinyon mali,opinion wrong,hunahuna sayop
tingin ginagamit,think using,pananaw raka gigamit
layunin aralin wika,aim learn language,katuyoan magtuon inyong sinultian
tanging panahon nakikipagusap pera,time talk money,panahon makig istorya panginahanglan kwarta
binigyan malaking yakap,gave big hug,gihatag dakong gakos
wag hayaang gawin,dont let,tugti buhaton
sigurado nagkita dati,sure havent met,nakasiguro nagkita sauna
kabisera haiti,capital haiti,kaulohan haiti
,want,
narito pagbigkas,pronunciation,ara sulti
una kaming nandito,first,nauna
sinabi sayong wag kausapin,told talk,giingna istoryahon
alam ganoon,know youre like,kabalo ingon ato
matatagpuan katotohanan,find truth,makitan kamatuoran
mahal aking asawa ngunit minsan mapagisa,love husband sometimes alone,palanggan asawa usahay maginusara
akala gagawa almusal,thought going make breakfast,magbuhat pamahaw
magisa nagtrabaho,work alone,inusara trabaho
kagandahan,beauty,nakamaayo
batiin bisita,lets greet guests,abiabihon bisita
kaiinin,want eat,kaunon
niyong kaiinin,want eat,inyong kaunon
basta pumasok,come,basta sulod
kuwenta,worthless,silay pulos
lumangoy patungo ibayo,swam towards side,milangoy padulong atbang
pranses ambasador portugal,french ambassador portugal,pransiyang tinugyanan portugal
bughaw bestida,likes blue clothes,pugaw sinina
nagpalaki dalawang bata,raised two children,gipadako duha bata
dadating bukas,wont arrive tomorrow,muabot hangtud ugma
komedyante,comedian,komedyante
maglakad kahabaan ilog makikita paaralan,walk along river see school,paglakaw kataas suba makita eskwelahan
masyadong kumakain karne,doesnt eat much meat,gakaon karne
pinasasalamatan,thanking,bentaha
alam marunong magpranses,know could speak french,nasayud kabalo sinultian pransiya
kakabalik,got back,bago rko nakabalik
pakikuwenta ulit,please tell,palihog kinatibukan
hawakan sayo,dont touch isnt,guniti
magugustahan,wont like,magustuhan
tayong asukal,sugar,tay asukar
aking libro libro,books books,libro iyahang libro
aking aklat aklat,books books,libro iyahang libro
nakita,seen,nakitan nimosila
nagising,woke,nakamata
bigyan kalahati,give half,hatagi katunga
nakakain hilaw isda,ever eaten fish,nakakaon hilaw isda
handa sayo,ready,andam
alam pakialam,know cared,nasayod palabot
susi,key,akoang susi
susi,key mine,mani akoang susi
umupo naghintay,sat waited,nilingkod naghulat
sumasangayon aking opinyon,agrees opinion,niuyon hunahuna
alam pasasalamatan,dont know thank,kabalo pamaagi pasalamatan
muntik makalimutan,almost forgot,hapit makalimot
maaaring umulan ngayong gabi,rain tonight,basig muulan karung gabii
inilagay kahon mesa,put box table,gibutang karton lamesa
marami kilalang tao,many famous people,daghan kaila tao
aking kuya,older brother,magulang
aking nakatatandang kapatid,older brother,kinamagulangan
tumahimik,shut,pahilumon
,like,bayy
aking ama aking kapatid nagtatrabaho pabrika,father brother work factory,amahan igsuon pabrika nagtrabaho
maalala,dont remember,nahinumdoman
maiintindihan,understand,nakasabot
naiintindihan,dont understand,nasabtan
patay,dead,patay
alam,know,kabalo
mukhang galit,looks angry,nasuko
uulan ngayong hapon,rain afternoon,muulan karung hapon
libro,book,libro
aklat,book,libro
pinauwi,sent home,gipapauli
alam apelyido,know toms last,nasayod apilyedo
parehas nanggagaling parehong bansa,come country,parehas parehang nasod
alam mahal,know love,kabalo gihigugma
magrekomenda mabuting abugado,recommend good lawyer,rekomendar maayong abogado
kalimutan patayin apoy,forget turn fire,kalimot patyon kalayo
takot apoy ibang hayop,animals afraid fire,hadlok kalayo uban mananap
maari kausapin,talk,mahimo istoryahan
sabihin,tell,isulti
ibalik nakuha,put back got,ibalik nakuha
kinailangan kumuha pera,get money,mukuha kwarta
kagabi nagbasa libro,last night read book,kagabii nagbasa libro
kagabi nagbasa aklat,last night read book,kagabi nagbasa aklat
naaalala,remember,nakahinumdom paka
pinaniniwalaan,believe,gituohan
totoo alam,honestly dont know,tinuond najud asayod
imposible,impossible,imposibel
,,
alis,leave,hawa
labas,outside,gawas pagandam
paumanhin,sorry,pasayloa
,,
lakasan,get stronger,kusugi
nakalimutan gisingin,forgot wake,nakalimot silag pukaw
gisingin,wake,pukawa
paumanhin,sorry,pasaylo
seryoso,seriously,seryoso
mabuti,good,maayo
,lets go,kanato
patay,dead,patay
kapanipaniwala,unbelievable,katuohan
malamang,probably,kadaghanan lagmit
yuko,bow,duko
magaral,study,pagtuon
kain,eat,kaon
marunong magingles,speak english,kabalo inengles
marunong kayong magingles,know speak english,kabalo inengles
,,
lamig,cold,katugnaw
mainit buhangin,sand hot,init balas
,,kanusa
,,kanusa
almusal,breakfast,kanusa pamahaw
,,unsaon
gaano kalalim,deep,kalawom
gaano kalaki,big,kadako
halikat tignan sarili,come see,ali tanawa kaugalingon
,,apan
,,
,,
halika,come,ali
pasok,enter,sulod
anuman,nothing,problema
nagtuturo,teaching,nagatudlo
magsisimula,start,magsugod pako
,,
maiintindihan,cant understand,masabtan
naiintindihan,dont understand,nasabtan
subukan,lets try,sulayan
sumuka,threw,nisuka
nagtatrabaho,working,nagatrabaho
masyadong maiintindihan pinagusapan,couldnt quite understand talking,nasabtan giistoryahan
magbabasa ganyang kakapal libro,would read thick book,mubasa ing kabaga libro
magbabasa ganyang kakapal aklat,would read thick book,mubasa ing kabaga libro
mayroon maiingay kapitbahay,noisy neighbors,saba silingan
pinasalamatan tulong,thanks help,gipasalamatan natabang
nating protektahan sarili,protect,panalipdan sarili
sugod,rush,sulong
ngiti,smile,pahiyom
ngumiti,smile,pagpahiyom
sinubukan,tried,misulay
sumubok,try,sulayi
sinusubukan,trying,ginasulayan
magsaya,fun,malipayon
magsaya,fun,malipayon
sumisibol bulaklak,flowers sprouting,nanurok bulak
dahandahang magmaneho,drive slowly,paghinay hinay drayb
alam,knows,nakahibalo
hablutin,beat,gukora
umiyak,cried,naghilak
gising,wake,pagmata
gumising,wake,pagmat
gumising,wake,pagmata
mawalanggalang,thats disrespectful,gapanghimaraut
sundan,follow,sundon
nawala,disappeared,nawala
kumain mahinahon,eat slowly,kalma inig kaon
yakapin,hug,gakosa
tigilan,stop,undangi
naiintindihan,understand,nakasabot
wag pansinin,ignore,tagda
ganda,beautiful,gwapa
kuhanin,take,kuhaa
kuhanin niyo,take,kuhaa
tawagan,call us,tawagi
tawagan niyo,call us,tawagi
panoorin,watch,tanawa
panoorin,watch,tanawa
panoorin niyo,watch,tanawa
gamitin,use,gamita
gamitin,use,gamita
gamitin niyo,use,inyong gamiton
pakialam gaano katanda,dont care old,palabot tiguwang paka
pakialam gaano katanda,dont care old,palabot katiguwang
bumalik,come back,balik
bumalik,come back,balik
sinabing tutulungan,say would help,gisaad tabangan
sundan,follow us,sunda
sundan,follow us,sunda
sundan niyo,follow us,sunoda
alam magkano,dont know much,kabalo kiung tagpila
umalis,dont want leave,mulakaw
ipakita,show,ipakita
ipakita,show,ipakita
ipakita niyo,show,ipakita
nagsinungaling,lied,namakak
umalis,left,nilakaw
natalo,lost,napildi
,gone,nawala
kumaway,waved,nangamay
lalangoy kasama,swim,mulangoy kauban
ngumiti,smiled,nagpahiyom
bawat taoy sumigaw,everyone shouted,katawhan nisinggit
mayroon problema naming malaman,problems aware,bay problema masayod
bawat taoy ngumiti,everyone smiled,katawhan nagpahiyom
bawat taoy naghintay,everyone waited,katawhan hulat
natalo,lost,napildi
loob minuto nakain pagkain mesa,within minutes eaten food table,sulod minuto nakaon tanang pagkaon lamesa
naaalala,remember,nahinumdoman
sumuko,gave,misurender nami
nagusap,talked,nakig istorya
naghintay,waited,naghulat
nanalo,,nadaog
naghintay,waited,naghulat
higit maikli hintuturo palasingsingan,index finger shorter ring finger,labaw gamay panagtudlo tudlo tudlong singsing
humihilik,snores,nagahagok
mukha sakit tao,looks like sick person,mura masakiton tao
ulit sayo sasabihin,wont tell,utruhon sukti kanimo
mapapagkatiwalaan,cannot trusted,kasaligan
maari ibigay lokasyon tirahan,give location tos residence,mahimo mahatag nahimutangan balay
huminga malalim,took deep breath,niginhawa lawom
halatang matalino bata,obviously smart kid,klaro maantigo bata
bumibili gulay pamilihan,buy vegetables market,nagapamalit gulay palitanan
nagbayad,paid,nibayad
tumingin,looked,nitanaw
nakinig,listened,naminaw
tumawa,laughed,nikatawa
alam,knows,nakahibalo
tumalon,jumped,niambak
nakinig mabuti,listened carefully,naminaw maayo
nahimatay,passed,nakuyapan
nawalan malay,fainted,nawadag kasayoran
nakawala,got away,nakawala
nalunod,drowned,nalumos
nagmaneho,drove,nagdrayb
nagmamaneho,driving,nagadrayb
umiinom,drinking,nagainom
nagsayaw,danced,nisayaw
umiyak,cried,nihilak
umubo,coughed,niubo
umamin,admitted,niamin
alam bawat tao pangalan,everyone knows names,nakabalo katawhan among pangalan
nangdadaya,cheating,nagapanikas
sobrang putla,pale,grabe luspad
nangdaya,cheated,nanikas
tumawag,,nitawag
dumighay,belched,nidighay
kumurap,blinked,namilok
maari ipaalam nakarating,could please let know arrives,mahimo ipahibalo muabot
sumagot,replied,nitubag
sumasangayon,flying,niuyon
sumangayon,agreed,nakauyon
gumagana,works,mugana
mabuti tao,good person,maayo tao
nagsinungaling,lied,nagapamakak
umalis,left,nihawa
tumawa,laughed,nikatawa
nagyakapan,hugged,gakos
nahulog,fell,nahulog
nakawala,got away,nakatakas
nawala,disappeared,nawala
nagsayaw,danced,nisayaw
nagsayawan,danced,nagsinayaway
sumayaw,danced,nisayaw
tatlong taon bata,three years younger,tulo tuig kabata
nanatili bahay buong araw kahapon,stayed home day yesterday,nagpabilin balay tibuok adlaw
sinabi aking nakita,told saw,giingon nakita
sinabi nakita,told saw,giingon nakita
tumawag,,nitawag
gumagana yoon,works,mugana
gumana yoon,worked,nigana
nasunog,burned,nasunog
nakatulong,helped,nakatabang
manatili dito,stay,pagpabilin
magsimula magsulat,start writing,pagsugod sulat
simulan pagsusulat,start writing,sugdan pagsulat
simulan pagkanta,start singing,sugdi pagkanta
magsimula kumanta,start singing,pagsugod kanta
simulan pagtakbo,start running,sugdi pagdagan
magsimula tumakbo,start running,pagsugod dagan
magumpisa,get started,magsugod karun
magsimula dito,start,magsugod
simulan pagbibilang,start counting,sugdi pagbilang
magsimula pagbibilang,start counting,pagsugod bilang
manatiling alisto,stay alert,pagpabiling abtik
manatiling gising,stay awake,pagpabiling mata
tingin parehong nagsisinungaling,think lying,pananaw parehas nagapangatik
mayroon,one,nalang
naalala gabing,remember night,nakahinumdom ato gabii
nahain almusal,breakfast served,niana pamahaw
nagiwan nota ilalim pinto,left note door,nagbilin sulat ilalom pultahan
mayroong batang lalaki,boy,batang lalaki
mayroong sumigaw,someone shouted,nagasinggit
mayroong nagbago,something changed,nagbago
bumalik agadagad,right back,nibalik dayun
magalala,dont want worry,mabalaka
nakaintindi,one understood,nakasabot
nakakaalala,one remembers,hinumdom
nakikinig,one listens,nagapaminaw
pakialam,nobody cares,palabot
tumawag,one,nagatawag
sumagot,one answered,naga tubag
kabisaduhin,memorize,pagsaulohon
kinabahan,wasnt nervous,nakulbaan
patawarin,forgive us,pasayloa
patawarin niyo,please forgive us,pasayloa
kalimutan,forget,kalimtan
sundan,follow,sunda
tapusin,finish,humanon
hanapin,find,pangitaa
katrabaho,like coworkers,ganahan kauban trabaho
nagbago,everything changed,nagbago
bawat taoy tumayo,everyone stood,katawhan mitindog
nagbabago,everything changes,magbago
bawat taoy nanalangin,everyone prayed,katawhan ampo
bawat taoy tumingin,everyone looked,katawhan mitanaw
nakatakas,everyone escaped,nakatakas
naghintay,everyone waited,naghulat
nanatili,everyone stayed,nagpabilin
ngumiti,everyone smiled,nagphiyom
nagbayad,everyone paid,nibayad
umalis,everyone left,nihawa
umalis,everyone left,nihawa
alam,everyone knows,nakahibalo
magdala pagkain,bring food,modala pagkaon
magdala pagkain,bring food,pagdala pagkaon
magdala pagkain,bring food,pagdala pagkaon
magdala tulong,bring help,modala tabang
magdala tulong,bring help,pagdala tabang
magdala tulong,bring help,pagdala tabang
magdala alak,bring wine,modala ilimnon
magdala alak,bring wine,pagdala ilimnon
magdala alak,bring wine,pagdala ilimnon
buhatin,lift,kargaha
buhatin,lift,kargaha
buhatin niyo,lift,bitbita
magtanongtanong,ask questions,sigeg pangutana
kumindat,winked,nangindat
tumatawa,everyone laughs,nangatawa
sulong,forward,sugod
sumulong,go ahead,magpadayon
sumulong,move forward,padayon
lapit,close,duol
lumapit,come closer,duol
lumapit,come closer,duol
pumasok,come,sulod
halikayo,come,ali dire
pagpalain,bless,panalanginan
nakarinig putok baril,heard gunshot,nakadungog buto pusil
naliligo arawaraw,take bath every day,adlawadlaw naga ligo
nagsusuot sapatos loob bahay,dont wear shoes inside house,naga sulob sapatos sulud balay
nagsusuot sapatos loob aking bahay,dont wear shoes inside house,naga sulob sapatos sulud akoang panimalay
nangongolekta lumang barya,collects old coins,naga kolekta sensillyo
kumain,ate,nagkaon
dumating,arrived,niabot
kakainin,eat,mokaon
malaki,bigger,dako
magsalita,wants talk,storya
salamat nakalipas imbitasyon,thank past invitation,salamat miaging inbetasyon
magmaneho kotse,drive car,drayb sakyanan
marunong magmaneho,know drive,kamao drayb
naiwan aking susi aking kuwarto,left key room,nabilin akoang yabe akoang kwarto
hinuhugasan aking medyas,wash socks,ginahugasan akoang medyas
pagkain bahay,food house,nakoy pagkaon akoang balay
laging tumatahol aso,dog always barking,perme ga uwang iro
laging tumatahol aking aso,dog always barking,perme ga uwang akoang iro
magkapatid,like brothers,mura igsuon
nagkamali tungkol,wrong,namali labot iya
masyadong malamig lumangoy,cold swim,bugnaw salom
inakala,think would actually,dahom buhaton
,,
nauubusan gasul,running gas,mahutdan gasul
galit,angry,nasuko
hahayaang mamatay,let die,pasagdan mamatay
tingin gawin,think,tanaw makaya buhaton
nakakita balena,ever seen whale,nakakita balyena
tumatakbo mundo koryente,world runs electricity,naga dagan kalibutan kuryente
paki sarado pinto,please close door,paki sirado pultahan
matandang libro,old book,karaan libro
matandang aklat,old book,daan basahon
bata kinakatakutan,young afraid nothing,kadtong bata pako ginakahadlokan
sabihin,tell,iingon
pinanganak ika siglo,born th century,natawo ikadyesinwebe siglo
nagbago,changed,nagbago
nahulog,fell,natagak
nahulog,fell,natagak
nagsisinungaling,lying,nagapangatik
nakikinig,listening,nagapaminaw
mayroong kaibigan bilangguan,friend prison,higala prisohan
,done,gibuhat gibuhat
sumuko,gave,nisuko
malaman nangyari,want know happened,mahibalan nahiatbo
naglayas,ran away,milayas
binayaran,paid,gibayran
binato aso bato,threw stone dog,gilabayan iroo bato
kasal,married,minyo
nakahawa pagtawa,laughter contagious,makatakod katawa
bahay,house,balay
nakahuli tatlong isda kahapon,caught three fish yesterday,gahapon nakadakop tulo isda
imposible yoon,impossible,imposible alang kanako
umuwi,go home want,mopauli kubng
naghintay sampung minuto,waited ten minutes,hulat napulo minuto
hinanap,looked,gipangita
nagusap buong gabi,talked night,nagistorya tibuok gabii
oras aalis,time leaving,unsang orasa hawa
naniniwala tama,believes right,nagatuo husto
suportahan,dont want support,suportahan
mayroon lagnat,fever,gihilantan
mayroon bisikleta,bicycle,biseklita
magiging magisa,alone,maginusara
kailangang pasalamatan,dont thank,pasalamatan
pagkain damit bahay upang mabuhay,food clothes house survive,pagkaon sinina balay mabuhi
nagkatotoo pangarap mayuko,mayukos dream came true,natuman pangandoy mayuko
atras,back,balik
nanuroy,nanuroy,gituyo
katutubong wika,native language,lumad sinultian
isinulat,write,gisulat
magsisimula,start,sugod
humingi tawad galit,even though apologized still angry,bisag mangayo pasaylo nasuko gihapon
makakaalam,one know,nakahibalo
maraming tao nagsasalita pranses aprika,many people speak french africa,daghang tao naga sulti pranses aprika
tahimik tao,quiet person,hilumon sya tao
namasyal kahapon kasama anak kokaibigan uwi pagud pgud,went walk yesterday childrenfriends got home tired,nanuroy gahapon kauban anakhigala maong gikapoy
nagpahinga sandali nagluto hapunan,rested cooked dinner,nagpahuway kadiyot dayon nagluto alang panihapon
bitawan,let go,buhii
pakawalan,let go,buhii
kamusta,hello,kumusta
lumipat australya,moved australia,mibalhin australya
marami naipong pera,saved lot money,daghan natigom salapi
madalas nakukuha,often gets wants,kanunay makuha
kakaalis bus,bus left,pay paglarga bus
nauna inyo,came,nauna inyo
sorbetes,likes ice cream,ganahan ice cream
dito,right,
napakasamang tao,bad person,tawo maayo
magaaral,student,estudyante
silidaralan magaaral,student classroom,classroom estudyante
subukan,lets try,sulayan
matatapos,wont end,mahuman
alam sasabihin,dont know say,kabalo isulti
magugulat,wont surprised,matingala
ayoko nyan,dont want,
makapunta japan,hope go japan,makaadto japan
salamat paliwanag,thanks explanation,salamat pagpasabot
maaari,cant,
tahan,hold,hilom
maaari magtanong,ask question,mangutana
,want,
nawala aking pitaka,lost wallet,nawala akoang pitaka
tingnan kinakausap,look talking,tanawa gina istoryahan
masakit ulo,headache,sakit ulo
sarhan pinto pagalis,close door leave,siradi pultahan mogawas
magpapatalo,lose,papildi
klase bukas,class tomorrow,klase ugma
nawala sya bula,disappeared like bubble,nawala pinakalit
wag kaming kalimutan,dont forget us,kalimti
pakialam,dont care,labot
mabuting tao sya,good person,maayong tawo
maliligo,going take shower,maligo
sumama,want come along,kuyog
kukunin sya,get,kuhaon
,mine,
ayoko bumagsak aking pagsusulit,dont want fail exams,mapakyas pasulit
maisip,cant think else,nakoy mahunahunaan
pangsulat,something write,panuwat
duda,doubt,pagduhaduha
akala totoo,thought true,tinuod
sukli,change,kambyo
pasensya panukli,sorry dont initial,pasaylo kambyo
,,
sangayon,dont agree,uyon iya
kilala sya,know,kaila iya
pagupit buhok,cut hair,putli nana buhok
magaral mabuti,study hard,pagtuon tarong
hinihintay,waiting,gipaabot
maputla,pale,luspad
ipinagmamalaki,proud,gina hambog
marunong magmaneho sasakyan,know drive car,kabalo drayb awto
humingi tawad,apologize,pangayo pasaylo
nagsinungaling,lied,namakak
liban kahapon,absent yesterday,gahapon
galingan,youre,tarunga ha
mahuhuli eskwela,late school,maulahi eskwelahan
nahulog lapis,dropped pencil,natagak lapis
duwag,coward,tanga
nabasa,read,nabasa
nagiisa,alone,naginusara
bata,young anymore,bata
nagbago,havent changed,bago
makakapunta,cant go,
,want,ganahan
maaasahan,count,makasalig
nagkakilala,meet,pagkailaila
itigil paninigarilyo,stop smoking,undangi kanang panigarilyo
masyado mareklamo,complain much,reklamador
bayad,pay,bayad
kamusta,hello,kumusta
pakidalian,please hurry,pakidali palihug
,,
,come,
pagsisisihan,regret,iya kining kamahayan
mahahanap iba gagawa niyan,wont find else,makita lain himo
sakit lolo,grandfather sick,sakit lolo
taas,,taas
babayaran utang,pay debts,unsaon pagbayad utang
magaling sugat,wound yet healed,naayo samad
nandito protektahan,protect,rami dire panalipudan
nandito upang maprotektahan,protect,ania mapanalipdan
kilala piyanistang pagkadalubhasa,pianist known mastery,pianista naila kahanas
lisanin dito disyerto,dont leave desert,biyai disyerto
maaari nilang buksan bintana,open window,ablihan bintana
maaari buksan bintana,open window,ablihan bintana
maaari niyong buksan bintana,open window,ablihan bintana
alam,know,kabalo gane ato
alam,know,kabalo ato
dumaan botika bago umiwi bahay,stopped pharmacy heading home,hapit pami botika balay
nagbuo maliit nayon isla,built small village island,naghimo gamay baryo isla
ngumuya butas pader daga,rat chewed hole wall,kitkit daga buslot pader
nagasawa napakagandang babae,married beautiful woman,nangasawa gwapa babaye
maraming salamat kaibigan,thank much friends,daghang salamat higala
dalawang taon masbata,two years younger,bata duha tuig kontra
taong nunal gilid mata,person mole corner eye,tawo adunay alom kilid iyng mata
nakaupo mesa,sitting table,naglingkod lamesa
nakaupo mesa,sitting table,nanglingkod lamesa
kilala babaeng,know girls,kaila babaye
bilis tibok aking puso,speed heart beat,paspas pitik akng kasingkasing
nagpakamatay,kill,hikog
kakaiba,weird,katingadan
kakaiba,thats weird,katingadan
tumutugtog piano,plays piano,tugtog piano
makapaglakbay problemang naganap,couldnt travel something went wrong,madayun lakaw problema nahitabo
makapag biyahe problemang naganap,couldnt travel problem,makabiyahe tungod problema nahitabo
naglabas itlog,released egg,nagpagawas itlog
kinailangan magsimula ulit,start,magsugod pagusab
libro tony,tonys book,libro tony
tony librong,book belongs tony,tony libro
aklat tony,tonys book,libro tony
tony aklat,book belongs tony,libro iya tony
sabihin mahal,want tell love,isulti iya gihigugma
bitawan paninigarilyo paginom,give smoking drinking,mohunong pagpanigarilyo paginom
problema,problem,adunay problema ila
maaari sumama,come along want,kuyog
umamin,admit,tugan bisag
madalas humiga damo aking aso,dog often lays grass,iro kanunay nagahigda kasagbutan
nagtatanghalian,lunch,naniudto
mayroong malaking apoy kagabi,big fire last night,adunay dakong sunog kagabii
nagmamadali mahabol tren,hurry catch train,nagdalidali makaapas tren
kaunti natitirang kape kaldero,little coffee left pot,gamay nabilin kape kaldero
kroasya timogsilangang bahagi europa,croatia southeastern part europe,croatia habagatansidlakang bahin europa
bansang kroasya timogsilangang bahagi europa,country croatia southeastern part europe,nasud croatia habagatansidlakang bahin europa
magtrabaho magisip,work think,magtrabaho hunahunaa
maraming pamasko natanggap aking babaeng kapatid,sister got christmas presents,daghan nadawat pamasko iguson babaye
maraming aginaldo natanggap aking babaeng kapatid,sister received presents,igsoon nakadawat daghang regalo pasko
bilangguan,prison,prisohan
lubos bigo,disappointed,medyo pakyas
makakapigil,nothing stop,makapugong kanako
asukal,sugar,nay asukar
tumawag sayo kagabi upang ibigay mabuting balita,last night give good news,nitawag kagabii ihatag maayong balita
tinawagan kagabi upang ibigay mabuting balita,last night give good news,gitawagan gabii ihatag maayong balita
tulong paghahanap aking susi,still help finding keys,tabang pagpangita yabi
gaano kalaki pamilya,big family,kadako pamilya
kutsilyo,want knife,kutsilyo
nakakita lobo soro kuneho,saw wolf fox rabbit,nakita lobo singgalong koneho
nakatira turkey,live turkey,turkey puyo
naninirahan turkey,live turkey,nagpuyo turkey
nanunuod sayo,someone watching,tanaw
malubha naging sakit,seriously ill,grabe
nabigo,failed,napakyas
sobrang asim prutas,fruit sour,grabe aslom aning prutasa
napaka asim prutas,fruit sour,aslom prutas
kinailangan naming maglakad pauwi,walk home,maglakaw pauli
biktima namatay ospital boston,victim died boston hospital,biktima namatay hospital boston
namatay biktima ospital boston,victim died boston hospital,biktima namatay hospital boston
napakahirap buhay minsan,life hard sometimes,lisud kinabuhi usahay
sobrang hirap buhay minsan,life hard sometimes,grabe lisud kinabuhi usahay
mangyayari bigyan nanay pera,happen mom doesnt give us money,mahitabo hatagan salapi mama
magdamag nagsayawan,danced night,sayaw tibuok gabii
bago libro estudyanteng,student books new,libro estudyante bago
bago aklat estudyanteng,student books new,libro estudyante bago
bago aklat magaaral,student books new,bago libro estudyante
bago libro magaaral,student books new,libro estudyante bago
aking takdangaralin,done homework,nahuman buluhaton
lumipad ibon patimog paghahanap init,birds fly south search warmth,lupad langgam habagatan pangita init
nanunuod palabas,dont watch show,tanaw ato salida
pinapanuod palabas,dont watch show,naga tanaw ato salida
sinugod kalaban,rushed enemies,gisulong kontra
ibabalik libro madaling panahon,return book soon possible,ibalik libro labing dali panahon
ibabalik aklat madaling panahon,return book soon possible,ibalik nakao basahon labing dali panahon
sinabi,told everything,giingon
naghintay labas,waited outside,hulat gawas
bumibili cd,buy cds,nagapalit cd
tingin sinadya,think intentional,tanaw tong gituyo
nangangagat asong tumatahol,barking dogs dont bite,mamaak iro naga uwang
oras dumating doon,time get,sya orasa naabot
magiging doktor paglaki,doctor grows,mahimo manambalay dako
binigyan diksyunaryo aking lalaking kapatid,gave brother dictionary,gihatagan diksyonaryo akoang igsuon lake
mahal,love,nahigugma
matalino,smart,utokan
bago,new,bago
natalo nanaman,lost turn,pildi
natalo ulit,lost,pildi sad
tumakbo,run,dagan
,,
ginalit,made angry,gipasuko
sumisigaw,dont shout,singgit
minahal,loved,gihigugma
uhaw,thirsty,uhaw
mahal,loves,paghigugma
minahal,loved,gihigugma
mayaman,rich,adunahan
mayaman,rich,adunahan
nagtatrabaho,dont work,naga trabaho
nagmumukmok,complaining,tanga
halikan,kiss,haloki
hinalikan,kissed,gihalokan
niyakap,hugged,gakos
tatawagan,call,tawagan
nanay,toms mother,mama
niyakap,hugged,gakos
kumanta kanta,sang song,ning kanta sya kanta
bumalik loob,go back inside,balik sulod
pinansin,ignored,tagda
nakakatulog,havent slept yet,nakatulog
asawa,toms wife,asawa
tutulungan,help,tabangan
ibon,birds,langgam
magkapitbahay,neighbors,silingan
magkakapitbahay,neighbors,magkasilingan
asin,salt,asin
kakatapos,finished,bago nahuman
nagulat,surprised,nakuratan
nagbibiro,kidding,binuang
maging sakim,dont greedy,binuraot
nasubukan,havent tried yet,sulayan
asawa,wife,asawa
makatigil,cant stop,mapugngan
sumigaw,scream,singgit
nakita,saw something,nakitan
mahal,love,gihigugma
makapaghintay,cant wait,nakokahulat
hawakan kandila,hold candle,kupti kandila
naiintindihan,understand,kasabot
susundan,follow,sundon
magtatanongtanong paligid,ask around,mangutana palibot
nakakatakot pagbabago,change scary,hadlok bago
sasama,go,uban
papayagan,allow,tugotan
mayroon takdangaralin,homework,asaynment
norway,norway,norway
norway,norway,norway
mahal,still love,gihigugma
magugustuhan,like,magustuhan
,like,kaha
naninigarilyo,doesnt smoke,sya naga sigarilyo
dito,needed,
dinala aklat,brought book,gidala libro
dinala libro,brought book,gidala libro
aking kaibigan,friend,higala
sira panulat,pen broken,guba sulat
nawalan hikaw,lost earring,nawalaan ariyos
hinalikan,kiss,halokan
nananaginip,dreaming,nagdamgo
handa,ready,andam
handa,ready,andam
,done,
umuulan nanaman,raining,nagulan sad
umuulan ulit,raining,ulan
hinalikan aking kamay,kissed hand,halokan kamot
,,tinuod
bumaba dito,get,naog
umiiyak eliza,eliza crying,naghilak eliza
kumakain tokwa,eat tofu,naga kaon tokwa
sinuwerte,got lucky,suwerte
naglakad magisa,walked alone,lakaw
pagong,like turtles,guato pawikan
nagsisinungaling,lying,namakak
nakita doon,saw,nakitan
mahal pagtuturo,love teaching,pagtudlo
nakita kumurap,saw blink,nakitan nipirat
bago dito,new,bago
umalis,leave,lakaw
tinanong,ask,gipangutana
alam alam,know know,kabalo kabalo
maaari tayong sumayaw,dance,makasayaw
nawala aking telepono,lost phone,nawala akoang selpon
oras pagtulog,time sleep,oras tulog
,like,ganahan
alam nagsinungaling,know lied,kabalo namakak
ginusto pakasalan,want marry,pakaslan
pamilya,family needs,pamilya
mahirap pagbabago,change difficult,lisud bago
magugustuhan apo,grandchildren love,ganahan apo
luntiang kuwaderno,green notebook,berde notebook
naramdaman lindol,feel earthquake,ramdam linog
panulat,pen mine,kining sulat
mahilig kumuha litrato,like take pictures,ganahan naga kuha piktyurs
bida palabas,star show,bida salida
sabihin handa umalis,tell ready go,ingna andam lakaw
nagsabi niyan sayo,told,ingon imoha
alin dito sayo,one,imoha
nagising mula bangungot,woke nightmare,nakamata damgo
bata bisita,children guests,bisita bata
malulutas problemang,solve problem,unsaon sulbad problema
nagaaway,always fight,kanunay naga away
pagong ngipin,turtle teeth,ngipon pwaikan
tinawagan,,gitawagan
maglilinis kuwarto mamaya,clean room later,limpyo kwarto unya
hapon,japanese,hapon
maghugas kamay,wash hands,hugas kamot
magugunaw mundo,world end,kanusa katupasan kalibutan
alam awiting,everyone knows song,kabalo anang kantaha
nangyayari dito,going,nahitabo
importante libro nabasa libro nabasa,important many books read books read,hinungdanon libro nabasa apan unsang libro nabasa
nagmamaneho ford,drives ford,naga drayb
ginising,woke,gipukaw
masyado iyakin,cry much,hilakon
makakuha kupon,get coupons,kuha kupon
pagkalabas dalawa mula simbahan tumunog kampana,two left church bell rang,paggawas duha simbahan nagtingog kampana
maaring gamitin itlog bilang sandata,egg used weapon,itlog mahimong magamit hinagiban
naninigarilyo,doesnt smoke anymore,naga panigarilyo
nakahuli malaking isda kahapon,caught big fish yesterday,nakadakop dako isda gahapon
maraming tao nakapila linyang,many people queuing line,daghang taong nakalinya dha linya
tahimik buong araw,quiet day,hilom tibuok adlaw
mamamadali maabutan huling tren,dont hurry wont catch last train,dali maabsan kinalasan tren
mabigat sampung kilo,ten kilos heavier,bugat diyes kilo
sinisipon,said catching cold,sipon
sandali,moment,huwat
nakasintas sapatos,shoes laced,hikot sapatos
bagong bisikleta,new bike,bago bisikleta
pera pambili niyan,money buy,salapi palit
pakidala dito,please bring,dalaa
kasingsaya naglalakbay magisa,nothing like traveling alone,makalipay sama pagbiyahe maginusara
kumakain tsitsaron,eating cucumber,nagakaon tsitsaron
kumakain ube,eats pears,nagakaon ube
kumakain pandesal,eating pandesal,nagakaon pandesal
kumakain tinapay,eats bread,nagakaon pandesal
kumakain tsokolate,eats chocolate,nagakaon tsokolate
kumakain puto,eats puto,nagakaon puto
kumakain puto bumbong,eats puto bummong,nagakaon putong bumbong
kumakain ginataan,eating snack,nagakaon ginataan
kumakain ginataang bilubilo,eats prepared bilubilo,nagakaon ginataang bilubilo
kumakain ginataang monggo,eats stuffed mongoose,nagakaon monggo
kumakain sopas monggo,eats mango soup,nagakaon sopas monggo
kumakain sotanghon,eating sotanghon,nagakaon sotanghon
kumakain hopia,eats hopia,nagakaon hopia
kumakain siopao,eats siopao,nagakaon siopao
kumakain pansit palabok,eating noodles,nagakaon pansit palabok
kumakain litson,eating roast,nagakaon litson
kumakain kalamay,eats consciousness,nagakaon kalamay
kumakain biko,eating biko,nagakaon biko
kumakain lansones,eats lansones,nagakaon lansones
kumakain kutsinta,eating cuscinta,nagakaon kutsina
kumakain saging,eating banana,nagakaon saging
kumakain pritong saging,eats fried bananas,nagakaon pritong saging
kumakain maja blanca,eats maja blanca,nagakaon maja blanca
kumakain maja de ube,eating maja de ube,nagakaon maja de ube
kumakain sinigwelas,eating breakfast,nagakaon sinigwelas
kumakain sinigang,eats beef porridge,nagakaon sinigang
kumakain nilagang,eats stewed beef,nagakaon nilagang
kumakain sinangag,eating fried rice,nagakaon sinigang
kumakain tsampurado,eating tsampurado,nagakaon tsampurado
kumakain hawot,eating hawot,nagakaon hawot
kumakain paksiw,eating paksiw,nagakaon paksiw
kumakain dinuguan,eats blood,nagakaon dinuguan
kumakain espasol,eating espasol,nagakaon espasol
kumakain pan de ube,eating pan de ube,nagakaon pan de ube
kumakain sago,eats sago,nagakaon sago
kumakain gulaman,eats gelatin,nagakaon gulaman
kumakain buko pandan,eating pandan knuckle,nagakaon buko pandan
kumakain sagot gulaman,eats sago gelatin,nagakaon sagot gulaman
kumakain adobo,eats pickles,nagakaon adobo
kumakain adobong manok,eats pickled chicken,nagakaon adobong manok
kumakain adobong baboy,eats pickled pork,nagakaon adobong baboy
kumakain menudo,eating menudo,nagakaon menudo
kumakain morcon,eats morcon,nagakaon morcon
kumakain embutido,eats steak,nagakaon embutido
kumakain balut,eats balut,nagakaon balut
kumakain sapinsapin,eats layer layer,nagakaon sapinsapin
kumakain buko,eats knuckles,nagakaon butong
kumakain halohalo,eats mixed food,nagakaon halohalo
kumakain pansit buko,eats knuckle noodles,nagakaon pansit buko
kumakain pansit luglog,eating luglog noodles,nagakaon luglog
kumakain pansit malabon,eats malabon noodles,nagakaon pansit malabon
kumakain sisig,eats sisig,nagakaon sisig
kumain buko,ate knuckle,nikaon butong
kumain buko pandan,ate knuckle pandan,nikaon buko pandan
kumain sisig,ate sisig,nikaon sisig
kumain litson,ate roast,nikaon litson
kumain sapinsapin,ate layer layer,nikaon sapinsapin
kumain tsampurado,ate tsampurado,nikaon tsampurado
kumain pansit,ate noodles,nikaon pansit
kumain tsokolate,ate chocolate,nikaon tsokolate
kumain biko,ate biko,nikaon biko
kumain suman,ate something,nikaon suman
kumain tamales,ate tamales,nikaon tamales
kumain lumpia,ate spring rolls,nikaon lumpia
kumain halohalo,ate mixed food,nikaon halohalo
kumain keyk,ate cake,nikaon keyk
kumain ube,ate apple,nikaon ube
kumain pandesal,ate pandesal,nikaon pandesa
kumain pan de ube,ate pan de ube,nikaon pan de ube
kumain adobo,ate pickles,nikaon adobo
kumain adobong manok,ate pickled chicken,nikaon adobong manok
kumain adobong baboy,ate pickled pork,nikaon adobong baboy
kumain tinapay,ate bread,nikaon pan
kumain paella,ate paella,nikaon paella
kumain sorbetes,ate ice cream,nikaon ice cream
kakain menudo,eat menudo,mokaon menudo
kakain maiz con hielo,eat maiz con hielo,mokaon mais con yelo
kakain kutsinta,eat piece cake,mokaon kutsinta
kakain buko,eat knuckle,mokaon butong
kakain buko pandan,eat pandan knuckle,mokaon buko pandan
kakain sinigwelas,eat breakfast,mokaon sinigwelas
kakain pritong saging,eat fried bananas,mokaon pritong saging
kakain tsampurado,eat tsampurado,mokaon tsampurado
kakain hawot,eat lot,mokaon hawot
kakain nilagang,eat beef stew,mokaon nilagang
kakain sinigang,eat beef porridge,mokaon sinigang
kakain sinangag,eat fried rice,mokaon sinigang
kakain tapa,eat tapa,mokaon tapa
kakain bangus,eat bangus,mokaon bangus
kakain dilis,eat anchovies,mokaon dilis
kakain adobo,eat pickles,mokaon adobo
kakain adobong manok,eat pickled chicken,mokaon adobong manok nestpr
kakain adobong baboy,eat pickled pork,mokaon adobong baboy
kakain biko,eat biko,mokaon biko
kakain litson,eat roast,mokaon litson
kakain alimango,eat crab,mokaon kasag
kakain taba talangka,eat talangka fat,mokaon taba langka
kakain hipon,eat shrimp,mokaon pasayan
kakain tahong,eat mussels,mokaon tahong
kakain taho,eat taho,mokaon taho
gawang kawayan kastilyo,castle made bamboo,kastilyo hinimo kawayan
gawang kahoy kastilyo,castle made wood,kastilyo hinimo kahoy
gawang bato kastilyo,castle made stone,kastilyo hinimo bato
gawang bakal kastilyo,castle made iron,kastilyo hinimo baso
gawang bubog kastilyo,castle built,kastilyo hinimo bakal
naging buhangin bituwin galaksiya,stars galaxy became like sand,nahimo balas bitoon galaksiya
naging buhangin bituwin sanlibutan,stars world became like sand,nahimo balas bitoon kalibutan
kumakain saging,eating banana,nagakaon saging
magandang rason,thats good reason,sya nindot makatarungan
naiyak matsin unggoy gubat,macaws monkeys forest cried,hilak unggoy lasang
bawal aso siyudad,dogs allowed city,iro syudad
puting ibon hawla hardin,white bird cage garden,adunay puti langgam hawla tanaman
umiinom andres tsokolate tsokolateriya,andres drinking chocolate chocolatier,andrew naginom tsokolate tsokolate
naririnig malimit akala moy maliit,hear thought small lot,kanunay madungog giisip gamay
alam kalawakan sansinukob talagangtalagang malakingmalaki,dont know vastness universe big,kabalo dako uniberso
butil buhangin tiyera dalampasigan,tiyera like grain sand beach,among tiya baybayon sama lugas balas
malaki sansinukob maliliit tao,universe big people small,dako uniberso gamay tawo
ngayong araw,today,himo karong adlawa
humuta bugambilya,get hook,humuta bugambilya
bugambilya lola,see grandmas bugamblya,bugambilya lola
maytag tay bugambilya lantawon beranda,mayday bugambila look porch,maytag tay bugambilya lantawon beranda
maaari humingi pabor,ask favor,mangayog pabor
nagbigay niyan,one gave,hatag
pupuntahan,going anywhere,adtoan
tubig buhay,water life,tubig kinabuhi
kumakain tinutong,eats learned,nagakaon tinutong
kumain tinutong,ate taught,nikaon tunutong
kakakain tinutong,eat learned,nagakaon tinutong
nakain tinutong,ate learned,nikaon tunutong
kakain tinutong,eat learned,mokaon tinutong
ipinakain tinutong,fed apprentice,gipakaon tinutong
ipinakakain tinutong,fed apprentice,ginapakaon tinutong
ipakakain tinutong,fed teacher,ginapakaon tinutong
kinainan mangkok tinutong,ate students bowl,gikaon paksanan tinutong
kinakainan mangkok tinutong,eating bowl student,ginakaunan paksanan tinutong
kakainan mangkok tinutong,eat bowl apprentice,kaunon panaksan tinutong
kinain tinutong,ate taught,gikaon tinutong
kakainin tinutong,eat learned,kaunon tinutong
kinakain tinutong,eats learned,ginakaon tintuong
ipinagkain celeste tinutong,fed celeste learned,gipakaon celeste tinutong
ipagkakain celeste tinutong,feed celeste learned,pakaunon celeste tinutong
ipinagkakain celeste tinutong,makes celeste eat learned,ginapakaon celeste tinutong
ipinangkain mangkok tinutong,ate students bowl,gipakaon panaksan tinutong
ipinangkakain mangkok tinutong,ate students bowl,ipakaon panaksan tinutong
ipangkakain mangkok tinutong,eat bowl apprentice,ipakaon panaksan tinutong
matutong magpiano,want learn play piano,makabalo piano
anchorage pinakamalaking siyudad alaska,anchorage largest city alaska,anchorage kinadakang lungsod alaska
sirena,mermaid,sirena
napakaganda bituin,stars beautiful,nindot bituon
nanonood balita,watching news,tanaw balita
matulog,want sleep,matulog
nagtagpo kanilang mata,eyes met,nagtagbo mata
nagsimula pelikula,movie started,sugod sine
galit isat,seem hate,nasuko usagusa
pareho tayong naguguluhan,confused,parehas rata nalibog
tutulungan,would help us,tabangan
nakita naglinis kuwarto,saw clean room,nakitan limpyo kwarto
takdangaralin pagkauwi mula eskwelahan,homework coming home school,gina himo buluhatong eskwelahan
doon makikipagkita,meet,sugaton
itinatanggi,deny,gilimod
mura,cheap,barato
ninakawan pera,robbed money,gikawatan kok salapi
nakakadiri,disgusting,kaluod
kasama magdiwang pasko,celebrating christmas,kauban saulog pasko
koneksyon,everything connected,matag adunay koneksyon
konektado,everything connected,konektado
upo,sit,lingkod
magkasama nagbakasyon,went vacation together,uban bakasyon
pinapakain pagasa pamilya,hope feed families,paglaum makapakaon pamilya
mahalaga pamilya,family important,hinungdanon pamilya
merong sumagot,someone answered,tubag
sumagot,answered,nitubag
umiinom tasa blubering tsa tsahan,drink cup blubering tea teapot,naginom tasa nagbula tsaa kalan
kuro ibang dalubtala septilyong planeta sansinukob serong karugtong,another astronomers theory septyl planet universe zeros attached,syentista naghunahuna adunay pito planeta uniberso adunay zero
magtaro keyk muna kusina,lets make cake first kitchen,luto keyk kusina
magkeyk mangga muna salas,lets mango cake living room,mangga keyk sala
magkeyk ube muna salas,lets make ube cake living room,ube keyk sala
maayos manggang keyk,mango cake good,maayo cake mangga
magmanggang keyk muna salas,lets bake cake living room,manggang sala
magubeng keyk muna salas,lets cake together living room,ubeng keyk sala
nakatakas unggoy,monkey escaped,nakatakas unggoy
naway puwersa sumaiyo,force,hinaut kusug maguban kanimo
naway mapasaiyo puwersa,force,hinaut kusug maguban kanimo
ibang panahon magiging mabuti pagasa,sometime everything fine thats hope,adlaw mamaayo gilauman namon
mabuti ilusyon,everything fine thats illusion,maayo ilusyon
bansa daigdig itoy pagibig nagawang manunula mangingibig,country world love made lovers poets,nasud kalibutan gugma magbuhat magbabalak magbabalak
nililito sansinukob maguniguni umiiral relo relohero,universe confuses cant imagine watch exists without watchmaker,ginalibug uniberso mahunahuna adunay relo relohero
yaong maliliit bangbang nanganganinag mababaw,like little bangbangs shine shallow,mura gagmay banger nagdanag tungod mabaw
naway sumainyo puwersa,force,hinaut kusug maguban kanimo
naway mapasainyo puwersa,force,hinaut kusug maguban kaninyo
kakain melong sorbetes sariwang tsokolateng keyk,would like eat mellow ice cream fresh chocolate cake,mokaon melon ice cream labas tsokolateng keyk
naway sumaiyo puwersa,force,hinaut kusug maguban kanimo
barako yaong kape,coffee cheaper juans,kape barato
kapeng gulaman kinakain enrico,enrico eats gelatin coffee,nagkaon enrico kape gelatin
naniniwala libreng sekso pagmamaluho relihiyon luis,luiss religion believes free sex luxury,relihiyon luis nagtuo libre sekso kaluho
dalubtala isip kuwenta magbiyahe simple surpasyo basketbol tiyera tawag,mind crazy worthless simply travel basketball surface tiyera,nagduhaduha hunahuna hinungdan mobiyahe yano basketball stadium gitawag tiyera
magbulay tungkol sariling pagiral parte kalikasang pagkatao,think existence thats part human nature,hunahunaa hunahuna samtang nakiguban uban
nilalagyan kabuti nilulutong sopas,puts goodness cooking soup,gibutang uhong giluto sabaw
nilalagyan luya nilulutong sopas,puts ginger cooking soup,gibutang luya giluto sabaw
nilalagyan sili nilulutong sopas,puts chili cooking soup,gibutang sili giluto sabaw
nilalagyan kamote nilulutong sopas,puts sweet potato cooking soup,gibutang kamote giluto sabaw
nilalagyan kamatis nilulutong sopas,puts tomatoes cooking soup,gibutang kamatis giluto sabaw
ube loob tinapay enrico,pear inside enricos bread,adunay purpura sulud pan enrico
ube loob keyk enrico,apple inside enricos cake,adunay purpura sulud cake enrico
tsokolate lasa ayskrim oscar,oscars ice cream chocolate flavored,tsokolate lasa ayskrim oscar
istroberi lasa ayskrim rafael,rafaels ice cream strawberry flavored,istroberi lasa ayskrim rafael
sanay kumain restawrang byetnames,wish could eat vietnamese restaurant,mokaon restawran vietnam
sanay kumain restawrang koreano,wish could eat korean restaurant,mokaon restawran korea
sanay kumain restawrang hapon,wish could eat japanese restaurant,mokaon restawran chinese
sanay kumain restawrang pranses,wish could eat french restaurant,mokaon restwran france
sanay kumain restawrang aleman,wish could eat german restaurant,mokaon restwran germany
sanay kumain restawrang intsik,hope eat chinese restaurant,mokaon restwran intsik
sanay kumain restawrang griyego,wish ate greek restaurant,mokaon restwran greek
sanay kumain restawrang meksikano,hope eat mexican restaurant,mokaon restwran mexico
sanay kumain restawrang italyano,wish could eat italian restaurant,mokaon restwran italy
sanay kumain restawrang brasilyano,hope eat brazilian restaurant,mokaon restwran brazil
sanay kumain restawrang portuges,wish could eat portuguese restaurant,mokaon restwran portuguese
sanay kumain restawrang kastila,hope eat spanish restaurant,mokaon restwran spain
sanay kumain restawrang suweko,wish could eat swedish restaurant,mokaon restwran swedish
sanay kumain restawrang danes,hope eat danish restaurant,mokaon restwran denmark
sanay kumain restawrang hawayano,hope eat hawaiian restaurant,mokaon restwran hawaii
sanay kumain restawrang taylandes,hope eat thai restaurant,mokaon restwran thailand
sanay kumain restawrang arabo,hope eat arab restaurant,mokaon restwran arabic
sanay kumain restawrang ruso,wish could eat russian restaurant,mokaon restwran russia
umulan magaling siyudad,rained hard city,kusog ulan lungsod
uulan magaling siyudad,rain well city,kusog ulan lungsod
umuulan magaling siyudad,raining hard city,kusog ulan lungsod
umulan magaling kabundukan,rained well mountains,maayong miulan bukid
uulan magaling kabundukan,rain well mountains,maayong pagulan bukid
berde kulay buhok halimaw,color monsters hair green,berde kolor buhok monster
tumingin halimaw,monster looked,gitanaw monster
galing kabundukan halimaw,monster came mountains,monster bukid
galing karagatan halimaw,monster comes ocean,monster dagat
galing disyerto halimaw,monster comes desert,monster disyerto
galing ilog halimaw,monster came river,monster sapa
galing gubat halimaw,monster came forest,monster giyera
pumunta kabundukan halimaw,monster went mountains,monster mibiya bukid
pumunta karagatan halimaw,monster went ocean,monster mibiya dagat
umalis disyerto halimaw,monster left desert,gibiyaan monster disyerto
umalis ilog halimaw,monster left river,gibiyaan monster suba
umalis gubat halimaw,monster left forest,hawa lasang monster
pasyensiya nangyayari matagumpay paggawa,without patience successful work happens without,pailub malampuson pagbuhat trabaho mahitabo
tatsulok pinto restawran doon,restaurant doors triangular,trianggulo pultahan restawran
kuwadrado pinto restawran doon,restaurant doors square,kuwadro pultahan restawran
bilog pinto restawran doon,restaurant doors round,lingin pultahan restawran
magalala sami tungkol layla,sami shouldnt worry layla,mabalaka sami bahin layla
magiging maayos,fine,maayo
tumawid ilog,must cross river,motabok suba
kabayo,horses,kabayo
tatsulok bintana restawran doon,windows restaurant triangular,trianggulo bintana restawran
kuwadrado bintana restawran doon,windows restaurant square,kuwadro bintana restawran
bilog bintana restawran doon,windows restaurant round,lingin bintana restawran
nagbabasa libro gregorio restawran,gregorio reading book restaurant,nagbasa libro gregorio restawran
nagbabasa diyaryo gregorio kapihan,gregorio reading newspaper cafeteria,gibasa gregorio pamantalaan kapihan
tatsulok bintana kapihan doon,windows triangular room,trianggulo bintana kapihan
kuwadrado bintana kapihan doon,windows room square,kuwadrado bintana kapihan
bilog bintana kapihan doon,windows round room,lingin bintana kapihan
tatsulok pinto kapihan doon,triangular doors room,trianggulo pultahan kapihan
bilog pinto kapihan doon,doors round dining room,lingin pultahan kapihan
tatsulok mesa tsokolateriya roon,tables chocolate shop triangular,trianggulo lamesa tsokolaterya
bilog mesa tsokolateriya roon,tables round chocolate shop,lingin lamesa tsokolaterya
pula mesa tsokolateriya roon,tables chocolate shop red,pula lamesa tsokolaterya
kulayube mesa tsokolateriya roon,tables chocolate shop purple,lamesa tsokolate purpura
berde mesa tsokolateriya roon,tables chocolate shop green,lamesa tsokolate berde
kulayabo silya kapihan doon,chairs dining room gray,lingkuranan kapihan ubanon
kulayube silya kapihan doon,chairs dining room purple,lingkuranan kapihan purpura
kulaydalandan silya kapihan doon,chairs dining room orange,lingkuranan kapihan adunay kahel
kulayrosas silya kapihan doon,chairs dining room pink,lingkuranan kapihan adunay rosas
itim silya kapihan doon,chairs dining room black,lingkuranan kapihan itum
asul silya kapihan doon,chairs dining room blue,lingkuranan kapihan asul
dilaw silya kapihan doon,chairs dining room yellow,lingkuranan kapihan adunay dalag
pula silya kapihan doon,chairs dining room red,lingkuranan kapihan pula
puti silya kapihan doon,chairs dining room white,puti lingkuranan kapihan
kulaytsokolate silya kapihan doon,chairs dining room chocolatecolored,lingkuranan kapihan brown
berde silya kapihan doon,chairs dining room green,lingkuranan kapihan lunhaw
kulaytsokolate mesa kapihan doon,tables cafeteria chocolatecolored,lingkuranan kapihan tabunon
berde mesa kapihan doon,tables cafeteria green,lamesa kapihan lunhaw
kulayabo mesa kapihan doon,tables cafeteria gray,lamesa kapihan abohon
siyano mesa kapihan doon,tables cafeteria,lamesa kapihan siyan
malaking kuwadradong salamin kapihan doon,large square mirror living room,dakong kuwadrados salamin kapihan
malaking tatsulok salamin kapihan doon,large triangular mirror table,dakong trianggulo salamin kapihan
malaking parihabang salamin kapihan doon,large rectangular mirror room,dakong rektanggulo kapihan
malaking bilog salamin kapihan doon,large round mirror table,dakong lingin salamin kapihan
malaking biluhabang salamin kapihan doon,large oblong mirror living room,dakong pormag itlog salamin kapihan
kulayabo gilid salamin,edge glass gray,kilid salamin kolor abo
kulaydalandan gilid salamin,rim glass orange,kolor kahil kilid salamin
kulayube gilid salamin,rim glass purple,kolor bayolet kilid salamin
puti gilid salamin,edge glass white,kolor puti kilid salamin
kulaytsokolate gilid salamin,rim glass chocolatecolored,kilid salamin kolor tabunon
asul gilid salamin,edge glass blue,kolor bughaw kilid salamin
pula gilid salamin,rim glass red,kilid salamin kolor pula
kulayabo gilid malaking biluhabang salamin,rim large oblong glass gray,abohon kilid dako itlog salamin
kulayube gilid malaking biluhabang salamin,rim large oblong glass purple,bayolet kilid dako itlog salamin
kulaydalandan gilid malaking biluhabang salamin,rim large oblong glass orange,kolor kahil kilid dako mura itlog salamin
dilaw gilid malaking biluhabang salamin,rim large oblong glass yellow,kolor dalag kilid dako itlog salamin
pula gilid malaking biluhabang salamin,rim large oblong glass red,pula kolor dako itlog salamin
kulaytsokolate gilid malaking biluhabang salamin,rim large oblong glass chocolatecolored,kolor tabunon kilid dako itlog salamin
berde gilid malaking biluhabang salamin,rim large oblong glass green,kolor lunhaw kilid dako itlog salamin
kulayabo gilid bilog salamin,rim round glass gray,abohon kolor kilid lingin salamin
kulayube gilid bilog salamin,rim round glass purple,bayolet kilid lingin salamin
kulaykape gilid bilog salamin,rim round glass brown,kolor tabunon kilid lingin salamin
bughaw gilid bilog salamin,rim round glass blue,kolor asul kilid lingin salamin
berde gilid bilog salamin,rim round glass green,kolor lunhaw kilid lingin salamin
pula berde kumot,blanket red green,kolor pula lunhaw kolor habol
pula itim kumot,blanket red black,pula itum kolor habol
pula dilaw kumot,blanket red yellow,pula ogdalag kolor habol
pula puti kumot,blanket red white,pula puti kolor habol
pula kulaydalandan kumot,blanket red orange,pula kahil kolor habol
berde kulayabo kumot,blanket green gray,lunhaw abohon kolor habol
berde kulaytsokolate kumot,blanket green chocolatecolored,lunhaw tabunon kolor habol
berde biyoleta kumot,blanket green violet,lunhaw bayolet kolr habol
berde puti kumot,blanket green white,lunhaw puti kolor habol
berde kulayrosas kumot,blanket green pink,lunhaw rosa kolor habol
berde itim kumot,blanket green black,lunhaw itum kolor habol
berde kulaydalandan kumot,blanket green orange,lunhaw kahil kolor habol
berde kulaykape kumot,blanket green brown,lunhaw tabunon kolor habol
berde lila unan,pillow green purple,lungtian bayolet kolor habol
berde puti unan,pillow green white,lungtiang puti kolor habol
berde puti kurtina,curtain green white,lungtian puti kolor kurtina
berde biyoleta kurtina,curtain green violet,lungtian bayolet kolor kurtina
berde bughaw kurtina,curtain green blue,lungtian asul kolor kurtina
berde kulaykape kurtina,curtain green brown,lungtian tabunon kolor kurtina
puti pula kamiseta,shirt white red,puti pula kolor sanina
puti berde kamiseta,shirt white green,puti luntian kolor sanina
puti itim kamiseta,shirt white black,puti itum kolor sanina
berde pula kamiseta,shirt green red,luntian pula kolor sanina
berde itim kamiseta,shirt green black,luntian itum kolor sanina
berde dilaw kamiseta,shirt green yellow,luntian dalag kolor sanina
berde kulaydalandan kamiseta,shirt green orange,luntian kahil kolor sanina
berde kulaykape kamiseta,shirt green brown,luntian tabunon kolor sanina
berde lila kamiseta,shirt green purple,luntian bayolet kolor sanina
berde kulaytsokolate kamiseta,shirt green chocolate,luntian tabunon kolor sanina
pula puti baso,glasses red white,pula puti baso
pula dilaw baso,glasses red yellow,pula dalag baso
pula itim baso,glasses red black,pula itum baso
pula lila baso,glasses red purple,pula bayolet baso
pula kayumanggi baso,glass red brown,pula tabunon baso
berde pula baso,glasses green red,luntian pula baso
berde puti baso,glass green white,luntian puti baso
berde biyoleta baso,glasses green violet,luntian bayolet baso
berde kulaytsokolate baso,glass green chocolatecolored,luntian tabunon baso
berde kulaykape baso,glass green brown,luntian tabunon baso
kulayrosas bughaw panuos,color pink blue,rosa asul baso
kulaydalandan bughaw panuos,color orange blue,rosa asul kolor
kulayube bughaw panuos,tail purple blue,bayolet asul kolor
biyoleta bughaw panuos,back violet blue,bayolet asul kolor
pula bughaw panuos,tail red blue,pula asul kolor
pula itim dyaket,jacket red black,pula itum dyaket
puti dilaw dyaket,jacket white yellow,pula dalag dyaket
berde dilaw dyaket,jacket green yellow,luntian dalag dyaket
berde puti dyaket,jacket green white,luntian puti dyaket
berde kulaytsokolate dyaket,jacket green chocolate,luntian tabunon dyaket
berde kulaykape dyaket,jacket green brown,luntian tabunon dyaket
kulaydayap dyaket,jacket limecolored,luntian dyaket
berde puti sambalilo,sambalilo green white,luntian puti kalo
berde bughaw sambalilo,sambalilo green blue,luntian asula kalo
berde kulaytsokolate sambalilo,sambalilo green chocolatecolored,luntian tabunon kalo
berde kulaykape sambalilo,sambalilo green brown,luntian tabunon kalo
labas pulang bintana kabilugan buwan,see full moon outside red window,gawas pula bintana takdol bulan
labas kulaydalandang bintana kabilugan buwan,see full moon outside orange window,gawas kahil bintana takdol bulan
labas lilang bintana kabilugan buwan,see full moon outside purple window,gawas pula bintana takdol bulan
labas berdeng bintana kabilugan buwan,see full moon outside green window,gawas luntian bintana takdol bulan
labas kulaykapeng bintana kabilugan buwan,see full moon outside brown window,gawas tabunon bintana takdol bulan
puti itim maskara,mask white black,puti itom maskara
puti dilaw maskara,mask white yellow,puti dalag maskara
puti pula maskara,mask white red,puti pula maskara
puti kulaykape maskara,mask white brown,puti tabunon maskara
puti kulaytsokolate maskara,mask white chocolatecolored,puti tabunon maskara
puti kayumanggi maskara,mask white brown,puti tabunon maskara
puti lila maskara,mask white purple,puti bayolet maskara
puti kulayube maskara,mask white purple,puti bayolet maskara
berde itim maskara,mask green black,luntian puti maskara
berde puti maskara,mask green white,luntian tabunon maskara
berde kulaytsokolate maskara,mask green chocolatecolored,luntian tabunon maskara
berde kayumanggi maskara,mask green brown,luntian tabunon maskara
berde kulaykape maskara,mask green brown,luntian tabunon maskara
episode one piece napanood,many episodes one piece watched,yugto one piece natanaw
pasensya nakapagreply sayo kaagad busy,sorry couldnt reply right away busy,pasensya reply dayon nagkapuliki
pumunta japan makita,want come japan see,ganahan moadto japan makitan
kaibigan japanese,nonjapanese friend,higala hapon
pangalan,,ngalan
mahal mahal,love love,gihigugma gihigugma
pumupunta bahay magulang nya tuwing sabado linggo,goes parents house every saturday week,nagaadto balay ginikanan matag katapusan semana
dalubhasa kasaysayan,history expert,eksperto kasaysayan
makapagbasa dito naiinis sobrang kaliwanagan,cant read disgusted much clarity,mabasa lagot hayag
sinubukan yakapin,tried hug,gisulayan gakson
papansinin,would ignore,tagdon
masaya,happy,malipayon
masaya,happy,maliupayon
kailanman umaalis bahay aking kaibigan sigarilyo,friend never leaves home without cigarette,higala mobiya balay sigarilyo
bumigong dumating dito takdang oras,fail arrive time,pakyasa moanhi husto oras
itinuturi sarili matatas mananalita pranses,consider fluent french speaker,giisip kaugalingon larino nagsulti pranses
maaari turuan gawin,teach,tudloan unsaon pagbuhat
kawawang pusa mahuli maliksing daga,poor cat could catch nimble mouse,kaluoy iring madakup hidlas daga
mayroon kaming kakaunting pagkakataon magsalita aleman,little chance speak german,gamay among oportunidad makasulti aleman
mayroon tayong kakaunting pagkakataon magsalita aleman,little chance speak german,gamay oportunidad makasulti aleman
makapunta hapon,hope go japan,makaadto japan
sining,art,arte
aking tiyuhin napakamayaman,uncle rich,dato uyoan
madaling mabuhol sinulid,yarn easy knot,hilo dali mahabol
pulang sinulid,red thread,pula hilo
magaling magsalita pranses,speak french well,hawd estorya pranses
ekkantu,ekkantu,pagawit
magandang araw sherlock holmes,good day sherlock holmes,maayong adlaw sherlock holmes
read book thick,read book thick,mobasa libro ingon kabaga
akala desperado gawin,thought desperate,desperado buhaton
problema pagtulog tinatawag insomnia,sleep problems insomnia,problema pagkatulog gitawag insomnia
mapigilan mamangha kaniyang talento,cant stop amazed talent,malikayan mahibulong talento
napapagod walangkatapusang reklamo,tired endless complaints,gikapoy katapusan reklamo
sinabi alam binili bisikleta,says doesnt know bought bike,ingon kabalo gipalit bayk
,go ahead,
beses tumungo,headed,
,,buhat
kabutihangpalad pasahero nasaktan,luckily passengers hurt,maayo pasahero nasakitan
alam sikreto mahabang buhay,know secret long life,kabalo sekreto taas kinabuhi
tila linggong nagahit,looked like hadnt shaved week,ingon magahit semana
mamatay,might die,basig mamatay
alam,dont know,kabalo dapit
sabihin makakapunta,tell cant come,ingni makaadto
tunay pangalan,real,tinuod nakong ngalan
gawin,,himuon
tingin malungkot,think sad,tanaw masulubon
hinihintay,waiting,hulat
sundan,follow,sundi
naghahanap dahilan sisantehin,theyre looking excuse screw,nangita pamaagi mapahawa
sinadya kaniyang pagkakamali,made mistake purpose,gituyo iyahang sayup
makakatigil,cant stop,mapugngan
sayasaya,happy,lipay
kayang magbisikleta bill,bill ride bike,bayk bill
naniniwala ikinukuwento,believe telling,tuo gipang sulti
pumupunta eskwelahan,hasnt gone school yet,eskwelahan
bagay nais,want one thing,gamit
akala lalake,think hes guy,tong lake
ginagamit bolpen binigay,use pen gave,gigamit bolpen gihatag
akala,thought wouldnt,buhaton
nakalimutan niyang kasintahan,forgotten girlfriend,nalimtan uyab
nakalimutan kaarawan bukas,forget tomorrow birthday,nalimtan bertdey ugma
akala nagustuhan,thought like,magustuhan
akala nagustuhan regalo,thought like gift,pagtuo ganahi regalo
papalitan,change,unsaon pagilis
,done yet,nahuman
tingin mahahanap,think find,pananaw makitan
tama,right,husto
mabilis magbilang,counts quickly,paspas magihap
ulitin sarili,dont repeat,sublia kaugalingon
akala nagustuhan,thought like,pagtuo ganahi
akala nagustuhan,thought like,pagtuo ganahan
akala kumakanta,thought singing,pagtuo nikanta
akala ikay kumakanta,thought singing,nagtuo nagkanta
akala ikay natutulog,thought sleeping,nagtuo natulog
akala ikay umiiyak,thought crying,nagtuo naghilak
tumigil singer pagkanta,singer stop singing,mihunong pagkanta magaawit
maaga nilisanin estudyante silidaralan,students leave classroom early,sayo nanggawas estudyante klase
nakita pabo,see turkey,nakita gibuhat pabo
umalis sasakyan drayber,driver leave car,gibiyaan drayber sakyanan
huminto kotse tapat bangko,car stop front bank,mihunong kotse atbang bangko
nakalimutan batang magsipilyo ngipin bago pumaroon kama,kids forget brush teeth go bed,nakalimot bata manutbras muadtog kwarto
nakalimutan nilang bibisitahin ngayong araw,forgotten visit today,nakalimot bisitahon karong adlawa
nakalimutan nilang susi pintuang yon,forgot key door,nakalimot susi pultahana
akala dadating,think wouldnt come,muabot
malakas kesa kapatid lalaki,stronger brother,kusgan igsuon laki
bolpen hawak sayo,pen holding,bolpen gigunitan imoha
bolpen ibinigay pula,pen gave red,bolpen gihatag puwa
kakakita aklat binili,saw book bought,bago nakita libro pinalit
kutsara tabi tinidor marumi,spoon next fork dirty,kutsara tapad tinidor hugaw
kutsara dinilaan aso plastik,spoon dog licks made plastic,kutsara gitilapan iro hinimo plastik
pasta kinain moy napakakonting asin,pasta ate little salt,pasta gikaon gamay asin
tubig ininom pusa maalat,water cat drinks salty,tubig giinom iring parat
sanay lumakad papuntang trabaho,used walking work,anad mulakaw padulong trabaho
sanay kumain matatamis,used eating sweets,anad mukaon tamis
ideya nanay,mothers idea,ideya mama
dito sanggol,baby,bata
kinakausap halaman,talks plants,ginastoryahan tanom
nagsabi masama,said bad,ingon daotan
kinain pating prinsesa,shark ate princess,gikaon iho prinsesa
sebilya asawa,wife seville,sebilya asawa
taong nagsasabi nilason,people say poisoned,uban tawo nagingon gihiloan
naniniwala salamangka,believe magic,gatuo gyod madyik
prinito donat,fry donut,giprito donat
nakalimutan bos dito,forgotten boss,nakalimot inyong bos
nakalimutan pizza,forgot dont like pizza,nakalimot ganahan pizza
muna amin,join us first wants,
dumating sagot matapos tatlong araw,answer came three days,niabot tubag pagkahuman tulo adlaw
maghandahanda,get ready,pagpangandam
bago,new,bago
nagtatrabaho boston,work boston,gatrabaho boston
sira aking telebisyon,television broken,guba telebisyon
narinig nakatira boston,heard lives boston,nakadungog nakapuyo boston
ganyan katanga,stupid,ingon niana gayod katanga
nagkasipon,cold,gisipon
magaaral lumangoy ngayong taginit,learn swim summer,magtuon langoy karong tinginit
baliw,crazy,buang
doble edad sakin,twice age,doble edad
magyakapan,want hug,magginaksanay
alam marunong magmaneho,know cant drive,kabalo kamao magdrayb
isara,close,sirada
hinayaan gawin,let,gipasagdan buhaton
alam,know cant,kabalo
ibang masabi,nothing else say,nakoy laing masulti
lumakad ilalim hagdan,walk stairs,agi ilalom hagdanan
alam magsisimula,dont know start,kabalo magsugod
gumagana projector,projector work,mugana projector
binili relo,buy watch,kanusa gipalit relo
nabubuhay tatlong araw paruparo,butterfly lives three days,mabuhi tolo adlaw alibangbang
nagdesisyon,made mind,nakadesisyon
bulag dati,used blind,buta sauna
bulag noon,blind,buta kaniadto
makakalaboso,drunk,prisohon
makukulong,go jail,mapriso
hulaan,guess,tagnaa
alam,dont know,kabalo
iginigiit inosente,insists innocent,giinsistir sala
sabihin kanino,dont tell,isulti
iniuutos,told,ginabuhat sugo iya
dami nnaman trabaho,lot work,kadaghan buhatonon
iniintriga nya,intrigues,giintriga
natira tumulong paglilinis,wasnt even left help clean,lay nagpabilin mutabang limpyo
kulayrosas buhangin dalampasigan doon,sand beach pink,pingk balas baybayon
kulayrosas buhangin aplaya roon,sand beach pink,pingk balas aplaya
kulayrosas buhangin tabingdagat doon,sand beach pink,pingk balas baybay
kulayabo buhangin dalampasigan doon,sand beach gray,abohon balas baybay
kulayabo buhangin aplaya roon,sand beach gray,abohon balas aplaya
kulayabo buhangin tabingdagat doon,sand beach gray,abohan balas kilid dagat
puti buhangin dalampasigan doon,sand beach white,puti balas baybay
puti buhangin aplaya roon,sand beach white,puti balas aplaya
puti buhangin tabingdagat doon,sand beach white,puti balas kilid dagat
brokuli,like broccoli,ganahan brokuli
matangkad babae,woman tall,tangkad babae
sinusubukan magsalin,trying translate,sulay bilin
haja makar tagay sung kagman,haja makar tagay sung kagman,hedkwarter tji sung kajma
nakatulog gitna konsyerto,fell asleep middle concert,tulog tungtunga konsyerto
suot alahas layla,layla wearing jewelry,suot alahas layla
buong gabi kaming sumayaw,danced night,hangtud gabii nanayaw
bumili bagong camera ipalit hiniram nawala,buys new camera replace one borrowed lost,palit bag ong kamera iilis kamera nawala
mahirap basahin nakasulat,difficult read written,lisod basahon sulat
ubo sipon,cough cold,ubo sipon
dahilan pagdalaw,reason visit,rason pagbisita
ipapangalan manyika,would doll,ipangalan manika
gagawa,,mubuhat kuan
sinundan,followed,gisundan
malalaman nagtatrabaho,know dont work,unsaon pagkabalo nagtrabaho
binigyan bagong pangalan,gave new,gihatagan bag ong pangalan
sagot,wanted answer,tubag
hintayin berdeng ilaw bago tumawid,wait green light crossing,hulata berde suga bago mutabok
ipinanganak ika oktubre,born th october,gipanganak oktubre tuig
nasasabi paalam,saying goodbye,niingon babye
naniniwala tapat,believe honest,nagatuo matinudanon
ibinili relo,bought watch,gipalitan relo
medyo guwapo,quite handsome isnt,guwapo tomno
nagsabi bumili kotse,told buy car,ingon mupalit sakyanan
nagaaral pranses,learning french,eskwela pranses
papasa eksaminasyon tinulungan magaral,wouldnt passed exam hadnt helped study,pasa eksam gitabangan tuon
pula buhok,toms hair isnt red,pula buhok
gawin,dont want,naku buhaton
nagkaroon pagkakataon gawin,never chance,nagkahigayon buhaton
alam spaghetti tumutubo puno spaghetti,know spaghetti grows spaghetti tree,kabalo spaghetti nitubo puno spaghetti
kausapin,talk,maistorya
makausap,talk,maistorya
pumupunta moske mennad linggo,mennad goes mosque every week,naga moske mennad domingo
natutulog kanikanilang kuwarto,still sleeping respective rooms,natulog gihapon kuwarto
malakaslakas gawin magisa,strong enough alone,pagka kusgan buhaton inusara
nanalo,,nadaog
sabi gawin,said done,ingon buhat
maganda samasama tayong nagbiyahe,would nice traveled together,nindot kauban biyahe
nagpuputol puno,cut trees,nagputol puno
alam sinabi,know said wouldnt right,kabalo giingon buhaton
bayolente,violent,bayolente
nakapunta alemanya,ever germany,naba alemanya
bikolano,bicolano,bikolano
mukhang pugad buhok,hair looks like nest,salag buhok
lumingon ipikit mata,turn around close eyes,mulingi ipiyong mata
inasahan makikita muli,never expected see,dahum makita
tumanggap malaking sahod,received large salary,nagdawat dako sweldo
naku lamig,cold today,hala katugnaw karun
matuto pranses,learn french,makabalo pranses
malaki kuwarto,room big,dako kwarto
kayang tumakbo kasingbilis,cant run fast,mudangan paspas kaparehas iya
nakukuntento,satisfied,nakuntento
alam magagawa anumang tulong,know cant without help,kabalo mabuhat mutabang bisang
ganda mundo,world beautiful,kanindot kalibutan
umuwi paaustralia,went back home australia,niuli australia
klase mula alasotso umaga tanghali,class eight morning noon,klase magsugod alasotso bunta hantud udto
handa gawin,ready,andam buhaton
nagaral iisang unibersidad,taught university,eskuwela eskuwelahan
nakita kuwarto,see room,nakitan kuwarto
bat naparito,come,nganung
mayroon sasabihin,something say,iingon
niyan kahapon,yesterday,nagbuhat niana gahapon
planeta marlin mayroong higanteng longganisa,marlins planet giant longganisas,planeta marlin higante soriso
magaling gumawa tsampurado lizbeth,lizbeth good making tsampurado,hawod buhat tsampurado lizbeth
haluhalo kinain dylan umaga,dylan ate mixture food morning,haluhalo gikaon ganihang buntag dylan
kumain bata pan de ube,children ate pan de ube,nikaon bata pan de ube
naabuhan bayan bulkan,town overrun volcano,naabuhan baryo tungod bulkan
tilapya kanin kinain vito,vito ate tilapia rice,tilapya kanon gikaon ganiha vito
espasol niluto vito,vito cooked espasol,espasol giluto vito
kawayan bahay,house made bamboo,kawayan balay
kastilyong kawayan vito,vito made bamboo castle,kawayan kastilyo gibuhat vito
makopa lansones buslo,makopa lansones buslo,makopa lansones buslo
maraming bulkan kapuluan,many volcanoes archipelago,daghan bulkan kapupudan
gumamela paligid kastilyo,people wandering around castle,gumamela kilid palasyo
pista litson marami pagkain,festival roast many foods,pista litson daghan pagkaon
naghahanap kawayan gumawa bahay,looking bamboo build house,nangita kawayan himuon balay
magaling ideya tungkol kinabukasan,good ideas future,maayo nahunahunaan mahituod umaabot
magtanim ube paligid bahay,plant ube around house,pagtanom mog ube palibot balay
magtanim balinghoy paligid bahay,plant tapioca around house,pagtanom mog balanghoy palibot balay
maglaga balinghoy kaserola,put tapioca saucepan,paglutog balanghoy kaldero
maglaga ube kaserola,place pears saucepan,paglutog ube kaldero
naglaga balinghoy kaserola,boil tapioca saucepan,nagluto balanghoy kaldero
naglaga ube kaserola,ube stewed saucepan,naglaga ube kaldero
maglalaga balinghoy kaserola,put tapioca saucepan,magpabukal balanghoy kaldero
maglalaga ube kaserola,place pears saucepan,magpabukal ube kaldero
nilaga balinghoy kusina,stewed tapioca kitchen,gipabukalan balanghoy kusina
nilaga ube kusina,stewed pear kitchen,gipabukalan ube kusina
hinalo ube kaserola,stirred pear saucepan,gihalo ube kaldero
hinahalo ube kaserola,stirs pears saucepan,ginahalo ube kaldero
gumawa vito bahay kawayan,vito built bamboo house,nagbuhat balayng kawayan vito
kawayan antigong templo,ancient temple made bamboo,kawayan karaan templo
masabihan gawin,told shouldnt,maignan buhaton
maraming bulaklak hardin,many flowers juans garden,daghan bulak tanaman
alitaptap bukid gabi,fireflies field night,aninipot bukid gabii
kalabaw bukid,buffaloes juans farm,mgaa kabaw bukid
kambing bukid,goats juans farm,kambing bukid
manok bukid,chickens juans farm,manok bukid
baboy bukid,pigs juans farm,baboy bukid
bukid,cows juans farm,bukid
kabayo bukid,horses juans farm,kabayo bukid
aso bukid,dogs juans farm,iro bukid
pusa bukid,cats juans farm,iring bukid
gumamela hardin,wandered juans garden,gumamela tanaman
rosas hardin,roses johns garden,rosas tanaman
puno saging hardin,banana trees juans garden,puno saging tanaman
puno mansanas hardin,apple trees johns garden,puno mansanas tanaman
puno langka hardin,jackfruit trees juans garden,puno langka tanaman
puno mangga hardin,mango trees juans garden,puno magga tanaman
puno dalandan hardin,orange trees johns garden,punuan orens tanaman
puno makopa hardin,makopa trees juans garden,punuan makopa tanaman
puno duhat hardin,fig trees juans garden,punuan duhat tanaman
puno peras hardin,pear trees johns garden,punuan peras tanaman
manatili bahay,stay home,magpondo balay
magkaanak,want children,magkaanak
ika agosto kaarawan,birthday st august,ika agosto adlawng natawhan
naaasar julian kaklase,julian annoyed classmate,nasamokan julian klasmet
windang puso,heart broken,gigisi kasingkasing
gumawa opisyal pooksapot paaralan,made official uniform school,naghimo opisyal websayt alang eskwelahan
sumulat magaaral sulatroniko humingi pahintulot kanilang punongguro,students wrote letter asking principal permission,estudyante nagsulat sulatroniko makapangayo pagtugot prinsipal
ginagamit salakot maiwasan init araw,salakot used avoid heat sun,gigamit salakot mapugngan kainit adlaw
nagsiksikan madla maliit bulwagan araw pagtatapos estudyante,audience packed small hall day students graduation,nagdasok tawo gamay hawanan katapusang adlaw klase
harap klase haynayan,front class haynayan,atubangan among klase haynayan
harap klase biyolohiya,front biology class,atubangan among klase biyolohiya
pabugsobugso ulan ngayong buwan agosto,rain torrential month august,kusog ulan karong agosto
naririnig ugong makina pabrika,hear hum machines factory,nabati dahunog makina pabrika
pinakamarikit takipsilim natanaw,one beautiful sunsets ever seen,labing pinakanindtot kilumkilom nakita
marikit espada,beautiful sword,matahum sundang
marikit tanawin,view beautiful,matahum talanawon
maganda tanawin,view beautiful,nindot talanawon
ganda,shes beautiful isnt,gwapa nu
marikit,shes beautiful isnt,gwapa
marikit buwan taglagas,moon beautiful autumn,nindot buwan tingdagdag
maganda tingin,think pretty,gwapa pananaw
masyado maganda mundong,beautiful world,gwapa kayko aning kalibutana
baliw,crazy,buang
baliw,hes crazy one,buang
kausap anino,talking shadow,kaistorya anino
anino,see shadow,maklaro anino
nauna pranses,first french teacher,una magtutudlo pransya
dinig halakhak bata mula malayo,childrens laughter heard distance,dungog katawa bata layo
paborito klase haynayan,favorite class chicken,haynayan paborito klase
marikit mata,eyes beautiful,nindot mata
alin marikit sampaguita ilangilang,beautiful tulips several,hain labi matahum sampaguita ilangilang
nilalandi baliw,flirting crazy,ginauwag buang
naiintindihan maintindihan iba tinagurian baliw,understands others crazy,makasabot masabtan uban maong gitawag buang
matalino baliw,smart crazy,utokan
kinakabahan,nervous,nakulbaan
sangayon,agree,miuyon
nakalimutan,forgot,nakalimot
nanalo,,nakadaog
nadapa,tripped,nadakinas
pangako,promise,saad
nataranta,confused,naratol
ambag,something contribute,natabang
umamin,confess,nitugan
humingi tawad,asked forgiveness,nangayo pasaylo
umalis,left,nihawa
nangako,promised,nagsaad
bagsak,fell,bagsak
natulog,fell asleep,natulog
ngumiti,smiled,ningisi
,dont want,
nagsinungaling,lied,namangak
tumakbo,ran,nidagan
nanalo,,daog
nagbayad,paid,nibayad
naglalangoy,swimming,naglangoylangoy
yumuko,bow,niduko
umiyak,cried,nihilak
nagmamaneho,driving,nagadrayb
nagmaneho,drove,nagdrayb
humihilik,snooze,nagahagok
tumayo,stood,nitindog
nagsumpa,swore,nanumpa
kumaway,waved,mikaway
sumayaw,danced,nisayaw
tumulong,helped,nitabang
tumalon,jumped,niambak
sumunod,followed,nisunod
huminto,stopped,niundang
nagdasal,prayed,nagampo
nagahit,shaved,nagahit
kumindat,winked,mikidhat
humikab,yawned,nakahibi
pumikit,closed eyes,nipiyong
nandaya,cheated,nanikas
umubo,coughed,niubo
tumakas,ran away,nitakas
sumimangot,frowned,nagmugot
nagbayad,paid,nibayad
nadulas,slipped,nadakinas
tumigil,stopped,mihunong
pinagpawisan,sweating,gipaningot
nakinig,listened,naminaw
namatay,died,namatay
nanalo,,nadaog
dumating,came,niabot
ambag,contributed,natabang
sangayon,disagrees,uyon
nataranta,whos confused,naratol
tumawag,,nanawag
sumagot,answered,nitubag
nanatili,stayed,nagpabilin
pumirmi,agreed,naghusay
tumigil,stopped,nihunong
tagumpay,whose victory,kalampusan
naglaho,disappeared,nawala
nagmaneho,drove,nagadrayb
nagbayad,paid,nagbayad
natalo,lost,napildi
talo,loser,pildi
naghintay,waited,gahulat
nagantay,waited,naghulat
kumindat,winked,nagpangidhat
liban,else,
,doesnt,
nagsulat hamlet,wrote hamlet,nagsulat hamlet
nagtayo disneyland,built disneyland,nagbuhat disneyland
nagsira,broke,nagguba
sumira,broke,guba
nagtayo,built,nagtukod
gumuhit,drew,nagdrawing
susunod,whos next,sunod
nagsasalita,speaking,nagsulti
mananalo,win,madaog
pumatay,killed,nagpatay
magbabayad,pay,mubayad
tumawag,,nangita
nagtitinda,sells,namaligya
,,
,,
tumatawa,whos laughing,sigeg katawa
nagrereklamo,whos complaining,gareklamo
alam,else knows,nakabalo
,wants,ganahan
mayroon tsaa,want tea,tsaa
mayroon gulaman,like gelatin,ganahag gulaman
nawawala,missing,nawala
una,first,una
nauna,first,nauna
,needs,
dadalo,attend,mangadto
bibili,buy,mamalit
magluluto,cook,magluto
magmamaneho,drive,magdrayb
namamatay,dies,himalatyon
nagaayuno,fasting,nagpuasa
nangyari,happened,nahitabo
sayang,wasteful,sayang
nawawala,whats missing,nangawala
pambihira,extraordinary,pastilan
nangyari dito,happened,nahitabo
naganap dito,happened,nahitabo
nangyari,happened,gyod nahitabo
pagibig,love,gugma
susunod,next,musunod
pagkatapos,,sunod
kalat,mess,kakalat
,else,
lunes,today monday,lunes
gawin lunes,monday,himua pagkalunes
lunes,monday today,lunes
lunes kahapon,monday yesterday,lunes kagahapon
lunes namatay,died monday,lunes namatay
namatay lunes,died monday,niadtong lunes namatay
bahala,,
talo,lose,pildi
masipag,hardworking,kugihan
mali,wrong,sayop
lasing,drunk,hubog
tama hula,guessed right,tama hula
,everything,
maaga,early,sayo
huli,late,iwit
,,
tama,right,husto
puti,white,puti
puti,white,puti
puti,white,puti
biglang dumilim,suddenly everything went dark,nikalit kangitngit
hinimatay,passed,nakuyapan
asul,like blue,asul
bughaw,like blue,asul
asul,blue,asul
bughaw,blue,asul
asul,one blue,asul
bughaw,one blue,asul
itim uwak,crows black,itom uwak
puti dati,used white,puti sauna
itim dati,used black,itom sauna
pula,red,pula
bagay pula,red suits,pula
bagay itim,black suits,itom
pumutla,turned pale,nanluspad
puti,white,puti
puti,everything white,puti
itim,black,itom
dilaw,like yellow,ganahan dalag
itim,prefer black,ganahan itom
pula dugo,blood red,pula dugo
duwag,coward,talawan
itim,mine black,itom
puti,white,puti
asul langit,sky blue,asul langit
bughaw langit,sky blue,asul langit
namumula mukha,face red,namula nawong
pula kulay,color red,pula kolor
puti aso,dog white,puti iro
puti aso,dogs white,puti iro
galing,awesome,makalilisang
,else,
mayroon,,
makinig,listen,paminaw
magsulat,write,pagsulat
magsugal,stop gambling,pagsugal
tigilan pagsusugal,stop gambling,undangi sugal
tamangtama,thats right,sakto
nakakainis,annoying,makalagot
,go ahead,padayon
magbasa,read,pagbasa
mabaho manigarilyo,stinks smoke,baho manigarilyo
tulong,help,tabang
talon,waterfall,ambak
sandali,wait minute,hulat
sandali,wait minute,hulat
bahala,come,sagdi
,dont,
dahan dahan,slowly slowly,hinay hinay
makinig mabuti,listen carefully,paminaw maayo
lumuha hesus,jesus wept,nakalhilak hesus
layo,away,hawa
kalimutan,forget,kalimta
ewan,dont know,ambot
salamat diyos,thank god,salamat ginoo
siyempre,course,alangan
siyempre,course,alangan
,one,
siyempre,course,alangan
siyempre,course,alangan
diyan,youre,
kumaliwa,turn left,liko
kumanan,turn right,liko tuo
mahusay,great,maayo
salamat,thank,salamat
halikan,kiss,hagka
tumawag,someone,nitawag
layas,run away,layas
pumili,choose one,pili
bumangon,get,nibangon
magtiwala,trust,pagsalig
basahin,read,basaha
tao,human,ayo
umiyak mama,mom cried,nihilak mama
umulan,rained,nagulan
baho,stench,baho
pahingi tsaa,ask tea,panghatag tsaa
naku,,aguy
kalimutan,forget,kalimta
panalo,everyone wins,daog
nagkibitbalikat,shrugged,mikibo
lumuha,burst tears,nakahilak
lumuhod,knelt,niluhod
pirma dito,signature,pirma
pumirma dito,sign,pagpirma
nagahit,shaved,namalbas
usog,trend,sibog
alam,know,kabalo
alam,know,kabalo
,,tindog
tumayo,stand,tindog
nagtanong,one asked,nangutana
napansin,everyone noticed,nakapansin
pahingi kape,ask coffee,panghatag kape
politiko,politician,politiko
kumusta,,kumusta
sumuko,dont give,surender
kaibigan,friend,higala
dalhin,bring,dalon
pusa aso,cat dog,iring iro
nandiyan,,
,cant anymore,
tumalon,dont jump,ambak
tatalon,dont jump,ayawg ambak
kaniya,everyone likes,nagkagusto iya
tuyo medyas,socks dry,uga medyas
tumakbo,run,mudagan
mahirap pranses ingles,french difficult english,lisod pranses ingles
hubarin medyas,take socks,huboa medyas
nagsisimba linggo,go church sunday,naga simba domingo
nakakakita buhay balyena,never seen live whale,kakitag buhi balyena
magalang,polite,matinahuron
umiinom serbesa,drink beer,nagainom beer
umiinom beer,drink beer,nagainom beer
alak,wine,alkohol
bumili manok,bought chicken,nipalit manok
pulis,policeman,pulis
pulis,policeman,pulis
nagmamadali,hurry,nagdali
oras,time,unsang orasa
nagustuhan,like,ganahan
magpaalam,say goodbye,panamilit
,cant,mahimo
tahimik kaming,silent,hilom ming
magaling maglangoy,good swimmer,hawud mulangoy
nagtrabaho bukid,worked farm,nagtrabaho bukid
sayang makakapunta,bad cant come,sayang kaadto
alam,still dont know,gihapon kabalo
mataba tingin,think fat,taba pananaw
natatandaan,still remember us,nakahinumdom amo
naaalala,still remember us,nahinumdoman
kumusta tatay,father,kumusta papa
kumusta ama,father,kumusta amahan
paabot asin,add salt,palihog asin
australia kapatid,brother already australia,tua australia igsuon
pasok bukas pinto,come door open,dayunabri pultahan
namamatay aso,dog dying,sigeg kamatay iro
nakakainis,annoying,makalagot gyod
nagbago isip,change mind,bago hunahuna
tingnan,let see,tanawon
maaari umuwi,go home,muuli
umuwi,go home,muuli
vodka,dont vodka,vodka
mataba,fat,tambok
pumanaw lolo tatlong taon nakalipas,grandfather passed away three years ago,namatay lolo tulo tuig milabay
tumulong amin,one wants help us,mutabang
pumasok kahapon sakit,come yesterday sick,nisulod gahapon tungod nasakit
aso,like dogs,ganahan iro
tatago,hide,mutago
alam nasiyahan,knew satisfied,kabalo nalipay
mayaman kasingyaman,rich rich,dato koapan
paguunlad pakikipagugnayan,development without interaction,paguswag pagpakiglabot
progreso pakikipagkomunikasyon,progress without communication,kalamboan
alam nakataya,knew stake,kahibalo nalangkit
nauuhaw,said thirsty,giuhaw
pabayaan,must neglect,pasagdan
ayusin,fix,ning ayuson
sapat perang binigay,money gave enough,salapi gihatag kanimo
nahirapan aklat,struggled book,naglisud ato libro
maghanap bagong kaibigan,find new friend,mangitag bagong amiga
nagtago likod kurtina,hid behind curtain,nitago likod kurtina
marinig,couldnt hear,madunggan
,necessary,ginabuhat
nagising ingay,woke noise,nakamata kasaba
handa tumulong,ready help,andam mutabang
medyo antok,also bit sleepy,medyo nahinanok sab
tulong,needs help,tabang
limitado mapagpipilian,choices limited,limitado kapilian
,,himuon
nagusap kahapon,talked yesterday,nagistoryahanay kagahapon
marunong,smart,kabalo
magbabakasyon australia,going vacation australia,mobakasyon australia
maglalakwatsa australia,going australia,maglaaglaag australia
tinulungan pagtatakas,help escape,gitabangan makatakas
kanser baga,lung cancer,kanser baga
nagpangako uulitin,promised wouldnt,nagsaad
kausap telepono,talking someone phone,kaestorya telepono
dahilan naparito,thats came,hinungdan niari
ayokong lumangoy,dont want swim,molangoy
lumangoy,dont want swim,molangoy
pupunta paliparan,going airport,moadto erport
nagkaanak pangalan,son named,anak ngalan
mahirap gawin,hard,lisod himuon
magandang dahilan,thats good reason,maayong rason
mahusay tagaluto asawa,wife good cook,bana maayong magluto
pagupitan hotel,haircut hotel,adunay barber shop hotel
anak,son,anak
uuwi pasko,coming home christmas,muuli pasko
tatlumpung milyon halaga,thirty million worth,trayntay milyon kantidad
gagawa,shouldnt,maghimo
tumawa,laughed,nangatawa
humihingi tawad,apologize,nangayo pasaylo
bagsak,crash,bagsak
pumalya,failed,napakyas
sumusuko,give,muondang nami
kumain,ate,nangaon
ngumiti,smile,nagngisi
naglakad,walked,naglakaw
humikab,yawned,nanghuyab
nagsinungaling,lied,namangak
nagdasal,prayed,nagampo
nagpalakpakan,applauded,namalakpak
tumayo,stood,mitindog
nagtaka,wondered,natingala
magpinsan,cousins,magigagaw
magpinsan,cousins,magigagaw
doktor,doctors,doktor
manggagamot,doctors,mananambal
gutom,hungry,gigutom nami
nagugutom,hungry,gigutom nami
humingi tawad,apologize,mangayo silag pasaylo
dati nagtitinda itlog,used sell eggs,gabaligya silag itlog sauna
higit kilala,know better,nakaila pami ila
nagtira,leave,silay gibilin bisag
nagbihispayaso,dressed clowns,sulob payaso
alam magpranses,dont know french,kabalo magpranses
maintindihan pranses,dont understand french,kasabot pranses
binati pranses,greeted us french,gitimbaya pranses
pranses,french teachers,maestra pranses
sinabi,told,giingon
alam katotohanan,already know truth,kabalo kamatuoran
sabi,said couldnt,ingon makaya
napakaganda,beautiful,guwapa
nagalit,angry,nangasuko
nakatakas bintana,escaped window,ikyas bintana
sabi pinatay,say killed,gipatay
kinalaman isat,nothing,silay kalabot matag
sinasayang oras,wasting time,ginasayang oras
kaibigan trabaho,work friends,higala trabaho
magsisinungaling,lie,mamakak
bawal aso gusaling,dogs allowed building,bawal iro diring dapita
mukhang masarap tikman,looks delicious want taste,lami tilawan
sigurado,sure necessary,sigurado
pakiusap pakainin kalapati,please dont feed pigeons,palihug pakana salampati
pahiram muna aklat,borrow book first,manghulam libro
tatagal,wont last long,magdugay
sasayangin oras,wont waste time,sayangon oras
pasensya naistorbo,sorry disturbed,pasenya nadisturbo
pasensya abala,sorry inconvenience,pasensya kahasol
kakaiba tutuusin,seems strange,katingadan buot hunahunaon
maiiwasan,avoided,unsaon malikayan
hawakan mukha,touch face,paghikap nawong
mahilig laruan,everyone loves toys,ganahan dulaan
manaliksik,research,pagdukiduki
inasahan sabihin,expect say,gipaabut isulti
paulitulit tugtog musikang,music plays,balikbalik tugtog musika
bumili sigarilyo,buy cigarettes,mupalit sigarilyo
bumili sigarilyo,buy cigarettes,mupalit sigarilyo
kakaiba kilos,act strangely,lahi nilihokan
alam tama pagsasangayon,dont know agree correctly,kabalo husto pagsugot
alam tama pagtanggap,dont know received correctly,kabalo husto pagdawat
alam humihilik,know snores,kabalo gahagok
humihilik,doesnt snore,gahagok
sabi kin yon totoo,told thats true,tinuod
sabihin mahal,tell love,isulti gihigugma
naaalala bata,still remember young,kahinumdom bata
nakilala kilala,met someone knows,nakaila kaila
kaming alam,dont know,miy alam
,doesnt like,
kontra,,supak
tingin,think,pananaw
pumanaw lunes,passed away monday,namatay niadtong lunes
natuto paaralan,wish learned school,natunan skwelahan
pagisipan muna,lets think first,hunahunaon
tingin napakamahirap,think difficult,pananaw lisud kaayu
nagtetren papuntang trabaho arawaraw,train work every day,gasakay tren adlaw paadtog trabaho
mahal,still love,gihigugma gihapon
iniibig,still love,ginahigugma gihapon
alam,know dont,kabalo
alam,know right,kabalo
sigurado kasya pera,wasnt sure enough money,sigurado kwarta
mukhang milyonaryo,looks like millionaire,milyonaryo
namatay edad pitumpu,died age seventy,namatay edad sitenta
tinanggi alok kaniya,refused offer,gisalikway tanyag
totoo,real,tinuod
totoo,true,tinuod
nagsimulang magbago kulay dahon,leaves started change color,nagsugod kabago kolor dahon
noon,,sauna
masasanay,get used,maanad
nasasabik pasko,excited christmas,naghinamhinam alang pasko
naglakad,walked,nangalakaw
makita,cant see,taka makita
sabay uuwi,lets go home together,sabay muuli
pagisipan,dont even think,hunahunaa
alam nagawa,dont know,kahibalo pagbuhat
masyadong lumayo,dont go far,kaayog palayo
masyadong lalayo,dont go far,kaayog pagpalayo
kinumpuning lumang kamalig,old barn fixing,adunay daan kamalig giayo
pahinga,rest,pahuway
kaliwa labasan,exit left,gawasan
australia sigurado,think australia sure,tua australia apan sigurado
sabi,said,tong giingon
mahilig matatalino,like smart people,ganahan utokan
kaming maghintay dito,wait want,maghulat
kakaiba tao,people strange,katingadan tawo
kakaiba tao roon,people strange,katingadan tawo
asin inilagay kape imbis asukal,put salt coffee instead sugar,asin gibutang kape imbis asukal
magbubukas pinto kaliwa,doors left open,magabli pultahan
marunong magukulele,play ukulele,kahibalo magukelele
tumutugtog ukulele,plays ukulele,gatugtog ukelele
kumain sinangag,ate fried rice,nikaaon sinangag
nagsinangag,blushed,naglutog sinangag
nagenjoy,enjoy,nalingaw
papapasukin,let,pasudlon
tatlong oras naghintay,waited three hours,tulo oras naghulat
maghintay,maybe wait,maghulat
nagpapajama,say doesnt jam,gapajama
umupo likod,sit back,mulingkod luyo
higit oras pinahintay,kept waiting hour,kapin oras naghulat
tanghali tanghalian,lunch noon,udto paniudto
dito maghintay,want wait,maghulat
pinahintay,kept waiting,gipahulat
masusuot,say nothing wear,masulob
nakayanan sakit,could bear pain,makaya sakit
umupo likod,sit back,mulingkod luyo
maaari umupo likod,sit back,mulingkod luyo
sinampay labahin,hung laundry,gisampay labhonon
sinampay labada,hung laundry,gisampay nilabhan
bumoto,everyone vote,mobotar
matatakasan,cannot escape,maikyasan
tumayo nakatalikod gusali,stood back building,nitindog nakatalikod bilding
doon likod umupo,sit back,nalang luyo lingkod
doon likod uupo,sit back,luyo mulingkod
naghintay,waited,naghulat
maganda anuman suot,beautiful matter wears,gwapa suoton
naghintay,hope waited,naghulat
mapapatawad,cant forgive,mapasaylo
pagod pagod paguwi,tired got home,gikapoy maayo paguli
pagod pagod pagdating bahay,tired came home,gikapoy maayo pagabot balay
magboboto ngayong araw,vote today,magbotar karong adlawa
matapang,brave,maisugon
likod umupo,sit back,luyo nanglingkod
tatlong taon naghintay mangyari,waited three years happen,tulo tuig naghulat mahitabo
humihilik,one snores,gahagok
tingnan,look,tan awa gibuhat
tao,also human,tao sad
kumakain baboy,dont eat pork,naga kaon baboy
maghihintay,guess ill wait,maghulat nalang siguro
nakatulog humihilik,sleep snoring,gyod nakatulog naghagok
balak maghintay,intend wait,plano maghulat
maghintay dito,wait,maghulat
subukan tumayo,try stand,tistinga tindog
tayong,us,tindog tang
magsitayo tayong,lets stand,manindog tang
humihilik,think snoozing,naghagok
karapatan,right,miy katungod
karapatan,rights,tay katungod
nakalimutan pasaporte bahay,forget passport home,nakalimtan gyod pasapurti balay
magmaneho,drive,drayb
kumindat,wink,mikidhat
lumaho,also disappeared,nawala
bigla ring nawala,also suddenly disappeared,nawala kalit
palagi nananalo,always win,permi madaog
akala mahuhulog kama kanina,thought going fall bed earlier,mahulog kama ganina
aalis,leaving,kanusa mulakaw
huling kumain,last time ate,kanusa kaon
huling nagkasakit,last time got sick,kanusa katapusan higayon nagsakit
kahapon,yesterday,gihimo kagahapon
kamusta biyahe,trip,komosta pagbiyahe
bahay kahapon,home yesterday,balay gahapon
gugustuhin manatili bahay,id rather stay home,ganahan magpabilin balay
akala dadating,thought would come,muabot
nabuksan pinto,open door,abri pultahan
magsisinungaling,lie,namangak
makakapunta doon,get,paunsa makaadto
nakakapag desisyon,havent decided yet,nakadisisyun
aalala sayo,wouldnt worry,mabalaka
kakwarto nandito,roommate,kauban kuwarto
tren dumating tamang oras,train arrived time,tren miabut husto oras
kumain tanghalian bahay,ate lunch home,nikaon paniudto balay
sinabi,told,giingon
nagaaway,fighting,nagaway
alam loob kahon,know whats inside box,kabalo karton
nakakatulong,doesnt help,makatabang
inimbitahan nya bahay,invited house,giimbitahan balay
naiwan aking telepono sasakyan,left phone car,nabilin telepono sakyanan
inaasahan iiyak,expected cry,nagdahom muhilak
tatawagan,wont call anymore,tawagan
sabi nakita,told see,ingon nakitan
dati sundalo,used soldier werent,sundalo sauna
alam makita,know wants see,kabalo makita
,alone,gibuhat
hinagisan mansanas,threw apple,gilabayan mansanas
nagulat nakakapagsalita pranses,surprised doesnt speak french,natingala kabalo magestorya pranses
binigyan mansanas,gave apple,gihatagan mansanas
tinanong nakuha,asked got,gipangutana nakuha
mangyari,wanted happen,mahitabo
magagawa anomang magagawa,,mabuhat bisag mabuhat
palagay nakalimutan gawin,think forgotten,hunahuna nakalimtan paunsa buhaton
ginusto maging bombero,want fireman,gigusto mahimong bombero
australia,australia,tua australia
palagay maiiwasan,think avoid,pananaw malikayan
sinabi kailanman,told would never,niingon gayod buhaton
pupunta boston susunod taginit,going boston next summer,muadto boston sunod tinginit
pinagbantaan,threatened,gihulga
umalis bahay magulang,left parents house,nihawa balay ginikanan
kasalan,doesnt like weddings,ganahan kasal
sabi natutuwa,says hes glad,nalipay gibuhat
tatawagan tanghali,call noon,manawag udto
lumabas opisina,get office,gawas opisina
alam ipapaliwanag,dont know explain,kabalo unsaon
ulit tatanungin,wont ask,pangutanon
panatilihin nakatungo,keep head,ipadayon duko
gawin,dont want anymore,buhaton
manirahan dito,dont want live,mupuyo
marinig nanalo,want hear,madunggan madaog
alam magaling kumanta,know good singing,kabalo hawud kanta
alam ginusto gawin,know want,kabalo gigusto tog buhat
alam kumakain karne,know dont eat meat,kabalo nagakaon karne
kapatid dating abogado,brother former lawyer,abogado igsuon sauna
maghanap trabaho,find job,mangitag trabaho
oras isisilbi hapunan,time dinner served,orasa idalit panihapon
nagawa dati,done,nabuhat sauna
lumabas,dont want go,mugawas
mahal mahal,love loves,gihigugma gihigugma
buhay,everything alive,buhi
nakuha singsing,get ring,nakuha singsing
kararating paliparan,arrived airport,bago naabot erport
kumain marami,ate lot,daghan gyod gikaon
naging magkaibigan,became friends,managhigala
kumakain hapunan,eating dinner,nagakaon panihapon
tawagan mamaya,call later,taka tawagan unya
boston,boston,boston
susi,key,susi
nanirahan ibang bansa,lived abroad,mipuyo ubang nasud
alam bilyonaryo,know billionaire,nahibalan bilyonaryo
malaman apelyido,know toms last,mahibalan apilyedo
bagong pinunong tagasanay,new head coach,bagong lider tigbansay
sinabihan magalala,told worry,giignan mabalaka
susulat,write,mosulat
pinuri,teacher praised,gidayeg titser
nagreklamo,complain,nagreklamo
kinabahan,nervous,nakulbaan
kinain mabilis aking tanghalian bumalik trabaho,ate lunch quickly went back work,gipaspasan kaon paniudto niadto trabahoan
mahanap,cant find,makita
magagawa,cant,mabuhat
magagawa,cant alone,mabuhat
pinili maghintay,chose wait,gipili maghulat
pinili magmaneho,chose drive,gipili magdrayb
pumili kulay,chose colors,nagpili kolor
pumili kulay,chose colors,nagpili ato kolor
pumili,dont choose,mupili
napakahirap pumili tamang kulay,hard choose right color,lisud gyod mamilig tama kolor
pinili manatili,chose stay,gipili magpabilin
pinili umalis,chose leave,gipili muhawa
pinili,chose one,among gipili
pinili alak,chose wine,bino gipili
pinili maghintay,chose wait,gipili maghulat
pinili alak,chose wine,bino gipili
pinili magbitiw,chose resign,gipili muundang
pumili kulay,chose colors,nagpili kolor
pumili regalong,chose gift,nagpili aning regalo
pinili sumbrero,chose hat,gipili kalo
pumili alak,chose wine,nagpili aning bino
pinili pulang damit,chose red dress,gipili pula sinina
pinili maling sagot,chose wrong answer,gipili mali tubag
pinili umalis,chose leave,gipili muhawa
pinili maling landas,chose wrong path,gipili daotang paagi
pinili gawin,chose,gipili himuon
pinili gawin,chose,gipili buhaton
pera,money,nakoy kwarta
gising,still awake,mata
gising,still awake,mata
sumagot,answer,nitubag
umiyak,dont cry,mihilak
dumating,come,miabot
,dont want one,
tulong,want help,tabang
sopas,dont want soup,sabaw
,dont like,
asukal,dont like sugar,asukar
anumang bagay,dont want,bisag gamit
umalis,dont want leave,muhawa
manalo,dont want win,muadaog
tumulong,dont want help,mutabang
,dont like,
naninigarilyo,dont smoke,nagapanigarilyo
sangayon,dont agree,musogot
maalala,cant remember,mahinumduman
maligayang kaarawan,happy birthday,maljpayong adlaw
wag magsalita,dont speak,storya
matatapos,end,kanusa mahuman
ipinanganak,born,kanusa gianak
magtatanong,wont ask,mangutana
sasayaw,dance,musayaw
aalis,wont leave,muhawa
tatawa,wont laugh,mukatawa
babalik,wont back,mubalik
tatakbo,wont run,mudagan
matutulog,cant sleep,matug
iiyak,wont cry,muhilak
lalangoy,swim,musalom
kakanta,wont sing,mukanta
kakain,eat,mukaon
mananalo,wont win,mudaog
tutulong,wont help,mutabang
maghihintay,wont wait,maghuwat
magbabago,change,bago
susuko,give,mawalan l
kakalimutan,never forget,makalimtan
sasaktan,wont hurt,hilabtan
sasabihin,wont tell,iingon
magtatanong,wont ask anymore,mangutana
matatakot,afraid,mahadlok
ipagkakanulo,betray,ika uwaw
kakalimutan,forget,makalimtan
papakasalan,marry,minyoun
kakailanganin,wont anymore,
kakailanganin,wont anymore,
lalagdaan,sign,pirmahan
sasagot tanong,answer questions,mutubag pangutana
tutulungan,wont help,tabangan
masaya,arent happy,lipay
,arent,
nagugutom,arent hungry,gigutom
nauuhaw,arent thirsty,giuhaw
dadating,wont come,naba muabot
magmaneho,dont drive,padagan
pumasok,dont come,misulod
makinig,dont listen,maminaw
kumanta,dont sing,mukanta
magsimula,dont start,sugod
tumulong,dont help,mutabang
magaral pranses,dont learn french,muskwela prances
tanungin,dont ask,pangutanon
sabihin,dont tell,iiingon saakoa
gumawa paraan,dont make way,muhimog pamaagi
maniwala,dont believe,mutou
maniwala amin,dont believe us,mutou saamoa
tawagan,dont call,tawgan
kumain,havent eaten yet,pako mikaon
nagsimula,havent started yet,pako nagsugod
nakalimutan,never forgot,makalimtan
nakalimutan,forgotten,makalimtan
naghahapunan,havent dinner yet,pako mikaon panihapon
nananghalian,havent lunch yet,pako naniudto
nakikita,havent seen yet,nakitan
nakikita,havent seen yet,makitan
sinasabi,havent told yet,giingon
hinahawakan anumang bagay,havent touched yet,pakoy giguntitan bisag butang
nagaahit,havent shaved yet,pako katabas bigute
natatapos,havent finished yet,nahuman
natatapos kumain,havent finished eating yet,pako nahuman kaon
sinabihan tumulong,told help,giignan n mutabang
sinabi,told,gibuhat giingon saakoa
sinabihan makipagugnayan,told contact,giignan makig tapok sainyoha
nagsabi patay,someone told dead,ingon sakoa patay
nagsabi tumakas,someone told ran away,ingon saakoa mitakas
sinabihan umuwi,told go home,giignan muuli
naglaro,played,midula
nagkamali,made mistake,nasipyat
tama,right,sakto
nakasama,hang,nakauban
umupo dito,sits,milingkod dere
magnanakaw,thief,kawatan
nandito kahapon,yesterday,dere gahapon
kapitan,captain,kapitan
nagwagi,winner,midaog
nandoon tao,nobody,didtoawalay tawo
nakasama,,nakauban
telepono,whos phone,telepon
maintindihan,dont understand,masabtan
alam,dont know,kasabot
lumalangoy,dont swim,ga langoy
naniniwala,dont believe,gatou saakoa
baseball,dont like baseball,gustog baseball
naglalaro tennis,dont play tennis,gaduwag tennis
kumakain,havent eaten yet,pako mikaon
kumakain,havent eaten yet,mikaon
nagaalmusal,havent breakfast yet,pako namahaw
kumakain hapunan,havent eaten dinner yet,pako mikaon panihapon
kumakain anuman,havent eaten yet,pako mikaon bisag
kumakain anuman ngayong araw,havent eaten today,pako mikaon bisag karung adlawa
kumakain hapunan ngayong gabi,havent eaten dinner yet tonight,pako mikaon panihapon karung gabie
kumakain hapunan,still havent eaten dinner,gihapon nanihapon
tawagan bukas,call tomorrow,tawagi ugma
bumalik ulit bukas,come back tomorrow,balik dere ugma
,,buhati
magisa,alone,gibuhat
,,gibuhat
alam,know,kabalo buhati
nagawa mabuti,well,mabuhat maayo
anuman,whatever,gibuhat
sinabi,told,giignan buhati
alam gamitin,know use,kabalo unsaon paggamit
gugustuhin lumabas,id rather go,mugawas
elevator,hate elevators,ganahan elevator
manok,dont like chickens,gustog manok
tumulong,help,mitabang
naisip ganong posibilidad,even think possibility,mahunahunaan maingato resulta
kaniyang kapatid malaking pagkakaibang personalidad,brother different personalities,iyahang igsoun dagko lahing batasan
kaniyang kapatid medyo magkaiba,brother quite different,iyahang igsoun lahig batasan
kaniyang kapatid malaking pagkakaiba isat,brother different,iyahang igsoun lahig batasan usat
kaniyang kapatid magkatulad,brother alike,iyahang manghud kalahi
numero uno,number one,ika una
nais magawa sarili,wish could,buhaton saakoang kaugalingon
bahagi bubong nahulog,part roof fell,parte atob nahagbong
inupahan,hired,rason maong upahan
subukan,try,bako musulay
tahimik pelikula,like silent movies,hilom palabas
naisip,thought,nahunahunaan
magagawa,cant,mabuhat
magagawa,cant,mabuhat
kailanman nagtanong,never asked,bisag kanusa nangutana
malalaman,never know,mahibalan
kailanman nagbago,never changed,bisag kanusa mibago
kailanman tumugon,never respond,bisag kanusa mituman
kailanman nakinig,never listened,bisag kanusa maminaw
kailanman ngumiti,never smile,bisag kanusa mingisi
kailanman tumawa,never laugh,bisag kanusa mikatawa
kailanman natawa,never laughed,bisag kanusa nakatawa
kailanman naniwala,never believed,bisag kanusa mitou saakoa
matutulog,going sleep,matug karun
matulog,go sleep,matug
halika dito,come,ali dere
pumunta doon,go,didtoa
ipinanganak,born,giluwas
ipinanganak,born,kanusa giluwas
kaarawan,birthday,kanusa adlaw panganak
,dont like,
taon,old,pilay edad
gutom,hungry,gigutom
pinagsasabi,talking,gipangingon
pinagsasabi,talking,pangyawyaw
mahalaga,doesnt matter,importante
mahalaga,doesnt matter,pulos
naninigarilyo,smoke,gapanigarilyo
naninigarilyo,dont smoke anymore,gasigarilyo
alam alam,knows knows,kabaw kabaw
importante,thats important,nay pulos karun
mahalaga,doesnt matter,nay pulos karun
mukhang masaya,looks like fun,lingaw
subukan,want try,suwayan
alam sasabihin,know wont tell,kabaw iingon
napigilan umiyak,couldnt stop crying,mapugngan muhilak
pauulitin,dont repeat,pausba
inaresto umaga lunes,arrested monday morning,gidakop buntag tung lunes
inaresto lunes umaga,arrested monday morning,gidakop tung buntag tung lunes
muna mawala pagasa,dont lose hope,kawala pangdahom
muna,dont,karun
muna gawin,dont,buhata karun
humingi tulong,dont ask help,pangayog tabang saakoa
hihingi tulong,dont ask help,pangayo hinabang saakoa
inalok kaniya,want offered,gihatag
sabihin tatay,dont tell father,isaba saakoang amahan
tatanong iniisip,dont ask thinks,pangutana nahunahunaan
kulayan buhok,dont dye hair,tintahi buhok
kulayan buhok,dont dye hair,tintahi buhok
naiinitan,arent hot,mainitan
sumigaw,everyone shouted,siyagit
aba,,hala
ayoko pagusapan,dont want talk,gustog storyahan
pagusapan,dont want talk,gustog storyahan
nakalimutan,forgotten,nakalimtan
kinalimutan,forgotten,gikalimtan
siga kumilos,acted like flame,chuy mulihok
sasabihin totoo,wont tell truth,ignon tinoud saimoha
magulo,messy,samok
tingin mabuti napagdesisyunan,think made good decision,pananaw maayo nahunahunaan
mukhang napakapagod,looks tired,nakapoy
mukhang pagod pagod,looks tired,gikapoy
tingin masama magsinungaling,think bad lie,pananaw maayo mamakak
pinagsabihan nahuli,reprimands late,gistoryahan nasakpan
nandito,wouldnt,buhaton inig
kasingkuripot,stingy,kasingdalo kaha
kaunti makalalabas,little ill,gagmay nalang makagawas
alam bata masyado gawin,know young,kabalo bata buhaton
akala halata,thought obvious,naklaro
akala halata,thought obvious,nasakpan
sabi pinatay iba sabi nagpakamatay,say killed others say committed suicide,ingon gipatay sad uban gaingon pakamatay
oras makakauwi,time home,unsang orasa makauli
oras uwian,time go home,oras inyong ulian
sabi labas,said still outside,ingon gawas
alam sasama papuntang australia,dont know going australia,kahibaw muuban saakoa austrlia
librong,books toms,libroha
dinala,brought mine,gidala
sinabi nakaisip non,tell thought,giingon nakahunahuna ato
sinabi ideya,tell idea,giingon tung hunahuna
alin maleta,toms suitcase,maleta
pakiusap gawin,please dont,palihog nana buhata
gaano katagal tingin matapos,long think finish,kanusa kaha pananaw mahuman
mamaya tawagin,call later,unya tawga
nawawalan pagasa,hasnt given hope yet,nawalan pangdahum
sinabi kagabi,tell last night,giingon saakoa gabie
sinabi kagabi,tell last night,giingon saakoa gabie
nauuhaw,maybe isnt thirsty,mauhaw
bumili bagong damit,think buy new clothes,mukumpra bagong sanina
sabi kasal,said married,minyo
alam niyang pumunta kahapon,know go yesterday,kabaw muadto gahapon
gawin bago mabago isip,lets change mind,buhaton bago lahi panghunahuna
gets,get,kasabot
magaling lumangoy,swims well,maayo sjya musalom
kakausapin,talk,kanusa storyahun
saansaan naghanap,searched everywhere,bisag nangjta
nagbihis,got dressed,ilis
totoo nagtuturo pranses,true teaches french,tinoud gatudlo pranses
bawal magtapon bintana,throw window,bawal labay bisag bintana
hanap magandang opisina,lets find nice office,mangita tag gwapong opis
maghanap magandang opisina,lets find nice office,pangitaan natog gwapong opisina
mayroon pulang lapis,red pencil,pula lapis
pulang lapis,red pencil,lapis pula
sabi ring sumama amin papuntang boston,said also want come us boston,saamoa sad muuban saamoa boston
magkaparehong palapag,floor,dilli parehas salog
doktor,doctor isnt,mananambal kuno karunmao
magpapadala mensahe,send message,padala suwat
nagtangkang patayin,someone tried kill,misuway patyon
mukhang masaya,looks like fun,lingaw
,nothing,ginabuhat
babae sasakyan,woman toms car,bai kotse
babae kotse,woman toms car,bai kotse
naghintay kahapon,waited yesterday,naghuwat saimoha gahapon
grabe sakit,pain severe,grabe kasakit
nakita pumasok kuwarto,saw someone enter room,nakitan misulod kwarto
nakita lalaking pumasok silid,saw enter room,nakita laki misulod kwarto
tinulungan sampayin damit,helped hang clothes,gitabangan ihalay sanina
marunong dito,knows,ray kahibaw dere
marunong gumawa,knows,ray kahibaw mubuhat dere
mayroon tayong magagawa,,batay mabuhat
nakita gumagalaw doon labas,saw something moving,nakita galihok didtoa gawas
inasahan magaantay,expected wait,namog maghuwat
nakatsinelas,wearing slippers,nakatsinalas
pagisipan ulit,hope think,hunahunaon nimog
nanay magsuot takong,mother doesnt like wearing heels,inahan sout takong
nanay magtakong,mother hates heels,inahan takong
alam sinaktan,already knows hurt,kabaw gipasakitan
kaliwang banda lansangan nagmamaneho,drive left side road,pikas baryo gamaneho
paupuin likod,make sit back,palingkora ulahi
pabayaan umupo likod,let sit back,pasagdi mulingkod ulahi
nagdududa,doubt,gaduda
naglalakad papuntang eskuwelahan,walk school,gabaktas padung skwelahan
naghintay,wait,gihuwat
nawala wallet,lost wallet,nawala nasad pitaka
nawala portamoneda,lost wallet,nawala nasad portameda
likod umupo,sit back,ulahi milingkod
umupo likod,sit back,nilingkod ulahi
nakuwento nakakatawa,told funny story,hisgot katawanan
kakikindat,winked,mikindat saimoha
kanang banda lansangan nagmamaneho,drive right side road,dalan ga padagan
titingin saansaan kausap,dont look anywhere talking,tanaw bisag kastorya
naghintay sasakyan,waited car,naghuwat sakyanan
naghintay kotse,waited car,naghuwat kotse
magisa naghintay,waited alone,inusara naghuwat
naghintay magisa,waited alone,naghuwat
nagpakatotoo,confessed,mitugan tinoud saakoa
sinabi kin totoo,told truth,miingon saakoa tinoud
alam mahal,already knows love,kabaw gihigugma
naghintay,waited,naghuwat
pasensya,sorry,pasayloa
naghintay maliban,one waited except,naghulat lain rajud
sisisihin,blame,sisihun
sisisihin,blame,sisihun
dalawa,two,tung duha
ganoon,,ingon
titigil,stopping,muundang karun
nagkaganoon,,naingato
pasasalamatan,thank,pasalamatan
bat pasasalamatan,thank,pasalamatan
papalitan,change,ilisdan
humingi tawad,apologize,mangayog pasaylo
matatakot,afraid,nganon mahadlok paman
nandito,,dere
nahuli,get caught,nasakpan
nagaaral,studying,gaskwela
nagaaral,studying,miskwela
nagiisa,alone,raman
pumaroon,go,miadto
nagsinungaling,lie,nangatik
nangyari,happen,nahitabo
nagsisinungaling,lying,nagapangatik
galit,angry,suko
naiinis,upset,nalagot
umiyak,cry,mihilak
nandito,,dere
nandito,,dere
natatakot,afraid,nahadlok
takot,afraid,hadlok
tumatakbo,run,midagan
nandito,,dere
tumatawa,laughing,gangisingisi
tumatalon,jumping,gaamambak
nauutal,stutter,nabulol
mali,wrong,
umiiyak,crying,gahilak
tumigil,stop,miundang
tumakbo,run,midagan
bahay,home,balay
tumatanong,asking,gapangutana
umiiyak,crying,gahilak
nangyayari,happening,nahitabo
tumatago,hiding,gatago
bulong bulong,everyone whispering,hunghung
sumasagot,one answering,gatubag
naglalakad,walk,gabaktas
nakasimangot,frowning,maoy
nandito,,dere
basa,wet,basa
nangingialam,interfering,gapanghilabot
inilipat,transferred,hibalhin
mahalaga,important,importante
bumubulong,whispering,gahunghung
nakatuklas amerika,discovered america,nakahunahuna amerika
nakadiskubre amerika,discovered america,diskubre amerika
nakatuklas radium,discovered radium,nakahunahuna radium
alam non,knows,kahibaw ato
tumutulong kaniya,helps,gatabang saiyaha
nandiyan,,
,,
nagsabi non,said,nagingon ato
gumawa non,made,nagbuhat ato
mangingialam,interfere,manghilabot
,,
non,wants,ato
,wants,
pupunta,whos going,muadto
nandito,,dere
nagbibiro,whos kidding,gaatik
humihiyaw,whos screaming,gasayaw
sumisigaw,whos shouting,gashagit
nakatayo,standing,nakatindog
maguumpisa,start,magsugod
magsisimula,start,muuna
magtatagumpay,succeed,mudaog
nanonood,whos watching,gatanaw
nakahanap,found,nakakita
bumaril,shot,nipusil
nagsabi,told,ingon
,,
bumili non,bought,nipalit ato
tumawag,,nitawa sailaha
tumawag,,kinsau nitawag saimoha
makakaalala,remember,kahinumdum
pakialam,cares,labot
kontrol,control,kontrol
makalilimot,forget,nakalimot
makatatanggi,say,makadili
gumawa,made,nibuhat
humalal,elected,nagpili saimoha
nakahanap kaniya,found,nakakita saiyaha
nakatagpo kaniya,met,nakasugat saiyaha
nakahanap,found,nakakita saimoha
nakatagpo,met,nakakita saimoha
gets,get,nasabtan
nasaktan,hurt,nasakitan
nagpakasal,got married,minyo
pinatay,killed,gipatay
napatay,killed,napatay
natamaan,got hit,naigo
oras,time,oras
,doesnt like,kinsau saimoha
nakaimbento salamin,invented mirror,nakahuhahuna samin
nakaimbento non,invented,kinsaumy nakahunahuna ato
naktira dito,lives,puyo dere
nakagawa,,nakabuhat
gumawa,,nibuhat
kompyuter,needs computer,nanihanglan kompyuter
nanuntok,punched,nisumbag saimoha
kumuwestiyon,questions,nangutana saimoha
nagpalaki,raised,padako saimoha
nakatanggap,received,nakadawat
nagtanggal,deleted,naghawa
nakakita,saw,nakakita saimoha
nagsabi,told,ingon saimoha
kumuha,took,kuha
nandoon,,didtoa
nagsulat,wrote,sulat
nagsulat non,wrote,sulat ato
nagsulat,wrote,sulat
traydor,traitor,traydor
taksil,traitor,atikon
gutom,whos hungry,gutom
gutom,whos hungry,gutom
tumatawag,calling,gatawag
sabi,said,ingon
nagsabi,said,ingon
nauuhaw,whos thirsty,giuhaw
nagmungkahi non,suggested,naghunahuna ato
pagod,whos tired,gikapoy
nalilito,confused,nalibog
nagbato non,threw stones,labay ato
nakasira,damage,nakaguba
nagpasya,decides,naghuna
nakahanap,found,nakakita
tumulong,helped,nitabang
nagsulat,wrote,sulat
nagdala,brought,nagbitbit
umatake,attacked,muatake
mali,wrong,taka
manalo,win,muadaog
nagtalaga,appointed,nagbutang
tama,right,tama
nakakita,saw,nakakita saakoa
bumili,bought,nipalit
bumaril,shot,nipusil
humalik,kissed,nilamutak
tumulong,helped,nitabang saimoha
nagtalaga,appointed,nagbutang saimoha
nakaimbento dinamita,invented dynamite,nakahunahuna dinamita
nagmamaneho,driving,gapadagan
sumaksak,stabbed,midungab
nagpahintulot,authorized,sugot
pumayag dito,agreed,nisugot
naniniwala diyan,believes,gatuo
pakialam,cares,labot
nakahuli,caught,nakasakop
alam,knows,nakabalo
makapapansin,notice,makabantay
una,first,unahun
sumaksak,stabbed,nidungab saimoha
pinarusa,punished,gikasaban
,likes,naibog
sakit,sick,sakit
kakanta,sing,mukanta
aawit,sing,mukanta
nanalo,today,nadaog karun
panalo,winner today,nadaog karun
yumakap,hugged,nigakos
umiiyak,whos crying,nihilak
kumakanta,singing,gakanta
umaawit,singing,gamunimuni
humihilik,snoring,gahagok
sisisihin,blame,sisihun
nakita,see,nakitan
nabaril,shot,napusil
tanong,question,pangutana
pupunta,wouldnt go,muadto
magpapalit,replace,mupuli saimoha
taas,whos top,taas karun
abogado,lawyer,abogado
batang,boy,bataa
iniiwasan,avoid,ginalikayan
tinatawagan,calling,ginatawgan
kasama,,kauban
nagturo pranses,taught french,tudlo pranses
nagsulat artikulong,wrote article,nagsulat aning butanga
sinosino mandarakip,captors,mangunguha
inaasahan,expecting,ginaasahan
ipinagtatanggol,defending,gipagtanggol
sinosino kapitbahay,neighbors,tapad balay
ipinagtatanggol,defending,ginapagtaggol
sumasangayon atin,disagrees us,gatugon saatoa
sumasangayon amin,disagrees us,gatugon saamoa
kalaban,opponent,kalaban ato
tinatawagan,calling,ginatawgan
kaibigan,friends,amigo
lalaking,men,tung lakiha
pumitas mais,picked corn,nikupras mais
kapatid,brother,igsoun
kalma,calm,pahuway
makinig,listen,maminaw
gagalaw,one move,walah mulihok
simula,beginning,sugod
pahingi isda,ask fish,mangayo isda
pahingi karne,ask beef,mangayo karne kabaw
pakibuksan,please open,abrihe
pakiulit,please repeat,pakiusab
saya saya,fun fun,kalingaw
galing,great,kahawud
,go ahead,
,go ahead,
aalis,dont leave,hawa
,done,nya human
,come,larga
tulungan,help,tabangi
tulungan,help,tabangi sad tawun
patulong,help,patabang
tumutubo halaman,plants grow,gatubo sagbot
kainin,eat,kauna
punta dito bilis,get quick,dere abtik
pahingi karne,ask meat,mangayo karne
tumawa,laughed,nikatawa
natawa,laughed,nakatawa
gets,go,sabot
tumawag telepono,phone,nitawag telepono
ayokong ayoko sushi,dont like sushi,ganahan sushi
naririnig boses,hear voice,nadungog tingog
sabi,say,
pumunta roon,went,niadto didtoa
mahilig matatamis,love sweets,ganahan tamis
tiwala kaniya,confidence,salig saiyaha
mahilig magbasa,like read,ganahan basa
gumagamit twitter,use twitter,gagamit twitter
nagtitwitter,twitter,ga twitter
pumunta,went,niadto sad
pumunta,went,sad niadto
naiintindihan,understand,nasabtan
mahilig kabayo,love horses,ganahan kabayo
mahilig mahilig kabayo,love horses much,ganahan kabayo
tinawagan telepono,phone,gitawgan telepono
nagbabasa,reading,gabasa
pinatatawaran,forgive,ginapahangyo
ginagamit,use,gagamit
sinuportahan,supported,gatugon saiyaha
sinusuportahan,support,ginatugonan
naiinggit kaniya,envy,nasuya saiyaha
nalilito,confused,nalibog
,see,nakitan
nakikita,see,nakitan
sangayon sangayon,totally agree,gatugon
kahapon dumating,came yesterday,gahapon miabot
dumating kahapon,arrived yesterday,miabot gahapon
pagod,tired,kapoy
pera,money,kwarta
madalas magbasa,often read,pirme gabasa
mahilig ingles,love english,ganahan ingles
matanda,old,tiguwang
magaling,fine,maayo
inosente,innocent,boutan
kasalanan,guilty,sala
alam,already know,kabalo ato
mahilig pakwan,love watermelon,ganahan pakwan
naaamoy dugo,smell blood,nasimot dugo
marunong magingles,speak english,kabalo storyag ingles
nakapagsasalita ingles,speak english,makastorya ingles
nagdadasal,praying,gaampo
nauubo,coughing,giubo
nanghuhubad,undressing,gahubo
nahilo,dizzy,nalipong
kape,coffee,nanihanglan kape
tumatanggap regalo,receive gift,gadawat hinatagan
humingi tawad,apologized,nangayo pasaylo
,like,ganahan
malaman malaman,want know want know,mahibalan mahibalan
nais malaman nais malaman,want know want know,pahibala mahibalan
malaki aso aso,toms dog actually bigger dog,dagko iro iro
nangongolekta aklat,collect books,gakolekta libro
nakaupo,sitting,galingkod
nakaupo,sitting,nakakingkod
nagdasal,prayed,gaampo
kadadasal,prayed,mayra ampo
madalas magdasal,pray often,pirme gaampo
tumaba,want gain weight,ganahan mutambok
umalis,leave,nihanglan muhawa
bale,doesnt matter,sagdii
pakialam,care,labot
tagal,taking long,dugay
iniimbitahan,inviting,gihagad
iimbitahan,wont invite,hagdon
samahan pauwi,dont accompany home,sabayan pauli
umupo likod,sit behind,bako mulingkod likod
maaari umupo likod,sit behind,mulingkod likoran
kilala,one knows,juy nakaila
hinintayan,wait,gipaabot
ipinagmamalaki tagacanada,proud canadian,ginadako canada
ipinagmamalaki tagacanada,proud canadian,ginapadako canada
nakatakas,escape,kaha pagsibat
nakasuot guwantes,wearing gloves,nakasout gwantes
nakaguwantes,wearing gloves,gwantes
nakauniporme,uniform,uniporme
suot uniporme,wearing uniform,gisout iyahang uniporme
sabi gustonggusto marinig katotohanan,say want hear truth,maminaw kamatouran
sabi gustonggusto mapakinggan katotohanan,said want hear truth,madungan kamatouran
kumain masustansiyang pagkain,eat nutritious food,mukaon maayong pagkaon
kumain masustansiya,eat nutritiously,mukaon maayong pagkaon
doon maglalakad,would walk,didtoa magbaktas
doon maglalakad,would walk,saimoha didtoa baktas
nakatakong,heels,takong
nakasuot takong,wearing heels,suklob takong
almusal,breakfast,namahaw
,,gibuhat
,hope,
paborito,favorite,ganahan
pupunta doon,go,muadto didtoa
pagod,tired,kapoy
kotse,car,bakay taraktarak
marami,lot,daghan bakag ginabuhat
magiging maayos,everything fine,maayo
asawa,already married,nakoy kakuyog
nakakahiya,shame,makaulaw saimoha
nakakahiya,shame,makaulaw saimoha
,done,
,done,
pagpipilian,choice,pilion
kaming pagpipilian,choice,pagpilian
tayong pagpipilian,choice,tay pilian
tanungin,dont ask,pangutana
tanungin,dont ask,pangutana
maaga bumangon,get early,sayo mimata
huli bumangon,got late,ulahi kamata
bumangon siyete,got seven oclock,nimata siyete
mayroon nakaupo,seat taken,nabay lingkod dere
itabi,set aside,idaplin
itabi,put away,idaplin
kasindaksindak,awesome,makahadlok
nakita dati,ive seen,nakitan sauna
ayos,fine,maayo saakoa
nagpagupit buhok kahapon,got haircut yesterday,patupi buhok gahapon
manatiling kalmado,stay calm,padayun pagpuyo
nagpapasaya,makes happy,nagpalipay
,,ginabuhat
sabihin,dont tell,saakoa buhaton
nakuha,got,saakoa
nakuha,got,saakoa
,,pagbuhat
pigilan,might stop us,pugnan
ekonomista sasangayon pahayag,economists would disagree statement,ekonomista musogot ingon
maingay humilik,snored loudly,saba naghagok
magpaaraw masyadong matagal,stay sun long,pagbulad adlaw dugay
nakatanggi,refuse,likay
makatanggi,cant refuse,makalikay
akala makakaalis,thought could leave,makahawa
,,
takot,afraid,hadlok
sinasadya,mean,ginatuyo
marunong magmaneho,know drive,kabaw padagan
madali,easy,sayun
marunong lumangoy,swim,kabaw musalom
nagagalak makilala,glad meet,lipay makaila
aking kaarawan,today birthday,karun adlaw
pumunta paris,went paris,niadto park
pumunta nagasaki,went nagasaki,niadto nagasaki
tumulo laway,drooled,mitulo laway
dumura,spat,niluwa
kumanta,sang,mikanta
umawit,sang,mikanta
nagayuno,fasted,hatag
umalis agad,leave immediately,nihawa dayun
bumalik,come back,nibalik
balik,come back,balik
tama pagrereklamo,complaining fine,undangon sig reklamo
magreklamo,dont complain anymore,reklamo
bumulong,whispered,nihunghung
lumulutang,floating,galupad
ulitin,repeat,usba
hugasan,wash everything,hugasi
hugasan,wash everything,hugasi
pumanig kaninuman,dont take sides,apil bisag
kumiling kaninuman,favor,sabat bisag
alam,one knows,balo
mahusay,excellent,hawud
magaling,good,maayo
nababago,nothing changes,nagbago
humingi tawad,ask forgiveness,pangayo nalang pasaylo
makapaniwala dito,cant believe,katou dere
makapaniwala,cant believe,katou saimoha
makapaniwala,cant believe,makatou
makapaniwala,cant believe,makatou
trabaho,job,nakoy binuhatan
guluhin,dont bother,gubuta
guluhin,dont bother,gubuta
masaya,fun,lingaw
akala masaya,thought fun,lingaw
umalis dadaanan,get way,hawa agianan
hawakan,dont touch,guniti
hawakan,dont touch,guniti
humawak,hold,gunit
hawakan,dont touch,guniti
hawakan,touch,guniti
hawakan,touch,guniti
makausap,talk,makastorya
nagtatrabaho,work,nagbinuhatan
mabubuhay,cant live without,mabuhi
mabubuhay,cant live without,mabuhi
sadyang malabo email,vague email,hanap email
sadyang malabo sulatroniko,vague writing,hanap sulatroniko
radyo bahay gumana,radio home wont work,radyo kaso muandar
kakabili bagong lutong tinapay,bought freshly baked bread,mayra palit init pan
itigil,stop,undanga
itigil,stop,undanga
,,ingon
ninong dating nagtatrabaho bangko,godfather used work bank,angkol gatrabaho sauna bangko
nakarating london,arrived london,nakaabot london
nakarating londres,arrived london,nakaabot londres
maintindihan,dont understand,masabtan
nais batiin maligayang pasko,wanted wish merry christmas,batiun maayong pasko
babalik katapusan taon,back end year,mubalik katapusan tuig
alam mahirap gawin,know thats hard,kabalo lisud buhaton
ayoko marinig,dont want hear,madungan
ayoko mapakinggan,dont want hear,mapaminaw
matanda,older,guwang
higit matanda,much older,guwang
inakala magkakagusto,think would like,gatou naibog
pakiramdam totoo,feeling thats true,paminaw tinoud
nakauwi,back home,kauli
batid sinabi,know said,makatou giingon
alanganin mapapatunayan,wonder prove,lisud maingon
binuksan bote,opened bottle,giabrihan bote
tingin makatotohanan,think realistic,pananaw tinoud
alam sinadya saktan,know mean hurt,kabalo gitoyu pasakitan
alam magaling magmaneho,know good driver,kabalo hawud padagan
marunong lumangoy,swim,kabalo musalom
sinabi,said,giingon
kumakain buong araw,havent eaten day,pako kaon tibouk adlaw
tingin nagpasimuno,think one pioneers,pananaw lider
bagay,guess thats case,
sigurado nababagay,sure fits,kahibaw
bihira lumabas lunes,rarely go mondays,usahay gagawas inig lunes
sinabi nagalit,say got angrier,giingon maong nasuko
araw mamamalagi,stay days,adlaw mupundo dere
alam halos magkasingedad,know age,kabalo kasing edad
akala nars,thought nurse,nars
medyo nagulat,little surprised,nakuratan
matagal namalagi boston,stayed boston long time,dugay pundo boston
maling petsa naisulat,written wrong date,mali adlaw nasulat
tingin maling petsa naisulat,think wrote wrong date,paminaw adlaw nasuwat
tulong,dont think help,nanihanglan tabang
sinabi,told,giingon
sinabi,told,giingon
sinabi totoo,dont think told truth,giingon tinoud
tingin sinabi totoo,dont think told truth,pananaw nakowala giingon tinoud
hinala balak gawin sabay,suspicion plan time,pagtou himuon sabay
,,
makapunta australia susunod taon,hope go australia next year,australia musunoray tuig
makapagaustralia susunod taon,hope go australia next year,australia sunod tuiga
kahapon,yesterday,gahapon
pumunta kahapon,go yesterday,miadto gahapon
pumunta,go,miadto
pumupunta,going,gaadto
,dont like,naibugan
nagbibiro,joking,nagaatik
binalaan,warned,ignan
busog,full,busog
,done,
abalahin,dont bother,samuka
,youre done,
sabihin,tell youre done,saakoa
sapat,enough,kulangon
,,
,,
,,
,,
,,
,,
,,
,,
,,
,,
,,
,,
,,
,,
,,
,,
,,
,,
,,
,,
,,
,,
,,
,,
,,
,,
,,
,,
,,
,,
,,
,,
,,
,,
,,
,,
,,
,,
,,
,,
,,
,,
,,
,,
,,
,,
,,
,,
,,
,,
,,
,,
,,
,,
,,
,,
,,
,,
,,
,,
,,
,,
,,
,,
,,
,,
,,
,,
,,
,,
,,
,,
,,
,,
,,
,,
,,
,,
,,
,,
,,
,,
,,
,,
,,
,,
,,
,,
,,
,,
,,
,,
,,
,,
,,
,,
,,
,,
,,
,,
,,
,,
,,
,,
,,
,,
,,
,,
,,
,,
,,
,,
,,
,,
,,
,,
,,
,,
,,
,,
,,
,,
,,
,,
,,
,,
,,
,,
,,
,,
,,
,,
,,
,,
,,
,,
,,
,,
,,
,,
,,
,,
,,
,,
,,
,,
,,
,,
,,
,,
,,
,,
,,
,,
,,
,,
,,
,,
,,
,,
,,
,,
,,
,,
,,
,,
,,
,,
,,
,,
,,
,,
,,
,,
,,
,,
,,
,,
,,
,,
,,
,,
,,
,,
,,
,,
,,
,,
,,
,,
,,
,,
,,
,,
,,
,,
,,
,,
,,
,,
,,
,,
,,
,,
,,
,,
,,
,,
,,
,,
,,
,,
,,
,,
,,
,,
,,
,,
,,
,,
,,
,,
,,
,,
,,
,,
,,
,,
,,
,,
,,
,,
,,
,,
,,
,,
,,
,,
,,
,,
,,
,,
,,
,,
,,
,,
,,
,,
,,
,,
,,
,,
,,
,,
,,
,,
,,
,,
,,
,,
,,
,,
,,
,,
,,
,,
,,
,,
,,
,,
,,
,,
,,
,,
,,
,,
,,
,,
,,
,,
,,
,,
,,
,,
,,
,,
,,
,,
,,
,,
,,
,,
,,
,,
,,
,,
,,
,,
,,
,,
,,
,,
,,
,,
,,
,,
,,
,,
,,
,,
,,
,,
,,
,,
,,
,,
,,
,,
,,
,,
,,
,,
,,
,,
,,
,,
,,
,,
,,
,,
,,
,,
,,
,,
,,
,,
,,
,,
,,
,,
,,
,,
,,
,,
,,
,,
,,
,,
,,
,,
,,
,,
,,
,,
,,
,,
,,
,,
,,
,,
,,
,,
,,
,,
,,
,,
,,
,,
,,
,,
,,
,,
,,
,,
,,
,,
,,
,,
,,
,,
,,
,,
,,
,,
,,
,,
,,
,,
,,
,,
,,
,,
,,
,,
,,
,,
,,
,,
,,
,,
,,
,,
,,
,,
,,
,,
,,
,,
,,
,,
,,
,,
,,
,,
,,
,,
,,
,,
,,
,,
,,
,,
,,
,,
,,
,,
,,
,,
,,
,,
,,
,,
,,
,,
,,
,,
,,
,,
,,
,,
,,
,,
,,
,,
,,
,,
,,
,,
,,
,,
,,
,,
,,
,,
,,
,,
,,
,,
,,
,,
,,
,,
,,
,,
,,
,,
,,
,,
,,
,,
,,
,,
,,
,,
,,
,,
,,
,,
,,
,,
,,
,,
,,
,,
,,
,,
,,
,,
,,
,,
,,
,,
,,
,,
,,
,,
,,
,,
,,
,,
,,
,,
,,
,,
,,
,,
,,
,,
,,
,,
,,
,,
,,
,,
,,
,,
,,
,,
,,
,,
,,
,,
,,
,,
,,
,,
,,
,,
,,
,,
,,
,,
,,
,,
,,
,,
,,
,,
,,
,,
,,
,,
,,
,,
,,
,,
,,
,,
,,
,,
,,
,,
,,
,,
,,
,,
,,
,,
,,
,,
,,
,,
,,
,,
,,
,,
,,
,,
,,
,,
,,
,,
,,
,,
,,
,,
,,
,,
,,
,,
,,
,,
,,
,,
,,
,,
,,
,,
,,
,,
,,
,,
,,
,,
,,
,,
,,
,,
,,
,,
,,
,,
,,
,,
,,
,,
,,
,,
,,
,,
,,
,,
,,
,,
,,
,,
,,
,,
,,
,,
,,
,,
,,
,,
,,
,,
,,
,,
,,
,,
,,
,,
,,
,,
,,
,,
,,
,,
,,
,,
,,
,,
,,
,,
,,
,,
,,
,,
,,
,,
,,
,,
,,
,,
,,
,,
,,
,,
,,
,,
,,
,,
,,
,,
,,
,,
,,
,,
,,
,,
,,
,,
,,
,,
,,
,,
,,
,,
,,
,,
,,
,,
,,
,,
,,
,,
,,
,,
,,
,,
,,
,,
,,
,,
,,
,,
,,
,,
,,
,,
,,
,,
,,
,,
,,
,,
,,
,,
,,
,,
,,
,,
,,
,,
,,
,,
,,
,,
,,
,,
,,
,,
,,
,,
,,
,,
,,
,,
,,
,,
,,
,,
,,
,,
,,
,,
,,
,,
,,
,,
,,
,,
,,
,,
,,
,,
,,
,,
,,
,,
,,
,,
,,
,,
,,
,,
,,
,,
,,
,,
,,
,,
,,
,,
,,
,,
,,
,,
,,
,,
,,
,,
,,
,,
,,
,,
,,
,,
,,
,,
,,
,,
,,
,,
,,
,,
,,
,,
,,
,,
,,
,,
,,
,,
,,
,,
,,
,,
,,
,,
,,
,,
,,
,,
,,
,,
,,
,,
,,
,,
,,
,,
,,
,,
,,
,,
,,
,,
,,
,,
,,
,,
,,
,,
,,
,,
,,
,,
,,
,,
,,
,,
,,
,,
,,
,,
,,
,,
,,
,,
,,
,,
,,
,,
,,
,,
,,
,,
,,
,,
,,
,,
,,
,,
,,
,,
,,
,,
,,
,,
,,
,,
,,
,,
,,
,,
,,
,,
,,
,,
,,
,,
,,
,,
,,
,,
,,
,,
,,
,,
,,
,,
,,
,,
,,
,,
,,
,,
,,
,,
,,
,,
,,
,,
,,
,,
,,
,,
,,
,,
,,
,,
,,
,,
,,
,,
,,
,,
,,
,,
,,
,,
,,
,,
,,
,,
,,
,,
,,
,,
,,
,,
,,
,,
,,
,,
,,
,,
,,
,,
,,
,,
,,
,,
,,
,,
,,
,,
,,
,,
,,
,,
,,
,,
,,
,,
,,
,,
,,
,,
,,
,,
,,
,,
,,
,,
,,
,,
,,
,,
,,
,,
,,
,,
,,
,,
,,
,,
,,
,,
,,
,,
,,
,,
,,
,,
,,
,,
,,
,,
,,
,,
,,
,,
,,
,,
,,
,,
,,
,,
,,
,,
,,
,,
,,
,,
,,
,,
,,
,,
,,
,,
,,
,,
,,
,,
,,
,,
,,
,,
,,
,,
,,
,,
,,
,,
,,
,,
,,
,,
,,
,,
,,
,,
,,
,,
,,
,,
,,
,,
,,
,,
,,
,,
,,
,,
,,
,,
,,
,,
,,
,,
,,
,,
,,
,,
,,
,,
,,
,,
,,
,,
,,
,,
,,
,,
,,
,,
,,
,,
,,
,,
,,
,,
,,
,,
,,
,,
,,
,,
,,
,,
,,
,,
,,
,,
,,
,,
,,
,,
,,
,,
,,
,,
,,
,,
,,
,,
,,
,,
,,
,,
,,
,,
,,
,,
,,
,,
,,
,,
,,
,,
,,
,,
,,
,,
,,
,,
,,
,,
,,
,,
,,
,,
,,
,,
,,
,,
,,
,,
,,
,,
,,
,,
,,
,,
,,
,,
,,
,,
,,
,,
,,
,,
,,
,,
,,
,,
,,
,,
,,
,,
,,
,,
,,
,,
,,
,,
,,
,,
,,
,,
,,
,,
,,
,,
,,
,,
,,
,,
,,
,,
,,
,,
,,
,,
,,
,,
,,
,,
,,
,,
,,
,,
,,
,,
,,
,,
,,
,,
,,
,,
,,
,,
,,
,,
,,
,,
,,
,,
,,
,,
,,
,,
,,
,,
,,
,,
,,
,,
,,
,,
,,
,,
,,
,,
,,
,,
,,
,,
,,
,,
,,
,,
,,
,,
,,
,,
,,
,,
,,
,,
,,
,,
,,
,,
,,
,,
,,
,,
,,
,,
,,
,,
,,
,,
,,
,,
,,
,,
,,
,,
,,
,,
,,
,,
,,
,,
,,
,,
,,
,,
,,
,,
,,
,,
,,
,,
,,
,,
,,
,,
,,
,,
,,
,,
,,
,,
,,
,,
,,
,,
,,
,,
,,
,,
,,
,,
,,
,,
,,
,,
,,
,,
,,
,,
,,
,,
,,
,,
,,
,,
,,
,,
,,
,,
,,
,,
,,
,,
,,
,,
,,
,,
,,
,,
,,
,,
,,
,,
,,
,,
,,
,,
,,
,,
,,
,,
,,
,,
,,
,,
,,
,,
,,
,,
,,
,,
,,
,,
,,
,,
,,
,,
,,
,,
,,
,,
,,
,,
,,
,,
,,
,,
,,
,,
,,
,,
,,
,,
,,
,,
,,
,,
,,
,,
,,
,,
,,
,,
,,
,,
,,
,,
,,
,,
,,
,,
,,
,,
,,
,,
,,
,,
,,
,,
,,
,,
,,
,,
,,
,,
,,
,,
,,
,,
,,
,,
,,
,,
,,
,,
,,
,,
,,
,,
,,
,,
,,
,,
,,
,,
,,
,,
,,
,,
,,
,,
,,
,,
,,
,,
,,
,,
,,
,,
,,
,,
,,
,,
,,
,,
,,
,,
,,
,,
,,
,,
,,
,,
,,
,,
,,
,,
,,
,,
,,
,,
,,
,,
,,
,,
,,
,,
,,
,,
,,
,,
,,
,,
,,
,,
,,
,,
,,
,,
,,
,,
,,
,,
,,
,,
,,
,,
,,
,,
,,
,,
,,
,,
,,
,,
,,
,,
,,
,,
,,
,,
,,
,,
,,
,,
,,
,,
,,
,,
,,
,,
,,
,,
,,
,,
,,
,,
,,
,,
,,
,,
,,
,,
,,
,,
,,
,,
,,
,,
,,
,,
,,
,,
,,
,,
,,
,,
,,
,,
,,
,,
,,
,,
,,
,,
,,
,,
,,
,,
,,
,,
,,
,,
,,
,,
,,
,,
,,
,,
,,
,,
,,
,,
,,
,,
,,
,,
,,
,,
,,
,,
,,
,,
,,
,,
,,
,,
,,
,,
,,
,,
,,
,,
,,
,,
,,
,,
,,
,,
,,
,,
,,
,,
,,
,,
,,
,,
,,
,,
,,
,,
,,
,,
,,
,,
,,
,,
,,
,,
,,
,,
,,
,,
,,
,,
,,
,,
,,
,,
,,
,,
,,
,,
,,
,,
,,
,,
,,
,,
,,
,,
,,
,,
,,
,,
,,
,,
,,
,,
,,
,,
,,
,,
,,
,,
,,
,,
,,
,,
,,
,,
,,
,,
,,
,,
,,
,,
,,
,,
,,
,,
,,
,,
,,
,,
,,
,,
,,
,,
,,
,,
,,
,,
,,
,,
,,
,,
,,
,,
,,
,,
,,
,,
,,
,,
,,
,,
,,
,,
,,
,,
,,
,,
,,
,,
,,
,,
,,
,,
,,
,,
,,
,,
,,
,,
,,
,,
,,
,,
,,
,,
,,
,,
,,
,,
,,
,,
,,
,,
,,
,,
,,
,,
,,
,,
,,
,,
,,
,,
,,
,,
,,
,,
,,
,,
,,
,,
,,
,,
,,
,,
,,
,,
,,
,,
,,
,,
,,
,,
,,
,,
,,
,,
,,
,,
,,
,,
,,
,,
,,
,,
,,
,,
,,
,,
,,
,,
,,
,,
,,
,,
,,
,,
,,
,,
,,
,,
,,
,,
,,
,,
,,
,,
,,
,,
,,
,,
,,
,,
,,
,,
,,
,,
,,
,,
,,
,,
,,
,,
,,
,,
,,
,,
,,
,,
,,
,,
,,
,,
,,
,,
,,
,,
,,
,,
,,
,,
,,
,,
,,
,,
,,
,,
,,
,,
,,
,,
,,
,,
,,
,,
,,
,,
,,
,,
,,
,,
,,
,,
,,
,,
,,
,,
,,
,,
,,
,,
,,
,,
,,
,,
,,
,,
,,
,,
,,
,,
,,
,,
,,
,,
,,
,,
,,
,,
,,
,,
,,
,,
,,
,,
,,
,,
,,
,,
,,
,,
,,
,,
,,
,,
,,
,,
,,
,,
,,
,,
,,
,,
,,
,,
,,
,,
,,
,,
,,
,,
,,
,,
,,
,,
,,
,,
,,
,,
,,
,,
,,
,,
,,
,,
,,
,,
,,
,,
,,
,,
,,
,,
,,
,,
,,
,,
,,
,,
,,
,,
,,
,,
,,
,,
,,
,,
,,
,,
,,
,,
,,
,,
,,
,,
,,
,,
,,
,,
,,
,,
,,
,,
,,
,,
,,
,,
,,
,,
,,
,,
,,
,,
,,
,,
,,
,,
,,
,,
,,
,,
,,
,,
,,
,,
,,
,,
,,
,,
,,
,,
,,
,,
,,
,,
,,
,,
,,
,,
,,
,,
,,
,,
,,
,,
,,
,,
,,
,,
,,
,,
,,
,,
,,
,,
,,
,,
,,
,,
,,
,,
,,
,,
,,
,,
,,
,,
,,
,,
,,
,,
,,
,,
,,
,,
,,
,,
,,
,,
,,
,,
,,
,,
,,
,,
,,
,,
,,
,,
,,
,,
,,
,,
,,
,,
,,
,,
,,
,,
,,
,,
,,
,,
,,
,,
,,
,,
,,
,,
,,
,,
,,
,,
,,
,,
,,
,,
,,
,,
,,
,,
,,
,,
,,
,,
,,
,,
,,
,,
,,
,,
,,
,,
,,
,,
,,
,,
,,
,,
,,
,,
,,
,,
,,
,,
,,
,,
,,
,,
,,
,,
,,
,,
,,
,,
,,
,,
,,
,,
,,
,,
,,
,,
,,
,,
,,
,,
,,
,,
,,
,,
,,
,,
,,
,,
,,
,,
,,
,,
,,
,,
,,
,,
,,
,,
,,
,,
,,
,,
,,
,,
,,
,,
,,
,,
,,
,,
,,
,,
,,
,,
,,
,,
,,
,,
,,
,,
,,
,,
,,
,,
,,
,,
,,
,,
,,
,,
,,
,,
,,
,,
,,
,,
,,
,,
,,
,,
,,
,,
,,
,,
,,
,,
,,
,,
,,
,,
,,
,,
,,
,,
,,
,,
,,
,,
,,
,,
,,
,,
,,
,,
,,
,,
,,
,,
,,
,,
,,
,,
,,
,,
,,
,,
,,
,,
,,
,,
,,
,,
,,
,,
,,
,,
,,
,,
,,
,,
,,
,,
,,
,,
,,
,,
,,
,,
,,
,,
,,
,,
,,
,,
,,
,,
,,
,,
,,
,,
,,
,,
,,
,,
,,
,,
,,
,,
,,
,,
,,
,,
,,
,,
,,
,,
,,
,,
,,
,,
,,
,,
,,
,,
,,
,,
,,
,,
,,
,,
,,
,,
,,
,,
,,
,,
,,
,,
,,
,,
,,
,,
,,
,,
,,
,,
,,
,,
,,
,,
,,
,,
,,
,,
,,
,,
,,
,,
,,
,,
,,
,,
,,
,,
,,
,,
,,
,,
,,
,,
,,
,,
,,
,,
,,
,,
,,
,,
,,
,,
,,
,,
,,
,,
,,
,,
,,
,,
,,
,,
,,
,,
,,
,,
,,
,,
,,
,,
,,
,,
,,
,,
,,
,,
,,
,,
,,
,,
,,
,,
,,
,,
,,
,,
,,
,,
,,
,,
,,
,,
,,
,,
,,
,,
,,
,,
,,
,,
,,
,,
,,
,,
,,
,,
,,
,,
,,
,,
,,
,,
,,
,,
,,
,,
,,
,,
,,
,,
,,
,,
,,
,,
,,
,,
,,
,,
,,
,,
,,
,,
,,
,,
,,
,,
,,
,,
,,
,,
,,
,,
,,
,,
,,
,,
,,
,,
,,
,,
,,
,,
,,
,,
,,
,,
,,
,,
,,
,,
,,
,,
,,
,,
,,
,,
,,
,,
,,
,,
,,
,,
,,
,,
,,
,,
,,
,,
,,
,,
,,
,,
,,
,,
,,
,,
,,
,,
,,
,,
,,
,,
,,
,,
,,
,,
,,
,,
,,
,,
,,
,,
,,
,,
,,
,,
,,
,,
,,
,,
,,
,,
,,
,,
,,
,,
,,
,,
,,
,,
,,
,,
,,
,,
,,
,,
,,
,,
,,
,,
,,
,,
,,
,,
,,
,,
,,
,,
,,
,,
,,
,,
,,
,,
,,
,,
,,
,,
,,
,,
,,
,,
,,
,,
,,
,,
,,
,,
,,
,,
,,
,,
,,
,,
,,
,,
,,
,,
,,
,,
,,
,,
,,
,,
,,
,,
,,
,,
,,
,,
,,
,,
,,
,,
,,
,,
,,
,,
,,
,,
,,
,,
,,
,,
,,
,,
,,
,,
,,
,,
,,
,,
,,
,,
,,
,,
,,
,,
,,
,,
,,
,,
,,
,,
,,
,,
,,
,,
,,
,,
,,
,,
,,
,,
,,
,,
,,
,,
,,
,,
,,
,,
,,
,,
,,
,,
,,
,,
,,
,,
,,
,,
,,
,,
,,
,,
,,
,,
,,
,,
,,
,,
,,
,,
,,
,,
,,
,,
,,
,,
,,
,,
,,
,,
,,
,,
,,
,,
,,
,,
,,
,,
,,
,,
,,
,,
,,
,,
,,
,,
,,
,,
,,
,,
,,
,,
,,
,,
,,
,,
,,
,,
,,
,,
,,
,,
,,
,,
,,
,,
,,
,,
,,
,,
,,
,,
,,
,,
,,
,,
,,
,,
,,
,,
,,
,,
,,
,,
,,
,,
,,
,,
,,
,,
,,
,,
,,
,,
,,
,,
,,
,,
,,
,,
,,
,,
,,
,,
,,
,,
,,
,,
,,
,,
,,
,,
,,
,,
,,
,,
,,
,,
,,
,,
,,
,,
,,
,,
,,
,,
,,
,,
,,
,,
,,
,,
,,
,,
,,
,,
,,
,,
,,
,,
,,
,,
,,
,,
,,
,,
,,
,,
,,
,,
,,
,,
,,
,,
,,
,,
,,
,,
,,
,,
,,
,,
,,
,,
,,
,,
,,
,,
,,
,,
,,
,,
,,
,,
,,
,,
,,
,,
,,
,,
,,
,,
,,
,,
,,
,,
,,
,,
,,
,,
,,
,,
,,
,,
,,
,,
,,
,,
,,
,,
,,
,,
,,
,,
,,
,,
,,
,,
,,
,,
,,
,,
,,
,,
,,
,,
,,
,,
,,
,,
,,
,,
,,
,,
,,
,,
,,
,,
,,
,,
,,
,,
,,
,,
,,
,,
,,
,,
,,
,,
,,
,,
,,
,,
,,
,,
,,
,,
,,
,,
,,
,,
,,
,,
,,
,,
,,
,,
,,
,,
,,
,,
,,
,,
,,
,,
,,
,,
,,
,,
,,
,,
,,
,,
,,
,,
,,
,,
,,
,,
,,
,,
,,
,,
,,
,,
,,
,,
,,
,,
,,
,,
,,
,,
,,
,,
,,
,,
,,
,,
,,
,,
,,
,,
,,
,,
,,
,,
,,
,,
,,
,,
,,
,,
,,
,,
,,
,,
,,
,,
,,
,,
,,
,,
,,
,,
,,
,,
,,
,,
,,
,,
,,
,,
,,
,,
,,
,,
,,
,,
,,
,,
,,
,,
,,
,,
,,
,,
,,
,,
,,
,,
,,
,,
,,
,,
,,
,,
,,
,,
,,
,,
,,
,,
,,
,,
,,
,,
,,
,,
,,
,,
,,
,,
,,
,,
,,
,,
,,
,,
,,
,,
,,
,,
,,
,,
,,
,,
,,
,,
,,
,,
,,
,,
,,
,,
,,
,,
,,
,,
,,
,,
,,
,,
,,
,,
,,
,,
,,
,,
,,
,,
,,
,,
,,
,,
,,
,,
,,
,,
,,
,,
,,
,,
,,
,,
,,
,,
,,
,,
,,
,,
,,
,,
,,
,,
,,
,,
,,
,,
,,
,,
,,
,,
,,
,,
,,
,,
,,
,,
,,
,,
,,
,,
,,
,,
,,
,,
,,
,,
,,
,,
,,
,,
,,
,,
,,
,,
,,
,,
,,
,,
,,
,,
,,
,,
,,
,,
,,
,,
,,
,,
,,
,,
,,
,,
,,
,,
,,
,,
,,
,,
,,
,,
,,
,,
,,
,,
,,
,,
,,
,,
,,
,,
,,
,,
,,
,,
,,
,,
,,
,,
,,
,,
,,
,,
,,
,,
,,
,,
,,
,,
,,
,,
,,
,,
,,
,,
,,
,,
,,
,,
,,
,,
,,
,,
,,
,,
,,
,,
,,
,,
,,
,,
,,
,,
,,
,,
,,
,,
,,
,,
,,
,,
,,
,,
,,
,,
,,
,,
,,
,,
,,
,,
,,
,,
,,
,,
,,
,,
,,
,,
,,
,,
,,
,,
,,
,,
,,
,,
,,
,,
,,
,,
,,
,,
,,
,,
,,
,,
,,
,,
,,
,,
,,
,,
,,
,,
,,
,,
,,
,,
,,
,,
,,
,,
,,
,,
,,
,,
,,
,,
,,
,,
,,
,,
,,
,,
,,
,,
,,
,,
,,
,,
,,
,,
,,
,,
,,
,,
,,
,,
,,
,,
,,
,,
,,
,,
,,
,,
,,
,,
,,
,,
,,
,,
,,
,,
,,
,,
,,
,,
,,
,,
,,
,,
,,
,,
,,
,,
,,
,,
,,
,,
,,
,,
,,
,,
,,
,,
,,
,,
,,
,,
,,
,,
,,
,,
,,
,,
,,
,,
,,
,,
,,
,,
,,
,,
,,
,,
,,
,,
,,
,,
,,
,,
,,
,,
,,
,,
,,
,,
,,
,,
,,
,,
,,
,,
,,
,,
,,
,,
,,
,,
,,
,,
,,
,,
,,
,,
,,
,,
,,
,,
,,
,,
,,
,,
,,
,,
,,
,,
,,
,,
,,
,,
,,
,,
,,
,,
,,
,,
,,
,,
,,
,,
,,
,,
,,
,,
,,
,,
,,
,,
,,
,,
,,
,,
,,
,,
,,
,,
,,
,,
,,
,,
,,
,,
,,
,,
,,
,,
,,
,,
,,
,,
,,
,,
,,
,,
,,
,,
,,
,,
,,
,,
,,
,,
,,
,,
,,
,,
,,
,,
,,
,,
,,
,,
,,
,,
,,
,,
,,
,,
,,
,,
,,
,,
,,
,,
,,
,,
,,
,,
,,
,,
,,
,,
,,
,,
,,
,,
,,
,,
,,
,,
,,
,,
,,
,,
,,
,,
,,
,,
,,
,,
,,
,,
,,
,,
,,
,,
,,
,,
,,
,,
,,
,,
,,
,,
,,
,,
,,
,,
,,
,,
,,
,,
,,
,,
,,
,,
,,
,,
,,
,,
,,
,,
,,
,,
,,
,,
,,
,,
,,
,,
,,
,,
,,
,,
,,
,,
,,
,,
,,
,,
,,
,,
,,
,,
,,
,,
,,
,,
,,
,,
,,
,,
,,
,,
,,
,,
,,
,,
,,
,,
,,
,,
,,
,,
,,
,,
,,
,,
,,
,,
,,
,,
,,
,,
,,
,,
,,
,,
,,
,,
,,
,,
,,
,,
,,
,,
,,
,,
,,
,,
,,
,,
,,
,,
,,
,,
,,
,,
,,
,,
,,
,,
,,
,,
,,
,,
,,
,,
,,
,,
,,
,,
,,
,,
,,
,,
,,
,,
,,
,,
,,
,,
,,
,,
,,
,,
,,
,,
,,
,,
,,
,,
,,
,,
,,
,,
,,
,,
,,
,,
,,
,,
,,
,,
,,
,,
,,
,,
,,
,,
,,
,,
,,
,,
,,
,,
,,
,,
,,
,,
,,
,,
,,
,,
,,
,,
,,
,,
,,
,,
,,
,,
,,
,,
,,
,,
,,
,,
,,
,,
,,
,,
,,
,,
,,
,,
,,
,,
,,
,,
,,
,,
,,
,,
,,
,,
,,
,,
,,
,,
,,
,,
,,
,,
,,
,,
,,
,,
,,
,,
,,
,,
,,
,,
,,
,,
,,
,,
,,
,,
,,
,,
,,
,,
,,
,,
,,
,,
,,
,,
,,
,,
,,
,,
,,
,,
,,
,,
,,
,,
,,
,,
,,
,,
,,
,,
,,
,,
,,
,,
,,
,,
,,
,,
,,
,,
,,
,,
,,
,,
,,
,,
,,
,,
,,
,,
,,
,,
,,
,,
,,
,,
,,
,,
,,
,,
,,
,,
,,
,,
,,
,,
,,
,,
,,
,,
,,
,,
,,
,,
,,
,,
,,
,,
,,
,,
,,
,,
,,
,,
,,
,,
,,
,,
,,
,,
,,
,,
,,
,,
,,
,,
,,
,,
,,
,,
,,
,,
,,
,,
,,
,,
,,
,,
,,
,,
,,
,,
,,
,,
,,
,,
,,
,,
,,
,,
,,
,,
,,
,,
,,
,,
,,
,,
,,
,,
,,
,,
,,
,,
,,
,,
,,
,,
,,
,,
,,
,,
,,
,,
,,
,,
,,
,,
,,
,,
,,
,,
,,
,,
,,
,,
,,
,,
,,
,,
,,
,,
,,
,,
,,
,,
,,
,,
,,
,,
,,
,,
,,
,,
,,
,,
,,
,,
,,
,,
,,
,,
,,
,,
,,
,,
,,
,,
,,
,,
,,
,,
,,
,,
,,
,,
,,
,,
,,
,,
,,
,,
,,
,,
,,
,,
,,
,,
,,
,,
,,
,,
,,
,,
,,
,,
,,
,,
,,
,,
,,
,,
,,
,,
,,
,,
,,
,,
,,
,,
,,
,,
,,
,,
,,
,,
,,
,,
,,
,,
,,
,,
,,
,,
,,
,,
,,
,,
,,
,,
,,
,,
,,
,,
,,
,,
,,
,,
,,
,,
,,
,,
,,
,,
,,
,,
,,
,,
,,
,,
,,
,,
,,
,,
,,
,,
,,
,,
,,
,,
,,
,,
,,
,,
,,
,,
,,
,,
,,
,,
,,
,,
,,
,,
,,
,,
,,
,,
,,
,,
,,
,,
,,
,,
,,
,,
,,
,,
,,
,,
,,
,,
,,
,,
,,
,,
,,
,,
,,
,,
,,
,,
,,
,,
,,
,,
,,
,,
,,
,,
,,
,,
,,
,,
,,
,,
,,
,,
,,
,,
,,
,,
,,
,,
,,
,,
,,
,,
,,
,,
,,
,,
,,
,,
,,
,,
,,
,,
,,
,,
,,
,,
,,
,,
,,
,,
,,
,,
,,
,,
,,
,,
,,
,,
,,
,,
,,
,,
,,
,,
,,
,,
,,
,,
,,
,,
,,
,,
,,
,,
,,
,,
,,
,,
,,
,,
,,
,,
,,
,,
,,
,,
,,
,,
,,
,,
,,
,,
,,
,,
,,
,,
,,
,,
,,
,,
,,
,,
,,
,,
,,
,,
,,
,,
,,
,,
,,
,,
,,
,,
,,
,,
,,
,,
,,
,,
,,
,,
,,
,,
,,
,,
,,
,,
,,
,,
,,
,,
,,
,,
,,
,,
,,
,,
,,
,,
,,
,,
,,
,,
,,
,,
,,
,,
,,
,,
,,
,,
,,
,,
,,
,,
,,
,,
,,
,,
,,
,,
,,
,,
,,
,,
,,
,,
,,
,,
,,
,,
,,
,,
,,
,,
,,
,,
,,
,,
,,
,,
,,
,,
,,
,,
,,
,,
,,
,,
,,
,,
,,
,,
,,
,,
,,
,,
,,
,,
,,
,,
,,
,,
,,
,,
,,
,,
,,
,,
,,
,,
,,
,,
,,
,,
,,
,,
,,
,,
,,
,,
,,
,,
,,
,,
,,
,,
,,
,,
,,
,,
,,
,,
,,
,,
,,
,,
,,
,,
,,
,,
,,
,,
,,
,,
,,
,,
,,
,,
,,
,,
,,
,,
,,
,,
,,
,,
,,
,,
,,
,,
,,
,,
,,
,,
,,
,,
,,
,,
,,
,,
,,
,,
,,
,,
,,
,,
,,
,,
,,
,,
,,
,,
,,
,,
,,
,,
,,
,,
,,
,,
,,
,,
,,
,,
,,
,,
,,
,,
,,
,,
,,
,,
,,
,,
,,
,,
,,
,,
,,
,,
,,
,,
,,
,,
,,
,,
,,
,,
,,
,,
,,
,,
,,
,,
,,
,,
,,
,,
,,
,,
,,
,,
,,
,,
,,
,,
,,
,,
,,
,,
,,
,,
,,
,,
,,
,,
,,
,,
,,
,,
,,
,,
,,
,,
,,
,,
,,
,,
,,
,,
,,
,,
,,
,,
,,
,,
,,
,,
,,
,,
,,
,,
,,
,,
,,
,,
,,
,,
,,
,,
,,
,,
,,
,,
,,
,,
,,
,,
,,
,,
,,
,,
,,
,,
,,
,,
,,
,,
,,
,,
,,
,,
,,
,,
,,
,,
,,
,,
,,
,,
,,
,,
,,
,,
,,
,,
,,
,,
,,
,,
,,
,,
,,
,,
,,
,,
,,
,,
,,
,,
,,
,,
,,
,,
,,
,,
,,
,,
,,
,,
,,
,,
,,
,,
,,
,,
,,
,,
,,
,,
,,
,,
,,
,,
,,
,,
,,
,,
,,
,,
,,
,,
,,
,,
,,
,,
,,
,,
,,
,,
,,
,,
,,
,,
,,
,,
,,
,,
,,
,,
,,
,,
,,
,,
,,
,,
,,
,,
,,
,,
,,
,,
,,
,,
,,
,,
,,
,,
,,
,,
,,
,,
,,
,,
,,
,,
,,
,,
,,
,,
,,
,,
,,
,,
,,
,,
,,
,,
,,
,,
,,
,,
,,
,,
,,
,,
,,
,,
,,
,,
,,
,,
,,
,,
,,
,,
,,
,,
,,
,,
,,
,,
,,
,,
,,
,,
,,
,,
,,
,,
,,
,,
,,
,,
,,
,,
,,
,,
,,
,,
,,
,,
,,
,,
,,
,,
,,
,,
,,
,,
,,
,,
,,
,,
,,
,,
,,
,,
,,
,,
,,
,,
,,
,,
,,
,,
,,
,,
,,
,,
,,
,,
,,
,,
,,
,,
,,
,,
,,
,,
,,
,,
,,
,,
,,
,,
,,
,,
,,
,,
,,
,,
,,
,,
,,
,,
,,
,,
,,
,,
,,
,,
,,
,,
,,
,,
,,
,,
,,
,,
,,
,,
,,
,,
,,
,,
,,
,,
,,
,,
,,
,,
,,
,,
,,
,,
,,
,,
,,
,,
,,
,,
,,
,,
,,
,,
,,
,,
,,
,,
,,
,,
,,
,,
,,
,,
,,
,,
,,
,,
,,
,,
,,
,,
,,
,,
,,
,,
,,
,,
,,
,,
,,
,,
,,
,,
,,
,,
,,
,,
,,
,,
,,
,,
,,
,,
,,
,,
,,
,,
,,
,,
,,
,,
,,
,,
,,
,,
,,
,,
,,
,,
,,
,,
,,
,,
,,
,,
,,
,,
,,
,,
,,
,,
,,
,,
,,
,,
,,
,,
,,
,,
,,
,,
,,
,,
,,
,,
,,
,,
,,
,,
,,
,,
,,
,,
,,
,,
,,
,,
,,
,,
,,
,,
,,
,,
,,
,,
,,
,,
,,
,,
,,
,,
,,
,,
,,
,,
,,
,,
,,
,,
,,
,,
,,
,,
,,
,,
,,
,,
,,
,,
,,
,,
,,
,,
,,
,,
,,
,,
,,
,,
,,
,,
,,
,,
,,
,,
,,
,,
,,
,,
,,
,,
,,
,,
,,
,,
,,
,,
,,
,,
,,
,,
,,
,,
,,
,,
,,
,,
,,
,,
,,
,,
,,
,,
,,
,,
,,
,,
,,
,,
,,
,,
,,
,,
,,
,,
,,
,,
,,
,,
,,
,,
,,
,,
,,
,,
,,
,,
,,
,,
,,
,,
,,
,,
,,
,,
,,
,,
,,
,,
,,
,,
,,
,,
,,
,,
,,
,,
,,
,,
,,
,,
,,
,,
,,
,,
,,
,,
,,
,,
,,
,,
,,
,,
,,
,,
,,
,,
,,
,,
,,
,,
,,
,,
,,
,,
,,
,,
,,
,,
,,
,,
,,
,,
,,
,,
,,
,,
,,
,,
,,
,,
,,
,,
,,
,,
,,
,,
,,
,,
,,
,,
,,
,,
,,
,,
,,
,,
,,
,,
,,
,,
,,
,,
,,
,,
,,
,,
,,
,,
,,
,,
,,
,,
,,
,,
,,
,,
,,
,,
,,
,,
,,
,,
,,
,,
,,
,,
,,
,,
,,
,,
,,
,,
,,
,,
,,
,,
,,
,,
,,
,,
,,
,,
,,
,,
,,
,,
,,
,,
,,
,,
,,
,,
,,
,,
,,
,,
,,
,,
,,
,,
,,
,,
,,
,,
,,
,,
,,
,,
,,
,,
,,
,,
,,
,,
,,
,,
,,
,,
,,
,,
,,
,,
,,
,,
,,
,,
,,
,,
,,
,,
,,
,,
,,
,,
,,
,,
,,
,,
,,
,,
,,
,,
,,
,,
,,
,,
,,
,,
,,
,,
,,
,,
,,
,,
,,
,,
,,
,,
,,
,,
,,
,,
,,
,,
,,
,,
,,
,,
,,
,,
,,
,,
,,
,,
,,
,,
,,
,,
,,
,,
,,
,,
,,
,,
,,
,,
,,
,,
,,
,,
,,
,,
,,
,,
,,
,,
,,
,,
,,
,,
,,
,,
,,
,,
,,
,,
,,
,,
,,
,,
,,
,,
,,
,,
,,
,,
,,
,,
,,
,,
,,
,,
,,
,,
,,
,,
,,
,,
,,
,,
,,
,,
,,
,,
,,
,,
,,
,,
,,
,,
,,
,,
,,
,,
,,
,,
,,
,,
,,
,,
,,
,,
,,
,,
,,
,,
,,
,,
,,
,,
,,
,,
,,
,,
,,
,,
,,
,,
,,
,,
,,
,,
,,
,,
,,
,,
,,
,,
,,
,,
,,
,,
,,
,,
,,
,,
,,
,,
,,
,,
,,
,,
,,
,,
,,
,,
,,
,,
,,
,,
,,
,,
,,
,,
,,
,,
,,
,,
,,
,,
,,
,,
,,
,,
,,
,,
,,
,,
,,
,,
,,
,,
,,
,,
,,
,,
,,
,,
,,
,,
,,
,,
,,
,,
,,
,,
,,
,,
,,
,,
,,
,,
,,
,,
,,
,,
,,
,,
,,
,,
,,
,,
,,
,,
,,
,,
,,
,,
,,
,,
,,
,,
,,
,,
,,
,,
,,
,,
,,
,,
,,
,,
,,
,,
,,
,,
,,
,,
,,
,,
,,
,,
,,
,,
,,
,,
,,
,,
,,
,,
,,
,,
,,
,,
,,
,,
,,
,,
,,
,,
,,
,,
,,
,,
,,
,,
,,
,,
,,
,,
,,
,,
,,
,,
,,
,,
,,
,,
,,
,,
,,
,,
,,
,,
,,
,,
,,
,,
,,
,,
,,
,,
,,
,,
,,
,,
,,
,,
,,
,,
,,
,,
,,
,,
,,
,,
,,
,,
,,
,,
,,
,,
,,
,,
,,
,,
,,
,,
,,
,,
,,
,,
,,
,,
,,
,,
,,
,,
,,
,,
,,
,,
,,
,,
,,
,,
,,
,,
,,
,,
,,
,,
,,
,,
,,
,,
,,
,,
,,
,,
,,
,,
,,
,,
,,
,,
,,
,,
,,
,,
,,
,,
,,
,,
,,
,,
,,
,,
,,
,,
,,
,,
,,
,,
,,
,,
,,
,,
,,
,,
,,
,,
,,
,,
,,
,,
,,
,,
,,
,,
,,
,,
,,
,,
,,
,,
,,
,,
,,
,,
,,
,,
,,
,,
,,
,,
,,
,,
,,
,,
,,
,,
,,
,,
,,
,,
,,
,,
,,
,,
,,
,,
,,
,,
,,
,,
,,
,,
,,
,,
,,
,,
,,
,,
,,
,,
,,
,,
,,
,,
,,
,,
,,
,,
,,
,,
,,
,,
,,
,,
,,
,,
,,
,,
,,
,,
,,
,,
,,
,,
,,
,,
,,
,,
,,
,,
,,
,,
,,
,,
,,
,,
,,
,,
,,
,,
,,
,,
,,
,,
,,
,,
,,
,,
,,
,,
,,
,,
,,
,,
,,
,,
,,
,,
,,
,,
,,
,,
,,
,,
,,
,,
,,
,,
,,
,,
,,
,,
,,
,,
,,
,,
,,
,,
,,
,,
,,
,,
,,
,,
,,
,,
,,
,,
,,
,,
,,
,,
,,
,,
,,
,,
,,
,,
,,
,,
,,
,,
,,
,,
,,
,,
,,
,,
,,
,,
,,
,,
,,
,,
,,
,,
,,
,,
,,
,,
,,
,,
,,
,,
,,
,,
,,
,,
,,
,,
,,
,,
,,
,,
,,
,,
,,
,,
,,
,,
,,
,,
,,
,,
,,
,,
,,
,,
,,
,,
,,
,,
,,
,,
,,
,,
,,
,,
,,
,,
,,
,,
,,
,,
,,
,,
,,
,,
,,
,,
,,
,,
,,
,,
,,
,,
,,
,,
,,
,,
,,
,,
,,
,,
,,
,,
,,
,,
,,
,,
,,
,,
,,
,,
,,
,,
,,
,,
,,
,,
,,
,,
,,
,,
,,
,,
,,
,,
,,
,,
,,
,,
,,
,,
,,
,,
,,
,,
,,
,,
,,
,,
,,
,,
,,
,,
,,
,,
,,
,,
,,
,,
,,
,,
,,
,,
,,
,,
,,
,,
,,
,,
,,
,,
,,
,,
,,
,,
,,
,,
,,
,,
,,
,,
,,
,,
,,
,,
,,
,,
,,
,,
,,
,,
,,
,,
,,
,,
,,
,,
,,
,,
,,
,,
,,
,,
,,
,,
,,
,,
,,
,,
,,
,,
,,
,,
,,
,,
,,
,,
,,
,,
,,
,,
,,
,,
,,
,,
,,
,,
,,
,,
,,
,,
,,
,,
,,
,,
,,
,,
,,
,,
,,
,,
,,
,,
,,
,,
,,
,,
,,
,,
,,
,,
,,
,,
,,
,,
,,
,,
,,
,,
,,
,,
,,
,,
,,
,,
,,
,,
,,
,,
,,
,,
,,
,,
,,
,,
,,
,,
,,
,,
,,
,,
,,
,,
,,
,,
,,
,,
,,
,,
,,
,,
,,
,,
,,
,,
,,
,,
,,
,,
,,
,,
,,
,,
,,
,,
,,
,,
,,
,,
,,
,,
,,
,,
,,
,,
,,
,,
,,
,,
,,
,,
,,
,,
,,
,,
,,
,,
,,
,,
,,
,,
,,
,,
,,
,,
,,
,,
,,
,,
,,
,,
,,
,,
,,
,,
,,
,,
,,
,,
,,
,,
,,
,,
,,
,,
,,
,,
,,
,,
,,
,,
,,
,,
,,
,,
,,
,,
,,
,,
,,
,,
,,
,,
,,
,,
,,
,,
,,
,,
,,
,,
,,
,,
,,
,,
,,
,,
,,
,,
,,
,,
,,
,,
,,
,,
,,
,,
,,
,,
,,
,,
,,
,,
,,
,,
,,
,,
,,
,,
,,
,,
,,
,,
,,
,,
,,
,,
,,
,,
,,
,,
,,
,,
,,
,,
,,
,,
,,
,,
,,
,,
,,
,,
,,
,,
,,
,,
,,
,,
,,
,,
,,
,,
,,
,,
,,
,,
,,
,,
,,
,,
,,
,,
,,
,,
,,
,,
,,
,,
,,
,,
,,
,,
,,
,,
,,
,,
,,
,,
,,
,,
,,
,,
,,
,,
,,
,,
,,
,,
,,
,,
,,
,,
,,
,,
,,
,,
,,
,,
,,
,,
,,
,,
,,
,,
,,
,,
,,
,,
,,
,,
,,
,,
,,
,,
,,
,,
,,
,,
,,
,,
,,
,,
,,
,,
,,
,,
,,
,,
,,
,,
,,
,,
,,
,,
,,
,,
,,
,,
,,
,,
,,
,,
,,
,,
,,
,,
,,
,,
,,
,,
,,
,,
,,
,,
,,
,,
,,
,,
,,
,,
,,
,,
,,
,,
,,
,,
,,
,,
,,
,,
,,
,,
,,
,,
,,
,,
,,
,,
,,
,,
,,
,,
,,
,,
,,
,,
,,
,,
,,
,,
,,
,,
,,
,,
,,
,,
,,
,,
,,
,,
,,
,,
,,
,,
,,
,,
,,
,,
,,
,,
,,
,,
,,
,,
,,
,,
,,
,,
,,
,,
,,
,,
,,
,,
,,
,,
,,
,,
,,
,,
,,
,,
,,
,,
,,
,,
,,
,,
,,
,,
,,
,,
,,
,,
,,
,,
,,
,,
,,
,,
,,
,,
,,
,,
,,
,,
,,
,,
,,
,,
,,
,,
,,
,,
,,
,,
,,
,,
,,
,,
,,
,,
,,
,,
,,
,,
,,
,,
,,
,,
,,
,,
,,
,,
,,
,,
,,
,,
,,
,,
,,
,,
,,
,,
,,
,,
,,
,,
,,
,,
,,
,,
,,
,,
,,
,,
,,
,,
,,
,,
,,
,,
,,
,,
,,
,,
,,
,,
,,
,,
,,
,,
,,
,,
,,
,,
,,
,,
,,
,,
,,
,,
,,
,,
,,
,,
,,
,,
,,
,,
,,
,,
,,
,,
,,
,,
,,
,,
,,
,,
,,
,,
,,
,,
,,
,,
,,
,,
,,
,,
,,
,,
,,
,,
,,
,,
,,
,,
,,
,,
,,
,,
,,
,,
,,
,,
,,
,,
,,
,,
,,
,,
,,
,,
,,
,,
,,
,,
,,
,,
,,
,,
,,
,,
,,
,,
,,
,,
,,
,,
,,
,,
,,
,,
,,
,,
,,
,,
,,
,,
,,
,,
,,
,,
,,
,,
,,
,,
,,
,,
,,
,,
,,
,,
,,
,,
,,
,,
,,
,,
,,
,,
,,
,,
,,
,,
,,
,,
,,
,,
,,
,,
,,
,,
,,
,,
,,
,,
,,
,,
,,
,,
,,
,,
,,
,,
,,
,,
,,
,,
,,
,,
,,
,,
,,
,,
,,
,,
,,
,,
,,
,,
,,
,,
,,
,,
,,
,,
,,
,,
,,
,,
,,
,,
,,
,,
,,
,,
,,
,,
,,
,,
,,
,,
,,
,,
,,
,,
,,
,,
,,
,,
,,
,,
,,
,,
,,
,,
,,
,,
,,
,,
,,
,,
,,
,,
,,
,,
,,
,,
,,
,,
,,
,,
,,
,,
,,
,,
,,
,,
,,
,,
,,
,,
,,
,,
,,
,,
,,
,,
,,
,,
,,
,,
,,
,,
,,
,,
,,
,,
,,
,,
,,
,,
,,
,,
,,
,,
,,
,,
,,
,,
,,
,,
,,
,,
,,
,,
,,
,,
,,
,,
,,
,,
,,
,,
,,
,,
,,
,,
,,
,,
,,
,,
,,
,,
,,
,,
,,
,,
,,
,,
,,
,,
,,
,,
,,
,,
,,
,,
,,
,,
,,
,,
,,
,,
,,
,,
,,
,,
,,
,,
,,
,,
,,
,,
,,
,,
,,
,,
,,
,,
,,
,,
,,
,,
,,
,,
,,
,,
,,
,,
,,
,,
,,
,,
,,
,,
,,
,,
,,
,,
,,
,,
,,
,,
,,
,,
,,
,,
,,
,,
,,
,,
,,
,,
,,
,,
,,
,,
,,
,,
,,
,,
,,
,,
,,
,,
,,
,,
,,
,,
,,
,,
,,
,,
,,
,,
,,
,,
,,
,,
,,
,,
,,
,,
,,
,,
,,
,,
,,
,,
,,
,,
,,
,,
,,
,,
,,
,,
,,
,,
,,
,,
,,
,,
,,
,,
,,
,,
,,
,,
,,
,,
,,
,,
,,
,,
,,
,,
,,
,,
,,
,,
,,
,,
,,
,,
,,
,,
,,
,,
,,
,,
,,
,,
,,
,,
,,
,,
,,
,,
,,
,,
,,
,,
,,
,,
,,
,,
,,
,,
,,
,,
,,
,,
,,
,,
,,
,,
,,
,,
,,
,,
,,
,,
,,
,,
,,
,,
,,
,,
,,
,,
,,
,,
,,
,,
,,
,,
,,
,,
,,
,,
,,
,,
,,
,,
,,
,,
,,
,,
,,
,,
,,
,,
,,
,,
,,
,,
,,
,,
,,
,,
,,
,,
,,
,,
,,
,,
,,
,,
,,
,,
,,
,,
,,
,,
,,
,,
,,
,,
,,
,,
,,
,,
,,
,,
,,
,,
,,
,,
,,
,,
,,
,,
,,
,,
,,
,,
,,
,,
,,
,,
,,
,,
,,
,,
,,
,,
,,
,,
,,
,,
,,
,,
,,
,,
,,
,,
,,
,,
,,
,,
,,
,,
,,
,,
,,
,,
,,
,,
,,
,,
,,
,,
,,
,,
,,
,,
,,
,,
,,
,,
,,
,,
,,
,,
,,
,,
,,
,,
,,
,,
,,
,,
,,
,,
,,
,,
,,
,,
,,
,,
,,
,,
,,
,,
,,
,,
,,
,,
,,
,,
,,
,,
,,
,,
,,
,,
,,
,,
,,
,,
,,
,,
,,
,,
,,
,,
,,
,,
,,
,,
,,
,,
,,
,,
,,
,,
,,
,,
,,
,,
,,
,,
,,
,,
,,
,,
,,
,,
,,
,,
,,
,,
,,
,,
,,
,,
,,
,,
,,
,,
,,
,,
,,
,,
,,
,,
,,
,,
,,
,,
,,
,,
,,
,,
,,
,,
,,
,,
,,
,,
,,
,,
,,
,,
,,
,,
,,
,,
,,
,,
,,
,,
,,
,,
,,
,,
,,
,,
,,
,,
,,
,,
,,
,,
,,
,,
,,
,,
,,
,,
,,
,,
,,
,,
,,
,,
,,
,,
,,
,,
,,
,,
,,
,,
,,
,,
,,
,,
,,
,,
,,
,,
,,
,,
,,
,,
,,
,,
,,
,,
,,
,,
,,
,,
,,
,,
,,
,,
,,
,,
,,
,,
,,
,,
,,
,,
,,
,,
,,
,,
,,
,,
,,
,,
,,
,,
,,
,,
,,
,,
,,
,,
,,
,,
,,
,,
,,
,,
,,
,,
,,
,,
,,
,,
,,
,,
,,
,,
,,
,,
,,
,,
,,
,,
,,
,,
,,
,,
,,
,,
,,
,,
,,
,,
,,
,,
,,
,,
,,
,,
,,
,,
,,
,,
,,
,,
,,
,,
,,
,,
,,
,,
,,
,,
,,
,,
,,
,,
,,
,,
,,
,,
,,
,,
,,
,,
,,
,,
,,
,,
,,
,,
,,
,,
,,
,,
,,
,,
,,
,,
,,
,,
,,
,,
,,
,,
,,
,,
,,
,,
,,
,,
,,
,,
,,
,,
,,
,,
,,
,,
,,
,,
,,
,,
,,
,,
,,
,,
,,
,,
,,
,,
,,
,,
,,
,,
,,
,,
,,
,,
,,
,,
,,
,,
,,
,,
,,
,,
,,
,,
,,
,,
,,
,,
,,
,,
,,
,,
,,
,,
,,
,,
,,
,,
,,
,,
,,
,,
,,
,,
,,
,,
,,
,,
,,
,,
,,
,,
,,
,,
,,
,,
,,
,,
,,
,,
,,
,,
,,
,,
,,
,,
,,
,,
,,
,,
,,
,,
,,
,,
,,
,,
,,
,,
,,
,,
,,
,,
,,
,,
,,
,,
,,
,,
,,
,,
,,
,,
,,
,,
,,
,,
,,
,,
,,
,,
,,
,,
,,
,,
,,
,,
,,
,,
,,
,,
,,
,,
,,
,,
,,
,,
,,
,,
,,
,,
,,
,,
,,
,,
,,
,,
,,
,,
,,
,,
,,
,,
,,
,,
,,
,,
,,
,,
,,
,,
,,
,,
,,
,,
,,
,,
,,
,,
,,
,,
,,
,,
,,
,,
,,
,,
,,
,,
,,
,,
,,
,,
,,
,,
,,
,,
,,
,,
,,
,,
,,
,,
,,
,,
,,
,,
,,
,,
,,
,,
,,
,,
,,
,,
,,
,,
,,
,,
,,
,,
,,
,,
,,
,,
,,
,,
,,
,,
,,
,,
,,
,,
,,
,,
,,
,,
,,
,,
,,
,,
,,
,,
,,
,,
,,
,,
,,
,,
,,
,,
,,
,,
,,
,,
,,
,,
,,
,,
,,
,,
,,
,,
,,
,,
,,
,,
,,
,,
,,
,,
,,
,,
,,
,,
,,
,,
,,
,,
,,
,,
,,
,,
,,
,,
,,
,,
,,
,,
,,
,,
,,
,,
,,
,,
,,
,,
,,
,,
,,
,,
,,
,,
,,
,,
,,
,,
,,
,,
,,
,,
,,
,,
,,
,,
,,
,,
,,
,,
,,
,,
,,
,,
,,
,,
,,
,,
,,
,,
,,
,,
,,
,,
,,
,,
,,
,,
,,
,,
,,
,,
,,
,,
,,
,,
,,
,,
,,
,,
,,
,,
,,
,,
,,
,,
,,
,,
,,
,,
,,
,,
,,
,,
,,
,,
,,
,,
,,
,,
,,
,,
,,
,,
,,
,,
,,
,,
,,
,,
,,
,,
,,
,,
,,
,,
,,
,,
,,
,,
,,
,,
,,
,,
,,
,,
,,
,,
,,
,,
,,
,,
,,
,,
,,
,,
,,
,,
,,
,,
,,
,,
,,
,,
,,
,,
,,
,,
,,
,,
,,
,,
,,
,,
,,
,,
,,
,,
,,
,,
,,
,,
,,
,,
,,
,,
,,
,,
,,
,,
,,
,,
,,
,,
,,
,,
,,
,,
,,
,,
,,
,,
,,
,,
,,
,,
,,
,,
,,
,,
,,
,,
,,
,,
,,
,,
,,
,,
,,
,,
,,
,,
,,
,,
,,
,,
,,
,,
,,
,,
,,
,,
,,
,,
,,
,,
,,
,,
,,
,,
,,
,,
,,
,,
,,
,,
,,
,,
,,
,,
,,
,,
,,
,,
,,
,,
,,
,,
,,
,,
,,
,,
,,
,,
,,
,,
,,
,,
,,
,,
,,
,,
,,
,,
,,
,,
,,
,,
,,
,,
,,
,,
,,
,,
,,
,,
,,
,,
,,
,,
,,
,,
,,
,,
,,
,,
,,
,,
,,
,,
,,
,,
,,
,,
,,
,,
,,
,,
,,
,,
,,
,,
,,
,,
,,
,,
,,
,,
,,
,,
,,
,,
,,
,,
,,
,,
,,
,,
,,
,,
,,
,,
,,
,,
,,
,,
,,
,,
,,
,,
,,
,,
,,
,,
,,
,,
,,
,,
,,
,,
,,
,,
,,
,,
,,
,,
,,
,,
,,
,,
,,
,,
,,
,,
,,
,,
,,
,,
,,
,,
,,
,,
,,
,,
,,
,,
,,
,,
,,
,,
,,
,,
,,
,,
,,
,,
,,
,,
,,
,,
,,
,,
,,
,,
,,
,,
,,
,,
,,
,,
,,
,,
,,
,,
,,
,,
,,
,,
,,
,,
,,
,,
,,
,,
,,
,,
,,
,,
,,
,,
,,
,,
,,
,,
,,
,,
,,
,,
,,
,,
,,
,,
,,
,,
,,
,,
,,
,,
,,
,,
,,
,,
,,
,,
,,
,,
,,
,,
,,
,,
,,
,,
,,
,,
,,
,,
,,
,,
,,
,,
,,
,,
,,
,,
,,
,,
,,
,,
,,
,,
,,
,,
,,
,,
,,
,,
,,
,,
,,
,,
,,
,,
,,
,,
,,
,,
,,
,,
,,
,,
,,
,,
,,
,,
,,
,,
,,
,,
,,
,,
,,
,,
,,
,,
,,
,,
,,
,,
,,
,,
,,
,,
,,
,,
,,
,,
,,
,,
,,
,,
,,
,,
,,
,,
,,
,,
,,
,,
,,
,,
,,
,,
,,
,,
,,
,,
,,
,,
,,
,,
,,
,,
,,
,,
,,
,,
,,
,,
,,
,,
,,
,,
,,
,,
,,
,,
,,
,,
,,
,,
,,
,,
,,
,,
,,
,,
,,
,,
,,
,,
,,
,,
,,
,,
,,
,,
,,
,,
,,
,,
,,
,,
,,
,,
,,
,,
,,
,,
,,
,,
,,
,,
,,
,,
,,
,,
,,
,,
,,
,,
,,
,,
,,
,,
,,
,,
,,
,,
,,
,,
,,
,,
,,
,,
,,
,,
,,
,,
,,
,,
,,
,,
,,
,,
,,
,,
,,
,,
,,
,,
,,
,,
,,
,,
,,
,,
,,
,,
,,
,,
,,
,,
,,
,,
,,
,,
,,
,,
,,
,,
,,
,,
,,
,,
,,
,,
,,
,,
,,
,,
,,
,,
,,
,,
,,
,,
,,
,,
,,
,,
,,
,,
,,
,,
,,
,,
,,
,,
,,
,,
,,
,,
,,
,,
,,
,,
,,
,,
,,
,,
,,
,,
,,
,,
,,
,,
,,
,,
,,
,,
,,
,,
,,
,,
,,
,,
,,
,,
,,
,,
,,
,,
,,
,,
,,
,,
,,
,,
,,
,,
,,
,,
,,
,,
,,
,,
,,
,,
,,
,,
,,
,,
,,
,,
,,
,,
,,
,,
,,
,,
,,
,,
,,
,,
,,
,,
,,
,,
,,
,,
,,
,,
,,
,,
,,
,,
,,
,,
,,
,,
,,
,,
,,
,,
,,
,,
,,
,,
,,
,,
,,
,,
,,
,,
,,
,,
,,
,,
,,
,,
,,
,,
,,
,,
,,
,,
,,
,,
,,
,,
,,
,,
,,
,,
,,
,,
,,
,,
,,
,,
,,
,,
,,
,,
,,
,,
,,
,,
,,
,,
,,
,,
,,
,,
,,
,,
,,
,,
,,
,,
,,
,,
,,
,,
,,
,,
,,
,,
,,
,,
,,
,,
,,
,,
,,
,,
,,
,,
,,
,,
,,
,,
,,
,,
,,
,,
,,
,,
,,
,,
,,
,,
,,
,,
,,
,,
,,
,,
,,
,,
,,
,,
,,
,,
,,
,,
,,
,,
,,
,,
,,
,,
,,
,,
,,
,,
,,
,,
,,
,,
,,
,,
,,
,,
,,
,,
,,
,,
,,
,,
,,
,,
,,
,,
,,
,,
,,
,,
,,
,,
,,
,,
,,
,,
,,
,,
,,
,,
,,
,,
,,
,,
,,
,,
,,
,,
,,
,,
,,
,,
,,
,,
,,
,,
,,
,,
,,
,,
,,
,,
,,
,,
,,
,,
,,
,,
,,
,,
,,
,,
,,
,,
,,
,,
,,
,,
,,
,,
,,
,,
,,
,,
,,
,,
,,
,,
,,
,,
,,
,,
,,
,,
,,
,,
,,
,,
,,
,,
,,
,,
,,
,,
,,
,,
,,
,,
,,
,,
,,
,,
,,
,,
,,
,,
,,
,,
,,
,,
,,
,,
,,
,,
,,
,,
,,
,,
,,
,,
,,
,,
,,
,,
,,
,,
,,
,,
,,
,,
,,
,,
,,
,,
,,
,,
,,
,,
,,
,,
,,
,,
,,
,,
,,
,,
,,
,,
,,
,,
,,
,,
,,
,,
,,
,,
,,
,,
,,
,,
,,
,,
,,
,,
,,
,,
,,
,,
,,
,,
,,
,,
,,
,,
,,
,,
,,
,,
,,
,,
,,
,,
,,
,,
,,
,,
,,
,,
,,
,,
,,
,,
,,
,,
,,
,,
,,
,,
,,
,,
,,
,,
,,
,,
,,
,,
,,
,,
,,
,,
,,
,,
,,
,,
,,
,,
,,
,,
,,
,,
,,
,,
,,
,,
,,
,,
,,
,,
,,
,,
,,
,,
,,
,,
,,
,,
,,
,,
,,
,,
,,
,,
,,
,,
,,
,,
,,
,,
,,
,,
,,
,,
,,
,,
,,
,,
,,
,,
,,
,,
,,
,,
,,
,,
,,
,,
,,
,,
,,
,,
,,
,,
,,
,,
,,
,,
,,
,,
,,
,,
,,
,,
,,
,,
,,
,,
,,
,,
,,
,,
,,
,,
,,
,,
,,
,,
,,
,,
,,
,,
,,
,,
,,
,,
,,
,,
,,
,,
,,
,,
,,
,,
,,
,,
,,
,,
,,
,,
,,
,,
,,
,,
,,
,,
,,
,,
,,
,,
,,
,,
,,
,,
,,
,,
,,
,,
,,
,,
,,
,,
,,
,,
,,
,,
,,
,,
,,
,,
,,
,,
,,
,,
,,
,,
,,
,,
,,
,,
,,
,,
,,
,,
,,
,,
,,
,,
,,
,,
,,
,,
,,
,,
,,
,,
,,
,,
,,
,,
,,
,,
,,
,,
,,
,,
,,
,,
,,
,,
,,
,,
,,
,,
,,
,,
,,
,,
,,
,,
,,
,,
,,
,,
,,
,,
,,
,,
,,
,,
,,
,,
,,
,,
,,
,,
,,
,,
,,
,,
,,
,,
,,
,,
,,
,,
,,
,,
,,
,,
,,
,,
,,
,,
,,
,,
,,
,,
,,
,,
,,
,,
,,
,,
,,
,,
,,
,,
,,
,,
,,
,,
,,
,,
,,
,,
,,
,,
,,
,,
,,
,,
,,
,,
,,
,,
,,
,,
,,
,,
,,
,,
,,
,,
,,
,,
,,
,,
,,
,,
,,
,,
,,
,,
,,
,,
,,
,,
,,
,,
,,
,,
,,
,,
,,
,,
,,
,,
,,
,,
,,
,,
,,
,,
,,
,,
,,
,,
,,
,,
,,
,,
,,
,,
,,
,,
,,
,,
,,
,,
,,
,,
,,
,,
,,
,,
,,
,,
,,
,,
,,
,,
,,
,,
,,
,,
,,
,,
,,
,,
,,
,,
,,
,,
,,
,,
,,
,,
,,
,,
,,
,,
,,
,,
,,
,,
,,
,,
,,
,,
,,
,,
,,
,,
,,
,,
,,
,,
,,
,,
,,
,,
,,
,,
,,
,,
,,
,,
,,
,,
,,
,,
,,
,,
,,
,,
,,
,,
,,
,,
,,
,,
,,
,,
,,
,,
,,
,,
,,
,,
,,
,,
,,
,,
,,
,,
,,
,,
,,
,,
,,
,,
,,
,,
,,
,,
,,
,,
,,
,,
,,
,,
,,
,,
,,
,,
,,
,,
,,
,,
,,
,,
,,
,,
,,
,,
,,
,,
,,
,,
,,
,,
,,
,,
,,
,,
,,
,,
,,
,,
,,
,,
,,
,,
,,
,,
,,
,,
,,
,,
,,
,,
,,
,,
,,
,,
,,
,,
,,
,,
,,
,,
,,
,,
,,
,,
,,
,,
,,
,,
,,
,,
,,
,,
,,
,,
,,
,,
,,
,,
,,
,,
,,
,,
,,
,,
,,
,,
,,
,,
,,
,,
,,
,,
,,
,,
,,
,,
,,
,,
,,
,,
,,
,,
,,
,,
,,
,,
,,
,,
,,
,,
,,
,,
,,
,,
,,
,,
,,
,,
,,
,,
,,
,,
,,
,,
,,
,,
,,
,,
,,
,,
,,
,,
,,
,,
,,
,,
,,
,,
,,
,,
,,
,,
,,
,,
,,
,,
,,
,,
,,
,,
,,
,,
,,
,,
,,
,,
,,
,,
,,
,,
,,
,,
,,
,,
,,
,,
,,
,,
,,
,,
,,
,,
,,
,,
,,
,,
,,
,,
,,
,,
,,
,,
,,
,,
,,
,,
,,
,,
,,
,,
,,
,,
,,
,,
,,
,,
,,
,,
,,
,,
,,
,,
,,
,,
,,
,,
,,
,,
,,
,,
,,
,,
,,
,,
,,
,,
,,
,,
,,
,,
,,
,,
,,
,,
,,
,,
,,
,,
,,
,,
,,
,,
,,
,,
,,
,,
,,
,,
,,
,,
,,
,,
,,
,,
,,
,,
,,
,,
,,
,,
,,
,,
,,
,,
,,
,,
,,
,,
,,
,,
,,
,,
,,
,,
,,
,,
,,
,,
,,
,,
,,
,,
,,
,,
,,
,,
,,
,,
,,
,,
,,
,,
,,
,,
,,
,,
,,
,,
,,
,,
,,
,,
,,
,,
,,
,,
,,
,,
,,
,,
,,
,,
,,
,,
,,
,,
,,
,,
,,
,,
,,
,,
,,
,,
,,
,,
,,
,,
,,
,,
,,
,,
,,
,,
,,
,,
,,
,,
,,
,,
,,
,,
,,
,,
,,
,,
,,
,,
,,
,,
,,
,,
,,
,,
,,
,,
,,
,,
,,
,,
,,
,,
,,
,,
,,
,,
,,
,,
,,
,,
,,
,,
,,
,,
,,
,,
,,
,,
,,
,,
,,
,,
,,
,,
,,
,,
,,
,,
,,
,,
,,
,,
,,
,,
,,
,,
,,
,,
,,
,,
,,
,,
,,
,,
,,
,,
,,
,,
,,
,,
,,
,,
,,
,,
,,
,,
,,
,,
,,
,,
,,
,,
,,
,,
,,
,,
,,
,,
,,
,,
,,
,,
,,
,,
,,
,,
,,
,,
,,
,,
,,
,,
,,
,,
,,
,,
,,
,,
,,
,,
,,
,,
,,
,,
,,
,,
,,
,,
,,
,,
,,
,,
,,
,,
,,
,,
,,
,,
,,
,,
,,
,,
,,
,,
,,
,,
,,
,,
,,
,,
,,
,,
,,
,,
,,
,,
,,
,,
,,
,,
,,
,,
,,
,,
,,
,,
,,
,,
,,
,,
,,
,,
,,
,,
,,
,,
,,
,,
,,
,,
,,
,,
,,
,,
,,
,,
,,
,,
,,
,,
,,
,,
,,
,,
,,
,,
,,
,,
,,
,,
,,
,,
,,
,,
,,
,,
,,
,,
,,
,,
,,
,,
,,
,,
,,
,,
,,
,,
,,
,,
,,
,,
,,
,,
,,
,,
,,
,,
,,
,,
,,
,,
,,
,,
,,
,,
,,
,,
,,
,,
,,
,,
,,
,,
,,
,,
,,
,,
,,
,,
,,
,,
,,
,,
,,
,,
,,
,,
,,
,,
,,
,,
,,
,,
,,
,,
,,
,,
,,
,,
,,
,,
,,
,,
,,
,,
,,
,,
,,
,,
,,
,,
,,
,,
,,
,,
,,
,,
,,
,,
,,
,,
,,
,,
,,
,,
,,
,,
,,
,,
,,
,,
,,
,,
,,
,,
,,
,,
,,
,,
,,
,,
,,
,,
,,
,,
,,
,,
,,
,,
,,
,,
,,
,,
,,
,,
,,
,,
,,
,,
,,
,,
,,
,,
,,
,,
,,
,,
,,
,,
,,
,,
,,
,,
,,
,,
,,
,,
,,
,,
,,
,,
,,
,,
,,
,,
,,
,,
,,
,,
,,
,,
,,
,,
,,
,,
,,
,,
,,
,,
,,
,,
,,
,,
,,
,,
,,
,,
,,
,,
,,
,,
,,
,,
,,
,,
,,
,,
,,
,,
,,
,,
,,
,,
,,
,,
,,
,,
,,
,,
,,
,,
,,
,,
,,
,,
,,
,,
,,
,,
,,
,,
,,
,,
,,
,,
,,
,,
,,
,,
,,
,,
,,
,,
,,
,,
,,
,,
,,
,,
,,
,,
,,
,,
,,
,,
,,
,,
,,
,,
,,
,,
,,
,,
,,
,,
,,
,,
,,
,,
,,
,,
,,
,,
,,
,,
,,
,,
,,
,,
,,
,,
,,
,,
,,
,,
,,
,,
,,
,,
,,
,,
,,
,,
,,
,,
,,
,,
,,
,,
,,
,,
,,
,,
,,
,,
,,
,,
,,
,,
,,
,,
,,
,,
,,
,,
,,
,,
,,
,,
,,
,,
,,
,,
,,
,,
,,
,,
,,
,,
,,
,,
,,
,,
,,
,,
,,
,,
,,
,,
,,
,,
,,
,,
,,
,,
,,
,,
,,
,,
,,
,,
,,
,,
,,
,,
,,
,,
,,
,,
,,
,,
,,
,,
,,
,,
,,
,,
,,
,,
,,
,,
,,
,,
,,
,,
,,
,,
,,
,,
,,
,,
,,
,,
,,
,,
,,
,,
,,
,,
,,
,,
,,
,,
,,
,,
,,
,,
,,
,,
,,
,,
,,
,,
,,
,,
,,
,,
,,
,,
,,
,,
,,
,,
,,
,,
,,
,,
,,
,,
,,
,,
,,
,,
,,
,,
,,
,,
,,
,,
,,
,,
,,
,,
,,
,,
,,
,,
,,
,,
,,
,,
,,
,,
,,
,,
,,
,,
,,
,,
,,
,,
,,
,,
,,
,,
,,
,,
,,
,,
,,
,,
,,
,,
,,
,,
,,
,,
,,
,,
,,
,,
,,
,,
,,
,,
,,
,,
,,
,,
,,
,,
,,
,,
,,
,,
,,
,,
,,
,,
,,
,,
,,
,,
,,
,,
,,
,,
,,
,,
,,
,,
,,
,,
,,
,,
,,
,,
,,
,,
,,
,,
,,
,,
,,
,,
,,
,,
,,
,,
,,
,,
,,
,,
,,
,,
,,
,,
,,
,,
,,
,,
,,
,,
,,
,,
,,
,,
,,
,,
,,
,,
,,
,,
,,
,,
,,
,,
,,
,,
,,
,,
,,
,,
,,
,,
,,
,,
,,
,,
,,
,,
,,
,,
,,
,,
,,
,,
,,
,,
,,
,,
,,
,,
,,
,,
,,
,,
,,
,,
,,
,,
,,
,,
,,
,,
,,
,,
,,
,,
,,
,,
,,
,,
,,
,,
,,
,,
,,
,,
,,
,,
,,
,,
,,
,,
,,
,,
,,
,,
,,
,,
,,
,,
,,
,,
,,
,,
,,
,,
,,
,,
,,
,,
,,
,,
,,
,,
,,
,,
,,
,,
,,
,,
,,
,,
,,
,,
,,
,,
,,
,,
,,
,,
,,
,,
,,
,,
,,
,,
,,
,,
,,
,,
,,
,,
,,
,,
,,
,,
,,
,,
,,
,,
,,
,,
,,
,,
,,
,,
,,
,,
,,
,,
,,
,,
,,
,,
,,
,,
,,
,,
,,
,,
,,
,,
,,
,,
,,
,,
,,
,,
,,
,,
,,
,,
,,
,,
,,
,,
,,
,,
,,
,,
,,
,,
,,
,,
,,
,,
,,
,,
,,
,,
,,
,,
,,
,,
