label,language,source,text
food,tl,wikipedia_tl,"ang adobo (mula sa kastilang : ""inatsara"" o ""kinilaw"") ay isa sa mga pinakasikat na ulam at paraan ng pagluluto sa lutuing pilipino. nilalaman ito ng karne, lamang dagat, o gulay na ibinababad sa haluan ng suka, toyo, bawang, dahon ng laurel, at paminta. ipiniprito muna ang karneng sangkap bago pakuluan sa tinimplang sabaw. natuturing ito paminsan-minsan bilang di-opisyal na pambansang lutuin ng pilipinas. kasaysayan katutubo ang lutong adobo sa pilipinas. kadalasan, iniluto o inihanda ng mga iba't ibang taong prekolonyal ang kani-kanilang pagkain sa suka at asin upang mapreserba sa klimang tropikal. ang suka ay isa sa mga pinakamahalagang sangkap sa lutuing pilipino, na may apat na klase: tuba (mula sa niyog), basi (mula sa tubo), sasa, at kaong. may koneksyon itong lahat sa tradisyonal na permentasyon ng alkohol . sa pilipinas, mayroong apat na pangunahing lutong-suka ayon sa tradisyon: kinilaw (hilaw na lamang-dagat sa suka at espesya), paksiw (sinabawang karne na may suka at espesya), sangkutsa (bahagyang pagluluto ng karne sa suka at espesya), at sa huli adobo (isang sabaw na may suka, bawang, asin/toyo, at iba pang espesya). pinaniniwalaan na nagmula ang paksiw, sangkutsa,"
food,tl,wikipedia_tl,"ang sinigang ay isang lutuin at pagkaing pilipino na kilala para sa maasim at malinamnam na lasa nito. madalas na nauugnay ito sa sampalok, ngunit maaaring gumamit ng mga ibang maaasim na prutas at dahon, katulad ng kamyas, o bayabas bilang pampaasim. isa ito sa mga pinakasikat na ulam sa lutuing pilipino. kadalasang sinasabayan ng kanin ang sabaw. noong 2021, minarkahan ng tasteatlas ang sinigang bilang ang pinakamagandang sabaw na gulay. pinagmulan nanggaling ang pangalan nito sa pandiwang sigang sa wikang tagalog. habang laganap ito sa buong bansa, inaakala na nagmula ito sa kulturang tagalog. kaya itinuturing na ibang uri ng pagkain ang mga kahawig na sabaw sa visayas at mindanao (tulad ng linarang), at nag-iiba rin ang mga ginagamit na sangkap. karaniwang nilalagyan ang sabaw ng patis bilang kondimento. mga sangkap sa modernong panahon, madalas na nauugnay ang sinigang sa sampalok, ngunit dati tumukoy ito sa anumang karne o lamang-dagat na niluto sa maasim at asidong sabaw, kahawig ng ngunit naiiba mula sa paksiw (na gumagamit ng suka). sa mga ibang baryasyon nitong ulam, kinukuha ang asim mula sa mga katutubong sangkap. kabilang sa mga pampaasim na ito ang hilaw na mangga,"
food,tl,wikipedia_tl,"ang lutuing pilipino ay ang pinagsama samang lutuin ng iba’t ibang mga pangkat etniko ng pilipinas. naimpluwensiyahan ito ng mga lutuin ng mga tsino, kastila, at mga amerikano. ipinapakita sa lutong pilipino ang kasaysayan ng pilipinas. lumitaw ang pagiging katangi-tangi at kaiba nito mula sa pagkakaroon ng batayan ng mga sangkap na malay, intsik, hindu, kastila, at amerikano. ang katutubo talagang pagkaing pilipino ay malapit sa mga katutubong lutuin sa indonesia, malaysiya, thailand, at ibang mga bansa sa asya. isa sa nakaugaliang gawi sa pagkain ng mga pilipino ang pagkakamay o paghuhugis-bilog ng kanin sa pamamagitan ng mga daliri habang pinipisil sa plato bago isubo sa bibig. paglalarawan hindi gaanong may panimpla o pampalasa ang talagang mga katutubong lutuing pilipino bagaman maraming makukuhang mga pampalasa o panimpla sa pilipinas. pinakapayak na pagkain sa bansa ang kanin o nilutong bigas. pangunahing napagkukunan ng protina ang isda, ngunit karaniwan din ang pagkain ng karne ng baboy at manok. mayroon ding kumakain ng bibe. mayroon din karne ng baka sa bansa subalit mas mataas ang halaga ng karneng sapagkat hindi gaanong napapaunlad ang industriya nito. hindi bantog"
food,tl,wikipedia_tl,"ang ay isang lutuing hapones na binubuo ng hinandang kaning may suka (鮨飯 sushi-meshi), kadalasang may kaunting asukal at asin, kasama pa ng mga iba't ibang kasangkapan (ネタ neta), katulad ng pagkaing-dagat, gulay, at paminsan-minsan tropikal na prutas. nag-iiba ang mga estilo ng sushi at anyo ng kanyang presentasyon ngunit ang lahat ng sushi ay may ""kaning sushi"" na tinatawag na shari (しゃり) o sumeshi (酢飯). hindi na ginagamit ang salitang sushi sa kanyang orihinal na konteksto; ""maasim"" ang literal na kahulugan nito. tradisyunal na binubuo ang sushi ng kaning puti na may katamtamang butil, ngunit maaari itong ihanda gamit ang kaning kayumanggi o kaning may maikling butil. kadalasang inihahanda ito kasama ng pagkaing-dagat, katulad ng pusit, igat, yellowtail, salmon, tuna, o crab stick. pangugulayin ang mararaming sushi. madalas na inihahain ito kasama ng gari, wasabi, at toyo. tanyag na palamuti ng putahe ang daikon (takuan). ikinalilito minsan ang sushi bilang sashimi, isang kaugnay na ulam sa lutuing hapones na binubuo ng hinating isda na ihinaing hilaw, minsan karne, na ipinapares sa kanin (opsyonal). kasaysayan nagmumula ang sushi sa timong-silangang asya, kilala ngayon bilang"
food,tl,wikipedia_tl,"ang satay o sate (baybay ng kbbi: satai) ay ang pagkain na ginawa mula sa maliliit na piraso ng karne na tinusok sa paraang pagbutas ng mga dahon ng niyog o kawayan at pagkatapos ay inihaw gamit ang mga uling na karbon ang satay ay may iba't ibang pampalasa na umaasa sa mga pagkakaiba-iba sa mga paraan ng pagluluto ng satay. ang karne na ginamit bilang satay ay kinabibilangan ng manok, kambing, tupa, karne ng baka, karne ng baboy, kuneho, kabayo, at iba pa. ang satay ay kilala na nagmula sa java, indonesia, at matatagpuan sa kahit saan sa indonesia at itinuturing na isa sa mga lutuing pambansang indonesia. ang satay ay popular din sa iba pang mga bansa sa timog-silangang asya tulad ng malaysia, singapore, pilipinas at thailand . ang satay ay popular din sa netherlands na naiimpluwensyahan ng lutuing indones na dating kani-kanilang mga kolonya. ang satay ay isang popular na ulam sa indonesia; na may iba't ibang grupo ng etniko at tradisyon ng sining ng pagluluto (tingnan ang lutuing indonesia) ay gumawa ng iba't ibang uri ng satay. sa indonesia, ang satay ay maaaring makuha mula sa mga naglalakbay na mangangalakal ng satay, mga pedagang kaki lima sa mga kuwartel sa tabi ng daan, sa"
food,tl,wikipedia_tl,"{{infobox person |name = hesus |image = stjohnsashfield stainedglass goodshepherd-frame crop.jpg|alt=jesus as good shepherd. |caption = si hesus bilang mabuting pastol (stained glass at st john's ashfield) |birth_date = 7–2 bc/bce |language = aramaiko, griyego koine |birth_place = judaea, imperyo romano |death_place = judaea, imperyo romano |death_date = 30–36 ad/ce |death_cause = pagpapako sa krus<ref name=jdunn339>'jesus remembered by james d. g. dunn 2003 isbn 0-8028-3931-2 page 339</ref> |ethnicity = hudyo |home_town = nazareth, galilee }} si hesus (griyego: ἰησοῦς iesous; 7–2 bce hanggang 30–36 ce) ang itinuturing ng maraming kristiyano na sentrong katauhan ng relihiyong kristiyanismo at ang tagapagtatag ng kristiyanismo. siya ay pinaniniwalaan ng maraming mga kristiyano na isang tagapagligtas at mesiyas ng hudaismo. ang apat na kanonikal na ebanghelyo nina mateo, marcos, lucas, at juan ang mga pangunahing sanggunian tungkol sa talambuhay at mga katuruan ni hesus. gayunpaman, pinagtatalunan pa rin ng mga skolar ng bagong tipan kung ang apat na ebanghelyong ito ay maasahang mga salaysay ng buhay ni hesus o hindi, gayundin kung sino ang mga tunay na may akda nito, kung kailan"
food,tl,wikipedia_tl,"ang anapilaksis o anapilaksiya, na nakikilala sa ingles bilang anaphylaxis, ay isang seryosong reaksiyong nagdudulot ng alerhiya na biglang nagsisimula at maaaring magdulot ng kamatayan. ang anapilaksis ay karaniwang mayroong bilang ng mga sintomas na kinabibilangan ng isang makating pantal, pamamaga ng lalamunan, at mababang presyon ng dugo. ang karaniwang mga sanhi ay kinabibilangan ng mga kagat ng kulisap, mga pagkain, at mga gamot. ang anapilaksis ay sanhi ng paglabas ng mga protina mula sa ilang uri ng mga puting selula ng dugo. ang mga protinang ito ay mga bagay na maaaring mag-umpisa ng isang reaksiyong nagdurulot ng alerhiya o maaaring mas palubhain ang reaksiyon. ang kanilang paglabas ay maaaring naging sanhi ng isang reaksiyon sa sistema ng katawan na panlaban sa sakit o sa pamamagitan ng isa pang sanhi na walang kaugnayan sa sistema ng katawan na panlaban sa sakit. ang anapilaksi ay sinusuri batay sa mga palatandaan at mga sintomas ng isang tao. ang pangunahing paggamot ay ang pag-iniksiyon ng epinephrine, na kung minsan ay isinasama sa ibang mga gamot. sa buong mundo, humigit-kumulang 0.05-2% ng mga tao ay nagkaroon ng anapilaksis sa ilang pagkakataon ng kanilang"
food,tl,wikipedia_tl,"ito ay ang talaan ng mga kabanata ng noli me tángere ni jose rizal, pati na rin ang mga buod nito. 1: isang pagtitipon sa kabanatang ito, naglalarawan si rizal ng pagbabalik ni crisostomo ibarra sa pilipinas matapos ang pitong taon niyang pag-aaral sa europa. bumalik siya upang ipagpatuloy ang kanyang mga pangarap para sa kanyang bayan. nang dumating siya sa maynila, dinala siya ni don rafael ibarra, ang kanyang ama, sa bahay ng kanilang kaibigan na si kapitan tiago. dito, ginanap ang isang malaking salu-salo sa kanyang pagbabalik. sa salu-salo, ipinakita ang kalagayan ng mga mayayamang espanyol at mga pilipinong elitista na nagmula sa mga panginoong maylupa at nasa malalayong lalawigan ng pilipinas. sa kabila nito, ipinakita rin ni rizal ang kahirapan at paghihirap ng mga magsasaka at karaniwang mamamayan. sa salu-salo, nakilala ni ibarra ang ilang mga tauhan na magiging mahalagang bahagi ng kwento, tulad ni padre damaso, ang paring franciscan na kilala sa kanyang malupit na pagtrato sa mga pilipino, at maria clara, ang anak ni kapitan tiago na nagustuhan ni ibarra. natuklasan din ni ibarra na ang kanyang ama ay namatay sa bilangguan dahil sa isang gawa-gawang kaso na isinampa"
food,tl,wikipedia_tl,"ang serotonin o 5-hydroxytryptamine o 5-ht ay isang monoaminong neurotransmitter na nabubuo mula sa tryptophan. ang serotonin ay pangunahing matatagpuan sa gastrointestinal, platelet, at sa gitnang sistemang nerbiyos (cns) ng mga hayop kabilang ang mga tao. ang serotonin ay nagpapagana (activate) ng pitong reseptor na 5-ht na matatagpuan sa membrano ng mga neuron. ang pagpapaganang ito ng mga reseptor na 5 ht sa neuron ay responsable sa magandang pakiramdan at sa kasiyahan sa isang tao. ang pangunahing pinagmumulan ng serotonin sa utak ng tao ang raphe nuclei. mga tungkulin ang serotonin ay isang neurotransmitter at matatagpuan sa lahat ng mga hayop na bilateral kung saan nagsisilbing tagapamagitan ito sa pagkilos ng gut ng mga hayop at sa persepsiyon (pagtanto) ng hayop sa mahahanap na mapagkukunan (resources). sa mga pinakasimpleng mga hayop, ang mapagkukunan ay katumbas ng pagkain ngunit sa mas sulong (advanced) na mga hayop gaya ng artropoda at bertebrata, ang mapagkukunan ay maaari ring mangahulugan na pagiging dominante sa pakikisalamuha sa ibang mga tulad na hayop. bilang tugon sa natantong kasaganaan o kakulangan ng mga mapagkukunan, ang paglaki ng hayop, reproduksiyon o"
food,tl,wikipedia_tl,"ang ay isang ulam sa bansang hapon na karaniwang binubuo ng pagkaing-dagat o gulay na ibinabad sa batter at pinirito. ipinakilala ang ulam ng mga portuges sa nagasaki noong ika-16 siglo sa pamamagitan ng mga teknika ng pagluluto ng fritter. nagmula ang salitang tempura sa salitang tempora sa wikang latin, na tumutukoy sa mga oras ng pag-aayuno kung kailan idinikta ng simbahan sa mga katoliko na umiwas sa karne. paghahanda batter sinasangkapan ang batter ng malamig na tubig, itlog, at malambot na harinang trigo (pangkeyk, pampastry o panlahatan). minsan idinaragdag ang sodang panghurno o pulbos panghurno para gumaan ang fritter. kahawig ang epekto kung ginamit ang makinang na tubig sa halip na simpleng tubig. tradisyonal na hinahalo ang tempura batter sa mga maliliit na batch gamit ang tsapstiks nang iilang segundo lamang, na nag-iiwan ng mga limpak sa timpla na, kasabay ng malamig na temperatura ng batter, nagreresulta sa kakaibang lambot at lutong ng tempura kapag niluto. madalas na pinananatiling malamig ang batter sa pagdagdag ng yelo, o sa paglagay ng mangkok sa mas malaking mangkok na may yelo sa loob nito. kapag sumobra ang paghahalo ng batter, maaaktiba ang gluten ng trigo,"
food,tl,wikipedia_tl,"ang pagtitinggal at pag-iimbak ng mga pagkain o preserbasyon ng mga pagkain ay isang proseso ng paghahanda at pangangalaga ng mga pagkain sa isang paraan na mapapanatili ang halaga ng mga ito bilang pagkain. pangunahing dahilan nito ang layunin na mapigilan o lubos na mapigilan ang pagkasira o pagkapanis ng mga pagkain. nakatutulong ito para maiwasan ang mga karamdamang makukuha mula sa mga sira nang pagkain. ilan sa mga halimbawa ng prosesong ito ang paglalagay ng asin, pagpapalamig, pagluluto, o pagdedelata sa mga pagkain. may ilang mga metodo na gumagamit din ng mga may-kainamang mga bakterya katulad ng fungus at pampaalsa upang madagdagan ang katangian ng pagkain, at para rin mapanatili ang pagkain katulad ng ginagawa para sa mga alak at keso. habang pinapanatili o nakalilikha ng halagang nutrisyonal, mahalaga rin ang tekstura at lasa sa pagtitinggal ng pagkain. alinsunod ang mga ito sa mga gawi at kalinangang nakagisnan ng mga tao, kaya't magkakaiba ang pagtanggap ng tao kung ano ang tama sa isang kultura. naaayon sa isang kalinangan kung ano ba ang pagkaing makakain at ang hindi makakain. bilang isang sining pantahanan bago sumapit ang konsepto ng industriyalisasyon,"
food,tl,wikipedia_tl,"ang dahon ng saging ay dahon ng halamang saging, na namumunga ng hanggang 40 dahon sa isang siklo ng paglaki. magagamit ang mga dahon sa mararaming paraan dahil sila ay malalaki, nababaluktot, di-tinatagos ng tubig at dekoratibo. ginagamit ang mga ito sa pagluluto, pagbabalot, at paghahain ng pagkain sa maraming iba't ibang lutuin sa mga tropikal at subtropikal na lugar. ginagamit ang mga ito bilang dekorasyon at para sa mga simbolikong layunin sa mga mararaming seremonya ng hinduismo at budismo. sa tradisyonal na pagtatayo ng bahay sa mga tropikal na lugar, ang mga atip at bakod ay pang-atip na gawa sa tuyong dahon ng saging. sa kasaysayan, pinagsulatan ang mga dahon ng saging at palma sa maraming bansa sa timog at timog-silangang asya. paggamit sa lutuin ang mga dahon ng saging ay malalaki, nababaluktot, at hindi tinatagos ng tubig. nakakadagdag ito ng amoy sa pagkain na niluluto sa loob nito o inihahain sa ibabaw nito. kapag nagpapasingaw naman na may dahon ng saging, nadaragdagan ang pagkain ng banayad na matamis na lasa at bango. hindi kinakain mismo ang dahon at itinatapon kapag nakain na ang pagkain sa loob nito. bukod sa pagdaragdag ng lasa, napapanatili ng dahon ang katas"
food,tl,wikipedia_tl,"ang buwan ng multo (), na kilala rin bilang pista ng nagugutom na multo, zhongyuan jie (中元節), gui jie (鬼節) o pistang yulan (tsinong tradisyonal: 盂蘭盆節; tsinong pinayak: 盂兰盆节; pinyin: yúlánpénjié; jyutping ng kantones: jyu4 laan4 pun4 zit3) ay isang tradisyonal na budistang at taoistang pista na ginaganap sa ilang mga bansa sa silangang asya. ayon sa kalendaryong tsino (isang kalendaryong lunisolar), ang buwan ng multo ay nasa ika-15 gabi ng ikapitong buwan (ika-14 sa mga bahagi ng timog tsina).:4,6 sa kulturang tsino, tinatawag na araw ng multo ang ikalabinlimang araw ng ikapitong buwan sa kalendaryong lunar at itinuturing naman na buwan ng multo () ang ikapitong buwan, kung saan lumalabas ang mga multo at espiritu, kabilang ang mga namatay na ninuno mula sa mas mundong ilalim. ang pagkakaiba-iba mula sa pistang qingming (o araw ng pagwawalis ng libingan, sa tagsibol) at pistang dobleng ikasiyam (sa taglagas) kung saan sumasamba ang mga nabubuhay na inapo sa kanilang mga namatay na ninuno, sa panahon ng pista ng multo, pinaniniwalaang bumibisita sa buhay ang mga namatay. sa ikalabinglimang araw nagbubukas ang mga larangan ng langit at impiyerno at ang lupain ng buhay at magsasagawa"
food,tl,wikipedia_tl,"ang keso (mula sa kastilang: queso) ay pagkaing gawa mula sa kinultang gatas ng baka, kalabaw, kambing, tupa at iba pang mamalya. ang pagkukulta ay mula sa paghahalo ng kuwaho (rennet) o kahalili nito at pagpapaasim ng gatas. ang bakterya ang nagpapaasim sa gatas at nagbibigay ng lasa at anyo sa karamihan ng keso. may ilang keso ang sadyang binabalutan o pinalolooban ng piniling amag (molds). maraming uri ang keso. ang iba’t ibang uri at lasa ng keso ay bunga ng paggamit ng iba’t-ibang bakterya at amag, iba’t-ibang dami ng taba ng gatas (milk fat), haba ng pag-iimbak nito, iba’t-ibang proseso tulad ng cheddaring (o pagtsetsedar), pagbatak, pag-aasin, paghuhugas sa amag at iba’t-ibang kasta ng baka, tupa at iba pang nagagatasang hayop. ang kinakain ng hayop at pagdaragdag ng pampalasa tulad ng mga yerba, mga panlasa (spices), o usok ng kahoy ang iba pang nagdudulot ng kakaibang lasa o anyo sa keso. kahit dumaan o hindi ang keso sa pasteurisasyon nagdudulot din ng kakaibang lasa ito. sa ilang klase ng keso, kinukulta ang gatas sa pagdaragdag ng pampaasim tulad ng suka o katas ng kalamansi o limon. karamihan ng keso ay pinaaasiman ng bakterya para atakihin ang asukal ng gatas upang"
food,tl,wikipedia_tl,"ang pagluluto ay ang gawa ng paghahanda ng pagkain para kainin. pinapaligiran ito malawak na sakop ng mga paraan, kagamitan, at pagkakasama-sama ng mga sangkap upang mapabuti ang lasa at/o ang madaling pagtunaw ng pagkain sa tiyan. sa pangkalahatan, kailangan nito ang pagpili, pasukat at pagsama-sama ng mga sangkap sa isang maayos na paraan sa pagsisikap na makamit ang ninanais na resulta. kabilang sa pagpipigil ng pagkatagumpay ang pagkakaiba-iba ng sangkap, kalagayan ng kapaligiran, kagamitan at ang kasanayan ng taong nagluluto. sinsangkot ng madalas ng pagluluto, bagaman hindi palagi. may mga katibayan sa arkeolohiya ng mga nilutong pagkain (parehong karne at gulay) sa mga tirahan ng mga tao mula pa noong sa pinakamaagang kilala ng paggamit ng apoy. mga bisa ng pagluluto kung ginamit ang pagiinit, maaari na mamatay ang mga mikrobyo (depende sa temperatura, ang oras ng pagluluto, at ang paraan na ginamit) at palambutin ang pagkain. mapanganib ang temperaturang 4 hanggang 60 °c (45 hanggang 140 °f) na napapanis ang karamihan sa mga pagkain dahil sa nabubuhay ang bakterya at kailangang maiwasan para sa kaligtasan ng mga produkto ng karne, manukan, at gatasan. di namamatay ang mga"
food,tl,wikipedia_tl,"ang tinapa o tapa ay isang isdang pinausukan at kinakain. tinatawag na pagtatapa ang pamamaraan sa paggawa ng tapang isda, kung saan naglalagay din ng mga pampalasa. isang uri ito ng pagluluto o pag-iimbak para mapanatili ang kasariwaan ng isda habang hindi pa kinakain. idinadarang ang mga isda sa mga usok na nagmumula sa mga nasusunog na mga kahoy o ibang bahagi ng halaman. pangkaraniwang tinatapa ang mga isda at karne, bagaman maaari ding pausukan ang mga keso, gulay, at mga sahog ng mga inumin tulad ng whisky, rauchbier, at tsaang lapsang souchong. sa europa, karaniwang ginagamit ang kahoy mula sa mga puno ng alder, robles, at haya. sa hilagang amerika, madalas namang gamitin ang mga kahoy mula sa mga puno ng hickory, mesquite, oak, pecan, alder, maple, mansanas, ratiles at sirwelas. sa halip na mga kahoy, maaari ring gamitin ang ibang mga pamapausok, katulad ng bigas, asukal at tsaa na pinapainitan sa may ilalim ng lutuan. sa ilang mga bahagi ng hilagang amerika, pinauusukan din ang mga hamon at tosino na ginagamitan ng mga busal ng mais. sinusunog din ang mga pinatuyong lumot na ginagamit sa paggawa ng kinultang serbesa at whisky. sa kasaysayan ng kanluran, may mga gusaling"
food,tl,wikipedia_tl,"ang kroketa ay karaniwang isang makapal na béchamel o kayumanggi sarsa, niligis na patatas, at harina. ang putaheng ito ay maaaring ihalo sa isang pagpuno o maaaring pinalamanan dito; ang timpla na ito ay tinatawag na isang salpicon. kasama sa mga karaniwang pagpuno ang pinong tinadtad na karne, pagkaing-dagat, keso, bigas, pasta, o iba`t ibang mga gulay pati na rin mga panimpla tulad ng pampalasa, halaman, at kabute. ang mga matamis na kroketa ay maaaring gumamit ng isang especial na crema at puno ng prutas. ang kroketa ay maaari ring mabuo sa iba pang mga hugis: disco, óvalos at bola. etimolohiya ang salitang croquette ay pranses, nagmula sa croquer. noong ika-18 siglo, ito ay kadalasang binabaybay ng croquet. pinagmulan ang putaheng pinagluluto noong ika 17 na sigo ang kroketa (croquetas) ni françois massialot ay nagbubuklod sa isang paglalagay ng karne, drupas, tuétano, pan rallado, at keso na may itlog, pagkatapos ay mga tinapay at pinirito sa mantika. maaari silang kasing laki ng isang itlog o isang nuwes, at maaaring ihain bilang isang hors-d'œuvre o bilang isang palamuti. nabanggit ang mga ito sa isang diksyunaryo ng 1706 ingles. ang isang resipe sa ika-18 siglo ay"
food,tl,wikipedia_tl,"ang kultura ng malaysia ay hango sa iba't ibang kultura ng iba't ibang mga tao ng malaysia. ang mga unang tao na nakatira sa lugar ay mga katutubong tribo na nananatili pa rin, sinundan ito ng mga malay (sumatran katutubong tribo), na lumipat mula sa mainland asya noong unang panahon. kalinangang indonesia, tsino, at indiano ang impluwensyang pangkultura ang kanilang marka noong nagsimula ang kalakalan sa mga bansang iyon, at nadagdagan pa ng paglipat nila malaysia. ang iba pang mga kultura na labis na naimpluwensyahan ang malaysia ay kinabibilangan ng persiano, arabe, at british. ang maraming magkakaibang lahi na kasalukuyang umiiral sa malaysia ay may sariling katangian at pagkakakilanlan sa kultura, na may ilang pagsasanib o pagkakahalo. panimula ang malaysia ay binubuo ng dalawang rehiyon: peninsular malaysia at silangang malaysia. nabuo ang malaysia nang makiisa ang kalipunan ng malaya (federation of malaya) sa hilagang borneo (ngayon ay lalawigan ng sabah), sarawak, at singapore (na tumiwalag noong 1965) noong taong 1963,at pagkakaiba sa kultura sa pagitan ng peninsular at silangang malaysia ay nanatili. sa panahon ng pagbuo ng malaysia, ang kapangyarihan ng ehekutibo ay"
food,tl,wikipedia_tl,"ang kamayan, kilala rin bilang kinamot o kinamut sa mga wikang bisaya, ay ang tradisyonal na paraan sa pilipinas ng pagkakain gamit ang mga kamay. tumutukoy rin ito sa salu-salo, isang sama-samang handaan sa pilipinas kung saan inihahain ang mga pagkain sa mga dahon ng saging at kinakain nang walang kagamitan. isa pang katawagan sa kamayan ang boodle fight na ginagamit sa konteksto ng tradisyon ng militar na magsikain nang sabay-sabay. etimolohiya ang kahulugan ng ""kamayan"" at ""kinamot"" ay ""[kumakain] gamit ang kamay"", mula sa salitang ugat na kamay at na may parehong depinisyon. ang ibig sabihin ng ""salu-salo"" ay ""handaan"" o ""bangkete"", isang reduplikasyon ng salo, ""kumain ng sabay"" o ""makisalo sa pagkain"". ipinakikita ng mga reperensiya na ang salitang ""boodle"" ay balbal ng militar sa estados unidos para sa mga matatamis na kontrabando katulad ng keyk, kendi at ice cream. ang ""boodle fight"" ay parti kung saan nakahain na boodle. maaari ring nanggaling ang salita mula sa ""kit and caboodle""; ang caboodle ay hinango mula sa boodle o booty. kasaysayan pre-kolonyal ang kasanayan ng kamayan. nailarawan ito sa mga ulat ni antonio pigafetta in the ekspedisyon ni magellanes, pati na rin"
food,tl,wikipedia_tl,"ang anorexia nervosa ay isang sakit sa gawi sa pagkain (eating disorder) katulad ng bulimia nervosa. napapansin ito kung ang kumakain ng kaunti lamang ang isang kabataan na babae ang karaniwan, may pagbabago sa gawi sa pagkain o bumababa ang timbang. higit pa sa isang simpleng suliranin ang sakit na ito, isa itong malubhang karamdaman. mga sanhi mga sanhing sikolohikal kadalasang napakasakdal (perfectionist) ang mga taong mayroong mga sakit sa gawi ng pagkain tulad ng anorexia at bulimia nervosa. sila ang mga taong may mga hindi kapanipaniwalang pangarap sa kanilang sarili, sa kabila ng kanilang tagumpay sa buhay, palagi nilang naramdaman na may kulang, kumbaga ang nakita nila sa mundo ay panay itim at puti, lahat ay may mabuti o di kaya’y masama, tagumpay o di kaya’y bigo, mataba o payat. kung ang mataba ay masama ang payat ay mabuti. kumbaga, ang pinakapayat ay napakabuti sa kanila, kahit na ang pinakapayat na 68 lbs. ay nasa bingit na ng kamatayan, nakahiga sa kama ng ospital. l mga sanhing biyolohikal kadalasang nagkakaraoon ng sakit sa gawi sa pagkain ang mga taong mayroong personalidad katulad ng obsessive-compulsive and sensitive-avoidant (palagiang-nag-alala-mapilit at"
food,tl,wikipedia_tl,"ang lutuing islandiko ay may mahabang kasaysayan. ang mga mahalagang bahagi ng lutuing iceland ay tupa, isda, at produktong gatas dahil sa kalapitan nang dagat. ang mga sikat na pagkain sa iceland ay ang skyr (isang klasi na yogurt), hangikjot (o pinausukang tupa), kleinur (karaniwang araw-araw na kinakain na tinapay), laufabrauð (dahon na tinapay) at bollur (kremang tinapay).ang þorramatur ay isang tradisyonal na almusal na kinakain sa pagdiriwang taglamig na tinatawag na þorrablót. sa pagdiriwang na ito, may maraming seleksyon ng mga tradisyonal na binurong karne at isda na kinakain pagsama nang rúgbrauð (siksik na madilim at matamis na rye na tinapay) at brennivin (isang klasing icelandic na alkohol). ang karamihan nang lasa nang manga tradisyonal na pagkain ng bansang ito ay tinutukoy ng mga parnamaaraan sa pangangalaga ginagamit: pag-aatsara sa binurong whey o brine, tinutuyo at pinapausukan. ang modernong tagaluto sa iceland ay karaniwang lumalagay nang diin sa manga kalidad ng mga magagamit na mga sangkap sa halip na sa pagluluto tradisyon at mga pamamaraan sa edad ang gulang. samakatuwid, mayroong maraming karinderya sa iceland na dalubhasa sa lamang-dagat at sa taunang"
food,tl,wikipedia_tl,"ang laksa ay maanghang na pansit na sikat sa timog-silangang asya. binubuo ang laksa ng iba't ibang uri ng pansit; parang pansit malabon ang pinakakaraniwan. sinasahugan ito ng manok, hipon o isda. ibinababad ang halos lahat ng uri ng laksa sa malinamnam at maanghang na gata na tinitimplahan ng maasim na (sampalok o ). nagmula ito sa lutuing peranakan, at kaniwang inihahain ang ganitong pagkain sa indonesya, malaysia, at singapura. pinagmulan ang laksa ay isa sa mga pinakasikat na pagkain mula sa mga peranakan, na may samu't saring mga sahog at paraan ng paghanda na nag-iiba ayon sa rehiyon. dahil dito, mahirap matiyak kung saan nanggaling ang ganitong pagkain. gayunpaman, maraming resipi ng laksa ang nabuo sa mga dagat-kipot ng timog-silangang asya—kung saan ang mga daungan ng penang, medan, malacca, singapura, palembang, at batavia (jakarta sa kasalukuyan) ay naging mga pangunahing hintuhan sa makasaysayang ruta ng espesya. ang mga masinsinang ugnayan ng kalakalan sa mga daungang lungsod na ito ay nagbigay-daan sa pagpapalitan ng mga idea, at kasama ang pagbabahagi ng mga resipi. mayroong maraming teorya ukol sa pinagmulan ng laksa. ipinapalagay ng isang teorya na nanggaling ang"
food,tl,wikipedia_tl,"ang gastroenteritis ay isang medikal na kondisyon na nakikilala sa pamamagitan ng pamamaga (""-itis"") ng gastrointestinal tract (tiyan at mga bituka) na kinasasangkutan ng parehong tiyan (""gastro""-) at ng maliit na bituka (""entero""-) na nagreresulta mula sa ilang mga kombinasyon ng pagtatae, pagsusuka, sakit ng sa may tiyan at pamumulikat. ang gastroenteritis ay tinutukoy din bilang gastro, bug sa tiyan, at birus ng tiyan. bagaman walang kaugnayan sa trangkaso, tinatawag din itong trangkaso ng tiyan at trangkaso sa tiyan at bituka. sa buong mundo, karamihan ng mga kaso sa mga bata ay sanhi ng rotabirus. sa mga nasa sapat na gulang, ang norobirus at campylobacter ang mas pangkaraniwan. ang mas hindi pangkaraniwang sanhi ay kinabibilangan ng ibang bakterya (o ang kanilang mga lason) at mga parasito. ang pagsasalin ay maaaring mangyari sanhi ng pagkonsumo ng mga pagkaing hindi maayos ang paghahanda o kontaminadong tubig o sa pamamagitan ng malapit na pagkakadikit sa mga taong may arthritis ang pundasyon ng pamamahala ay ang sapat na pagbibigay ng tubig sa katawan. para sa mga hindi malubha o katamtaman na mga kaso, sa karaniwan maaari itong makamit sa pamamagitan ng solusyon na"
food,tl,wikipedia_tl,"ang kultura ng pilipinas o kalinangan ng pilipinas ay pinaghalong impluwensiya ng mga katutubong tradisyon at mga kultura ng mga unang mangangalakal at mananakop nito noon. ang pananakop ng mga kastila sa pilipinas, sa pamamahala ng españa, na tumagal ng mahigit 333 taon, ay may malaking kontribusyon sa kultura ng pilipinas. ang wikang filipino, na mas kadalasang kilala bilang tagalog, ay maraming hiniram na salita galing kastila. karamihan sa mga pinagdiriwang na mga tradisyon ay magkahalong kristiyano, pagano, at iba pang lokal na seremonya. bilang halimbawa, bawat taon, ang mga bayan sa buong bansa, ay nagsasagawa ng malalaking pista, nagpapaalala sa mga santong patron ng mga bayan, barangay, o ng mga distrito. ang mga pista ay kadalasang may patimpalak sa katutubong pagsayaw, at sa ibang lugar ay mayroon pang sabungan. ang mga ganitong tradisyon ay ginaganap din sa mga bansang nasakop ng mga kastila. sa katimugang bahagi ng bansa na karamihan ay mananalig islam ay nagdiriwang din ng kanilang mga tradisyon at nakagawian. bago pa man dumating ang mga unang mananakop, ang mga mangangalakal galing sa india, malaysia, indonesia, tsina at hapon ay may malaking kontribusyon din sa"
food,tl,wikipedia_tl,"ang sukduldiin o altapresyon (ingles: hypertension, dinadaglat na htn) o mataas na presyon ng dugo, kung minsan ay arteryal na altapresyon, ay isang hindi gumagaling na medikal na kondisyon kung saan ang presyon ng dugo sa mga malaking ugat ay mataas. ang pagtaas na ito ay kinakailangan ang puso na mas magtrabaho mabuti kaysa sa normal upang ikalat ang dugo sa pamamagitan ng daluyan ng dugo. ang presyon ng dugo ay binubuo ng dalawang, systolic at diastolic na mga sukat, na depende kung ang kalamnan ng puso ay umiikli at humihigpit (systole) o mahinahon sa pagitan ng mga pagtibok (diastole). ang normal na presyon ng dugo kapag nagpapahinga ay nasa loob ng pagitan ng 100–140 mmhg systolic (mataas na pagbasa) at 60–90 mmhg diastolic (nasa ibabang pagbasa). magkakaroon ng mataas na presyon ng dugo kung ito ay patuloy na nasa o mataas sa 140/90 mmhg. ang altapresyon ay nauuri bilang primary (patuloy at hindi malaman ang sanhi) na altapresyon o secondary o altapresyon na pumapangalawa sa isang sakit. humigit-kumulang na 90–95% ng mga kaso ay kinakategorya bilang ""primary na altapresyon"", na nangangahulugang mataas na presyon ng dugo na walang nakikitang nasa ilalim na medikal na sanhi."
food,tl,wikipedia_tl,"ang mga amerika ay tinukoy ng mga europeo bilang ""bagong mundo."" gayunpaman, para sa milyun-milyong katutubong amerikano na kanilang nakilala, hindi ito bagong mundo. sa loob ng higit sa sampung libong taon, ang mga tao ay naninirahan na sa mga amerika. ang kanilang mga kultura ay makulay at magkakaiba, at sila'y gumagamit ng daan-daang mga wika. ang mga katutubong amerikano ay nagtatag ng kanilang mga pamayanan at sumunod sa mga seasonal migration patterns. nagkakaroon sila ng mga alyansa at kahit papaano'y nagkakaroon ng mga alitan sa kanilang mga kalapit na pamayanan. mayroon silang sariling mga pang-ekonomiyang sistema na nakabatay sa kanilang mga pangangailangan at nagtataguyod sila ng malawak na mga kalakalang network. ang mga katutubong amerikano ay nagpapakita ng mga natatanging sining at mayroon silang mga paniniwala sa espirituwalidad. ang kanilang mga pamayanan ay nagkakaisa sa pamamagitan ng mga ugnayang magkakapamilya. sa pangkalahatan, ang kanilang kultura at pamumuhay ay nagpapakita ng malalim na pagkakaugat sa kanilang pang-araw-araw na buhay at sa kanilang relasyon sa kalikasan. ngunit ang pagdating ng mga europeo at ang bunsod na global exchange ng mga tao,"
food,tl,wikipedia_tl,"si ferdinand emmanuel edralin marcos (11 setyembre 1917 – 28 setyembre 1989) ay isang politiko, abogado, diktador, na naging ika-10 pangulo ng republika ng pilipinas mula 30 disyembre 1965 – 25 pebrero 1986. siya ay nagsilbing kasapi ng kapulungan ng mga kinatawan ng pilipinas mula 1949 hanggang 1959 at kasapi ng senado ng pilipinas mula 1959 hanggang 1965 bago naging pangulo ng pilipinas noong 1965 para sa apat na taong termino. sa kanyang unang termino, sinimulan ni marcos ang paggugol sa mga gawaing pampubliko kabilang ang pagtatayo ng mga lansangan, tulay, mga health center at mga eskwela. kanyang napanatili ang kanyang kasikatan sa kanyang unang termino at noong 1969 ay muling nahalal bilang pangulo para sa ikalawang 4 na taong termino. gayunpaman, ang kasikatan ni marcos bilang pangulo ay bumagsak sa kanyang ikalawang termino. ang pagbatikos kay marcos sa kanyang ikalawang termino ay nagmula sa panlilinlang sa kanyang 1969 kampanya at talamak na korupsiyon sa pamahalaan. nagkaroon din ng isang pangkalahatang kawalang kasiyahan ng mga mamamayan dahil ang populasyon ay patuloy na mabilis na lumalago kaysa sa ekonomiya na nagsanhi ng mas mataas na kahirapan at karahasan. ang"
food,tl,wikipedia_tl,"lutong koreano bilang isang pambansang pagluluto na kilala ngayon ay nagbago sa pagbabago ng panlipunan at politika. na nanggagaling mula sa sinaunang-panahon ng korea at sa agrikultura at laog na tradisyon sa timog ng mantsurya at korea, ang lutong koreano ay nagbago sa isang kumplikadong ugnayan sa mga likas na kapaligiran at iba't-ibang kulturang uso. ang mga sahog at ang mga luto ay nakakaiba sa bawat lalawigan. mayroong maraming mga makabuluhang panrehiyong luto na naging parehong pambansang at rehiyonal na luto. maraming mga luto na dating pangrehiyon, gayunman, ay naiiba sa mga pagkakaiba-ibang uri sa mga ibat-ibang rehiyon ng bansa. ang lutong koreano para sa koreanong hari dati ay nagdala ng lahat ng mga natatanging rehiyong luto para sa mga kapamilya ng hari. ang lutong koreano ay naka-batay sa bigas, pansit, tokwa, gulay, at karne. and trudisyunal na lutong koreano ay kilala para sa mga mararaming ulam (banchan) na samahan ng lutong maikling-butil na bigas. kimchi ay kadalasang sinisilbi sa bawat oras ng pagkain."
food,tl,wikipedia_tl,"ang ulam, putahe o potahe ay tawag sa mga pagkain na isinasama sa kanin kapag kinakain. sa bansang tulad ng pilipinas, ang ulam ay isang intigral na parte ng hapagkainan. ang pinakamalapit na tawag sa ulam sa wikang ingles ay viand. samantala ang putahe ay katumbas din ng salitang ingles na cuisine, na nagmula sa pranses na cuisine o ""pagluluto"", ""sining ng pagluluto"" o ""kulinaryong sining"", ""kusina""; na nagmula naman sa lating coquere, ""magluto"". sa mas tiyak na kahulugan, isang ispesipiko o partikular na pangkat ng mga nakaugalian o mga tradisyon at pagsasagawa sa pagluluto, na karaniwang kaugnay ng isang partikular na kultura o kalinangan. karaniwang pinapangalan ang ulam o putahe mula sa rehiyon o pook kung saan umiiral ang nasabing kalinangan. pangunahin naiimpluwensiyahan ang putahe ng mga ingridyente o mga sangkap na makukuha sa lugar o sa pamamagitan ng pakikipagkalakal. nakakaimpluho rin ng malakas ang mga pampananampalatayang mga batas sa mga putahe. halimbawa ng mga tinututuring na ulam o putahe sa pilipinas ay ang adobo, sinigang, tinola at sisig (matatagpuan ang isa sa pinakamasarap na sisig sa ulam bucket ng bataan). ang sisig ay maituturing na isa sa pinaka-kilala"
food,tl,wikipedia_tl,"ang pamutat o pagkaing palamuti (ingles: side dish, literal na ""pagkaing panggilid"", side order, side item, o side [panggilid] lamang, na kung minsan ay natatawag din bilang hors d'oeuvres) ay isang uri ng pagkain na kapiling ng entrée o pangunahing putahe ng isang magkakasunod na hain ng mga pagkain. karaniwang mga uri ang mga pamutat na katulad ng mga ensalada, mga patatas, at mga tinapay ay karaniwang ginagamit sa piling ng mga pangunahign kurso ng pagkain sa maraming mga bansa na nasa mundong kanluranin. ang bagong mga pagkaing palamuti na ipinakilala sa loob ng nakalipas na dekada, katulad ng kanin at couscous ay naging napakatanyag sa buong europa, natatangi na sa mga okasyong pormal (na ang couscous ay mas karaniwang lumilitaw sa mga handaang panghapunan na ipinakilala ng maraming mga pinanggalingang pang-gitnang silangan. kapag ginamit bilang isang pang-uri, ang mga salitang ""pamutat"" o ""palamuti"" ay madalas na tumutukoy sa isang mas maliit na dami na inihain bilang pagkaing ""panggilid"", sa halip na isang malaking hain na katulad ng sa pangunahign pagkain inihahain. halimbawa, ang isang ""palamuting ensalada"" na isinilbing nakalagay sa isang maliit na mangkok o plato ay"
food,tl,wikipedia_tl,"ang karing hapones (, ) ay karaniwang inihahain sa tatlong anyo: , kinaring udon (kari sa makapal na pansit), at (pasteleryang pinalalaman ng kari). isa ito sa pinakasikat na pagkain sa hapon. kapag tinutukoy ang ""kinaring kanin"", madalas na tinatawag itong lamang. bukod sa sarsa, samu't saring uri ng gulay at karne ang ginagamit sa paggawa ng karing hapones. sibuyas, karots at patatas ang mga pangunahing gulay. baka, baboy at manok ang mga pinakakaraniwang karne. tinatawag na katsukarē ang tonkatsu na may sarsang kari. pangkalahatang-ideya nanggaling ang kari sa lutuing indiyano at idinala ng mga briton sa hapon mula sa indiya. ginamit ng imperyong hukbong-dagat ng hapon ang kari para upang maiwasan ang kondisyong malnutrisyon na manas, at sa nasa kasalukuyang menu rin ng pansariling tanggulang hukbong pandagat ng hapon tuwing biyernes. masustansiya rin ito, at madaling lutuin nang maramihan. sumikat ang ulam at nabibili sa mga supermerkado at restawran noong patapos ng d. 1960. mula noong pagpapakilala ng kari sa hapon, binago ito upang umangkop sa hapones na panlasa at sangkap. ibang-iba ang karing hapones sa mga kari mula sa ibang rehiyon. sobrang dami ang pagbabago at"
food,tl,wikipedia_tl,"ang pagkaing pangmerienda, pagkaing pangmiryenda, pagkaing pangmeryenda, pagkaing pangminindal, pagkaing pangmirindal, o pagkaing pangminandal, na tinatawag ding merienda, meryenda, miryenda, minindal, mirindal, o minandal lamang (kastila: merienda, ingles: snack, snack food, na naging katumbas ng snack break kung kaugnay ng oras ng pagkain, iyong ""pagpapahinga at kumain ng magaan"") ay isang kaputol ng pagkain na kadalasang mas maliit kaysa sa isang karaniwang pagkain, na pangkalahatang kinakain sa pagitan ng pangunahing mga oras ng pagkain (halimbawa, sa pagitan ng agahan at ng pananghalian; at maging sa pagitan ng tanghalian at ng hapunan). mayroong sari-saring mga uri ng mga miryenda, kabilang na ang mga pagkaing nakapakete at napruseso at mga bagay mula sa sariwang mga sangkap sa tahanan. sa nakaugalian, ang mga minandal ay inihahanda magmula sa mga ingridyenteng karaniwang nakukuha sa loob ng tahanan. kadalasang mga tira-tira, ang mga pinalamanang tinapay na pinalamanan ng mga malalamig na hiwang mga palaman, mga mani, mga prutas, at mga katulad ang ginagawang mga pangminandal. ang pinalamanang tinapay na dagwood ay orihinal na resultang nakakatawa ng pagnanais ng isang"
food,tl,wikipedia_tl,"ang lutuing indones ay koleksyon ng samu't saring tradisyon sa pagluluto sa mga rehiyong bumubuo sa kapuluang bansa ng indonesya. isang dahilan kung bakit may napakaraming uri ng resipi at lutuin ang komposisyon ng indonesya. halos 6,000 ang mataong pulo sa kabuuang 17,508 sa pinakamalaking kapuluan ng mundo, na may higit sa 1,300 pangkat etniko. maraming umiiral na panrehiyong lutuin, madalas nakabatay sa katutubong kultura na may ilang banyagang impluwensyang dayuhan. halos 5,350 ang tradisyonal na resipi ng indonesya, at 30 rito ang kinokonsiderang pinakaimportante. maaaring kabilang sa lutuing indones ang mga pagkaing kanin, pansit at sabaw mula simpleng lokal na kaninan, merienda sa tabi ng kalsada, hanggang sa mamahaling mga pagkain. naiiba ayon sa rehiyon ang lutuing indones, at samu't sari ang mga nag-impluwensiya rito. halimbawa, may impluwensiya ang mga lutuin ng gitnang silangan at indiya sa lutuin ng sumatra, na may kinaring karne at gulay gaya ng gulai at kari, habang halos katutubo ang lutuing habanes, na may kaunting impluwensiya mula sa lutuing tsino. kahawig ang mga lutuin ng silangang indonesya sa mga lutuing polinesyo at melanesyo. makikita ang ilang elemento ng"
food,tl,wikipedia_tl,"ang japchae () ay isang matamis at malinamnam na ulam ng sotanghon at gulay na sikat sa lutuing koreano. karaniwang inihahanda ang japchae na may dangmyeon (당면, 唐麵), isang uri ng sotanghon na gawa sa gawgaw na kamote; tinatabunan ng mga iba't ibang gulay, karne, at kabute, at tinitimplahan ng toyo at langis ng linga. isang maharlikang ulam dati, ito ay isa sa mga pinakasikat na kinaugaliang ulam pandiriwang ngayon, kadalasang inihahain sa mga epesyal na okasyon, tulad ng mga kasal, kaarawan (lalo na sa dol, ang unang kaarawan, at hwangap, ang ikaanimnapung kaarawan), at pista. sikat din ito na inihahain sa mga pulutong sa mga bankete, salu-salo, at kainan, dahil sa dali ng paghahanda ng marami at dali ng pakikibagay ng paghahain: maaaring ihain ang japchae nang maligamgam, katamtamang temperatura, o malamig mula sa palamigan, at maaaring kainin habang sariwa o sa susunod na araw. karaniwang inihahain ang japchae bilang banchan (pamutat), ngunit maaari ring maging pangunahing ulam. madalas ito inihahain sa ibabaw ng kanin: kasama ng bigas ito ay kilala bilang japchae-bap (). etimolohiya ang salitang sino-koreano, japchae (; ), ay binubuo ng dalawang pantig, jap (; ), na ibig"
food,tl,wikipedia_tl,"ang nasi goreng ay sinangag mula sa timog-silangang asya na karaniwang niluluto kasama ng mga pira-piraso ng karne at gulay. isa sa mga pambansang pagkain ng indonesya, kinakain din ito ng mga komunidad ng nagsasalita ng malay sa mga bansa kagaya ng malaysia, singapura at brunei, at sumikat din sa sri lanka dahil sa mga migrasyon mula sa kapuluang malay, sa mga bansa kagaya ng suriname dahil sa mga komunidad ng imigranteng indones, at sa olanda dahil sa ugnayang kolonyal nito sa indonesya. naiiba ang sa mga ibang sinangag sa asya dahil sa kakaibang mausok na aroma nito, at lasang karamelisado at maalinamnam din. walang iisang resipi para sa , at naiiba ang komposisyon at paghahanda nito sa bawat sambahayan. matagal nang nakonsiderang mahalagang bahagi ng lutuing indones ang . noong 2018, kinilala ito ng pamahalaang indones bilang isa sa limang pambansang pagkain ng bayan. kinakain kung saan-saan sa indonesya, lalo na sa almusal, matatamasan ito sa iba't ibang paraan: mga simpleng bersiyon nito na nasa plato sa karinderya, mga kinakain sa porselana sa mga restawran, o mga kinukuha mula sa mga handaan sa mga parti sa gabi sa mga urbanisadong lungsod kagaya ng jakarta. mabibili ang"
food,tl,wikipedia_tl,"ang phở o pho (, , ; ) ay isang sabaw-biyetnames na binubuo ng kaldo, luglog-kanin na tinatawag na , iilang damong-gamot, at karne, na karaniwang ginamit ang baka () o manok ().. tanyag na pagkaing kalye ang pho sa biyetnam at inihahain sa mga restawran sa buong mundo. nagmula ang pho sa unang bahagi ng ika-20 siglo sa hilagang biyetnam, at pinasikat sa buong mundo ng mga nagsilikas pagkatapos ng digmaang biyetnames. dahil di-masyadong dokumentado ang pinagmulan nito, mayroong makabuluhang pagtatalo sa mga kultural na impluwensiya na humantong sa kanyang paglago sa biyetnam, pati na rin ang etimolohiya ng salita mismo. naiiba ang mga estilo ng hanoi at saigon na pho ayon sa haba ng luglog, tamis ng sabaw, at pagpili ng damong-gamot. kasaysayan posibleng nagmula ang pho mula sa mga magkatulad na putahe; halimbawa, sinabi ng mga tagabaryo sa na kumain sila ng pho bago ang panahong kolonyal ng pranses. lumabas ang modernong anyo ng putahe mula 1900 hanggang 1907 sa hilagang biyetnam, timog-silangan ng hanoi sa lalawigan ng nam định, dating mahalagang pamilihan ng tela. ipinapalagay na ang tradisyonal na sinilangang-bayan ng pho ay mga nayon ng at (o ) sa komuna ng đông xuân, distrito"
food,tl,wikipedia_tl,"ang puto maya o mangga't suman ay tradisyonal na panghimagas mula sa timog-silangang asya at timog asya na gawa sa malagkit na bigas, sariwang mangga at gata, at kinukutsara o kinakamay. paghahanda karaniwang pinapatamis ang mga panghimagas na may malagkit na bigas ng asukal sa palma o panutsa na hinalo sa gata at taliptip na niyog, na binalot sa dahon ng saging, at pinasingaw o ipinasok sa kawayan at inihaw sa siga kagaya ng binungey. kabilang sa mga kailangang sangkap ang malagkit na bigas, dinelatang o sariwang gata, asin, asukal sa palma at mangga. sa paghahanda nito, ibinababad ang kanin sa tubig at niluluto sa pagpasingaw o pagsaing. samanatala, hinahalo ang gata sa asin at asukal at pinapainit nang hindi pinapakulo. kapag luto na ang kanin, hinahalo ang tinimplang gata at kanin nang pantay-pantay at itinatabi para masipsip ng kanin ang gata. binabalatan at hinihiwa ang mga mangga. sa paghain nitong pagkain, sinasandok ang kanin sa plato, pinapatungan o tinatabihan ng mga mangga, at ibinubuhos ang natitirang gata sa ibabaw. minsan, binubudburan ang malakit ng malutong na munggong-dilaw. kadalasang ginagamit ang dilaw na mangga na mas matamis kaysa sa berdeng mangga. ang mga"
food,tl,wikipedia_tl,"ang kitniyot (, qitniyyot) ay isang salitang hebreo na nangangahulugang legumbre. gayunman, sa panahon ng paskuwa, mas malawak ang kahulugan ng salitang kitniyot upang maisama ang mga butil at buto tulad ng kanin, mais, buto ng mirasol, buto ng linga, balatong, gisantes, at lentil, bukod pa sa mga legumbre. ayon sa ortodoksiyang ashkenazi at ilang mga separdikong kaugalian, hindi maaaring kainin ang kitniyot sa panahon ng paskuwa. kahit na pinapayagan ngayon ang pagkonsumo ng kitniyot sa panahon ng paskuwa ng reporma at konserbatibong hudaismong ashkenazi, ang natatag na tradisyon sa mga ito at sa iba pang mga komunidad ay dapat umiwas sa kanilang pagkonsumo. ayon kina torat eretz yisrael at minhagei eretz yisrael, maaaring kumain ng kitniyot sa paskuwa ang sinumang hudyo sa buong mundo, anuman ang pinagmulan, at sa kabila ng kasanayan ng kanilang mga ninuno, sapagkat isang kasanayan ito na tinanggihan bilang isang hindi kinakailangang pananggol mula sa mga halakhang awtoridad mula noong oras ng paglitaw nito. mga batas at kaugalian pinagbabawalan lamang ng torah sa mga hudyo ang pagkakain ng chametz sa panahon ng paskuwa . ang chametz ay lebadura na ginawa mula sa ""limang butil"":"
food,tl,wikipedia_tl,"ang pasta () ay isang klase ng luglog na kadalasang gawa magmula sa di-inalsang masa ng harinang trigong durum na hinalo sa tubig o mga itlog, hinuhubog na maging pilyego o iba't ibang hugis, at niluluto sa mainit na tubig o sa hurno bago kainin. minsan, ginagamit ang galapong, o legumbre, katulad ng mga bean o lentil, bilang kapalit ng harinang trigo para magkaroon ng ibang lasa at pagkakahabi, o bilang alternatibong awangluten. pangunahing pagkain ang pasta sa lutuing italyano. inihahati ang pasta dalawang malawak na kategorya: tuyo (pasta secca) at presko (pasta fresca). komersyal na binubuo ang karamihan sa tuyong pasta sa pamamagitan ng prosesong ekstrusyon, ngunit maaari itong ihanda sa bahay. tradisyonal na binubuo ang preskong pasta gamit ang kamay, minsan na may tulong mula sa mga simpleng makina. komersyal na binubuo ang mga preskong pasta na ibenebenta sa mga groseri sa pamamagitan ng malalaking makina. mayroong iba't ibang hugis at baryante ang mga pastang tuyo at presko, na may 310 tiyak na anyo na kilala sa higit 1300 dokumentadong pangalan. sa italya, nag-iiba ang mga pangalan ng espesipikong hugis o klase ayon sa lugar. halimbawa, kilala ang anyong cavatelli sa 28"
food,tl,wikipedia_tl,"ang kahirapan ay tumutukoy sa kalagayan o katayuan ng isang tao na walang isang halaga ng mga pag-aaring materyal o salapi. ang absolutong kahirapan ang kalagayan o katayuan ng hindi pagkakaroon ng paraan o pamamaraan upang makayanan o makapagdulot magkaroon ng payak o basikong mga pangangailangang pantao, katulad ng malinis na tubig o naiinom na tubig, nutrisyon, pangangalagang pangkalusugan, kasuotan, at tirahan. ang relatibong kahirapan ay ang kalagayan ng pagkakaroon ng mas kakaunting mga mapagkukunan o mas kakaunting kitang salapi kaysa ibang mga tao sa loob ng isang lipunan o bansa, o kapag inihambing sa mga karaniwang bilang sa buong mundo. ang suplay ng mga pagkain na pangangailangan ay maaaring malimitahan ng mga limitasyon sa mga serbisyo ng pamahalaan gaya ng korupsiyon, ilegal na paglisan ng kapital, mga kondisyonalidad sa utang at sa pagkaubos ng utak ng mga propesyonal na pang-edukasyon at pangkalusugan. mga katawagan at kasingkahulugang mga salita tinutukoy din itong karukhaan, lubos na kahirapan, ganap na karukhaan, paghihikahos, pagdarahop, kawalan, paghihirap, kakapusan, at destitusyon. kasingkahulugan din ito ng kaliitan, pagsasalat, pagkasaid, pagkakapos,"
food,tl,wikipedia_tl,"sa pangkalahatang termino, ang pagkain ay ang proseso ng pag-ubos ng nutrisyon o ang pagkain, para sa hangaring magbigay nutrisyunal na pangangailangan para sa isang hayop, partikular ang kanilang pangangailangang lakas at paglago. kumakain ang lahat ng mga hayop ng ibang organismo upang manatiling buhay. kahalagaan ng pagkain ang uri ng pagkain na ating kinakain sa araw-araw ay may malaking nagagawa para sa ating kalusugan. ito ay nagsisimula mula sa araw na tayo ay ipinanganak hanggang sa ating pagtanda. ang babaeng bagong panganak ay pinagkalooban ng pamamaraan upang mapakain ang anak ng natural na pagkain- ang gatas ng ina. kapag umabot na ang sanggol ng anim na buwan, siya ay puwede nang umpisahan sa malalambot na pagkain. ito ang pinakamahalagang panahon para maumpisahan ang sanggol sa mga mabubuting pagkain. dapat malaman ng lahat ng magulang na kailangang makakain ang sanggol ng isang uri ng pagkain ng mga labindalawang beses bago nito magustuhan ito.mahalagang piliin ng magulang ang ipapakain sa sanggol, nguni't ang sanggol ang magdedesisyon kung gaano ang kakainin niya. ito ay mahalagang panuntunan sa pagpapakain ng sanggol. ang ating mga anak ay masasanay kumain ng"
food,tl,wikipedia_tl,"ang pagkalason sa pagkain ay nangyayari kung kailan ang isang tao ay nagkakasakit mula sa pagkain o inuming panis na o ‘di kaya ay kontaminado. mayroong dalawang klase ng pagkalason sa pagkain: pagkalason dahil sa toksik na tagapangasiwa o nakakahawang tagapangasiwa. ang impeksyon mula sa pagkain ay nangyayari kung kailan ang pagkain ay mayroong bakterya o ibang mga mikrobyo na hinahawaan ang katawan matapos itong makain. ang intoksikasyon mula sa pagkain ay nangyayari kung kalian ang pagkain ay mayroong mga toksin, kasali ang eksotoksin na ginagawa ng mga bakterya, na maaaring mangyari kahit na ang mikrobyo na gumagawa ng toksin ay hindi na matagpuan o kayang magdulot ng impeksyon. kahit na ito ay karaniwang tinatawag na “pagkalason sa pagkain,” ang nagiging sanhi sa halos lahat ng pagkakataon ay ang iba't ibang pathogenic na mga bakterya, mga birus, mga prion o mga parasitiko na nagiging kontaminado ng pagkain, bukod sa kemikal o natural na mga toksin na karaniwan nating tinatawag na lason. ayon sa centers for disease control and prevention, tinatayang 76 milyong katao sa estados unidos ang nagakasakit dahil sa pagkaing kinain nila at tinatyang limang libo sa kanila ang"
food,tl,wikipedia_tl,"ang kanibalismo (mula sa caníbales na pangalang kastila para sa mga taong carib na isang tribo ng kanlurang kaindiyahan (west indies) na dating kilala sa pagsasanay ng kanibalismo) ang akto o kasanayan ng pagkain ng mga tao ng laman o lamang loob ng ibang mga tao. ito ay tinatawag na antropopagiya (anthropophagy). ang isang taong nagsasanay ng kanibalismo ay tinatawag na isang kanibal. ang ekspresyong ""kanibalismo"" ay pinalawig sa soolohiya upang pakahulugang isang indibidwal ng isang espesye na pagkain ng lahat o bahagi ng isa pang indibidwal ng parehong espesye bilang pagkain kabilang ang seksuwal na kanibalismo. ang kanibalismo ay malawak na isinagawa ng mga tao sa nakaraang panahon sa maraming mga bahagi ng mundo. ito ay nagpatuloy hanggang sa ika-19 na siglo sa ilang mga hiwalay na kulturang timog pasipiko at sa kasalukuyang panahon sa mga bahagi ng tropikal na aprika. sa ilang mga kaso sa insular na melanesia, ang katutubong mga pamilihan ng laman ng tao ay umiiral. ang fiji ay minsang nakilala bilang 'cannibal isles'. ang kanibalismo ay mahusay na nadokumento sa buong mundo mula sa fiji hanggang sa lunas ng amason at mula sa congo hanggang sa new zealand na māori. ang mga"
food,tl,wikipedia_tl,"sina adan at eba ayon sa mito ng paglikha ng mga relihiyong abrahamiko na hudaismo, kristiyanismo at islam ang unang lalake at unang babae o mga unang tao at mga magulang ng sangkatauhan. bukod sa aklat ng genesis, ang kuwento ni adan at eba ay lumilitaw rin sa quran, sa talmud, apocalipsis ni adan at buhay ni adan at eba, alitan nina adan at eba kay satanas at testamento ni adan. ang mga tradisyong hudyo gaya ng alpabeto ni sirach ay bumabanggit sa unang asawa ni adan na si lilith. sila ay may tatlong anak na sina cain, abel at si seth. adan ang salitang adan o adam (hebreo: אָדָם, arabiko: آدم) sa hebreong biblikal ay ginamit bilang personal na pangalan ng isang indibdiwal na adan. ang ilan ay naniniwalang ito ay may pangkalahatang kahulugang ""sangkatauhan"" sa parehong paggamit ng mas maagang salitang cananeo na 'adam. iniugnay ng mga skolar ng bibliya ang salitang ""adan"" o אָדָם sa ugat na trilateral na אָדַם ( 'adm ) na nangangahulugang ""pula"", ""maganda"" o ""guwapo"". ang paggamit ng salitang adan bilang personal na pangalan ay mas nauna pa sa paggamit ng pangkahalatang kahulugan nito. ang ugat nito ay hindi ang pamantayang ugat na semitiko para sa ""tao"" na sa halip ay '-(n)-sh"
food,tl,wikipedia_tl,"ang pagpaputi ng ngipin o pagpapaputi ng ngipin ay ang proseso ng pagpapatingkad ng kulay ng mga ngipin ng tao. ang pagpaputi ay kadalasang kanais-nais kapag ang mga ngipin ay nagiging dilaw sa paglipas ng panahon para sa isang bilang ng mga kadahilanan, at maaaring makamit sa pamamagitan ng pagbabago ng intrinsic o extrinsic kulay ng ngipin enamel. ang degradasyon ng kemikal ng mga chromogen sa loob o sa ngipin ay tinatawag na pagpapaputi. hydrogen peroxide (h2o2) ay ang aktibong sahog na karaniwang ginagamit sa mga produkto ng pagpaputi at ay naihatid bilang alinman sa hydrogen peroxide o carbamide peroxide. ang hydrogen peroxide ay kahalintulad sa carbamide peroxide dahil ito ay inilabas kapag ang matatag na complex ay nakikipag-ugnay sa tubig. kapag ito ay diffuses sa ngipin, ang hydrogen peroxide ay gumaganap bilang isang oxidising agent na bumabagsak upang makabuo ng hindi matatag na libreng radicals. sa mga puwang sa pagitan ng mga tulagay na asing-gamot sa enamel ng ngipin, ang mga hindi matatag na libreng radikal ay nakalakip sa mga organic na molecule ng pigment na nagreresulta sa maliit, mas mababa ang mga pigmented na bahagi. na sumasalamin sa mas kaunting liwanag, ang"
food,tl,wikipedia_tl,"ang mga kutkutin (ingles: finger food) ay ang pagkain na makakain na tuwirang ginagamit ang kamay bilang pandampot ng mga pagkaing ito, na kaiba sa mga pagkain na kinakain habang ginagamit ang isang kutsilyo at tinidor o kutsara at tinidor, o kaya mga sipit ng intsik (mga patpat na pangsipit o mga chopstick), o iba pang uri ng kubyertos. sa ilang mga kultura, ang pagkain ay halos palaging kinakain na ginagamit ang kamay bilang pangkuha; halimbawa na ang lutuing ethiopiano na kinakain sa pamamagitan ng pagbalumbon ng sari-saring mga pagkain sa loob ng tinapay na injera. sa subkontinente ng timog asya, ang pagkain ay nakaugaliang palaging kinakain sa pamamagitan ng pagdaklot ng mga kamay. ang mga pagkain na itinuturing bilang mga pagkaing kalye ay madalas, subalit hindi palagian, bilang mga kutkutin. ilang mga halimbawa ng mga kutkutin ay ang maliliit na mga pastel o empanada na may palamang karne, mga balumbon ng tsoriso o batutay (langgunisa), mga langgunisang tinuhog ng patpat, mga keso at mga olibang nasa patpat, mga hita o mga pakpak ng manok, mga turon, mga maliliit na quiche, mga samosa, mga bhujia (mga bhaji na mayroong sibuyas, mga patatas na patatsulok ang tabas, mga vol"
food,tl,wikipedia_tl,"ang bulgogi (불고기; ; from korean bul-gogi ), literal na ""karneng maapoy"", ay isang gui (구이; koreanong putahe na inihaw o binusa) na gawa ng mga maninipis at timpladong hiwa ng baka o baboy na inihaw sa ihawan. kadalasang ginigisa ito sa kawali sa lutong bahay. solomilyo, rib eye o punta't petso ang mga kadalasang ginagamit na hiwa ng baka para sa putahe. ang ulam ay nagmula sa mga hilagang bahagi ng tangway ng korea, ngunit napakasikat ito sa timog korea kung saan mahahanap ito kahit saan, mula sa mga sosyal na restawran hanggang sa mga lokal na supermerkado bilang mga kit na handa na para sa kawali. etimolohiya nagmula ang salitang bulgogi mula sa salitang koreano na bul-gogi (), na binubuo ng bul (""apoy"") at gogi (""karne""). nagmula ang tambalang salita mula sa dayalektong pyongan, dahil ang putahe mismo ay piling pagkain ng lalawigan ng pyongan, hilagang korea. pagkalaya ng tangway ng korea mula sa sapilitang pagsakop ng mga hapon noong 1945, sumikat ang putahe sa seoul at mga iba pang bahagi ng timog korea, sa pamamagitan ng mga takas mula sa pyongan. kalaunang nailista ito sa 1947 edisyon ng dictionary of the korean language, bilang karne na direktang inihaw sa nagbabagang"
food,tl,wikipedia_tl,"ang puto ay pinasingawang kakanin sa pilipinas na gawa sa galapong. kinakain ito nang mag-isa o sinasabayan ng mga malinamnam na ulam (lalo na ang dinuguan). tumutukoy rin ang puto sa mga samu't saring uri ng mga katutubong keyk na pinasingawan, kabilang dito ang mga hindi gawa sa kanin. isa itong sub-uri ng kakanin. paglalarawan gawa ang puto sa bigas na ibinabad nang magdamag upang umasim ito nang kaunti. maaari itong dagdagan ng lebadura para makatulong sa proseso. pagkatapos, ginigiling ito (tradisyonal sa gilingang-bato) para maging galapong. pinapasingawan ang halong ito. bilog ang pinakakaraniwang hugis ng putuhan, na may diyametrong at lalim na . malasingsing itong mga putuhan na gawa sa hininang yero na pumapaligid sa butas-butas na lutuan, o maninipis na piraso ng kawayan na pumapaligid sa patag na basket ng tilad-tilad (kahawig ng istimer ng dim sum). halos alimusod palagi ang takip para pumatak-patak ang namumuong singaw sa paligid sa halip na sa mga kakanin. iniuunat ang katsa sa putuhan at ibinubuhos ang galapong sa ibabaw nito; maaari ring sapinan ang putuhan ng dahon ng saging. ibinebenta ang mga puto sa bilao na sinapinan ng dahon ng saging, buo man o hiniwa sa"
food,tl,wikipedia_tl,"ang karne norte () ay inasinang pitso ng baka. nagmula ang katawagang ito mula sa wikang kastila, at ""hilagang karne"" ang ibig sabihin nito. ang katawagan naman sa ingles ay nagmumula sa malalaking asin na ginagamit sa pag-iimbak ng karne, na tinatawag na . minsan, hinahaluan ito ng asukal at espesya. itinatampok ang karne norte bilang sahog sa maraming mga lutuin. mayroong nitrato sa karamihan mga ng resipi nito, na nag-coconvert sa likas na myoglobin sa baka na maging nitrosomyoglobin, na nagpapakulay-rosas sa karne. ang mga nitrato at nitrite ay nakakabawas sa panganib ng delikadong botulismo habang inaasin sa pagpipigil ng pagdami ng clostridium botulinum, ngunit naiugnay rin ito sa tumataas na panganib ng kanser sa mga daga. kulay-abo ang bakang inasin na walang nitrato o nitrite, at tinatawag minsan na . naging sikat na pagkain ang karne norte sa mga digmaan, kabilang dito ang ika-1 at ika-2 digmaang pandaigdig, kung kailan nirasyon ang sariwang karne. sikat pa rin ito sa buong mundo bilang sahog sa mga pagkain sa mga iba't ibang rehiyon at karaniwang bahagi sa modernong rasyon ng mga iba't ibang sandatahang lakas sa mundo. kasaysayan kahit hindi alam ang eksaktong"
food,tl,wikipedia_tl,"si zhu bajie (), na mas kilala rin bilang zhu wuneng, ay isa sa mga tatlong tagapagtulong kina tang sanzang at isang pangunahing karakter mula sa nobelang paglalakbay sa kanluran. ang zhu na ibig sabihin ay baboy, at bajie na ibig sabihin ay ""walong utos"". ibig mo bang sabihin: tinuturing ng mga iskolar ng budismo na ang parehong mga ekspresyon ay may kaugnayan sa ""śīla pāramitā"". sa maraming bersyon ng istorya, si zhu bajie ay tinatawag na ""pigsy"" o ""pig"". si zhu bajie ay isang komplikadong at binuo na character sa nobela. mukhang isang kahila-hilakbot na halimaw, bahagi ng tao at bahagi ng baboy, na kadalasang nakakakuha ng kanyang sarili at mga kasamahan sa kaguluhan sa pamamagitan ng kanyang katamaran, katakawan, at likas na hilig sa pagnanasa sa mga magagandang babae. siya ay naninibugho kay sun wukong at palaging sumusubok na dalhin siya pababa. sa orihinal na nobelang intsik, madalas siyang tinatawag na dāizi (呆子), na nangangahulugang ""idiot"". sun wukong, tang sanzang at kahit na ang may-akda ay patuloy na tumutukoy sa kanya bilang ""idiot"" sa kurso ng kuwento. ang mga bodhisattva at iba pang mga makalangit na nilalang ay karaniwang tumutukoy sa kanya bilang ""heavenly"
food,tl,wikipedia_tl,"ang cretaceous (bigkas /krë-tay-shës/, ) ,na hinango mula sa latin na ""creta"" (chalk, na karaniwang pinaikling k para sa saling aleman nitong kreide (chalk) ay isang panahong heolohiko mula . ito ay sumusunod sa panahong hurasiko at sinundan ng panahong paleoheno. ito ang huling panahong ng era na mesosoiko at sumasaklaw sa 80 milyong mga taon na pinakamahabang panahon ng era na phanerozoic. ito ay isang panahon ng relatibong mainit na klima na nagresulta sa isang mataas na mga lebel ng dagat na eustatiko at lumikha ng maraming mga mababaw na mga dagat na panloob ng lupain. ang mga karagatan at dagat na ito ay napuno ng ngayong ekstinto na mga reptilyang pang-dagat, mga ammonita, at mga rudista samantalang ang mga dinosauro ay nagpatuloy na manaig sa lupain. sa parehong panahon, ang mga bagong pangkat ng mga mamalya at mga ibon gayundin ang mga namumulaklak na mga halaman ay lumitaw. ang cretaceous ay nagwakas sa isang malaking ekstinsiyong pang-masa na pangyayaring ekstinsiyong na cretaceous-paleoheene kung saan ang maraming mga pangkat kabilang ang mga hindi-ibon na dinosauro, mga pterosaur at malalaking mga reptilyang pang-dagat ay namatay. ang huli nang cretaceous ay"
food,tl,wikipedia_tl,"si isabella mary beeton ( mayson; ika-14 ng marso 1836 – ika-6 kan pebrero 1865), mas kilala sa mrs beeton, ay isang mamamahayag ng ingles, editor at manunulat. ang kanyang pangalan ay partikular na nauugnay sa kanyang unang libro, ang 1861 na gawang mrs beeton's book of household management. ipinanganak siya sa london at, pagkatapos ng kanyang pag-aaral sa islington, north london, at sa heidelberg, alemanya, pinakasalan niya si samuel orchart beeton na isang ambisyosong tagalimbag at editor ng magasin. noong 1857, mas mababa sa isang taon pagkatapos ng kasal, sinimulang magsulat si beeton para sa isa sa mga lathala ng kanyang asawa, at ito nga ang the englishwoman's domestic magazine . isinalin niya ang pikayon na pransya at isinulat ang haligi ng lutuin o cookery column, kahit na ang lahat ng mga resipe ay napamamlahiyo mula sa iba pang mga gawa o ipinadala ng mga mambabasa ng magasin. noong 1859 inilunsad ng mga beetons ang isang serye ng 48-pahinang buwanang suplemento sa the englishwoman's domestic magazine; ang 24 na mga installment ay nailimbag sa isang dami bilang mrs beeton's book of household management noong oktubre 1861, na nakabenta ito ng 60,000 kopya sa unang taon."
food,tl,wikipedia_tl,"tungkol sa pagkain na isang sustansiya ang artikulong ito. tingnan ang pagkain (aktibidad) para sa impormasyon tungkol sa pagkain bilang isang aktibidad. ang pagkain ay anumang masustansiya na karaniwang kinakain o iniinom ng mga may buhay na organismo. kabilang sa katagang pagkain ang mga likido na inumin. isa sa mga pangunahing pinagkukunan ng enerhiya at ng nutrisyon para sa mga hayop, at karaniwan galing ito sa mga ibang hayop o halaman. agham ng pagkain ang tawag sa pag-aaral ng pagkain. ang world food day ay ipinagdiriwang taon-taon tuwing oktubre 16. kahulugan ayon sa batas sa batas ng pagkain sa kanlurang mundo, mayroong kinikilalang apat na kategorya na bagay bilang pagkain: kahit anong sustansiya o produkto, kahit na prinoseso, bahagdan lamang prinoseso, o hindi prinoseso, inakala, o inaasahan na kainin ng tao kahit na may nutrisyunal na halaga o wala. tubig at ibang mga inumin nginunguyang gum"
food,tl,wikipedia_tl,"ang sungnyung ay isang tradisyunal na korea na inumin na ginawa mula sa pinakuluang sunog na kanin. gawa sa nurungji , o tutong na kanin na nagkakaroon sa ilalim ng isang palayok pagkatapos ng pagluto ng bigas, ang inuming ito. ibinubuhos ang kumukulong tubig sa kayumangging tutong na ito sa isang palayok, at hinahayaan itong kumulo hanggang natamo na ng tubig ang sapat na lasa ng tutong. tradisyonal na niluluto ang kanin sa korea gamit ng isang tradisyonal na kaserola (na gawa sa mabigat na bakal, tulad ng hurnong olandes), hanggang sa makulo ang lahat ng tubig at may maiiwang tutong sa ilalim ng kaserola. iniiwasan nito ang pagkasayang ng kaning niluto, at mas pinapadali ang paglilinis ng kaserola. dahil ginagawa ang sungnyung pagkatapos isinaing ang kanin, karaniwa'y iniinom ito pagkatapos kumain. sa pagdating ng mga modernong elektronikong panluto ng kanin (rice cooker), hindi na naging popular ang sungnyung dahil sa kakayahan ng mga panluto ng kanin na magluto ng kanin nang hindi nagtututong ito. subalit, sa huling bahagi ng ika-20 siglo, ito ay nagsimulang maging tanyag muli at maraming mga elektronikong panluto ng kanin ngayon ay may kakayahan na lutuin ang sungnyung. sa"
food,tl,wikipedia_tl,"ang entrée (; pranses para sa ""pasukan""), literal na ""paunang hain"" o ""pang-umpisang pagkain"" (unang ipinasok na pagkain) ay isang ulam o putahe na inihahain bago ang pangunahing kurso ng pagkain. ang pagkawala noong kaagahan ng ika-20 daantaon ng isang malaking pampamayanang pangunahing kurso na katulad ng isang litson (""sinangag"" na karne) bilang isang pamantayang bahagi ng pagkain sa mundong nagsasalita ng wikang ingles ay humantong sa kataga upang gamitin bilang panlarawan sa mismo sa pangunahing kurso sa ilang mga pook. ang ganitong paggamit ay malawak na nakahangga sa hilagang amerika at hindi karaniwan sa karamihan ng mga bansang nagsasalita ng ingles. subalit, ang paggamit na ito ay ibinigay ng ilang mga talahulugang britaniko ngunit hindi ng iba. ang katagang entrée ay madalang na ginagamit para sa isang hors d'oeuvre, na tinatawag ding ""unang kurso"", ""pampagana"" (appetizer) o ""pansimula"" (starter). subalit, sa pransiya, ang katagang ""entrée"", na isang salitang pranses na nangangahulugang isang pasukan o simula, ay palaging naglalarawan ng isang unang kurso, hindi ang pangunahing kurso. noong 1970, ibinigay ni richard olney, isang amerikanong naninirahan sa paris, ang"
food,tl,wikipedia_tl,"ang malnutrisyon ay isang palansak na kataga sa kondisyong medikal na sanhi ng mali o kakulangan sa pagkain. karaniwang ginagamit ito sa kakulangan ng nutrisyon bunga ng hindi sapat na pagkain, mababang pagkatunaw, o labis na pagkawala ng sustansiya. ang katagang ito ay lumalagom din sa labis na nutrisyon na bunga ng sobrang pagkain ng tiyak na sustansiya. makararanas ang isang tao ng malnutrisyon kapag ang sapat na dami, uri o kalidad ng sustansiya ng sinasabing malusog na pagkain ay hindi kinakain sa mahabang panahon. makapagbubunga ng kagutuman ang isang mahabang panahon ng malnutrisyon. ang malnutrisyon bilang kawalan ng sapat ng sustansiya upang mapanatili ang malusog ng katawan ay karaniwang kalakip ng lubhang kahirapan sa mga bansang umuunlad habang ang malnutrisyon na bunga ng maling pagkain, sobrang pagkain o kakulangan ng isang balanseng pagkain ay masusumpungan sa mga bansang maunlad (na karaniwang ipinakikita sa pagdami ng mga matataba). karaniwang, ang mga malnoris na tao ay walang sapat na kalorya sa kanilang pagkain o kumakain ng pagkain na kulang sa kailangang protina, bitamina o mineral. ang mga problemang mediko na bunga ng malnutrisyon ay karaniwang tinatawag ng"
food,tl,wikipedia_tl,"sinasaklaw ng lutuing hapones ang rehiyonal at tradisyonal na pagkain ng hapon, na nalinang sa paglipas ng mga siglo ng pagbabago sa politika, ekonomiya, at lipunan. nakasalig ang tradisyonal na lutuing hapones () sa kanin na may kasamang sinabawang miso at iba pang mga pagkain; may diin sa paggamit ng pana-panahong sangkap. binubuo ang mga pamutat ng isda, inatsarang gulay, at gulay na niluto sa sabaw. karaniwan ang pagkaing-dagat, kadalasan iniihaw, ngunit inihahain din nang sariwa kagaya ng sashimi o sushi. piniprito rin ang mga pagkaing-dagat at gulay sa magaan na batter, katulad ng . bukod sa kanin, kabilang sa mga pangunahing pagkain ang pansit, gaya ng soba at udon. marami ring pinapakuluang pagkain sa hapon, tulad ng mga produktong isda sa sabaw na tinatawag na , o baka sa at . naimpluwensiyahan ng lutuing tsino sa kasaysayan nito, nahantad din ang lutuing hapones sa impluwensiya ng mga lutuing kanluranin sa modernong panahon. ang mga ulam na kinasihan ng pagkaing banyaga—lalo na pagkaing tsino—katulad ng ramen at , pati na rin mga pagkain gaya ng ispageti, kari at hamburger, ay iniangkop sa mga hilig at sangkap ng mga hapones. naging pamilyar na rin sa buong hapon ang"
food,tl,wikipedia_tl,"ang pambansang lutuin ay pagkain na may matinding kaugnayan sa isang partikular na bansa. maraming dahilan kung bakit maituturing na pambansang lutuin ang isang pagkain: isa itong isteypol, na gawa sa seleksyon ng mga pagkain na lagap sa lokalidad na maaaring ihanda sa katangi-tanging paraan, tulad ng fruits de mer, na inihahain sa kanlurang baybayin ng pransiya. naglalaman ito ng sangkap na yaring-lokal, tulad ng paprika na itinatanim sa pirineos sa europa. inihahain ito bilang pestibong kulinaryong tradisyon na bahagi ng pamanang kultural—halimbawa, barbikyuhan sa tag-init na kamping o fondue sa mga handaang-hapunan — o bilang bahagi ng gawaing panrelihiyon, gaya ng mga selebrasyon ng korban pesach o iftar. itinaguyod ito bilang isang pambansang pagkain ng bansa mismo, tulad ng pagtaguyod sa fondue bilang pambansang pagkain ng suwisa ng suwisang unyon ng keso (schweizerische käseunion) noong dekada 1930. bahagi ng pambansang identidad at pagtingin sa sariling bansa ang mga lutuing ito. noong panahon ng mga imperyo sa europa, bumuo ang mga bansa ng pambansang lutuin upang maiba sila sa kani-kanilang mga karibal. sa ilang bansa, tulad ng mehiko, tsina o indiya, wala ni isang mang"
food,tl,wikipedia_tl,"ang bakang stroganoff o bakang stroganov () ay isang rusong putahe ng mga ginisang piraso ng karneng-baka na inihahain sa sarsa na may smetana (kremang asim). mula sa mga pinanggalingan nito sa kalagitnaan ng ika-19 na siglo ng rusya, naging sikat ito sa buong mundo at nagkaroon ng mga pagkakaiba-iba mula sa orihinal na reseta. kasaysayan ipinangalanan ang ulam sa isa sa mga miyembro ng maimpluwensyang pamilyang stroganov, at karaniwang iniugnaya ng pag-imbento nito sa mga pransesong kusinero na nagtatrabaho sa kanilang pamilya. ibinibigay ng klasikong rusong aklat-panluto ni elena molokhovets isang regalo sa mga batang maybahay ang unang kilalang reseta para sa govjadina po-strogonovski, s gorchitseju, ""baka à la stroganov, na may mustasa"", sa kanyang 1871 edisyon. gumagamit ang reseta ng mga kubong baka (hindi mga makitid na piraso) na hinaharina nang kaunti at ginigisa, sinarsa na may inihandang mustasa at sabaw, at ipinabaibabaw ng kakaunting kremang asim: walang sibuyas, walang kabute at walang alkohol. paminsan-minsan nababanggit ang isang kumpetisyon na sinasabing naganap noong 1890 sa kasaysayan ng ulam, ngunit umiiral na ang reseta at pangalan bago noon. ang isa pang"
food,tl,wikipedia_tl,"ang batong sabaw ay isang kuwentong pambayan europeo kung saan kinukumbinsi ng mga gutom na estranghero ang mga tao ng isang bayan na bawat isa ay magbahagi ng kaunting pagkain upang makagawa ng pagkain na kinagigiliwan ng lahat, at umiiral bilang isang moral tungkol sa halaga ng pagbabahagi. sa iba't ibang tradisyon, ang bato ay pinalitan ng iba pang karaniwang hindi nakakain na mga bagay, at samakatuwid ang pabula ay kilala rin bilang ax soup, button soup, nail soup, at wood soup. kuwento ang ilang mga manlalakbay ay pumupunta sa isang nayon, walang dalang iba kundi isang kaldero na walang laman. sa kanilang pagdating, ang mga taganayon ay hindi gustong ibahagi ang alinman sa kanilang mga tindahan ng pagkain sa mga gutom na gutom na manlalakbay. pagkatapos ang mga manlalakbay ay pumunta sa isang batis at pinupuno ang palayok ng tubig, naghulog ng malaking bato dito, at inilagay ito sa apoy. ang isa sa mga taganayon ay naging mausisa at nagtanong kung ano ang kanilang ginagawa. sumasagot ang mga manlalakbay na gumagawa sila ng ""batong sabaw"", na masarap ang lasa at ikalulugod nilang ibahagi sa taganayon, bagama't kailangan pa rin nito ng kaunting palamuti, na kulang sa kanila,"
food,tl,wikipedia_tl,"ang dilis (ingles: philippine anchovy) ay isang uri ng isda. sa pilipinas, pinatutuyo ito o ibinibilad sa araw para maging pagkain. ito ay maliit na ""forage fish"" na kabilang sa pamilyang engraulidae. kadalasang makikita ito sa tubig dagat o maaalat na tubig sa karagatan, ngunit maari rin itong makita sa ibang bahagi ng karagatan. ito ay pinagmumulan ng malusog na omega-3 na taba, protina, calcium, selenium, iron, at bitamina b12. katangian dahil sa isang longhitudinal na kulay-pilak na guhit na umaabot mula sa base ng caudal (buntot) na palikpik, ang mga ""dilis"" ay maliliit, berdeng isda na may mga asul na repleksyon. ang haba ng kanilang paglaki ay nag-iiba mula 2 hanggang 40 sentimetro (1 hanggang 15 at kalahating pulgada)[4], at mayroon silang iba't ibang uri ng katawan, na may mas payat na isda na makikita sa hilagang rehiyon. ang dilis ay maliliit, makinis na isda na kahawig ng herrings sa hitsura. ito ay makikilala sa pamamagitan ng malawak na bibig nito, na nakausli pabalik sa mata. tuwid na lateral line at matulis ang ibabang panga na nakausli ang ilong. malaki, madaling matanggal na kaliskis. madilim na berde sa likod, pilak ang mga gilid na may steel blue band sa"
food,tl,wikipedia_tl,"ang diplomatikong krisis sa qatar ay nagsimula noong hunyo 2017, nang ang saudi arabia, united arab emirates, bahrain, egypt, maldives, mauritania, senegal, djibouti, ang comoros, jordan, ang nakabase sa tobruk na gobyernong libya, at ang gobyernong hadi ng yemen ay pinutol ang mga ugnayang diplomatiko sa qatar at ipinagbawal ang mga eroplano ng qatari at mga barko mula sa paggamit ng kanilang himpapawid at mga ruta ng dagat kasama ang saudi arabia na humaharang sa tanging daan sa lupa. sinabi ng koalisyon sa pamumuno ng saudi ang di-umano’y pagsuporta ng qatar sa terorismo bilang pangunahing dahilan sa kanilang mga aksyon, iginiit na ang qatar ay lumabag sa isang kasunduan sa 2014 sa mga miyembro ng gulf cooperation council (gcc). ang saudi arabia at iba pang mga bansa ay pinuna ang al jazeera at relasyon ng qatar sa iran . hindi itinanggi ng qatar na nagbigay ito ng tulong sa ilang mga grupong islamista (tulad ng muslim na kapatiran ), ngunit hindi ang pagtulong sa mga militanteng grupo na naka-ugnay sa al-qaeda o islamic state of iraq at the levant (isil). sinasabi din ng qatar na tinulungan din nito ang estados unidos sa war on terror at ang patuloy na interbensyon ng militar"
food,tl,wikipedia_tl,"ang pagsalakay sa cabanatuan (ingles : raid at cabanatuan), na kilala rin bilang ang dakilang pagsalakay ( ingles : ), ay isang operasyon sa pagsagip ng mga alyadong bilanggo ng digmaan o pow (prisoners of war) at sibilyan mula sa isang kampong hawak ng mga hapones malapit sa lungsod ng cabanatuan, sa pilipinas . noong enero 30, 1945, sa panahon ng ikalawang digmaang pangdaigdig, ang united states army rangers, alamo scout at mga gerilya ng pilipinas ay nagpalaya sa mahigit 500 mga preso mula sa kampo ng pow . matapos ang pagsuko ng libu-libong mga tropang amerikano sa labanan sa bataan, marami ang ipinadala sa kampo ng bilangguan ng cabanatuan pagkatapos magmartsa mula sa bataan. inilipat ng mga hapones ang karamihan sa mga bilanggo sa iba pang mga lugar, naiwan lamang sa 500 amerikano at iba pang magkakatulad na pow at sibilyan sa bilangguan. naharap sa mabagsik na mga kondisyon kabilang ang sakit, pagpapahirap, at malnutrisyon, natakot ang mga bilanggo na papatayin sila ng kanilang mga taga-bihag bago ang pagdating ni heneral douglas macarthur at ng kanyang mga puwersang amerikano na bumalik sa luzon . sa huling bahagi ng enero 1945, isang plano ang binuo ng mga pinuno ng sixth"
food,tl,wikipedia_tl,"ang kanin at patani ay isang popular na pagkain sa buong amerikang latino at turkiya. madalas binubuo ang pagkaing ito ng kanin na sinamahan ng mga kayumanggi, pula, o itim na patani (madalas ang phaseolus vulgaris o vigna unguiculata) at pinapalasahan sa iba't ibang pamamaraan. ang bawat rehyon ay may sari-sariling pagtatangi. sa brasil, halimbawa, mas popular ang mga itim na patani sa rio de janeiro, rio grande do sul, at santa catarina, habang ginagamit lang ito sa mga feijoada sa mga ibang bahagi ng bansa. ang pinagdalubhasaan ng bagong orléans na red beans and rice ay madalas sinasamahan sa gilid ng tinapang longganisa o pinritong pork chop. sa turkiya, dry beans and rice ay pangunahin na sinasamahan sa lamb shank. sa maraming pook, ang kanin at patani ay madalas ihinahanda nang magkatabi sa halip na pinag-iisang-halo. kahit ano pa man, itinuturing silang ulam o side dish'' upang samahan ang isang ulam ng karne o manok. ipinapatong minsan ang karne o iba pang mga sangkap sa kanin at patani o kaya (di-gaano kadalas) pinag-iisang halo. mga sanggunian lutuing amerikano lutuing benesolano lutuing brasilenyo lutuing kubano lutuing mehikano lutuing nikaragwense lutuing pilipino"
food,tl,wikipedia_tl,"ang pangugulayin o pagkain ng gulay lamang ay ang paniniwala na makabubuti sa kalusugan at nakapagpapahaba ng buhay ang gawaing pagkain ng maraming gulay at pag-iwas sa pagkain ng lahat ng uri karne. hindi iminumungkahi ang mahigpit na pagkaing manggugulayin dahil sa pagkakaroon ng kakulangan sa sapat na protina. hindi naglalaman ang diyetang ito ng protinang kailangan ng katawan upang makabuo ng mga asidong amino. may mga tagapagsuring nakapagtugaygay at nakapagsaliksik na nakasasanhi ng kapansanan sa pag-iisip ang ganitong kakulangan ng protina sa pagkain at katawan. isang lunas sa ganitong kakulangan ang pagdaragdag ng pagkain ng mga itlog at gatas, bagaman mayroon itong isang puna: na ang pagkain ay mabigat kaya't nakapagsasanhi ng pagkabanat o distensyon ng tiyan, bituka, at sikmura sa ilang mga tao. ang kainaman ng pagkaing manggugulayin na may itlog at karne ay nakabubuti sa mga taong may palagian o matagalang pananakit ng ulo, mga taong matataba, mga taong tibi, mga taong may piyo, at mga taong may paulit-ulit na mga kapansanan o kapinsalaan sa balat. ngunit sa bandang huli, ang talagang huwarang pagkain para sa isang karaniwang tao ay ang mga lutuing pantay at sapat ang"
food,tl,wikipedia_tl,"pages using multiple image with auto scaled images ang pangmadaliang pagkain () ay isang uri ng pagkaing maramihang-gawa na idinisenyo para sa komersyal na pagbebenta, na may labis-labis na pagdiriin sa bilis ng serbisyo. isa itong katawagang komersyal, limitado sa pagkain na ibinebenta sa restawran o tindahan na may sangkap na elado, patiunang pinainit o niluto at inihain sa balutang pang-take-out. nilikha ang pangmadaliang pagkain bilang estratehiyang komersyal na mapaunlakan ang malalaking bilang ng mga bising biyahero at mga manggagawa. noong 2018, tinatantiyang $570 bilyon ang halaga ng industriya ng pangmadaliang pagkain sa buong mundo. ang pinakamabilis na anyo ng ""pangmadaliang pagkain"" ay binubuo ng mga pagkaing patiunang niluto na nagpapababa ng panahon ng paghihintay sa ilang segundo lamang. sa mga ibang kainang pangmadalian, pangunahin ang mga burgeran kagaya ng mcdo, ay gumagamit ng sangkap na maramihang-gawa, at patiunang inihanda (binalutang tinapay at kondimento, eladong ng baka, gulay na patiunang hinugasan, hiniwa, o pareho; atbp.) at niluluto lang ang karne at pritong patatas bago iimpake ang order. pagkakaroon ng drive-thru ang karaniwang nagpapaiba sa mga"
food,tl,wikipedia_tl,"ang pritong manok ( o lang mismo) ay isang ulam na binubuo ng mga hiwa ng manok na inilubog sa tinimplahang batter at ipiniprito. malutong ang balat nitong ulam habang pinapanatili sa karne ang mga katas. ang pinakaunang ulam na kinikilalang ipinrito ay fritter, na sumikat sa gitnang kapanahunan sa europa. subalit, mga eskoses ang naging unang taga-europa na nagprito ng manok sa taba (ngunit walang panimpla). samantala, ang iilang mga katao sa kanlurang aprika ay may mga tradisyon ng tinimplahang pritong manok (sa paglubog sa batter at pagluluto ng manok sa langis ng palma). pinagsama-sama ang mga pamamaraan sa pagprito ng mga eskoses at ang mga pamamaraan sa pagtimpla ng mga kanluraning aprikano ng mga inaliping aprikano at aprikanong-amerikano sa timugang estados unidos. paglalarawan inilalarawan ang pritong manok bilang ""malutong"" at ""makatas"". bilang karagdagang, sinasabing ""maanghang"" at ""maalat"" ang ulam na ito. paminsan-minsan, nilalagyan ito ng sili tulad ng paprika, o maanghang na sarsa para umanghang ang lasa nito. lalo nang karaniwan ito sa mga fast food restaurant chain tulad ng kfc. kilala itong ulam sa pagiging mamantika, lalo na kapag nanggaling ito sa mga fast food"
food,tl,wikipedia_tl,"tteokbokki, na kilala rin bilangtopokki, ay isang tanyag na meryenda ng korea na pagkain na karaniwang binibili mula sa bendor ng kalye o pojangmacha. sa orihinal ito ay tinatawag natteok jjim(떡찜), at noon ito ay isang inihaw na ulam ng hiwang bibingka, karne, itlog, at pampalasa. tteok jjimisang dating uri ng modernong tteokbokki, ay dati isa sa mga luto ng mga hari ng korea. ang ganitong uri ng tteokbokki ay ginawa sa pamamagitan ng ihaw na tteok , karne, gulay, itlog, at pampalasa sa tubig, at pagkatapos sinisilbi ito kasama ng mga ginko nuwes at walnut. sa kanyang orihinal na anyo, tteokbokki, na pagkatapos ay kilala bilanggungjung tteokbokki, na ito ay isang ulam na sinisilbi sa mga hari o reyna at itinuturi din ito bilang isang haute cuisine. ang orihinal na tteokbokki ay isang ulam o luto na naglalaman ng garaetteok (가래떡, silindro hugis-tteok) pinagsama sa isang iba't ibang mga sahog, tulad ng mga karne ng baka, sibuyas, mushrooms, karot, at tinimplahan na may toyo. kasaysayan kasunod ng korean war naging tunay na tanyag ang isang bagong uri ng tteokbokki. habang ang mga mas lumang bersyon ay masarap, itong bagong uri ay mas maanghang, at mabilis itong naging popular kaysa"
food,tl,wikipedia_tl,"ang bikol ekspres, na kilala sa katutubong bikol bilang sinilihan, ay isang tanyag na lutuing pilipino na pinasikat sa distrito ng malate, maynila ngunit ginawa sa tradisyonal na istilong bikolano. isa itong nilaga na gawa sa siling haba o siling labuyo, gata/katang gata, bagoong alamang o daing, sibuyas, karneng baboy, luya at bawang. binansagan ang ulam ni cely kalaw, isang residente ng laguna resident, noong isang kompetisyon sa pagluluto noong dekada 1970 sa malate, maynila. nainspira ang pangalan nitong ulam ng bicol express na daambakal (pambansang daambakal ng pilipinas) na tumakbo mula tutuban, maynila patungo sa legazpi, albay (sentro ng kabikulan). ang kilalang pangalan para sa ulam na ito sa kabikulan sa pilipinas ay gulay na may lada, na sa ngayon ay isa sa mga behetarianong uri ng bikol ekspres. habang lumalaon, dumami ang mga uri ng bikol ekspres na nagkaroon ng pagkaing-dagat, karneng baka, pesketariano, behetariano, begano, at iba pang mga uri. nag-iiba-iba ang paghahanda sa mga putaheng ito ayon sa karneng ginagamit sa putahe. mayaman sa protina ang orihinal na uri ng bikol ekspres, ngunit masama sa katawan dahil mataas ang at kolesterol nito. nagsimula na ang"
food,tl,wikipedia_tl,"tungkol ito sa pagkain, para sa sayaw tingnan ang karinyosa. ang karinyusa ng karneng baka, dyus ng karne ng baka, yago ng karneng baka, o lurit ng karne ng baka (ingles: beef juice) ay ang matubig na katas ng karneng baka na nagmumula sa mismong pinakalaman ng bakang pinaggawaan o pinaghanguan nito. kaiba ito sa hinangong katas ng karneng baka (tinatawag na beef extract) lamang dahil sa kakauntian ng antas ng halaga bilang pagkain, kanilang pinagmulan, at paraan ng paghahanda. binubuo ang karinyusa ng karne ng baka ng mga katas na nagmula sa talaga o mismong pinakalaman ng karneng baka, samantalang mga hango o halaw lamang ang nasa payak na katas ng karneng baka. mas mataas ang kaantasan o kahalagahan bilang pagkain ng lurit ng karne ng baka dahil ito mismo ang mga likidong nagmumula sa hibla o pibra ng masel ng karne, kaya't mas mainam na pagkain para sa mga imbalidong pasyente at sa mga sanggol. paghahanda ng karinyusa bagaman inihahanda o ginagawa ang produktong ito sa isang pagawaan o pabrika, may mga kaparaanang maisasagawa upang makakuha ng karinyusa ng karneng baka. tinatadtad o tinitilad ang karne ng baka, at inilalagay pagkaraan sa malamig na tubig. inilalagay ang"
food,tl,wikipedia_tl,"ang republic biscuit corporation o rebisco ay isang kumpanya ng pagkain sa pilipinas. ito ay itinatag noong 1963, na itinatag sa pamamagitan ni jacinto ng. henerasyon ng mga pilipino ay tinatangkilik pangunahing rebisco portfolio ng mga biskwit at ngayon ang malawak na hanay ng mga pagkain ng meryenda. kasaysayan ang rebisco ay nagsimula noong 1963 bilang england biscuit factory sa paggawa ng mga biskwit mula sa isang maliit arkilahin pangalawang-kamay factory sa san juan at gamit lang ang isang usd5, 000 sa start-up (humigit-kumulang p15, 000 sa p20, 000). ang kumpanya ay kalaunan ay inilipat ng factory ng san juan at inilipat sa isang bagong pabrika sa novaliches quezon city. ito 1972, england biskwit factory pangalan ng republika biskwit corporation at pinagtibay ng isang bagong larawan. sa pamamagitan ng mga taon, ang rebisco maglagay ng ilang mga kumpanya upang dominahin ang iba pang mga segment ng merkado: jbc food corporation noong 1989, suncrest pagkain isinama noong 1995, multirich corporation noong 1999, karumkan pagkain inkorporada noong 2000. noong 2003, nakuha ng mga produkto ng storck isinama at pangalan ng ito bilang spi corporation. noong 1972, nakuha ng isang"
food,tl,wikipedia_tl,"ang pad thai, phat thai, o phad thai ( o ; , rtgs : phat thai, iso: p̄hạd thịy, , 'taylandes na stir fry'), ay isang putaheng stir-fried rice noodle na karaniwang nagsisilbing pagkaing kalye sa taylandiya bilang bahagi ng lutuin ng bansa. karaniwan itong ginagawa gamit ang rice noodles, hipon, mani, piniritong itlog, at toge, bukod sa iba pang mga gulay. ang mga sangkap ay pinirito sa isang kawali. mga sangkap ang pad thai ay ginawa gamit ang muling binasang tuyong rice noodles na may ilang trigong tapioca na hinaluan, na pinirito na may mga itlog at tinadtad na firm na tofu, pinalasahan ng katas ng sampalok, patis, tuyong hipon, bawang o shallots, pulang sili at palm sugar, at hinahain kasama ng hati ng lime at madalas na tinadtad na inihaw na mani. maaaring naglalaman ito ng iba pang mga gulay tulad ng toge, chives ng bawang, adobong labanos, o singkamas, at hilaw na bulaklak ng saging. maaari rin itong maglaman ng sariwang hipon, alimango, pusit, manok, o iba pang isda o karne. marami sa mga sangkap ang ibinibigay sa gilid bilang mga pampalasa, tulad ng pulang sili, lime wedges, inihaw na mani, toge, spring onion at iba pang sari-saring sariwang gulay. maaaring palitan ng mga"
food,tl,wikipedia_tl,"ang sisig ay isang kilalang ulam sa pilipinas. gawa ito sa mga bahaging-ulo at laman ng baboy at atay ng manok, at maaaring palasahan ng kalamansi, sibuyas, at sili. nanggagaling ito mula sa rehiyon ng pampanga sa luzon. isang pangunahing pagkain ang sisig sa lutuing kapampangan. idineklara ng pamahalaang lungsod ng angeles, pampanga, sa pamamagitan ng ordinansa ng lungsod blg. 405, serye ng 2017, na ang sizzling sisig babi (""sisig na baboy"") ay di-nahahawakang pamana ng lungsod ng angeles. pinagmulan matutunton sa 1732 ang pinakaunang kilalang rekord ng salitang sisig, at naitala nito ni diego bergaño, isang agostinong prayle, sa kanyang vocabulary of the kapampangan language in spanish and dictionary of the spanish language in kapampangan. binibigyang-kahulugan ang sisig ni bergaño bilang ""ensaladang may berdeng papaya, o berdeng bayabas na kinakain na may asin, paminta, bawang at suka."" ang salitang mannisig sa mannisig manga, isang parirala na ginagamit pa rin ngayon, ay tumutukoy sa pagkakain ng hilaw na mangga na sinasawsaw sa suka. ginamit din ang salitang sisig para tumukoy sa isang paraan ng paghahanda ng isda at karne, lalo na ang baboy, na ibinababad sa maasim na likido"
food,tl,wikipedia_tl,"ang halamanan ng eden o hardin ng eden (hebreo גַּן עֵדֶן, gan ʿedhen) ay ang lugar kung saan nanirahan at namuhay ang unang lalaking si adan at ang unang babaeng si eba pagkaraang likhain sila ng diyos. sa bibliyang kristiyano, ang kuwento ng paglikha sa daigdig na nasa aklat ng henesis ay naglalarawan kung paano namuhay sina adan at eba sa eden na mapayapa sa piling ng lahat ng mga hayop. pinangalagaan nila ang hardin at maaaring kumain ng anumang bunga o pagkain na makukuha magmula sa anumang mga puno maliban na lamang sa puno ng kaalaman. pagkaraan nilang kumain magmula sa puno ng kaalaman, pinarusahan ng diyos sina adan at eba sa pamamagitan ng pagpapalayas sa kanila magmula sa halamanan ng eden na hindi na muling makababalik pa kailanman. ang kuwento ay isinasalaysay sa aklat ng henesis 1-3 (nasa lumang tipan ng bibliya at ng tanakh. sa tanakh, ang halamanan ng eden ay tinawag bilang paraiso. pinagmulan ng pangalan sa wikang sumeryo, ang ""eden"" ay ang pangalan para sa kapatagan. binabanggit din ang diwa ng ""makalangit na eden"" o ""maluwalhating eden"". sa una, tumutukoy ito sa isang pook na may matabang lupa, subalit pagdaka ay naging pagang. ayon sa mga klimatologo, isa itong"
food,tl,wikipedia_tl,"ang isang warung (lumang baybay: waroeng o warong) ay isang maliit na negosyo na pagmamay-ari ng isang pamilya — isang maliit na tingian, kainan, karinderya o kapihan — sa indonesia. mahalagang bahagi ang warung sa pang-araw-araw na buhay sa indonesia. sa paglipas ng panahon, medyo naiba ang kahulugan ng katawagang warung — lalo na sa mga banyagang bisita, mga naninirahan sa indonesia na mula sa ibang bansa, at mga taong nasa labas ng indonesia — at naging isang katawagan upang tukuyin ang mas partikular na disenteng kainan sa indonesia o partikular na lugar sa indonesia na nagbebenta ng tingi-tingi (karamihan groseri o pagkain). subalit para sa nakakarami sa mga taga-indonesia, nanatili ang kahulugan ng katawagan bilang isang maliit na kapitbahay na tindahan, na kadalasang nasa harapan laman ng tahanan ng isang mag-anak. maraming mga establisyemento sa pulo ng bali kung saan dinadalaw madalas ng mga turista at saan man sa indonesia ay kinakabit ang katawagang warung sa kanilang negosyo upang ipahiwatig na likas itong indonesiyo. sa tradisyon, talaga namang pagmamay-ari ng isang pamilya ang warung na pinapatakbo ng mga miyembro ng pamilya, na kababaihan ang karamihan. gawa ang"
food,tl,wikipedia_tl,"ang epikureismo (espanyol: epicureísmo; ingles: epicureanism) ay isang paniniwalang ibinunsod ni epikurus na naghahangad ng kalayaan mula sa kirot, sakit, at ligalig ng damdamin. nagtatakwil ang mga epikuro o epikureano ng paniniwalang may kabilang buhay at nagtatakwil din sila ng pagsaklaw ng mga bathala o mga diyos sa buhay ng mga tao. sa pagtuturo ni epikurus, ang kasiyahan ang pinakamataas na mabuti o kabutihan sa buhay. subalit naging tumutukoy naman din ang salitang epikureano sa pagiging maluho, marangya, o mahilig sa masasarap na alak o pagkain at maalwang pamumuhay, naging katumbas din ng salitang hedonistiko, o angkop sa panlasa ng isang taong epikuro. etika ang etika ng epikureismo ay nakasalig sa hanay ng mga pagpapahalagang hedonistiko. sa pinakapangunahing kahulugan, nakikita nito ang kaligayahan bilang ang layunin ng buhay.. bilang ebidensiya nito, isinasaa ng mga epikurio na ang kalikasan ay tila nagtuturo sa tao na lumayo sa kirot at hirap at ang lahat ng mga hayop ay tila lumalayo sa anumang kirot hangga't posible. ang mga epikurio ay may spesipikong pagkaunawa kung ano ang pinakadakilang kaligayahan at ang kanilang pinagtutuunan ay ang pag-iwas sa kirot sa halip"
food,tl,wikipedia_tl,"ang alamat ng apoy, o mas kilala rin bilang ""the legend of the fire"" sa ingles, ay isang sikat na kuwento sa pilipinas. buod ayon sa kwento, noong unang panahon ay walang apoy sa mundo kaya't ang mga tao ay kailangang kumain ng hilaw na pagkain. isang araw, nakita ng diyos ng apoy na si apoy apoy ang paghihirap ng mga tao kaya't nagpasya siyang ibahagi ang apoy sa kanila. pumunta si apoy apoy sa isang baryo ng mga tao at itinuro kung paano maglikha ng apoy sa pamamagitan ng pagkiskisan ng dalawang piraso ng kahoy. itinuro niya rin sa kanila kung paano gamitin ang apoy upang lutuin ang kanilang pagkain, mapainit ang kanilang katawan, at magbigay-liwanag sa kanilang gabi. nagpasalamat ang mga tao kay apoy apoy at pinarangalan siya bilang isang diyos. sa paglipas ng panahon, naging mapagsamantala ang mga tao at nagamit nila ang apoy sa hindi tamang paraan. ginamit nila ito upang sunugin ang mga bahay, makasakit ng iba, at sirain ang kalikasan. nakita ni apoy apoy ang mga taong ito at nagalit siya. nagpasiya siyang kunin ang kanyang ibinigay na apoy at itago sa isang lihim na lugar na hindi mapapansin ng sinuman. dahil wala ng apoy, nahirapan ang mga tao na mabuhay. naging malamig"
food,tl,wikipedia_tl,"ang kabayo-kabayohan (ingles: seahorse) ay isang uri ng isdang kamukha ng kabayong panlupa. kabilang ito sa sari ng mga hippocampus na kasama sa mga pamilya ng mga syngnathidae, na kinabibilangan din ng mga isdang-tubo at mga madahong dragong-dagat. matatagpuan ang mga kabayo-kabayohan sa mga tropikal at subtropikal na mga dalampasigan at mga anyon ng tubig na mabato at mabuhangin (reef) sa kabuuan ng mga karagatan ng pasipiko, atlantiko at indiya. ang mga may-gulang na mga kabayo-kabayohan ay karaniwang may habang 13.3 mm (0.52 pulgada) mula ulo-hanggang-buntot, katulad ng bagong-tuklas lamang na hippocampus denise, hanggang 35 sm [cm] (13.78 pulgada). ang mga kabayo-kabayohan at mga isdang-tubo ay natatangi sa pagiging kaisa-isang sari kung saan ang mga lalaki ang nagbubuntis. may panlikod na palikpik ang kabayo-kabayohan na nalagay sa ibabang bahagi ng katawan at mga palikpik sa may harapan ng dibdib na nakalagay sa may ulunan malapit sa mga hasang. ang mga dragong-dagat ay malapit na kamag-anak ng mga kabayo-kabayohan ngunit mayroong mas malalaking mga katawan at parang mga dahong mga tangkay o sanga na nakatutulong sa pagkukubli sa mga lumulutang na mga halamang dagat o"
food,tl,wikipedia_tl,"si gautama buddha o siddhārtha gautama buddha (sanskrit: सिद्धार्थ गौतम बुद्ध; pali: siddhattha gotama) ay isang gurong espiritwal mula sa subkontinenteng indiyano na tagapagtatag ng budismo. siya ay isang prinsipeng ipinanganak sa lumbini, mula sa angkan ng mga shakya, sa isang lugar na matatagpuan sa makabagong nepal malapit sa hangganan ng hilagang indiya. nanirahan siya ng halos buong buhay niya sa hilagang indiya at aktibong nagtuturo mula noong mga 563 bce hanggang sa tinatayaang 483 bce. ang buddha ay nangangahulugang ""isang nagising"" o ""isang naliwanagan"". ang ""buddha"" ay ginagamit rin bilang isang pamagat para sa unang nagising na nilalang sa isang kapanahunan. sa karamihan ng mga tradisyong budista, si siddhartha gautama ang itinuturing bilang ang kataastaasang buddha (p. sammāsambuddha, s. samyaksaṃbuddha) ng ating panahon. si gautama buddha ay maaari ring tukuyin bilang shakyamuni buddha, śākyamuni (sanskrit: शाक्यमुनि ""pantas ng mga śākya"") o ""ang isang nagising ng lahing shakya."" si gautama ay nagturo ng isang gitnang daan kumpara sa malalang asetisismo na matatagpuan sa kilusang sramana na karaniwan sa kanyang rehiyon. kalaunan siyang nagturo sa buong mga rehiyon ng"
food,tl,wikipedia_tl,"ang himagsikang pranses ( ) ay isang yugto ng masukdol na pagbabago sa pulitika at lipunan sa pransiya na nagsimula sa estados heneral ng 1789, at nagwakas sa pagkatatag ng konsuladong pranses noong nobyembre 1799. marami sa mga kaisipan nito ay itinuturing na panimulang-ugat at saligang-batayan ng umiiral na pampulitikang hulwagang demokrasyang liberal. samantala, ang mga pariralang tulad ng liberté, égalité, fraternité (tagalog: kalayaan, kapantayan, kapatiran) ay muling lumitaw sa iba pang mga pag-aaklas at himagsikan, tulad ng himagsikang ruso ng 1917, at mga napukaw na kilusan para sa paglansag ng pangaalipin at pangkalahatang karapatan sa paghalal. ang mga pagpapahalaga at katatagang samahan na nilikha nito ay nangingibabaw sa pulitika ng pransiya hanggang ngayon. ang mga sanhi nito ay karaniwang pinagkakasunduan ng mga mananalaysay na isang pagkasasama ng mga salik na panlipunan, pampolitika at pang-ekonomiya, na nagpatunay sa kawalang-kakayanan sa pamamahala ng ancien régime (tagalog: sinaunang kailaran). noong mayo 1789, ang malawakang panlipunang pagkabalisa ay humantong sa pagpupulong ng estados-heneral, na pinalitan tungo sa pambansang kapulungan noong hunyo. ang"
food,tl,wikipedia_tl,"ito ang tala ng mga lutuing pilipino: ulam adobo adobong atay na baboy bangus en tocho bikol ekspres bistek tagalog bopis caldereta camaron rebozado corned beef chicken afritada chicken curry chop suey crispy pata diningding dinuguan inihaw lauya ng parañaque litson kawali lengua estofada kare-kare laing luto sa gata mechado menudo nilaga o pesa pakbet o pinakbet paksiw pansit, iba't ibang luto pinangat o pangat pochero prito sinigang sinampalukan sisig sweet and sour sa isda/karne tapa tinola tochong bangus / bangus sa tawsi tusino kanin biko goto lugaw paella saing o sinaing sinangag suman suman sa ibos valenciana matatamis espasol puto kutsinta yema tupig pagkain lutuing pilipino"
food,tl,wikipedia_tl,"ang bigas ay isang karaniwang kataga para sa kiniskis na palay na tinanggal ang ipa, darak, at germ nito. pinapakinis ito pagkatapos makiskis, na nagbibigay sa produkto ng maliwanag, maputi, at makintab na anyo. yayamang mayroong mga diyetetikang fiber ang darak nito, mayroong mga bitamina at mineral ang germ nito, at tinanggal ang panlabas na aleurone layer nito, isang walang laman na gawgaw lamang ang bigas. pagluluto ng bigas sinasaing ang mga butil ng bigas kasama ang katumbas na tubig upang maging sinaing o kanin kapag in-in na. kung labis ang sabaw nito nagiging lugaw na. kapag napasobra ang pagluluto nito nagiging tutong ang ilalim na bahagi. malimit na niluluto ang mga natirang kanin upang gawing sinangag. kadalasang niluluto ang kanin sa palayok o kaldero ngunit marami na rin ang gumagamit ng mga rice cooker, isang elektronikong kagamitan. hindi lamang kanin ang maaaring luto sa bigas, ang malagkit na bigas kasama ang ibang mga sangkap ay maaaring gawing mga kakanin katulad ng suman, bibingka, puto at biko. ilan pa sa mga lutuing ginagawa sa bigas ang arroz negro, arosbalensiyana, lugaw, arròs negre. bigas sa popular na kultura sa pilipinas, tinatapon ang bigas sa mga"
food,tl,wikipedia_tl,"ang panghimagas, matamis, o minatamis (, ) ay karaniwang matamis na putahe na nagtatapos sa pagkain ng pananghalian o ng hapunan. ang pagkain na bumubuo sa putahe o kurso ay kinabibilangan ng, ngunit hindi hanggang dito lamang, ng mga pagkain matatamis. mayroong isang malawak na kasamu't sarian ng mga panghimagas na maaaring kabilangan ng mga keyk (mamon), mga cookie, mga biskuwit, mga pastelerya, mga leche flan, mga sorbetes, mga pastel (empanada), mga puding at mga kendi. ang mga prutas ay karaniwan ding natatagpuan sa mga putahe ng panghimagas dahil sa likas na katamisan ng mga ito. maraming mga kultura ang mayroong pansarili nilang mga kakaibang anyo ng kahalintulad na mga panghimagas sa buong mundo, katulad ng sa rusya na ang maraming mga pagkaing pang-agahan na katulad ng blint, oladi, at syrniki ay maaaring isilbi na mayroong pulut-pukyutan at halea upang maging mga panghimagas. ang hindi mahigpit na kahulugan ng ""putaheng panghimagas"" ay maaaring ilapat sa maraming mga pagkain. sa ilang mga bansa, ang mga keso na katulad ng kesong brie at prutas ay inihahain bilang panghimagas. ang ilang mga panghimagas ay napapalamutian (nadedekorasyunan), katulad ng mga keyk na"
food,tl,wikipedia_tl,"ang dinuguan ay isang pilipinong ulam na yari sa lamanloob ng baboy (karaniwang baga, bato, bituka, tainga, puso at nguso) at/o karne na pinakulo sa malinamnam, maanghang, maitim na sarsa na gawa sa dugo ng baboy, bawang, sili (kalasdan ang siling haba), at suka. etimolohiya at papangalan ang pinakakilalang termino dinuguan at iba pang rehiyonal na baryante ng pagpapangalan ay nanggagaling sa mga salita para sa ""dugo"" (kaya sa wikang tagalog, ""ilaga sa dugo"" ang kahulugan ng ""dinuguan""). sa wikang ingles, maaari itong tawaging o . ang dinuguan ay tinatawag ding sinugaok sa batangas, sa ibanag, sa itawis, sa kapampangan, sa iloko, sa sebwano, sa waray, sampayna o champayna sa hilagang mindanao at tinumis sa bulacan at nueva ecija. isang eupemismo para sa ulam na ito ang ""karneng tsokolate"". matatagpuan din ang dinuguan sa kapuluang mariana kung saan tinatawag itong fritada. pinaniniwalaan na ipinakilala ito ng mga dayuhang pilipino. paglalarawan maaring ihain ang dinuguan na walang lamanloob; gagamitin lang ang mga hiniwang karne ng baboy. sa batangas, sinungaok ang tinatawag sa bersiyong ito. maaari ring gamitin ang karne ng baka at manok. karaniwang sinasabayan ang dinuguan ng"
food,tl,wikipedia_tl,"ang hito (ingles: fresh-water catfish) ay isang uri ng isdang kanduli na nabubuhay sa tubig-tabang. ang hito ay kilalang isdang na may ""balbas"" o ""bigote"". maitim at madulas ang balat nito at masakit dumuro ang tibo nito, pero masarap itong gawing inihaw, prito at adobo. pag-aalaga ng hito madali itong alagaan kaysa tilapia at iba pang isda. ito ay makakatipid ng pambili ng ulam ang isang pamilya. at kapag ito ay ipagbibili pwede itong makadagdag ng kita. sa makatuwid, kung may alagang sapat sa dami ng hito, may masarap na ulam na may pera pa. ang hito ay mahuhuli sa mababaw na tubigan, gaya ng ilog, sapa, latian o kahit kanal. ito'y sumisiksik sa putik, sa burak at mga nabubulok na halaman. nakakatagal ito kahit ilang oras nang wala sa tubig basta basa ang katawan nito. puwedeng mag-alaga ng hito kahit sa likod ng bahay. pumili lamang ng lugar na na mababa at patag para gawing munting palaisdaan. hangga't maari, pumili din ng lugar ng lagkitin ang lupa. mas matagal matuyo ang tubig sa lugar na malagkit ang lupa. mainam din na malilim ang lugar para may kanlungan kung mainit ang araw at mas madaling tubuan ng lumot ang palaisdaan. ang paggawa ng kulungan kailangan matigas ang dike"
food,tl,wikipedia_tl,"ang sikhye (binabaybay din na shikhye o shikeh) ay isang tradisyunal na koreano na inumin gawa ng bigas, kadalasan ay nakasilbi bilang isang panghimagas. maliban pa sa likido na laman ng inumin na ito, ang sikhye ay naglalaman din ng butil ng kanin, at minsan nuwes ng pino din. paghahanda ang sikhye ay ginawa sa pamamagitan ng pagbuhos ng tubig na malta sa nakalutong kanin. ang tubig na malta ay magbabad sa kanin sa karaniwang 150 degrees parenhayt hanggang ang mga butil ng bigas ay lumitaw. pagkatapos ibubuhos ang likido para maiwan lamang ang mga butil, at kinakuluan ito na may dagdag na asukal. luya o dyudyube ay madalas na idinagdag para sa karagdagang lasa. ito ay sinisilbi na pinalamig. sa timog korea at sa mga pamilihin na koreano na natatagpuan sa paligid, ang sikhye ay madaling mahahanap na nakalaman sa lata o plastic na bote. ang isa sa mga pinakamalaking tagagawa ng sikhye sa timog korea ay ang kompanya ng [[vilac] ng busan. hindi tipiko sa mga ibang inuming de-lata ang pagkakalaman ng mga butil na kanin sa ilalim ng bawat isang de-latang sikhye na nabibili. sikhye na nagagawa sa bahay ay madalas na sinisilbi pagkatapos kumain ng isang pagkain. mayroong ilang mga"
food,tl,wikipedia_tl,"ang silog ay isang uri ng almusal sa pilipinas na naglalaman ng sinangag at pritong itlog. inihahain ang mga ito kasama ng mga iba't ibang ulam, kadalasang mga karne tulad ng tapa, longganisa o hamon. ang pangalan ng isinamang karne ay nagtatakda ng pangalan ng silog; halimbawa, ang tatlong naibanggit ay nakikilala bilang tapsilog, longsilog, at hamsilog. kasaysayan ang unang uri ng silog na naimbento at pinangalanan ay tapsilog. noong una, nilayon itong pangmadaliang agahan, at unang itinatag ang kataga noong dekada 1980 mula sa tapsi ni vivian na restawran sa marikina. ayon kay vivian del rosario, may-ari ng tapsi ni vivian, siya ang unang gumamit ng katagang tapsilog. dahil sa katanyagan nitong uri ng lutuin, isinama ng iilang mga fast food chain at otel sa pilipinas ang mga silog sa kani-kanilang mga pang-almusal na menu, at ito ang tanging inihahain ng mga iilang restawran. mga uri ng silog kasunod ng paglikha ng tapsilog, maraming iba't ibang uri ng silog ang nabuo, lahat batay sa sinangag at pritong itlog at hinuhulapi ng -silog. dahil sa pleksibleng katangian ng putahe, maaaring maging silog ang anumang pagkain kung ihahain kasama ng sinangag at pritong itlog."
food,tl,wikipedia_tl,"ang ureongi gaksi (, ang asawang susô) ay isang koreanong kuwentong-pambayan tungkol sa isang mahirap na lalaki na lumabag sa bawal at pinakasalan ang isang dalaga na lumabas mula sa isang kabibi ng suso hanggang sa mawala ang kaniyang asawang suso nang kinidnap siya ng isang mahistrado. itinatampok sa kuwento ang isang inter-species na kasal kung saan ang isang suso ay nagtransporma sa isang babae at naging nobya ng isang lalaking tao. inilalarawan din ng kuwento ang paksa ng isang opisyal ng gobyerno mula sa naghaharing uri na kumukuha ng isang babae sa isang relasyon sa isang mas mababang uri ng lalaking sibilyan. kasaysayan at pagkalat ang hapones na mananaliksik na si fumihiko kobayashi ay nagsabi na ang kuwento ng pond-snail wife ay ""kumalat sa korea at tsina"". kuwento buod noong unang panahon, may isang lalaki na nakatira sa kaniyang ina dahil siya ay napakahirap na makahanap ng mapapangasawa. isang araw, habang nagtatrabaho sa isang palayan, ang lalaki ay nagbulung-bulungan sa sarili, “sino ang makakasama ko sa kanin na ito?” pagkatapos ay narinig niya ang isang boses na sumagot, “kasama ko.” gulat na gulat, muli niyang tinanong, ""sino ang kakainin ko nitong kanin?"" at"
food,tl,wikipedia_tl,"ang quaker oats company, na kilala bilang quaker, ay isang amerikanong pagkain kalipunan ng na batay sa chicago. ito ay pag-aari ng pepsico mula noong 2001. kasaysayan quaker oats ay itinatag noong 1901 sa pamamagitan ng pagsama-sama ng apat na obena mills: ang quaker mill mga kumpanya ng ravenna, ohio (itinatag 1877), na kung saan gaganapin ang mga trademark sa mga quaker pangalan at ay nakuha sa 1901 sa pamamagitan ng henry parsons crowell, na bumili din ang bagsak quaker oat mill mga kumpanya, pati na rin sa ravenna. siya gaganapin ang key na posisyon ng general manager, president at chairman ng kumpanya mula 1888 hanggang sa huli 1943. siya ay tinatawag na ang cereal makapangyarihang mangangalakal. siya ng donasyon higit sa 70% ng kanyang kayamanan sa crowell tiwala. isang cereal mill sa cedar rapids, iowa pag-aari sa pamamagitan ng john stuart, ang kanyang anak na lalaki robert stuart, at ang kanilang mga kasosyo ng george douglas; ang aleman mills amerikano otmil kumpanya, pag-aari sa pamamagitan ng ""ang oatmeal hari"", ferdinand schumacher ng akron, ohio; ang looban lewis & co. amerikano oats at barley otmil corporation. pormal na kilala bilang ""mahusay para sa almusal"""
food,tl,wikipedia_tl,"ang jewel in the palace, kilala din bilang dae jang geum (대장금) o the great jang geum, ay isang telenobela noong 2003 na nilikha koreyanong tsanel ng telebisyon ang mbc. hindi gaanong tumpak na binatay sa makasaysayang tao sa mga ulat sa dinastiyang joseon, ipinapakita ng palabas si jang-geum (ginampanan ni lee young ae), ang unang babaeng manggagamot para sa dinastiyang joseon ng korea. ang pangunahing tema ng palabas ang pagtitiyaga, gayon din ang pagpapakita ng tradisyunal na kultura ng korea, kabilang ang mga lutuin sa palasyo ng hari at medisina. ugat sa kasaysayan si dae jang-geum ay totoong tao na sinulat sa mga ulat ng dinastiyang joseon, gayon din sa isang dokumentong medikal noong panahon iyon. bagaman, kakaunti lamang ang mga pagsasalarawan at sanggunian at maikli lamang ang karamihan. marami ang nananinindigan na si dae jang-geum ang kauna-unahang babaeng mangagamot para sa hari sa kasaysayan ng korea. sa kabila noon, mayroon iilan (at mayroon pa hanggang ngayon) na patuloy na naniniwala na gawa-gawa lamang si dae jang-geum na kinuha sa iba't ibang mga sanggunian ng mga babaeng manggagamot sa mga ulat. para sa detalye sa dokumentong pang-kasaysayan, tingnan ang tala sa"
food,tl,wikipedia_tl,"ang kalusugan ay maaaring maging negatibo ang kahulugan, bilang ang pagkawala ng sakit, gumagana bilang ang kakayahan na malabanan ang araw-araw na gawain, o sa positibong kahulugan, bilang maging husto at magaling (blaxter 1990). sa kahit anong organismo, isang anyo ng hemeostasis ang kalusugan. ito ang kalagayan ng pagiging matimbang, kasama ang mga pinapasok at nilalabas na mga enerhiya at materya (pinapahintulot ang paglago). pinapahiwatig ng kalusugan ang magandang pagasa para sa patuloy na pagiging buhay. sa mga nilalang na may kamalayan katulad ng mga tao, malawak ang kaisipan ng kalusugan. binibigyan ng kahulugan ng samahan ng pandaigdigang kalusugan ang kalusugan bilang ""isang kalagayan ng buong pangkatawan, pangkaisipan at panlipunang kagalingan, at hindi lamang binubuo ng pagkawala ng sakit o kahinaan."" ang kalusugang pangkapaligiran, nutrisyon, pag-iwas sa sakit, at kalusugan ng publiko ang pinakamatibay na aspeto ng pagiging magaling na matibay na naangkop sa larangan ng medisina. maaaring siyasatin at tulungan ng mga aspetong ito ang pagsukat sa pagiging masaya at magaling. sa ibang lipunan, sangkot sa kalusugan ang pangangalaga ng kalagayan ng katawan pagkatapos"
food,tl,wikipedia_tl,"ang tortang patatas ay isang tradisyunal na putahe mula sa espanya. pinagdiriwang ito bilang isang pambansang pagkain ng mga espanyol at isang mahalagang bahagi ng kanilang kultura at lutuin. binubuo ito ng mga itlog at patatas, na kung minsan ay may sibuyas. karaniwang inihahain ito sa katamtamang temperatura bilang isang tapa. kilala rin ang tortang patatas sa ibang katawagan: spanish omelette, spanish tortilla, tortilla de patatas, tortilla de papas, o tortilla española. sa iba't ibang bahagi ng mundo maraming salita ang ginagamit upang ilarawan ang spanish omelette sa iba't ibang bahagi ng mundo. sa afrikaans, tinatawag itong spaanse omelet habang sa albanian naman ay omëletë spanjolle. sa arabic, ito ay tinatawag na bid maqliin ealaa altariqat al iisbania, samantalang sa armenian ay ispanakan dzvatsegh ang tawag dito. sa azeri naman, ito ay ispan omleti. maging sa mga bansang asyano, may sariling katumbas din ang spanish omelette. sa tsino, ang tawag dito ay xībānyá dàn bǐng o xībānyá dàn bǐng-xībānyá dàn bǐng-xībānyá dàn bǐng sa tradisyonal na tsino. sa gujarati, ito ay tinatawag na spēniśa ōmēlēṭa samantalang sa birmano ay hcapein omelette ang tawag dito. sa europa, may mga"
food,tl,wikipedia_tl,"ang ay isang pagkaing hapones na gawa sa hilaw na isda o karne na hiniwa sa maninipis na piraso at kadalasang kinakain kasama ng toyo. pinagmulan ang salitang sashimi ay nangangahulugang ""sinaksak na katawan"", i.e. ""刺身"" = sashimi, kung saan 刺 し = sashi (sinaksak) at 身 = mi (katawan, karne). nagmula ang salita na ito sa panahong muromachi at posibleng inilikha noong naituring na ang salitang ""切る"" = kiru (hiwa), ang hakbang sa pagluluto, ay hindi kanais-nais na gamitin ng sinuman na hindi samurai. maaaring nagmula ang salita mula sa kasanayan sa pagluluto na idikit ang buntot at palikpik sa mga hiniwang piraso para madaling malaman kung ano ang isda na kinakain. isa pang posibilidad para sa pangalan ang tradisyonal na pamamaraan sa pag-aani. hinuhuli ang mga isdang pansashimi gamit ang indibidwal na . kapag nahuli na ang isda, sinasaksak ang utak nito gamit ang pako, at nilalagay ito sa yelo. tinatawag na ikejime ang prosesong ito. dahil namamatay agad ang isda, napakakonti lang ang lactic acid sa laman ng isda. ibig sabihin nito ay mananatiling sariwa ang isda sa yelo sa loob ng halos sampung araw, nang hindi puputi o bubulok. ginagamit ng salitan ang sashimi at sushi ng maraming"
food,tl,wikipedia_tl,"ang listong gretel () ay isang aleman na kuwentong bibit na kinolekta ng brothers grimm, khm 195. ito ay aarne-thompson tipo 1741 - trickster wives and maids at unang inilathala sa ikalawang edisyon ng grimms' fairy tales noong 1819. buod minsan ay may isang kusinero na tinatawag na gretel na nagsusuot ng sapatos na may pulang takong at pulang rosas, at kapag lumabas siya na nakasuot ng mga ito ay humahanga siya sa kung saan-saan, na nagbibigay sa kaniyang sarili ng mahusay na hangin at sinasabing, ""ikaw talaga ay isang magandang babae, gretel!"" at ito ang nagpasaya sa kaniya, kaya't pagbalik niya sa bahay ng kaniyang amo ay humigop siya ng alak, na magpapagutom sa kaniya, kaya't siya ay tumikim ng anumang niluto niya para sa hapunan hanggang sa hindi na siya magutom at pagkatapos ay sabihin sa sarili, ""dapat malaman ng kusinera kung ano ang lasa ng pagkain."" isang araw, sinabi sa kaniya ng kaniyang amo, ""gretel, ngayong gabi may darating na bisita para sa hapunan. magluto ng dalawang manok hangga't kaya mo."" ""oo, sir,"" sabi ni gretel. at kinuha niya ang dalawang manok, pinatay niya ang mga ito, at pinaso ang balat at hinugot ang mga ito, at pagkatapos ay inihaw niya ang mga ito"
food,tl,wikipedia_tl,"ang bagay na buhay ay isang bagay na may katangian ng pagiging buhay o may buhay. ang bagay na ito ay mayroong mga pag-aaring katangian na naging dahilan kung bakit masasabing ito ay buhay. kabilang sa mga katangiang ito ang pagkakaroon ng masalimuot na organisasyon (pagkakabuo at pagkakayos), ng metabolismo, ng kakayahang tumugon, ng kakayahang lumaki o yumabong, kakayahang magparami, at kakayahang dumaan sa proseso ng ebolusyon o dahan-dahang pag-unlad. ang nabubuhay na mga bagay ay naiimpluwensiyahan ng kani-kanilang mga kapaligiran. kabaligtaran ito ng mga bagay na walang buhay. mga bagay na buhay ang mga halimbawa ng bagay na buhay ay ang mga halaman at mga hayop. bawat isa sa mga ito ay tinatawag na isang indibiduwal. ang bawat indibiduwal ay nakapangkat sa mga mag-anak o pamilya na tinatawag na klasipikasyon ng mga halaman at mga hayop, na naaayon sa kanilang mga kayariang pangkatawan at mga ugali. bawat mag-anak ay nakikipag-ugnayan sa bawat isa at sa kanilang kapaligiran (mga ekosistema, mga biyoma, at mga habitat o ""tahanang kapaligiran""). ang lahat ng mga organismo ay mayroong tinatawag na ""ikot ng buhay"", na kasama ang pagsilang, paglaki, pagpaparami o pag-aanak, at"
food,tl,wikipedia_tl,"ang ""isang-mata, dalawang-mata, tatlong-mata"" ay isang aleman na kuwentong bibit na kinolekta ng magkapatid na grimm, kuwento numero 130. isinama ito ni andrew lang, bilang ""little one-eye, little two-eyes, and little three-eyes"", sa the green fairy book. ito ay aarne-thompson tipo 511. isa itong maanomalyang fairy tale, na ang pangunahing tauhan ay hindi bunso o nag-iisang anak, kundi nasa gitna ng tatlo. buod ang isang babae ay may tatlong anak na babae: ang panganay ay may isang mata lamang sa gitna ng kaniyang noo, ang pangalawa ay karaniwan tulad ng mga ordinaryong tao, ang pangatlo ay karaniwan din; ngunit, mayroon siyang dalawang mata sa gilid ng kaniyang ulo at pangatlo sa gitna ng kaniyang noo dahil mayroon siyang tatlong mata. ang kaniyang ina at mga kapatid na babae ay hinamak si munting dalawang mata dahil siya ay katulad ng ibang tao at tinatrato siya ng masama, na naiwan lamang sa kaniya ang kanilang mga tirang kainin. isang araw ay ipinadala si munting dalawang mata sa bukid upang alagaan ang kambing, umupo siya at umiyak dahil kakaunti lang ang naibigay sa kaniya ng makakain at nang tumingala siya ay isang babae ang nakatayo sa tabi niya. tinanong siya ng babae"
food,tl,wikipedia_tl,"ang tore ng tokyo (東京 タ ワ ー tōkyō tawā) (sa ingles: tokyo tower) ay isang komunikasyon at observation tower sa distrito ng shiba-koen ng minato, tokyo, hapon. sa 332.9 metro (1,092 piye), ito ang pangalawang pinakamataas na istraktura sa bansang hapon. ang istraktura ay tulad ng isang tore ng eiffel na pininturahan puti at internasyonal na orange upang sumunod sa mga regulasyon sa kaligtasan ng hangin. itinayo noong 1958, ang pangunahing pinagmumulan ng kita ng tore ay ang pagpapaupa ng turismo at antena. higit sa 150 milyong tao ang bumisita sa tore. ang foottown, isang apat na palapag gusali na direkta sa ilalim ng tore, mga bahay museo, restaurant at tindahan. umalis mula roon, maaaring bisitahin ng mga bisita ang dalawang deck ng pagmamasid. ang dalawang palapag na main observatory ay nasa 150 metro (490 piye), habang ang mas maliit na espesyal na obserbatoryo ay umaabot sa taas na 249.6 metro (819 piye). ang tore ay gumaganap bilang isang istraktura ng suporta para sa isang antena. nilayon para sa pagsasahimpapawid ng telebisyon, ang mga antenna ng radyo ay na-install noong 1961, ngunit ang tower ngayon ay nagsasahimpapawid ng mga signal para sa mga media outlet ng hapon"
food,tl,wikipedia_tl,"ang balarilang pampanandaan o balarila ng alhebra ay nagpapaliwanag kung papaano pinagpapangkat ang mga simbolo upang maipakita ang kahulugan ng mga ekspresyon pangpananda. mas madaling matutuhan ang alhebra kung alam mo ang kahulugan ng mga simbolo nito. baryabol at konstant gumagamit tayo ng mga pananda upang kumatawan sa mga hindi pa natitiyak (unspecified) na bilang. ang mga panandang ito (tulad ng letrang x, t, a) ay tinatawag na mga baryabol (variables). ang mga pananda na kumakatawan sa mga tiyak (specified) na bilang (tulad ng 2, -5, 0.75, π) ay tinatawag na mga konstant (constants). (halimbawa) alin sa mga sumusunod ang konstant? 1, 2, 3, a sagot: dahil sa ang mga pananda tulad ng 1, 2, at 3 ay kumakatawan sa mga tiyak o itinakdang bilang, lahat sila ay konstant. dahil ang a ay kumakatawan sa hindi pa naitatakdang bilang, ito ay isang baryabol. di-malayang baryabol ang di-malayang baryabol (dependent variables) ay mga baryabol na “umaasa” o naka depende sa ibang baryabol kung kailangan alamin ang kanilang halaga. ganito ang isang madaling paraan upang matandaan ito, ang sanggol ay umaasa sa kanyang magulang sa pagkain. (halimbawa) si roberto ay isang batang"
food,tl,wikipedia_tl,"ang mga pambansang sagisag ng pilipinas ay binubuo ng mga sagisag na kumakatawan sa mga tradisyon at ideolohiyang pilipino at nagpapahiwatig ng mga prinsipyo ng soberanya at pambansang pagkakaisa ng mamamayang pilipino. ang ilan sa mga simbolo na ito ay ang pambansang watawat, ang great seal, ang sagisag ng republika ng pilipinas at pambansang salawikain na nakasaad sa flag and heraldic code of the philippines, na kilala rin bilang batas republika 8491. sa saligang batas ng pilipinas, ang wikang filipino ay nakasaad bilang pambansang wika ng pilipinas. bukod sa mga nakasaad na mga simbolo sa saligang batas at sa batas republika 8491, mayroon lamang anim na opisyal na pambansang simbolo ng pilipinas na ipinatutupad sa pamamagitan ng batas, tulad ng sampaguita bilang pambansang bulaklak, narra bilang pambansang punong kahoy, ang agila ng pilipinas bilang pambansang ibon, pilipinas perlas bilang pambansang hiyas, arnis bilang pambansang sining at laro at ang filipino sign language bilang pambansang sign language. sa kabuuan, may labindalawang opisyal na pambansang simbolo ang isinabatas sa pilipinas. may mga simbolo na tulad ng karabao (pambansang hayop), mangga (pambansang prutas)"
food,tl,wikipedia_tl,"ang bubuyog (, , , ), ay isang uri ng kulisap. ang pormal na pangalan ng bubuyog ay anthophila. ang mga bubuyog ay nabibilang sa superpamilya ng mga apoidea at binubuo ng siyam na pamilya. tinatayang may kumulang-kulang na dalawampung libong (20,000) uri ang mga bubuyog sa mundo. sila'y matatagpuan sa lahat ng kontinente maliban sa antartica. kabilang sa mga ito ang mga pukyutan, ang mga bubuyog na lumilikha ng pulut-pukyutan. nakasanayan na ng mga bubuyog ang mabuhay sa nektar at mga polen mula sa mga bulaklak. nagmumula sa nektar ang kanilang lakas o enerhiya at sa polen naman nila nakukuha ang protina at sustansiya. kadalasan, polen ang pinapakain sa mga batang bubuyog o larba. nagtataglay din ng probosis ang mga bubuyog, katulad ng mga lamok, na siyang ginagamit nila sa pagkuha o paghigop ng nektar mula sa mga bulaklak. ang mga lalaking bubuyog ay may labintatlong (13) antena at labindalawa (12) naman ang sa mga kababaihan na pangkaraniwan sa kanilang superpamilya. lahat ng mga bubuyog ay nagtataglay ng dalawang pares ng pakpak. sa ibang mga uri ng bubuyog, ang isang kasarian o kaantasan ay nagtataglay ng mas maikling mga pakpak. mahalang ang pambubulo sa pamamagitan ng mga"
food,tl,wikipedia_tl,"ang palaro ng timog silangang asya 2019 o mas kilala rin bilang ika-30 palaro ng timog silangang asya at pilipinas 2019 (ingles: 2019 southeast asian games, o 2019 sea games at karaniwang kilala bilang philippines 2019) ay ang ika-30 edisyon ng palaro ng timog silangang asya na ginanap sa pilipinas mula 30 nobyembre hanggang 11 disyembre 2019. ang edisyon na ito ay minarkahan ng unang pangunahing desentralisasyon sa kasaysayan ng mga palaro, na may mga lugar ng kumpetisyon na kumalat sa 23 lungsod sa buong bansa at nahahati sa apat na kumpol; ang lahat ay matatagpuan sa isla ng luzon (metro manila, clark, subic / olongapo, at isang pang-apat na kumpol na binubuo ng mga standalone venues sa batangas, cavite, laguna, at la union). ito ang ika-apat na pagkakataon ng pilipinas na mag-host ng mga laro, at una nito mula noong 2005. nauna rito, nag-host din ito ng 1981 at 1991 na mga edisyon ng mga laro. ang edisyon na ito ay pinakapuna sa pagiging unang edisyon na isama ang mga esports, lahi ng kurso ng kurso, kurash, sambo, hockey sa ilalim ng dagat, pagsira, surfing, modernong pentathlon, jiu-jitsu, kickboxing, at skateboarding; pati na rin ang pagkakaroon ng pinakamataas na bilang ng"
food,tl,wikipedia_tl,"sa ibang pagkakataon, ang jacob o jacobo ay katumbas ng pangalang santiago. jacob (; ; ; ), kalaunan ay binigyan ng pangalang israel, ay itinuturing na isang patriarch ng israelites at isang mahalagang tao sa mga relihiyong abrahamiko, gaya ng judaismo, kristiyanismo, at islam. unang lumitaw si jacob sa aklat ng genesis, kung saan inilalarawan siya bilang anak ni isaac at rebecca, at apo ni abraham, sarah, at betuel. ayon sa salaysay sa bibliya, siya ang pangalawang anak ni isaak, at ang nakatatanda niyang kambal na kapatid ay si esau. sinasabing binili ni jacob ang karapatang pagkapanganay ni esau at, sa tulong ng kanyang ina, nilinlang ang kanyang tumatandang ama na pagpalain siya sa halip na si esau. nang maglaon sa salaysay, kasunod ng matinding tagtuyot sa kanyang tinubuang-bayang canaan, si jacob at ang kanyang mga inapo, sa tulong ng kanyang anak na si joseph (na naging katiwala ng pharaoh), lumipat sa ehipto kung saan namatay si jacob sa edad na 147. siya ay dapat na inilibing sa kuweba ng machpelah. si jacob ay nagkaroon ng labindalawang anak sa pamamagitan ng apat na babae, ang kaniyang mga asawa, leah at rachel, at ang kaniyang mga asawa, bilha at zilpa, na, ayon sa"
food,tl,wikipedia_tl,"ang prito ay pagluluto ng pagkain sa mantika o ibang uri ng taba. tulad ng paggisa, ibinabaliktad ang mga pagkain na piniprito sa kawali nang isa o dalawang beses gamit ang tong o espatula upang maluto ang lahat ng bahagi, habang niluluto ang mga gisadong pagkain sa ""paghahagis sa kawali"". maraming uri ng pakgain ang piniprito. kasysayan pinaniniwalaan na unang lumitaw ang pagprito sa mga kusina ng sinaunang ehipto, sa panahon ng lumang kaharian sa paligid ng 2,500 bk. ipinapalagay na nalikha at ginamit ang pagprito para mapreserbahan ang mga pagkain. isa sa mga unang naipritong pagkain ang mga tinapay na kilala natin ngayon bilang donat. talababa talasanggunian panlabas na mga link pagluluto"
food,tl,wikipedia_tl,"ang salitang hapon o hapones (bigkas: haponés) ay maaring tumukoy sa mga sumusunod: hapon; (bigkas: hapón) kilala sa wikang ingles na japan. sa bansang hapon, ito ay tinatawag ding nippon o nihon. mamamayang hapones; mga mamamayan ng bansang hapon. ang mga kababaihan ay tinatawag ding haponesa ngunit hapones ang pangkalahatang gamit. wikang hapones, pambansang wika ng hapon, bahagi ng mag-anak ng mga wikang haponiko. sinigang na hapon; isang uri ng sinigang, ayon sa mama sita's cook-book ng marigold commodities corporation. hopiang hapon; isang uri ng hopia na mas kilala rin sa tawag na mung bean cake. hapon (kompanya); isang kompanya sa dating czechoslovakia. isa itong ""spolek s rozumem omezenym"" o ""spol sr.o."" hapon (restaurant); isang restaurant sa new york na naghahain ng mga pagkaing hapon. hapon (panahon); (bigkas:hápon) kilala rin sa wikang ingles na afternoon. hapon (pandiwa) o paghapon; tumutukoy sa kilos nang pag-uwi, o pag-uuwi ng mga hayop at maging ng mga tao pagkagat ng dilim; katumbas ng dapo. hapon; tumutukoy sa pagkain ng hapunan."
food,tl,wikipedia_tl,"sa nutrisyon, ang diyeta ay ang kabuuan ng pagkain na kinukunsumo ng tao o ng iba pang organismo. ang kaugalian sa pagkain ng isang tao ay nakabase sa kanyang habitwal na desisyon o sa kanyang kultura. ang salitang diyeta ay madalas na nagpapahiwatig sa paggamit ng espesipikong pagkunsumo ng nutrisyon para sa kalusugan o sa pagkontrol sa timbang (na madalas magkaugnay ang dalawa). kahit kumakain ng karne at gulay ang mga tao, ang bawat kultura at bawat nilalang ay mayroong sari-sariling kagustuhan sa pagkain. ito ay marahil sa pansariling kagustuhan o dahil sa etikal na rason. ang sariling pagpili ng pagkain ay maaaring ikabuti o ikasama ng katawan. ang kumpletong nutrisyon ay nangangailangan ng paggamit ng bitamina, mineral, at enerhiya ng pagkain sa anyo ng karbohidrata, protina, at taba. ang kaugalian at pagpili sa pagkain ay may mahalagang tungkulin sa kalidad ng buhay, kalusugan at sa kahabaan ng buhay. mga sanggunian orihinal na salin mula sa en.wikipedia.org/wiki/diet_(nutrition) mga kawing panlabas nutritionist-dietitians' association of the philippines diyeta nutrisyon"
food,tl,wikipedia_tl,"ang paelya (balensyano/kastila: paella) ay isang lutuing kanin na orihinal na nagmula sa valència, kung saan madalas itong kinakain partikular na tuwing linggo at tuwing les falles. may maraming uri ng paelya at may iba-iba itong mga kasangkapan. ang salitang paella ang katawagan sa balensyano para sa “kawali”. gayumpaman, naging napakapopular ng pagkaing paelya sa kastila na ang salitang paellera na ang ginagamit para sa kawaling nilulutuan ang paelya at paella halos para sa pagkain lamang. sa valència gayumpaman ginagamit pa rin ang paella para sa kawali gayundin sa pagkain. madalas pinamamalutian ang paelya ng gulay at ng karne o pagkaing-dagat. ang tatlong pangunahing kasangkapan ay kanin, kasubha, at mantika ng oliba. noong pagdating ng mga kastila sa pilipinas, ipinamana nila ang kanilang lutuin sa mga pilipino. dahil sa kadalian ng paghuli ng pagkaing-dagat sa pilipinas dulot ng pagkakapuluan ng bansa, naglalaman ang paelyang pilipino ng higit na nakararaming húling-dagat. maaaring gamitin sa paelyang pilipino ang alimango, orejas de mar, toyo, atswete (para pangkulay), kabya, at iba pa. mga kaugnay na pagkain fideuà arròs negre risotto jambalaya mga panlabas na kawing"
food,tl,wikipedia_tl,"ang lutuing taylandes (, rtgs : ahan thai, ) ay ang pambansang lutuin ng taylandiya. binibigyang-diin ng lutong taylandes ang mga gaan-handang pagkain na may mga napakasamyong sangkap at maanghang na katangian. inobserba ni david thompson, isang kusinerong australyano at dalubhasa sa pagkaing taylandes, na hindi kagaya ng karamihan ng mga ibang lutuin, ang lutong taylandes ay ""tungkol sa pagbabalanse ng mga magkakaibang elemento upang lumikha ng pagkakasundo sa katapusan. tulad ng isang komplikadong kuwerdas sa musika, kailangang makinis ang rabaw nito ngunit hindi mahalaga kung ano ang nangyayari sa ilalim. hindi talaga kasimplihan ang sawikain dito."" mayroong apat na kategorya sa tradisyonal na lutuing taylandes humigit-kumulang: tom (mga pinakuluan), yam (mga ensaladang maanghang), tam (mga dinikdik na pagkain), at kaeng (mga kari). pagpritong-lubog, paggisa at pagpapakulo ang mga pagluluto mula sa lutuing tsino. noong 2017, pitong pagkaing taylandes ang lumabas sa talaan ng world's 50 best foods (50 pinakanais na pagkain sa mundo), isang botohang online ng 35,000 katao sa buong mundo hatid ng cnn travel. daig ng taylandiya ang lahat ng ibang bansa sa bilang ng pagkain na nasa"
food,tl,wikipedia_tl,"ang pagpag ay isang katawagang tagalog para sa mga tirang pagkaing itinapon ng mga restawran o kainan sa basurahan o sa tambakan ng basura na hinahalungkat o kinakalakal para kainin. karaniwang itong hinuhugusan at muling niluluto upang kainin. itinitinda rin ito sa ilang mga karinderya sa mas murang mga halaga. hinango ang katawagang pagpag sa karaniwang kahulugan nito sa tagalog — ang pagpag bilang ang pag-alis ng isang bagay sa pamamagitan ng pagyugyog. ang tirang pagkain ay tinatanggalan ng mga maduduming elemento sa pamamagitan ng pagpagpag kung kaya't tinawag itong pagpag. nagbuhat mula sa mga tunay na hamon ng kagutuman na nagdulot mula sa labis na kahirapan. maaring kainin ang pagpag sa mismong pinagkuhanan nito o kaya'y lutuin ito. kadalasang piniprito ito sa mainit na mantika. may mga maliliit na mga industriyang nasa bahay ang lumitaw dahil sa pagpag. may mga mahihirap na ginagawang hanapbuhay ang pangangalakal, pagkolekta, pagproseso at pagbenta ng mga prinosesong pagpag sa ibang mahihirap. may panganib sa kalusugan ang pagkain ng pagpag. kabilang sa mga ito ang paglunok ng lason at toksin, mga sakit na nakukuha sa pagkain at ibang karamdaman. nagbabala ang pambansang"
food,tl,wikipedia_tl,"galbi o kalbi sa pangkalahatan ay tumutukoy sa isang uri ng gui o ihaw na luto sa mga lutong korean na ginawa ng naka-atsara na karne(o baboy) ng maikling buto-buto sa sawsawan na gawang ganjang o toyo ng korea. sa wikang koreano,galbi sa literal ay ""buto-buto"" at maaari madalas na magpahiwatig sa hilaw buto-buto. sa karagdagan, ang buong pangalan ng luto na ito ay galbi gui, bagaman""gui""(pag-ihaw) ay karaniwang tinanggal sa pagtatawag ng luto na ito. dahil galbi ay madalas ginawa sa pamamagitan ng buto-buto ng baka, maaaring ito ay tatawag na""sogalbi""(소갈비) o""soegalbi""(쇠갈비) sa koreano, na ang prefix,""so"" o ""soe"" (beef) ay madalas na tinanggal na rin. subalit, tulad ng literal na ibig sabihin, ang lutong galbi din ay maaaring gawin sa pamamagitan ng buto-buto ng baboy o manok. sa ganoong kaso, ang itong mga uri ng galbi ay tinatawag na""dwaeji galbi""(돼지 갈비) o "" dak galbi "" (닭갈비) upang bigyang-diin ang pangunahing sahog. mga uri dwaeji galbi (돼지 갈비), ay ginawa sa buto-buto ng baboy na maaaring tinimplahan ng isang tipikal na ganjang o gochujang na sawsawan. sa ibang kaso, ang luto na ito ay tinatawag na ""maeun dwaeji galbi"" (매운 돼지 갈비), literal ibig sabihin nito ay ""maanghang"
food,tl,wikipedia_tl,"binubuo ang lutuing amerikano ng mga istilo ng pagluluto at mga tradisyonal na pagkaing inihahanda sa estados unidos. sa lutuing ito, malaki ang impluwensya ng mga europeo, katutubong amerikano, aprikano, asyano, taga-isla ng pasipiko, at marami pang ibang kultura at tradisyon. kabilang sa mga pangunahing impluwensya sa lutuing amerikano ang katutubong amerikano, soul food, mga pamana ng rehiyon kabilang cajun, kriyolong louisiana, mormon foodways, bagong mehikano, aleman ng pennsylvania, teksano, tex-mex, at tlingit, at ang mga lutuin ng mga grupong imigrante tulad ng tsinong amerikano, italyanong amerikano, griyegong amerikano at mehikanong amerikano. dahil sa laki ng amerika at ang mahabang kasaysayan nito ng imigrasyon, napakasari-sari ang lutuin, at nag-iiba ito sa bawat rehiyon. nagsimula ang lutuing amerikano sa mga tradisyon ng katutubong amerikano na may diyeta ng tinanim at hinuling pagkain, at paiba-iba sa mga bahagi ng lupalop. sa panahong kolonyal, nahalo ang lutuing katutubo at mga lutuin ng lumang mundo, at dala nito ang mga bagong pananim at hayop. noong pasimula ng ika-19 na siglo, nakadepende ang pagluluto sa maitanim, maihuli, at maialaga ng populasyong agraryo"
food,tl,wikipedia_tl,"ang maslenitsa (, , , maślenica, na tinatawag ding linggo ng mantikilya o butter week sa ingles, linggo ng bunyuelos o pancake week sa ingles, o linggo ng pagkain ng keso o cheesefare week), ay isang pistang bayan o araw ng pangilin sa rusya, ukraine, at belarus. ipinagdiriwang ito tuwing huling linggo bago ang dakilang kuwaresma, iyong ikapitong linggo bago ang paskuwa. tumutugma ang maslenitsa sa karnibal ng kanluraning kristiyanismo, maliban na lamang sa ang kuwaresma ng simbahang ortodokso ay nagsisimula sa isang araw ng lunes na tinatawag na malinis na lunes sa halip na tuwing miyerkules santo. ang petsa ng pasko ng pagkabuhay sa simbahang ortodokso ay maaaring kaibang-kaiba mula sa petsa ng kanluraning kristiyanismo. noong 2008, halimbawa na, ang maslenitsa ay ipinagdiwang magmula marso 2 hanggang marso 8, at noong 2012 ito ay ipinagdiwang mula pebrero 20 hanggang pebrero 26. ang maslenitsa ay mayroong simulain mula sa mga kaugaliang pagano at kristiyano. sa mitolohiyang islabiko, ang maslenitsa ay isang pestibal ng araw, na nagdiriwang ng napipintong pagtatapos ng panahon ng taglamig. sa gawi ng mga kristiyano, ang maslenitsa ay ang huling linggo bago ang pagsisimula ng"
food,tl,wikipedia_tl,ang diyagramang bula (ingles: bubble diagram) ng isang restawrant ay isang flowchart na dapat makatulong sa pagpapakita ng pagkakasunod-sunod at mga ugnayan ng bawat trabaho sa isang restawrant sa isa't-isa. ang isang layunin ng diagram na ito ay ang ipakita sa pangkalahatan ang plano ng isang aktwal ng lugar para sa isang restawrant upang maisalugar ng maayos ang bawat estasyon ng trabaho na may sapat na espasyo. ang mga sumusunod ay ang mga mahahalagang lugar sa isang restawrant upang ito ay tumakbo ng maayos. 1. lugar kung saan tinatanggap ang mga kasangkapan at ibang kagamitan. (checking in of food supplies) a. dapat ito ay madaling puntahan ng mga tagapag deliver ng kasangkapan at kagamitan. b. dapat ito ay may sapat na espasyo para sa mga malalaking track na taga deliver ng mga kasangkapan at kagamitan. 2. bodega ng mga kasangkapan. a. dapat mayroong lugar para sa tuyo at basang mga pagkain. 3. lugar para sa paghahanda ng pagkain. a. dapat may sapat na espasyo at maluwag. 4. lutuan ng pagkain. a. dapat malapit sa bodega. b. dapat malapit din sa lalagyan ng mga kaldero at plato. 5. hugasan ng mga plato at kaldero. a. dapat may sapat na linya ng tubig na mainit at malamig. 6.
food,tl,wikipedia_tl,"ang wikang hiligaynon ay tumutukoy sa wika at kultura na may kaugnayan sa iloilo at negros occidental. kilala rin sa tawag na wikang ilonggo. ginagamit rin ito sa mga grupo ng isla sa panay, at probinsiya na rin tulad ng capiz, antique, aklan, guimaras, at mga parte ng mindanao tulad ng koronadal, timog cotabato, sultan kudarat at gayundin ang malalaking parte ng hilagang cotabato. meron itong mahigit 7,000,000 katao sa loob at maging sa labas ng pilipinas na bihasa sa wikang hiligaynon, at ang karagdagang 4,000,000 katao naman na marunong nito at karagdagan lang sa kanilang lingua franca. kabilang ito sa pamilya ng wikang bisaya na kung saan ay kabilang din ito sa mga pangunahing wika ng pilipinas. gamit maraming salitang kastila sa hiligaynon, mas marami kaysa tagalog, bagaman sa kolokyal na pananalita madalas gamitin sa tagalog ang mga salitang kastila. kadalasang ""ilonggo"" ang tawag sa wikang hiligaynon sa iloilo at negros occidental. kung tutuusin, ang ilonggo ay isang pangkat ng ethnolinggwistiko na tumutukoy sa mga mamamayan ng iloilo at gayundin ang kulturang hiligaynon. ang pagitan ng diyalektong ilonggo at ang katawagang hiligaynon ay hindi matukoy sa kadahilangang"
food,tl,wikipedia_tl,"ang pika ( ; lumang pagbabaybay pica) ay isang maliit na mamalyang may maiikling bisig at hita, mabilog na mga tainga, at maikli o walang buntot. ang pangalang ""pika"" ay ginagamit sa kahit aling miyembro ng pamilyang ochotonidae, isang pamilya ng mga hayop na napapaloob sa order ng mga lagomorphs, kung saan kasama rin ang mga leporidae, ang uring kinabibilangan ng mga kuneho. ang isang genus, ang ochotona, ay kinikilalang kasama sa nasabing pamilya na naglalaman ng 30 species. kilala din itong ""whistling hare"" dahil sa matinis nitong huni kapag nagmamadali itong magtago sa lungga. sa estados unidos, ang pika ay karaniwang tinatawag na ""coney"", isang pangkalahatang tawag na maaari ding tumukoy sa mga kuneho at mga hyrax. ang pangalang pika ay maaaring nanggaling sa salita mula sa mga wikang tungus na ""piika"". tirahan ang mga pika ay makikita sa mga lugar sa asya, hilagang amerika at mga bahagi ng silangangn europa na malamig ang klima. karamihan sa mga uri ay naninirahan sa mga mababatong bundok, kung saan naglulungga sila sa mga pagitan ng mga bato. may ilang uring katutubo sa mga steppes ang naghuhukay ng sarili nilang lungga. sa kabundukan naman ng eurasia, ang mga pika ay"
food,tl,wikipedia_tl,"ang heungbu at nolbu () o heungbujeon () ay isang koreanong kuwento na isinulat noong huling bahagi ng dinastiyang joseon (1392–1897). ang pagkakakilanlan ng manunulat nito ay hindi kilala. ang kuwento ng ""heungbu at nolbu"" ay naiulat na nangyari mga 200 taon na ang nakalilipas, at ipinasa sa mga henerasyon. isinalaysay ito ngayon bilang isang sikat na kuwento bago matulog para sa mga batang koreano. ang kuwento nina heungbu at nolbu sina heungbu at nolbu ay magkapatid. si nolbu, ang nakatatandang kapatid, ay labis na sakim, ngunit ang kaniyang nakababatang kapatid na si heungbu, ay mabait at maawain. noong araw na namatay ang kanilang ama, nalaman nilang inutusan siyang hatiin sa kalahati ang kaniyang kayamanan para sa bawat isa sa kanila. gayunpaman, nilinlang ni nolbu ang pamilya ni heungbu at pinalayas sila upang maitago ang buong kapalaran sa kaniyang sarili. hindi nagreklamo si heungbu at tinanggap ang kaniyang kahirapan isang taglagas, masama ang ani at walang makain ang pamilya ni heungbu, kaya pumunta siya sa bahay ng kaniyang kapatid upang humingi ng pagkain para sa kaniyang mga anak. nagluluto sa kusina ang asawa ni nolbu na kasing lupit ng kaniyang asawa. nang makita"
food,tl,wikipedia_tl,"""ang bugtong"" () ay isang aleman na kuwentong bibit na kinolekta ng magkapatid na grimm sa grimm's fairy tales noong 1819 (khm 22). ito ay aarne-thompson tipo 851 (""pagpanalo sa prinsesa sa isang bugtong""). minsan ito ay kilala bilang ""a riddling tale"" at tungkol sa isang lalaki na ang asawa ay naging bulaklak. parehong binanggit nina joseph jacobs at john francis campbell ang pagkakatulad nito at ng eskoses na pagkakaiba ni campbell na the ridere of riddles, ngunit walang impormasyong malalaman kung alin ang pinagmulan. ang kuwento ay pangunahing ginagamit sa mga adaptasyon ng mga bata ng grimm's fairy tales. isinama ito ni andrew lang sa the green fairy book. buod minsan ay may isang prinsipe na nagpasya na maglakbay kasama ang kaniyang lingkod. sa isang madilim na kagubatan, nakarating sila sa isang maliit na bahay, kung saan binalaan sila ng isang dalaga na ang kaniyang madrasta ay isang mangkukulam na ayaw sa mga estranghero, ngunit sa kasamaang palad ay walang ibang masisilungan. nag-aatubili na pumasok ang prinsipe at ang kaniyang utusan sa bahay ng mangkukulam, ngunit bago sila humiga, binalaan ng dalaga ang prinsipe at ang kaniyang utusan na huwag kumain o uminom ng"
food,tl,wikipedia_tl,"ang kinilaw ay isang putahe na gawa sa hilaw na pagkaing-dagat at paraan ng paghahanda ng pagkain na katutubo sa pilipinas. tinatawag din itong ceviche ng pilipinas dahil kahawig nito ang ceviche ng amerikang latino. para maging mas tumpak, isa itong uri ng pagluluto na dumidepende sa suka at mga katas ng asidikong prutas (karaniwan sitrus) para madenaturalisa ang mga sangkap, sa halip na putahe lang ito, dahil maaari ring kilawin ang karne at gulay. malimit na kinakain ang kinilaw bilang pampagana bago ang ulam, o bilang kutkutin na sinasabayan ng alak. tinatawag ding kilawin ang kinilaw, ngunit hindi dapat ito ipagkamali sa kilawin, isang ulam ng inihaw na karne sa hilagang pilipinas na magkaugnay ngunit magkaiba. paglalarawan ang pinakakaraniwang kinilaw ay kinilaw na isda na inihahanda sa paghalo ng hilaw na isda na ibinabad sa suka ng niyog o tubo na nagsisilbi bilang pampadenaturalisa at pampaasim para mapahusay ang lasa kagaya ng kalamansi, dayap, biasong, kamias, sampalok, hilaw na mangga, balimbing, at berdeng sinegwelas. tinitimplahan ito ng asin at espesya kagaya ng paminta, luya, sibuyas, at sili (karaniwang siling labuyo o thai). 147 kaloriya lamang ang nilalaman ng"
food,tl,wikipedia_tl,"ang langgam at ang tipaklong, bilang kahalili na pinamagatang ang tipaklong at ang langgang (o mga langgam), ay isa sa mga pabula ni esopo, na may bilang na 373 sa talatuntunang perry. ang pabula ay naglalarawan kung paano ang isang gutom na tipaklong ay humingi ng pagkain sa isang langgam pagdating ng taglamig at tinanggihan. ang sitwasyon ay nagbubuod ng mga moral na aral tungkol sa mga birtud ng pagsusumikap at pagpaplano para sa hinaharap. maging sa mga panahong klasiko, gayunpaman, ang payo ay hindi pinagkakatiwalaan ng ilan at ang isang alternatibong kuwento ay kumakatawan sa industriya ng langgam bilang masama at mapagsilbi sa sarili. ang maselang ironikong muling pagsasalaysay ni jean de la fontaine sa pranses ay nagpalawak ng debate upang masakop ang mga tema ng pakikiramay at pag-ibig sa kapwa. mula noong ika-18 siglo ang tipaklong ay nakita na bilang ang uri ng artista at ang tanong ng lugar ng kultura sa lipunan ay kasama na rin. ang pangangatwiran sa ambivalent na kahulugan ng pabula ay karaniwang isinagawa sa pamamagitan ng adaptasyon o reinterpretasyon ng pabula sa panitikan, sining, at musika. pabula at kontra-pabula ang pabula ay tungkol sa isang tipaklong (sa"
food,tl,wikipedia_tl,"ang hotdog ay isang uri ng lutung-lutong inasnan at pinatuyo o/at tinapang (pinausukuan) mahalumigmig na langgonisa na may malambot at pantay na habi at lasa. karaniwang itong ipinapaloob, habang mainit pa, sa isang malambot na hinating-tinapay na halos kasinghaba ng langgonisang ito, at maaaring lagyan o hindi ng mga sahog at pampalasa. ang nagiging produkto ay karaniwang tinatawag na hotdog. ang kabuuang panlasa at sahog ng hotdog ay may malaking pagkakaiba ayon sa rehiyon at sariling kagustuhan, gayon din ang mga hinahalo dito. ang kabuuang lasa at anyo nito ay may pagkakapareho sa ibang produktong karne mula sa bologna na simple at halos walang lasa, hanggang sa alemang bockwurst na mas maanghang na uri. ang hotdog ay tradisyunal na gawa sa karne ng baka, baboy, o ang pinaghalo nito. ang kosher ay kadalasang purong-baka. di-tulad ng ng karamihang langgonisa na maaaring luto o di-luto, ang hotdog ay laging niluluto bago ibenta. maliban na lamang kung ito ay panis na, ang hotdog ay maaaring ligtas na kainin nang wala nang karagdagang pagluluto. ito ay pinapainit bago ihain. mayroong hotdog at longganisang pang-vegetarian, gawa sa meat analogue, sa mga lugar na sikat ang hotdog."
food,tl,wikipedia_tl,"ang gagamba (orden: araneae; aleman: webspinne, kastila: araña, ingles: spider), kilala din sa tawag na anlalawa, alalawa, lalawa, lawa o lawalawa ay isang karniborong arachnid. nakahuhuli ng pagkain - karaniwang mga kulisap - ang mga gagamba sa pamamagitan ng kanilang mga hinabing sapot, na tinatawag ding bahay-anlalawa. binubuo ang pulutong ito ng 111 mag-anak at 40,000 uri. mga arthropod na nakakahinga sa hangin ang mga gagamba na mayroong walong mga binti at chelicerae na may mga pangil na tumuturok ng kamandag. ang mga ito ang pinakamalaking uri ng mga arachnid na ika-pito sa kabuuang uri ng iba't ibang mga organismo. makikita sa buong mundo at sa bawat kontinente ang mga gagamba maliban sa antarctica, at nakatira ang mga ito sa halos lahat ng uri ng tirahan maliban sa himpapawid at karagatan. simula noong 2008, hindi bababa sa 43,678 na uri ng mga gagamba, at 109 na klase ng mga gagamba ang naitala sa pamamagitan ng mga eksperto sa taksonomiya; gayunpaman, may mga naging pag-tatalo sa siyensiya sa kung paano maiuuri ang lahat ng klase ng mga gagamba, bilang ebedensya sa mahigit 20 na iba’t ibang pag-uuri na naipanukala simula pa noong 1900. base sa anatomiya, kakaiba ang mga"
food,tl,wikipedia_tl,"ang pagong at ang matsing o si pagong at si matsing (ingles:the tortoise and the monkey o the monkey and the turtle ay isang pabulang pilipino. ito ay tungkol sa isang pagong nagawang lokohin ang isang unggoy o matsing para sa isang puno ng saging. pinauso ni jose rizal ang kuwento sa pamamagitan ng paglathala ng kuwento sa wikang ingles sa edisyong hulyo 1889 ng trübner's oriental record sa inglatera. ang pangyayari ito ay tinuturi na nagmarka sa pormal na pagsisimula ng pambatang literaturang pilipino. maaring nagmula sa mga ilokano ang kuwento. ang bersyong ilokano ng kuwento ay isang alamat kung bakit hindi kumakain ng karne ang mga unggoy. ang mga bersyon ng kuwento ang may magkakatulad na tema na may isang mas nalalamangan ngunit matalalinong tauhan (ang pagong) na nadaigan ang isang mas malakas na kalaban (ang unggoy). sa pagbisita kay juan luna noong enero 1886 sa pransiya, inilarawan ni rizal ang kuwento sa 34 na mga plate na ginawa niyang isang album na pag-aari ng asawa ni luna. si rizal ay tinuturing unang cartoo which he made in an album belonging luna's wife. rizal is considered as the first filipino karikaturista sa tagumpay na ito at sa paglalarawan ng limang"
food,tl,wikipedia_tl,"si bagyong auring (tropical depression auring) ay ang unang bagyo na nabuo sa panahon ng bagyo sa hilagang-kanlurang pasipiko ng 2009. si auring ay nabuo mula sa isang sama ng panahon sa silangan ng pilipinas. ika-3 ng enero habang kumikilos pakanluran, ito ay naging isang mahinang tropical depression ayon sa japan meteorological agency (jma). kinahapunan, binigyan ng pangasiwaang pilipino sa palingkurang atmosperiko, heopisikal at astronomiko (pagasa) ang bago ng pangalan na auring. pagkatapos pangalanan, si auring ay nag-umpisa nang humina dahil sa papalakas ng vertical wind shear. ika-7 ng enero, si auring ay nawalan ng convection at naging isa na lamang low pressure area. si auring ay nagdulot ng malakas na ulan na naging sanhi ng pagbabaha sa silangang bahagi ng pilipinas. dalawang tao ang namatay habang siyam ang napaulat na nawawala. may kabuuan na 305 kabahayan ang nawasak habang may 610 na iba pa ang nasira. sa karagdagan, umabot sa 53 hektarya na pananim na palay at 3.5 na pananim na mais ang nasira. nasa 43,851 ang naapektuhan at tinatayang aabot sa 23 milyong piso pinasala ang naging dulot ng bagyo. pangmeteorolohiyang kasaysayan ika-30 ng disyembre, inulat ng joint"
food,tl,wikipedia_tl,"ang pisbol (, ) ay bolang gawa sa minasang isda na pinapakuluan o pinipritong-lubog. katulad ng piskeyk, kadalasang gawa ang pisbol sa tinadtad na isda o surimi, asin, at pampabuo kagaya ng harinang-balinghoy, gawgaw-mais o gawgaw-patatas. talamak ang mga pisbol sa silangang at timog-silangang asya, kung saan minemeryenda ito o isinasahog sa mga sabaw o sa shabu-shabu. karaniwang iniuugnay ang mga ito sa lutuing tsino at may lahing tsino ang karamihan ng mga nagpapatakbo ng industriya ng pisbol. hindi gaanong prosesado ang mga bersiyong europeo, na gumagamit minsan ng gatas o patatas bilang pampabuo. mga sari-sariling baryasyon din ang mga bansang nordiko. produksiyon may dalawang baryante ng pisbol na nag-iiba sa tekstura, paraan ng produksiyon, at mga pangunahing rehiyon ng produksiyon. asya habang magkahawig ang mga sangkap at paggawa ng mga bansa, mapapansin ang mga pagkakaiba sa pagkalastiko, kulay at lasa. karaniwang mas matibay, mas maitim at mas lasang-isda ang mga pisbol sa hong kong at pilipinas kumpara sa mga kauri sa malaysia at singapura. mas matalbog at mas mahangin ang mga pisbol sa taiwan para madaling makasipsip ng sabaw o sarsa. ginugutay, ginigiling o pinupukpok"
food,tl,wikipedia_tl,"ang kuwaresma (latin: quadragesima, ""pang-apatnapu"") ay isang pagtalima sa liturhikal na taon ng maraming kristiyanong sekta, pangmatagalang para sa isang panahon ng humigit-kumulang anim na linggo na humahantong hanggang sa pasko ng pagkabuhay. sa karamihan ng kanlurang sekta, ang kuwaresma ay nakuha upang tumakbo mula sa miyerkules ng abo hanggang sa huwebes santo o sa bisperas ng pasko ng pagkabuhay. ang mga tradisyonal na na layunin ng kuwaresma sa paghahanda ng mananampalataya sa pamamagitan ng panalangin, penitensiya, pagsisisi, almsgiving, at pagtanggi sa sarili.nito institutional na layunin ay magpahigit sa taunang pagdiriwang ng mahal na araw, minamarkahan ang kamatayan at pagkabuhay na muli ni jesus, na naalala ang mga kaganapan ng mga pagpapakasakit ni kristo sa biyernes santo, na pagkatapos ay humantong sa pagdiriwang sa linggo ng pasko ng pagkabuhay ni hesukristo. sa panahon ng kuwaresma, marami sa mga mananampalataya ay nakatuon sa pag-aayuno o pagbibigay ng ilang mga uri ng karangyaan bilang isang paraan ng pagsisisi. ang daan ng krus, isang debosyonal na pagdiriwang ni kristong nakapasan ang krus at ng kanyang pagkamatay, ay madalas na-obserbahan. maraming katoliko"
food,tl,wikipedia_tl,"lungsod ng kotabato (maguindanaon: ingud nu kutawatu; iranun: inged isang kotawato; wikang ingles: cotabato city) ay isang lungsod sa pilipinas. ayon sa 2015 census, ito ay may populasyon ng 299,438. kahit na ang lungsod ng cotabato ay ang pagrehiyon na sentro ng awtonomong rehiyon sa muslim mindanao (armm), ang lungsod ay administratively bahagi ng soccsksargen region, na kung saan ay binubuo ng mga lalawigan ng south cotabato, north cotabato, sultan kudaratat sarangani, pati na rin ang mataas na urbanisadong lungsod ng general santos. ang lungsod ng cotabato ay isang malayang lungsod, hindi napapailalim sa mga regulasyon mula sa pamahalaan ng probinsiya ng maguindanao kung saan ito ay heograpiya matatagpuan. para sa mga heograpikal at mga pambatasan mga layunin, ito ay naka-grupo sa lalawigan ng maguindanao ngunit pa rin ay hindi nabibilang sa armm. noong 25 enero 2019, rapikahan ang bangasamoro organic law (bol). ang lungsod ng cotabato ay naging bahagi ng (barmm) o bangsamoro autonomous region in muslim mindanao mula sa rehiyon ng soccsksargen dahil sa plebesito. karamihan ritong naninirahan ay mga muslim at mga kristyano na namumuhay sa lungsod. kasaysayan bago ang pagdating"
food,tl,wikipedia_tl,"ang pagkubkob ng baler ( ; ) ay isa sa mga laban na naganap noong himagsikang pilipino . inilatag ng mga rebolusyonaryong pilipino ang pagkubkob sa isang pinatibay na simbahan na ginawang kuta ng mga kawal na kastila sa bayan ng baler, aurora, sa loob ng 337 araw, mula hulyo 1, 1898 hanggang hunyo 2, 1899. ang digmaan ay natapos sa kasunduan sa paris noong 10 disyembre 1898, sa pagsuko ng espanya at pag-aangkin sa pilipinas ng estados unidos. bagamat nawalan na ang mga espanyol ng pakikipag-ugnayan sa sarili nilang gobyerno at militar, ipinagpatuloy pa rin ng kanilang pwersa sa baler ang kanilang depensa laban sa mga pilipino hanggang 1899. karanasan ang baler ay matatagpuan sa silangang baybayin ng luzon, may mula sa maynila . ang himagsikang pilipino laban sa kolonyal na pamumuno ng mga espanyol ay nagsimula noong 1896. noong setyembre 1897, kinuha ng mga kastila ang baler kasama ang 50 cazadores sa ilalim ng pamumuno ni tenyente josé mota, upang mapigilan si emilio aguinaldo na makadaklot ng mga nakaw na armas. ang mga puwersa ni mota ay sinalakay noong gabi ng ika-4 na araw ng oktubre ng mga tauhan ni novicio. nasawi si mota at anim pang kastila, nasugatan ang ilan at nakuha"
food,tl,wikipedia_tl,"ang pagbagsak ng tao o pagkahulog ng tao (tinatawag ding ang kuwento ng pagbagsak o ang pagkahulog ng tao sa kasalanan) ay ang kuwento na nasa aklat ng henesis na nasa torah (lumang tipan ng bibliya) hinggil sa noong sina adan at eba, sa mga mata ng diyos, ay nawalan ng kawalan ng malay (kamusmusan). ayon sa henesis, kumain sina adan at eba ng bunga magmula sa puno ng kaalaman kahit pagkaraang pagsabihan sila ng diyos na hindi ito ipinapahintulot. nawala ang kanilang kawalang kamalayan (kawalan ng kasalanan) at pinalayas mula sa halamanan ng eden na kinaroroonan ng puno ng kaalaman. sa relihiyon ng kristiyanismo, lahat ng tawa ay nawalang ng inosensiya dahil nilabag nina adan at eba ang kagustuhan ng diyos at kinailangan maparusahan, kung kaya't nakikilala na sa ngayon ng mga tao ang mabuti magmula sa masama, pati na ang buhay at ang kamatayan. para sa maraming mga kristiyano, ang pagbagsak, ay nangangahulugan na maaarin gawin ng mga tao na maging sapat ang kabanalan upang makapasok sa kalangitan kapag namatay na sila. ang tanging paraan na makakapasok sila sa langit ay kapag, ayon sa kanilang paniniwala, inaalay o isinakripisyo ni hesus ang kaniyang sarili at gawing maaari o"
food,tl,wikipedia_tl,"ang bakterya (ingles: bacteria () [maramihan] o bacterium [isahan]) ay isa sa mga pangunahing grupo ng mga nabubuhay na mga organismo. sa iba't ibang paglalapat, tumutukoy ang katagang bakterya sa lahat ng mga prokaryote o sa isang pangunahing pangkat nila, o dili kaya ang tinatawag na eubakterya (eubacteria), depende sa mga kaisipan tungkol sa mga pagkaugnay nito. dito, ginagamit ang bakterya upang tukuyin ang yubakterya. isa pang pangunahing pangkat ng bakterya (hindi ginagamit sa malawak, hindi taksonomikong kaisipan) ang archaea. bakteriyolohiya, isang sangay ng mikrobiyolohiya, ang tawag sa pag-aaral mga bakterya. makikita ang mga bakterya sa lahat ng mga tinitirhan sa mundo, tulad ng sa lupa, asidik na mainit na tubig, basurang radyoaktib, tubig, at sa kailaliman ng krust ng mundo, kasama na rin ang mga organikong bagay at mga buhay na katawan ng mga halaman at mga hayop, na nagiging isang halimbawa ng mutwalismo sa sistemang panunaw ng mga tao, anay at mga ipis. mayroong apatnapung milyong selula ng bakterya sa isang gramo ng lupa at isang milyong selula ng bakterya sa isang milimetro ng malinis na tubig; sa pangkalahatan, mayroong tinatantiyang limang nonilyong (5×1030)"
food,tl,wikipedia_tl,"ang noli me tángere<ref name=pobletegutenberg>poblete, pascual hicaro [1857-1921] (tagasalin). [http://www.gutenberg.org/etext/20228 noli me tangere ni jose rizal], gutenberg.org, 30 disyembre 2006</ref> ay isang nobelang isinulat ni jose rizal, at inilathala noong 1887, sa europa. ang pagbasa nito at ng itong kasunod, ang el filibusterismo, ay kailangan para sa mga mag-aaral sa sekondarya. pamagat hango sa latin ang pamagat nito na may kahulugang ""huwag mo akong salingin (o hawakan)"". sinipi ito mula sa juan 20:17 kung saan sinabi ni hesus kay maria magdalena na ""huwag mo akong salingin sapagkat hindi pa ako nakaaakyat sa aking ama."" kasaysayan unang nobela ni rizal ang noli me tangere. inilathala ito noong 26 taóng gulang siya. makasaysayan ang aklat na ito at naging instrumento upang makabuo ang mga pilipino ng pambansang pagkakakilanlan. sa di-tuwirang paraan, nakaimpluwensiya ang aklat ni rizal sa rebolusyon subalit si rizal mismo ay isang nananalig sa isang mapayapang pagkilos at isang tuwirang representasyon sa pamahalaang kastila. orihinal itong nakasulat sa wikang kastila, ang wika ng mga edukado noong panahong yaon. sinimulan ni rizal ang nobela sa madrid, espanya."
food,tl,wikipedia_tl,"kinumpirma ang pagkalat ng pandemya ng covid-19, isang bagong nakakahawang sakit na sanhi ng sars-cov-2 theta variant, sa pilipinas noong enero 31, 2020, kung kailan nakumpirma ang unang kaso ng covid-19 sa kamaynilaan—isang tsina na 38 taong gulang named na naipasok sa ospital ng san lazaro sa maynila. nakumpirma ang ikalawang kaso noong pebrero 2, na isang 44 taong gulang na tsino na namatay ng isang araw bago ang kumpirmasyon, at ito ang unang kaso na kumpirmadong pagkamatay dahil sa sakit na nasa labas ng pangunahing lupain ng tsina. nakumpirma ang unang kaso ng isang tao na walang kasaysayan ng paglalakbay noong marso 5, isang lalaking edad 62 na madalas pumunta sa isang bulwagang panalanginang muslim sa lungsod ng san juan, kalakhang maynila, na nagdulot ng suspetsa sa transimisyon sa pamayanan ng covid-19 ay parating na sa pilipinas. nakumpirma ang asawa ng lalaki na nahawaan noong marso 7, na ang unang lokal na transmisyon na natiyak. mula agosto 2, 2020, mayroong 103,185 kumpirmadong kaso ng sakit sa bansa. sa mga kaso, 2,059 ang naitalang namatay at 65,557 ang gumaling. pangalawa ang pilipinas sa may pinakamalaking bilang ng kaso sa timog-silangang asya, ika-10 sa asya,"
food,tl,wikipedia_tl,"ang kristiyanismo ay isang relihiyong monoteista (naniniwala sa iisang diyos lámang) na nakabatay sa búhay at pinaniniwalaang mga katuruan ni hesus na pinaniwalaan ng mga kristiyano na isang tagapagligtas at mesiyas ng hudaismo. ito ay ang pinakamalaking relihiyon sa kasalukuyan sa buong daidig na may higit kumulang sa 2.1 bilyong táong kasapi nito. ang kristiyanismo sa simulang kasaysayan nito noong mga maagang siglo nito ay hindi isang nagkakaisang kilusan ngunit binubuo ng mga pangkat na may mga magkakatunggaling pananaw na gumagamit ng mga iba't ibang kasulatan. ang kanon ng bagong tipan (na tinatanggap ng marami ngunit hindi lahat ng kristiyano sa ngayon) na nabuo lamang noong ika-4 siglo ce ang kanon na pinagpasyahan ng isang pangkat ng kristiyano. sa karagdagan, ang mga kasunduan sa teolohiya ay nabuo lámang sa mga unang pitong konsilyo na nagsimula lamang noong ika-4 siglo ce kung saan ang pangkat na nanalo sa mga halalang ito ang naging ortodoksiya. ang mga konsehong ito ay inumpisahan ni emperador constantino upang maabot ang isang pagkakaisa ng mga magkakatunggaling sektang kristiyano sa kanyang imperyong romano. sa mga konsehong ito na kinondena ng nanalong ortodoksiya"
food,tl,wikipedia_tl,"kimchijeon ay isang ng jeon (pagkain), o koreanong pankeyk na luto, ginawa sa pamamagitan ng likyad na kimchi, harina at kung minsan iba pang mga gulay. kimchi, maanghang na halo-halong gulay tinimplahan na may chili paminta at jeotgal, ay isang sangkap na hilaw sa lutong koreano. ang ulam ay mabuti para sa paggamit ng mga mahinong kimchi. kimchijeon ay madalas na kinikilala sa koreanong kultura bilang isang katutubong ulam ng mababang propil na kahit sino ay maaaring gumawa ng madali sa bahay na walang dagdag na badyet. ito ay nagsilbi bilang isang pampagana, meryenda o palamuti."
food,tl,wikipedia_tl,"ang pabo (pagkain) sa iba inihaw na pabo (ing: roasted turkey), ay isang uri ng luto ng litson ay ang pinaka tanyag na lutuin sa mga bigating bansa tuwing sinasapit ang mga pagdiriwang at holiday, halimbawa ang isang ""thanksgiving"" ito ay isa sa mga pagkaing luto na nilahokan ng iba't ibang pang salop sa loob ng pabo upang cavity ng karne ay bumalanse sa tamang pag-luluto ka-tulad ng ibang lutoing inihaw na karne. ang tamang pamamaraan ng pag-iihaw ay pumapalo sa apat (4) na oras sa loob ng oven toaster sa tamang temperatura. paboreal kabilang ang paboreal o peacock sa mga lutuing inihaw na pabo na karaniwang inihahanda sa mga kainang magaganap, ito rin ay ginagawang kaldereta, menudo at mechado. tingnan rin manok (pagkain) pabo turks pagkain lutuing amerikano poltri"
food,tl,wikipedia_tl,"nurungji (hangul: 누룽지) ay isang tradisyunal na korea na pagkain na binubuo ng bigas. pagkatapos ng pagluluto ng kanin, isang manipis na tinapay ng bigas (na tinatawag na ""nurungji"") ay karaniwang ay naiwan sa ilalim ng palayok. kaysa sa pagiging tinapon, itong pinaso na bigas ay kinakain bilang isang meryenda. maaari din itong muli pinakuluang bilang nurungji bap (누룽지밥) o nureun bap (눌은밥), karaniwang bilang isang almusal. sa huling ika-20 na siglo, mga kompanya ay gumawa ng nurungji na biskwit na binibenta sa karaniwan ay isang manipis na disc na may pagkakalaki ng ilang inches sa diameter. nurungji ay maaaring rin sumasangguni sa matiags na tinapay ng kanin na naiiwan ilalim ng batong palayok pagkatapos mag luto ng bigas o sa dolsot bibimbap (돌솥 비빔밥), isang halo-halong luto na gawa sa bigas. tingnan din pagkaing jeongin guoba sungnyung lutuing koreano lutuing koreano"
food,tl,wikipedia_tl,"ang bistek tagalog ay isa rin sa mga popular at kilalang lutuing pilipino, binanasagan rin itong, beef steak, kilala ang lutong ito sa buong pilipinas maging sa labas, mga sangkap sa pagluto. nilagyan nang suka, toyo, sibuyas, bawang, paminta at sinamahan pa ng sangkap na kalamansi, paraan nang pagluto. sinahugan nang bawang, tamang hugis sa pag hiwa nang sibuyas, ipinirito ang hiniwang karneng baka bago haluan nang sankap na suka at toyo, ang bistek tagalog ay kilalang luto sa katagalugan sa luzon, nangaling ang salitang bistek bilang bistek (steak), tagalog (lugar kung saan kilalang luto). nagmula sa wikang kastila sa espanya at amerika ang salitang bistek na nangagahulugan ng inadobo na baka (ingles: steak). bansag kilalang luto bilang: tapang baka beef steak inadobong baka mga sankap karne ng baka (paglilinaw: tapang baka) toyo suka sibuyas paminta mga talasanggunian lutuing pilipino mga pambansang lutuin pagkain"
food,tl,wikipedia_tl,"ang pagpapatuyo ng pagkain ay isang paraan ng pagpepreserba ng pagkain kung saan pinapatuyo (sa pamamagitan ng pagtatanggal ng tubig o pagtatanggal ng kahalumigmigan) ang pagkain. ang pagpapatuyo sa pamamagitan ng pagtanggal ng tubig ay nakatutulong sa pagpigil sa pagdami ng bakterya, lebadura, at amag. ang pagtatanggal ng tubig sa pagkain ay malawakang ginagamit para sa layuning ito mula pa noong sinaunang panahon; ang pinakaunang kilalang kasaysayan ng paggamit ng prosesong ito ay naitala ng mga naninirahan sa modernong gitnang silangan at rehiyon ng asya noong 12,000 b.c. ang tubig ay tradisyunal na inaalis gamit ang pagsingaw sa pamamagitan ng mga paraang gaya ng pagpapatuyo sa hangin, pagpapatuyo sa araw, pagpapausok, o pagpapatuyo sa hangin, ngunit sa panahon ngayon ay maaari nang gumamit ng mga electric food dehydrators o freeze-drying upang mapabilis ang proseso at matiyak na konsistent ang mga resulta. mga sanggunian garde manger pinatuyong pagkain"
food,tl,wikipedia_tl,"ang pasteurisasyon ay isa proseso ng pagpapainit ng pagkain para sa hangaring mapatay ang mga mapaminsalang organismo katulad ng mga bakterya, virus, protozoa, amag, at lebadura. ipinangalan ang proseso mula sa imbentor nito, si louis pasteur, isang pranses na siyentipiko. natapos ang unang pagsubok sa pasteurisasyon nina pasteur at claude bernard noong abril 20, 1862. hindi tulad ng sterilisasyon, hindi hinahangad ng pasteurisasyon na patayin lahat ng mga mikro-organismo sa pagkain. sa halip, nilalayon ng pasteurisasyon na makamit ang isang ""logaritmong pagbabawas"" sa mga bilang ng mga tumutubong organismo, binabawasan ang kanilang bilang upang hindi sila maaaring magdulot ng sakit (pinapalagay na ang pasteurisadong produkto ay naka-prigider at kinain bago ang petsa ng pagkabulok). hindi karaniwan sa komersyo ang sterilisasyon ng pagkain, dahil labis na naapektuhan ang lasa at kalidad ng produkto. biyolohiya pagtitinggal industriya ng pagkain agham ng pagkain"
food,tl,wikipedia_tl,"sa pagluluto, al dente () ay naglalarawan sa pasta o kanin na niluluto na maging matatag kapag kinagat. ang etimolohiya nito ay ang italyanong ""sa ngipin"". sa kontemporaryong lutuing italyano, tinutukoy ng katawagan ang perpektong pagkakapare-pareho ng pasta at nagsasangkot ng maikling oras sa pagluluto. termino ang molto al dente sa pagluluto para sa pastang medyo kulang sa pagluto. ginagamit ang pastang kulang sa luto sa unang round ng pagluluto kapag dalawang beses lulutuin ang isang putaheng pasta. mas mababa ang glycemic index ng pasta na lutong al dente kaysa sa pasta na malambot ang pagluto. kapag nagluluto ng komersyal na pasta, nangyayari ang yugtong al dente pagkatapos mawala ang puti ng sentro ng pasta. maling akala ginagamit ang terminong ito sa pagtukoy sa pagluluto ng gulay, tulad ng sitaw o usbong ng bruselas, bagaman madalas na may maling akala sa kahulugan na sa halip na lutuin nang masinsinang, mayroon pa rin silang isang medyo hindi luto na (sariwang) lasa sa kanila, na karaniwang kanais-nais sa pagluluto. maaaring bigyang-kahulugan ito bilang pagluluto sa kanila hanggang sa halos mawawala ang kanilang hilaw na lasa, bilang isang paraan upang maiwasan ang"
food,tl,wikipedia_tl,"ang pagbabanto o adulterasyon (ingles: adulteration) ay ang pagdaragdag ng anumang sustansiya o sangkap sa isang artikulo ng pagkain na maaaring kasangkutan ng panloloko na hindi nakakapagdulot ng ibang pinsala, maliban sa pagbabayad sa binantuang produkto. sa maraming mga kaso, ang adulterasyon o pagbabanto upang hindi maging dalisay ng pagkain o mga gamot ay nakakapinsala sa kalusugan. ang isang halimbawa ng adulterasyon ay ang pagtatangal ng ilan sa krema ng gatas na tanging pagkain ng mga sanggol at ng mga imbalido, at pagdadagdag naman ng tubig sa nasabing gatas upang mapababa ang espesipikong grabidad. isa pang halimbawa ang pagdaragdag ng mga pampreserba sa gatas, karne, sapal ng prutas, at iba pang pagkain. isa ring halimbawa ang paghahalo o pagpapalabnaw (diluted) sa serbesa sa pamamagitan ng pagdaragdag ng tubig at asin o kaya pinagsamang asin at alum upang kumapal (densidad) ang serbesa. ang mumurahing mga alak ay karaniwang timplada ng espiritu ng patatas at may mga pampalasang kemikal o ibang uri ng pampalasa at sangkap na pangkulay. ang mamimili na may suspetsang siya ay pinagbentahan ng pagkaing ""marumi"" o gamot na may banto (adulterant) o binantuan ng ibang"
food,tl,wikipedia_tl,"ang tapa (pl. tapas) ang tawag sa mga meryenda o pulutan sa pagkaing espanyol. karaniwan, hindi ito kinakain ng isang tao lamang ngunit pinagsasalu-saluhan ng buong mesa ang ilang klase ng tapas. maraming kuwento ang pinagsimulan ng tapas. sabi ng iba, ito raw ay nagsimula nang magkasakit ang dating hari ng espanya na si alfonso x. dahil sa kaniyang karamdaman, kinailangan niyang uminom ng alak at kumain ng kaunti sa pagitan ng agahan at pananghalian, gayun din sa pagitan ng pananghalian at hapunan. pagkatapos nito ay iniutos niya na walang sinuman ang maaaring maghanda ng alak ng walang kasamang pagkain. ang isa pang maaaring dahilan ay ang pangangailangan ng mga mambubukid at iba pang trabahador na kumain habang nagtatrabaho upang panatiliin ang lakas. para hindi maabala ang pagtrabaho, maaaring maliliit na parte lamang ng pagkain ang ibinabaon nila upang madaling makain. mga pangkaraniwang tapas sa espanya aceitunas - mga oliba na minsan ay pinalamanan ng dilis o paminta calamares - pusit, kadalasan binudburan ng harina at pinirito chorizo al vino - chorizo na iniluto sa alak empanada patatas bravas - pritong patatas na may kasamang maanghang na sarsa gawa sa kamatis queso con"
food,tl,wikipedia_tl,"ang pepsico, inc. ay isang amerikanong multinasyunal na pagkain, meryenda, at inumin na korporasyon na pinamunuan sa harrison, new york, sa martilyo ng pagbili. ang pepsico ay may interes sa pagmamanupaktura, marketing, at pamamahagi ng mga pagkaing meryenda, inumin, at iba pang produkto. ang pepsico ay nabuo noong 1965 kasama ang pagsasama ng pepsi-cola company at frito-lay, inc. mula nang pinalawak ng pepsico mula sa produktong namesake na pepsi hanggang sa isang mas malawak na hanay ng mga tatak ng pagkain at inumin, na ang pinakamalaking na kinabibilangan ng isang acquisition ng tropicana products noong 1998 at ang quaker oats company noong 2001, na idinagdag ang tatak ng gatorade sa portfolio nito. noong enero 26, 2012, 22 sa mga tatak ng pepsico ang nakabuo ng tingi ng benta na higit sa $1 bilyon, at ang mga produkto ng kumpanya ay ipinamamahagi sa higit sa 200 mga bansa, na nagreresulta sa taunang netong kita na $ 43.3 bilyon. batay sa netong kita, ang pepsico ay ang pangalawang pinakamalaking negosyo sa pagkain at inumin sa mundo, sa likod ng nestlé. sa loob ng hilagang amerika, ang pepsico ay ang pinakamalaking negosyo sa pagkain at inumin sa pamamagitan ng netong kita."
food,tl,wikipedia_tl,"ang pagkaing kalye ay pagkain o inumin na handa nang ikonsumo na ibinebenta ng isang maglalako, o magtitinda sa kalye o iba pang pambulikong lugar, tulad ng palengke o pamilihan. kadalasan itong ipinagbibili sa isang nalilipat-lipat na food booth, food cart, o food truck at sinadya para sa agarang pagkokonsumo. panrehiyon ang iilang mga pagkaing kalye, ngunit mararami rin ang kumalat sa labas ng kani-kanilang rehiyon ng pinagmulan. kapwa nauuri ang karamihan ng mga pagkaing kalye bilang kukutin at agarang pagkain, at karaniwang mas mura kaysa sa mga ulam sa restawran. nag-iiba-iba ang mga uri ng pagkaing kalye sa bawat rehiyon at kultura sa mga iba't ibang bansa sa mundo. ayon sa isang pagsusuri noong 2007 mula sa organisasyon ng pagkain at agrikultura, 2.5 bilyong katao ang kumakain ng pagkaing kalye bawat araw. umaasa ang karamihan ng mga mamimiling may mababa at katamtamang kita sa mabilis na pag-akses at murang serbisyo ng pagkaing kalye para sa pang-araw-araw na nutrisyon at oportunidad sa trabaho, lalo na sa mga nagpapaunlad na bansa. ngayon, binibili ng mga tao ang pagkaing tao sa ilang kadahilanan, tulad ng kaginhawaan, pagkuha ng masarap na pagkain sa makatuwirang presyo"
food,tl,wikipedia_tl,"ang karniboro (ingles: carnivore, carnivorous) ay isang organismo na hinahango ang kanyang enerhiya at mga pangangailangang pangsustansiya mula sa isang diyeta na pangunahing binubuo ng karne o natatangi na pulos karne lang, na maaaring nakakamtan niya sa pamamagitan ng paninila (predasyon) o pagkain ng patay at nabubulok na mga materyang organiko. ang mga hayop na nakasalalay lamang sa karne ng hayop para sa kanilang mga pangangailangang pangnutrisyon ay itinuturing na mangangain ng karne o karniborong ""obligado"" (umiiral o nabubuhay lamang isang partikular na kapaligiran o may gampanin sa kapaligirang iyon), samantalang ang mga organismong kumakain din ng pagkaing hindi hayop ay itinuturing na ""pakultatibo"" (mapili). ang mga omniboro (walang hindi kinakain o walang inaayawang pagkain) ay kumukunsumo ng kapwa hayop at hindi hayop na mga pagkain, at bukod sa mas pangkalahatang kahulugan, ay walang malinaw na panumbasan ng materyal na halaman sa materyal na hayop na maipagkakaiba ang isang karniborong pakultatibo mula sa isang omniboro, o ang isang omniboro mula sa isang mangangain ng halaman o herbiborong pakultatibo. ang mangangain ng karneng nasa ituktok ng tanikala ng pagkain"
food,tl,wikipedia_tl,"ang bulimia nervosa ay isasuliranin sa gawi sa pagkain katulad ng anorexia nervosa na pinagdurusahan ng mga nakatatandang kabataang kababaihan. maaaring hindi nagbabago ang kanilang timbang ng malaki ngunit ang kanilang paraan ng pagkain ay maituturing na hindi normal. ang kanilang pagdidiyeta ay sinusundan ng sobra-sobrang pagkain at pagkatapos pinipilit ang sarili na masuka. kung minsan, mapapansin din na hindi sila kumakain o labis na nagdidiyeta. bagamat ang hindi tamang gawi sa pagkain at ang labis na pag-eehersisyo ay maaari ding mangyari sa mga kabataang lalaki. sintomas nadidiyeta ang taong may sakit na bulimia nervosa at ginugutom ang sarili at pagkatapos sinuka ang kinain, at nakaramdam na walang kontrol kapag kumain. natatakot tumaba at palaging sumuka, at di nila ginamit ng maayos ang mga gamot, katulad ng mga pildoras sa pagdidiyeta, mga laksatiba. sa ehersisyo, mabilis silang magbawas ng kaloriya sa katawan at nangangako sila na hindi na nila isusuka ang kinain nila, pero ipinagpatuloy pa rin nila ang dating gawi at naniwala na kailangan nilang magpapayat. minsan nagnanakaw din sila at inaabuso yung mga alkohol, droga, at kreditong kard (credit card). normal o"
food,tl,wikipedia_tl,"si daymon scott ""daym"" patterson, mas kilala bilang daym drops, (ipinanganak noong setyembre 24, 1977) ay isang amerikanong kritiko ng pagkain, tanyag na tao sa youtube, at tagapagtanghal sa telebisyon . naging tanyag siya nang sumikat ang kanyang bidyo tungkol sa pagsusuri ng isang pagkaing mula sa kainan ng five guys sa youtube. nagbigay daan ito para sa isang sikat na kanta na ginawa ng gregory brothers . siya ay ang nagtanghal sa programang best daym takeout, isang programang pantelebisyon na nakatuon sa pagsusuri ng mga pagkain sa travel channel na nakabatay sa kanya at ilang mga aspeto na kinuha mula sa kanyang youtube channel. ito ay ipinalabas noong 2013. karera bago naging kritiko ng mga pagkain, nagtrabaho si patterson bilang isang tagapamahala sa mga tindahan tulad ng wal-mart. ngayon, nagsusuri siya ng mga pagkain mula sa mga kainan at maliliit na restawrant. bukod pa rito, ang kanyang mga bidyo ay naglalaman ng mga pagkaing mula sa mga malalaking kainan tulad ng burger king, mcdonald's, jack in the box, in-n-out burger, at taco bell . nakilala siya sa kanyang viral video na pinamagatang five guys burgers and fries review, kung saan nagbigay siya ng mga komento at"
food,tl,wikipedia_tl,"ang paglalata o pagdedelata (ingles: canning; ang salitang ""delata"" ay mula sa pariralang kastila na de lata na may pakahulugang ""ng lata"" na may pahiwatig na ""nakalata"" o ""nasa loob ng lata"") ay isang paraan ng pagpepreserba ng pagkain kung saan ang nilalamang pagkain ay pinupruseso, ipinapaloob, at tinatakpan sa loob ng lalagyang lata na hindi pinapasukan ng hangin. ang pagdedelata ay nagbibigay ng isang pangkaraniwang tagal ng pagpapanatili (""tagal ng buhay"") na sumasakop mula isa hanggang limang mga taon, bagaman sa ilang tiyak na mga kalagayan ang isang produktong idinelata na pinatuyo at pinatigas sa pamamagitan ng lamig, katulad ng dinelatang pinatuyo at pinatigas na mga lentehas, ay maaaring magtagal na umaabot sa 30 mga taon na nasa kalagayang makakain. ang proseso ay unang nilikha at pinaunlad ni nicolas appert bilang isang tuklas ng militar ng pransiya noong 1810. ang balutan o pambalot na lata ay nakapipigil sa mga mikroorganismong makapasok at mabilisang dumami sa loob. upang maiwasang mapanis o masira ang pagkain bago at habang ipinapasok ang pagkain, ilang mga metodo ang ginagamit. kabilang dito ang pasteurisasyon, pagpapakulo (at iba pang mga paglalapat ng matataas"
food,tl,wikipedia_tl,"ang produksiyon ng bigas sa pilipinas ay mahalaga sa suplay ng pagkain at ng ekonomiya ng bansa. ang bigas ay ang pinakamalahalagang inaaaning pagkain, pangunahing pagkain para sa buong bansa. ito ay inaani nang malawakan sa luzon, kanlurang bisayas, katimugang mindanao at gitnang mindanao. noong 1989, halos 9.5 bilyong tonelada ng palaya ang nainani. noong 1990, ang palay ay naitala bilang ang ika-27 bahagdan na nadagdag sa agrikultura at 3.5 bahagdan ng gnp. ang ani bawat hektarya ay sa kabuuan ay bumaba kung ihahambing sa ibang mga bansang asyano. ngunit mula sa kalagitnaan ng 1960, tumaas ang mga ani sa kabuuan bilang isang bunga ng pagtatanim at pag-ani ng mga sari-saring uri ng mga matataas na magbigay-aning mga kanin na nabuo noong kalagitnaan ng 1960 sa pandaigdigang sanayan sa pananaliksik sa bigas sa los baños, laguna, pilipinas. ang antas ng ""mahiwagang"" bigas sa kabuuang ani ay umakyat mula sa wala noong 1965-66 at umakyat sa ika-81 bahagdan noong 1981-82. ang karaniwang pag-aani ng bigas ay umakyat mula 2.3 tonelada bawat hektarya (2.8 tonelada sa mga pinatubig na bukirin) noong 1983. sa kadulu-duluhan ng 1970s, ang bansa ay nag-iba mula sa pagiging malinis na"
food,tl,wikipedia_tl,"ang apritada ay isang ulam sa pilipinas na gawa sa manok, baka, o baboy na sinabawan ng sarsa ng kamatis, at hinaluan ng karots, patatas, at pula at berdeng bell pepper. sinasabayan ito ng kanin, at isa ito sa mga karaniwang kinakain ng pilipino araw-araw. mayroon ding mga uri ng apritada na gawa sa pagkaing-dagat. etimolohiya nagmula ang pangalang afritada sa fritada (""prito"") sa wikang kastila, na tumutukoy sa unang hakbang sa paghahanda kung saan piniprito ang karne bago pakuluin sa sarsa ng kamatis. paglalarawan ang apritada ay nilagang ulam. sinisimulan ang paghanda nito sa paggisa ng bawang at sibuyas. pagkatapos, hinahalo ang hiniwa na karne para maprito hanggang lumambot ito. kapag medyo nagkayumanggi na ang karne, ibinubuhos ang tubig at tomato paste sa kawali, at idinaragdag din ang mga karots, potatoes at hiniwang bell peppers. maaari ring idagdag ang mga hiniwang kamatis, tsitsaro, balatong, o sitaw. maaari rin itong lagyan ng pampalasa, kagaya ng asin, paminta, dahon ng laurel, at patis. pinakukulo ang mga sangkap hanggang maluto ang mga gulay. pinapares ito sa kanin. mga uri nag-iiba ang pangalan ng apritada base sa pangunahing sangkap nito. kabilang sa mga"
food,tl,wikipedia_tl,"ang turismong pampagkain ay ang paggalugad ng pagkain bilang ang hangarin ng turismo. tinuturing itong isang mahalagang bahagi ng karanasan ng turisomo. karaniwan sa mga turista ang pagkain sa labas at ""pinaniniwalaang nakaranggo ang pagkain kaagapay ng klima, panunuluyan, at tanawin"" sa kahalagaan sa mga turista. naging tanyag ang turismong pampagkain noong pagkatapos na magsulat ni erik wolf, pangulo ng world food travel association, tungkol sa paksang ito. turismong pampagkain sa pilipinas ang bawat lugar sa pilipinas ay may katangitanging putahe. ang mga destinasyon ay talagang kayang maramdaman gamit ang limang pakiramdam. dumadagdag sa karanasan at memorya ang mga pagkaing natitikman sa kanilang paglalakbay. pampanga bilang ang tinagurian na sentro na pagkain sa buong pilipinas, ang pampanga ang kadalasang dinadayo ng mga panatiko pagdating sa food tourism. dito makakakin ka ng masarap na sisig (isang putahe na gawa sa ulo ng baboy), tibok-tibok (minatamis na gawa sa gatas ng kalabaw) at ang pamosong halo-halo ng razon’s (espesyal ito dahil hindi katulad ng ibang halo-halo, nagyelong gatas ang ginagamit dito at hindi ito naglalaman ng mga makukulay na sangkap). ilocos sa"
food,tl,wikipedia_tl,"ang rushen coatie o rashin-coatie ay isang eskoses na kuwentong bibit na kinolekta ni joseph jacobs sa kaniyang more english fairy tales. ito ay aarne–thompson tipo 510a, ang inuusig na pangunahing tauhang babae, gayundin ang cinderella. buod isang reyna na may anak na babae ang namatay. sa kaniyang pagkamatay, sinabi niya sa kaniyang anak na isang pulang guya ang darating sa kaniya, at maaari siyang humingi ng tulong dito. nag-asawang muli ang hari sa isang balo na may tatlong anak na babae, at ang madrasta at tatlong kapatid na babae ng babae ay minamaltrato, binigyan siya ng isang amerikana lamang na gawa sa mga rushes na isusuot—tinatawag siyang rushen coatie—at binigyan siya ng napakakaunting pagkain. isang pulang guya ang lumapit sa kaniya, at nang humingi siya ng pagkain, sinabi nito sa kaniya na hilahin ito mula sa mga tainga nito. itinakda ng madrasta ang isa sa kaniyang mga anak na babae upang tiktikan si rushen coatie, at natuklasan ng batang babae ang pulang guya. nagpanggap ang madrasta na may sakit at sinabi sa hari na kailangan niya ang matamis na tinapay mula sa pulang guya. pinatay ito ng hari, ngunit sinabi ng patay na guya kay rushen coatie na ilibing ang"
sports,tl,wikipedia_tl,"ang mga palarong olimpiko ng taglamig () ay isang pangunahing pang-internasyunal na paligsahang pampalakasan na ginaganap bawat apat na taon na isinasagawa sa niyebe at yelo. ang unang palarong olimpiko sa taglamig, ang palarong olimpiko ng 1924, ay ginanap sa chamonix, pransiya. ang mga makabagong palarong olimpiko ay binigyang inspirasyon ng sinaunang palarong olimpiko, na ginanap sa olimpiya, gresya, mula ika-8 siglo bc hanggang ika-4 na siglo ad. itinatag ni baron pierre de coubertin ang pandaigdigang lupong olimpiko (ioc) noong 1894, na humantong sa unang modernong mga palarong olimpiko sa tag-init sa atenas, gresya noong 1896. ang ioc ay ang namamahalang kinatawan ng kilusang olimpiko, kasama ang olipikong charter na tumutukoy sa istruktura at awtoridad nito. ang orihinal na limang pampalaksang tampok sa winter olympic (lumawig sa siyam na disiplina) ay ang bobsleigh, curling, ice hockey, nordic skiing (binubuo ng mga disiplinang militar na patrol, cross-country skiing, pinagsamang nordic, at paglukso ng ski ), at skating (na binubuo ng mga disiplinang figure skating at mabilisang skating). ang mga palaro ay ginanap tuwing apat na taon mula 1924 hanggang 1936, nagambala"
sports,tl,wikipedia_tl,"ang modernong palarong olimpiko (mula ; , ) o olimpiyada (mula ) ay ang nangungunang pandaigdigang palaro. itinatampok nito ang mga palakasan sa tag-init at taglamig, at dinadaluhan ng libo-libong atleta mula sa iba't ibang panig ng mundo. kinokonsidera ito bilang isa sa mga pinakamalalaki at pinakasikat na palaro, kung saan lagpas sa 200 bansa at teritoryo ang nakikilahok kada edisyon nito. ginaganap kadalasan ang palaro tuwing apat na taon sa isang piniling lungsod, kung saan nagsasalitan kada dalawang taon ang tag-init at taglamig sa loob ng panahong ito. unang inilunsad ang palaro noong 1896 sa pangunguna ni pierre de coubertin. inspirasyon ng palaro ang sinaunang palarong olimpiko () na ginanap sa olympia, gresya mula sa ika-8 siglo hanggang sa ika-4 na siglo . ginawa ni coubertin ang pandaigdigang lupong olimpiko (, ioc) noong 1894, na nagbigay-daan upang maganap ang unang edisyon ng modernong palaro noong 1896 sa atenas. ngayon, ang ioc ay ang namamahala sa kilusang olimpiko, sa patnubay ng kartang olimpiko. nagbago ang palaro sa pagdaan ng ika-20 siglo hanggang sa pagpasok ng ika-21 siglo. kabilang sa mga pagbabagong ito ay ang pagkakaroon ng hiwalay na palaro para sa mga"
sports,tl,wikipedia_tl,"ang teoriya ng laro () ang pag-aaral ng stratehikong paggawa ng desisyon. sa mas pormal na paglalarawan, ito ""ang pag-aaral ng mga modelong matematikal ng alitan at pakikipagtulungan sa pagitan ng mga matalinong makatwirang mga tagagawa ng desisyon."" ang isang alternatibong terminong iminungkahi ""bilang isang mas deskriptibong pangalan para sa disiplina"" ang interaktibong teoriyang desisyon. ang teoriya ng laro ay pangunahing ginagamit sa ekonomika, agham pampolitika, sikolohiya gayundin sa lohika at biolohiya. ang paksang ito ay unang sumagot sa mga larong sumang-sero (zero-sum game) na ang pakinanabang ng isang tao ay eksaktong katumbas ng netong mga kawalan ng iba pang mga kalahok. gayunpaman, sa kasalukuyan, ang teoriya ng laro ay lumalapat sa isang malawak na saklaw ng mga relasyon ng klase at umunlad sa isang terminong payong para sa lohikal na panig ng agham upang isama ang parehong tao at mga hindi tao gaya ng mga kompyuter. ang mga klasikong paggamit ay kinabibilangan ng isang kahulugan ng balanse sa maraming mga laro kung saan ang bawat tao nakatuklas o nakabuo ng isang taktika na hindi matagumpay na makapagpapabuti ng mga resulta sa ibinigay na pakikitungo ng iba. ang"
sports,tl,wikipedia_tl,"ang 1984 ay isang bisiyestong taon na nagsisimula sa linggo sa kalendaryong gregorian. kaganapan kapanganakan enero enero 1 paolo guerrero, putbolista ng peru michael witt, manlalaro ng liga sa australia enero 2 - kristen hager, artista sa pelikula at telebisyon sa canada enero 3 - shelby starner, amerikanong mang-aawit at manunugtog ng musika (d. 2003) enero 4 - robin sydney, artista ng amerika enero 5 shariff abdul samat, putbolista ng singapore (d. 2020) diego gómez, putbolista ng argentina-pransya enero 6 priit loog, aktor ng estonian kate mckinnon, amerikanong artista at komedyante eric trump, negosyanteng amerikano at pilantropo enero 7 - max riemelt, artista ng aleman enero 8 jeff francoeur, amerikanong baseball player steven kanumba, aktor at direktor ng tanzanian (d. 2012) kim jong-un, kataas-taasang pinuno ng hilagang korea enero 10 - kalki koechlin, aktres ng pelikulang french-indian enero 11 - mark forster, aleman na mang-aawit ng kanta enero 12 hammed namouchi, putbolista ng tunisian scott olsen, amerikanong baseball player enero 13 eleni ioannou, greek martial artist (d. 2004) nathaniel motte, amerikanong manunulat ng kanta, tagapalabas, mang-aawit, tagagawa ng"
sports,tl,wikipedia_tl,"ang kilala rin sa pinaikling tawag bilang toho project o project shrine maiden, ay isang serye ng mga hapon na larong bullet hell na barilan na ginawa ni junya ota na mas kilala sa palayaw na zun. ginagamit ni zun ang pangalang team shanghai alice bilang isang grupo ng isang tao na binubuo lamang niyang mag-isa. siya lamang mismo ang gumagawa ng tugtog, ng graphics at ng pagpo-program sa mga larong ito. ang istorya sa mga laro ng touhou project ay umiikot sa mga kakaiba at wirdong pangyayari sa pantasyang mundong gensokyo, isang piksyonal na dimensiyon na pinamumuhayan ng mga tao at mga youkai, mga ibang nilalang. bago ang mga laro sa istorya ay sinarahan ang gensokyo ng isang mahikang harang o ang great hakurei barrier mula sa panlabas na mundo (outside world). ang bida sa franchise ay ang shintong paring babae o shrine maiden na nagngangalang reimu hakurei na nagpapanatili sa harang at nakikipaglaban sa mga magugulong yokai. ang unang mga limang laro ay ginawa para sa hapong nec pc-9801 na mga kompyuter, ang bullet hell na barilan ay iginawa sa ikalawang laro: story of eastern wonderland. ang embodiment of scarlet devil, na inilabas sa agosto 2002 ang kauna-unahang laro sa"
sports,tl,wikipedia_tl,"ang 1980 ay isang bisiyestong taon na nagsisimula sa martes sa kalendaryong gregorian. kaganapan kapanganakan enero enero 1 richie faulkner, british rock gitarist karina jacobsgaard, manlalaro ng tennis sa denmark mark nichols, curler ng canada elin nordegren, modelo ng suweko enero 2 mac danzig, american mixed martial artist robert rivas, politiko ng amerika enero 3 federico luzzi, italyano na manlalaro ng tennis (d. 2008) telly leung, amerikanong artista, mang-aawit at manunulat ng kanta enero 4 erin cahill, artista ng amerika greg cipes, artista ng amerikano d'arcy carden, amerikanong artista at komedyante happy salma, aktres ng indonesia, modelo, at manunulat enero 5 garette ratliff henson, artista ng amerikano bennie joppru, manlalaro ng putbol sa amerika jill krowinski, politiko ng amerika enero 6 - pascual romero, amerikanong musikero enero 7 - hele kõrve, aktres at mang-aawit sa estonia enero 8 adam goodes, namamahala sa australia ng putbolista rachel nichols, artista ng amerika sam riley, artista sa english enero 9 sergio garcía, espanyol na manlalaro ng golp wang zulan, artista ng hong kong enero 10 sarah shahi, artista ng amerika javier morales, footballer ng argentina"
sports,tl,wikipedia_tl,"ang 1985 ay isang karaniwang taon na nagsisimula sa martes sa kalendaryong gregorian. kaganapan kapanganakan enero enero 1 jeff carter, manlalaro ng hockey sa canada steven davis, footballer ng hilagang irlanda juliana harkavy, artista ng amerika fred the godson, american rapper at dj enero 2 teng haibin, chinese gymnast carla juri, aktres ng switzerland heather o'reilly, pambansang soccer player ng u.s. damien bodie, artista sa australia greg toler, american football cornerback enero 3 nicole beharie, artista ng amerika leah gibson, artista sa pelikula sa canada jeananne goossen, artista sa canada john david booty, american football quarterback, usc linas kleiza, manlalaro ng basketball sa lithuania colleen wolfe, talent sa pagpapakita ng amerikano enero 4 kari aalvik grimsbø, manlalaro ng handball na norwegian danielle campo, manlalangoy na paralympic sa canada al jefferson, amerikanong manlalaro ng basketball fernando rees, nagmamaneho ng kotse sa lahi ng brazil beatriz rosselló, unang ginang ng puerto rico enero 5 michael cuccione, artista ng bata at aktibista sa canada (d. 2001) lopez lomong, amerikanong amerikanong runner na ipinanganak sa sudan diego vera, uruguayan"
sports,tl,wikipedia_tl,"ang 1982 ay isang karaniwang taon na nagsisimula sa biyernes sa kalendaryong gregorian. kaganapan kapanganakan enero enero 1 - david nalbandian, manlalaro ng tennis sa argentina enero 3 - chisu, finnish singer-songwriter enero 4 kang hye-jung, aktres ng south korea richard logan, english footballer enero 5 janica kostelić, tagapag-isketing ng croatia vadims vasiļevskis, latvian javelin thrower enero 6 gilbert arenas, american basketball player eddie redmayne, artista sa english enero 7 &francisco rodríguez, manlalaro ng baseball sa venezuelan lauren cohan, artista ng british-american ruth negga, artista ng ireland camilo villegas, colombian golfer enero 8 jonathan cantwell, australian racing cyclist (d. 2018) gaby hoffmann, artista ng amerika enero 9 - catherine, duchess ng cambridge, prinsesa sa britain enero 10 tavoris cloud, amerikanong dating propesyonal na boksingero misato fukuen, japanese artista ng boses ana layevska, ipinanganak sa ukraine, mang-aawit at artista ng mexico josh ryan evans, amerikanong artista (d. 2002) enero 11 ashley taylor dawson, mang-aawit at artista ng ingles son ye-jin artista ng timog korea enero 13 guillermo coria, manlalaro ng tennis sa argentina"
sports,tl,wikipedia_tl,"ang teorya ng larong kombinatoryal ay isang sangay ng matematika at teoretikal na agham pangkompyuter na tipikal na sinisiyasat ang mga larong sekwensiyal na may perpektong impormasyon. ang pag-aaral ay karaniwang kinukulong sa mga larong dalawang manlalaro na may isang posisyon na ang mga manlalaro ay naghahalinhinan sa pagbabago. kinabibilangan ng itong mga pagbabago ang mga tiyak na paraan o tira para makagawa ng isang tiyak na panalong kondisyon. tradisyunal na, ang teorya ng larong kombinatoryal ay hindi nag-aral ng mga laro ng tsansa o na gumagamit ng imperpektong o inkumpletong impormasyon, kundi sa halip, ng mga laro na may perpektong impormasyon kung saan ang kondisyon ng laro at ang pangkat ng magagamit na mga tira ay laging alam sa parehong mga manlalaro. gayunman, habang umaabante ang mga matematikal na teknik, gayon din lumalawak ang mga uri ng laro na nasusuri, kaya laging bumabago ang mga hangganan ng sangay. nasa simula ng isang papel, heneral na ipapaliwanag ng mga iskolar kung ano ang ibig sabihin ng isang ""laro"", at madalas na nagkakaiba ang itong mga katuturan, na espesipiko sa larong sinusuri at hindi kinakatawan ang buong saklaw ng sangay. ang kombinatoryal"
sports,tl,wikipedia_tl,"ang 1981 ay isang karaniwang taon na nagsisimula sa huwebes sa kalendaryong gregorian. kaganapan enero pebrero marso abril mayo hunyo hulyo hulyo 9 - donkey kong, na minarkahan ang kauna-unahang donkey kong at mario smash hit arcade game na binuo ng nintendo sa japan agosto setyembre oktubre nobyembre disyembre kapanganakan enero enero 1 zsolt baumgartner, hungarian racing driver mladen petrić, manlalaro ng putbol sa croatia enero 2 - maxi rodríguez, argentine footballer enero 3 - eli manning, manlalaro ng putbol sa amerika enero 4 - silvy de bie, mang-aawit ng belgian enero 5 deadmau5 (joel zimmerman), canadian dj / tagagawa brooklyn sudano, artista ng amerika enero 6 mike jones, rapper ng amerikano rinko kikuchi, artista ng hapon jérémie renier, aktor ng belgian enero 7 - alex auld, canadian ice hockey goaltender enero 8 xie xingfang, manlalaro ng badminton ng tsino genevieve cortese, artista ng amerika enero 9 - euzebiusz smolarek, polish footballer enero 10 jared kushner, mamumuhunan sa amerika tamta, georgian-greek na mang-aawit enero 11 jamelia, mang-aawit na british tom meighan, british singer at songwriter enero 15 howie day, amerikanong mang-aawit at manunulat ng kanta el"
sports,tl,wikipedia_tl,"ang los angeles clippers ay isang propesyonal na lupong basketbolista, na naka base sa los angeles, california. at naglalaro sila sa national basketball association (nba). base ng operasyon buffalo memorial auditorium (1970-1978) san diego sports arena (1978-1984) los angeles memorial sports arena (1984-1999) staples center (1999-present) kasaysayan ng prangkisa ang clippers ay nagsimula noong 1970 bilang buffalo braves. isa sila sa tatlong prangkisa na sumali sa nba noong 1970-71 season, and iba pa ay ang portland trail blazers at cleveland cavaliers. ang taon ng buffalo braves (1970-78) ang braves, sa kanilang pang-walong season bilang buffalo, ay ginanap ang kanilang sariling korte sa buffalo memorial auditorium, kaparti dito ay ang ibang may bagong prankisa , ang buffalo sabres ng national hockey league, na nakilala din noong 1970. ang koponan ng clippers na head coach ay isang hall of famer dolph schayes, ang prangkisa ay may mga unang sikat na manlalaro sila ay sina bob kauffman and don may, na nakuha noong expansion draft. bilang parte ng normal na mao-obserba sa mga lupong pandagdag sa kanilang unang taon, natapos ang braves na may talang 22-60, at may pitong larong lamang"
sports,tl,wikipedia_tl,"ang na binabaybay din kung minsan bilang goe, kilala sa wikang intsik bilang weiqi () at sa wikang koreano bilang baduk (hangul: ), ay isang sinaunang larong may tabla para sa dalawang manlalaro na natatangi dahil sa pagiging mayaman sa estratehiya sa kabila ng payak nitong mga patakaran sa paglalaro. ang larong ito ay nilalaro ng dalawang mga manlalarong naglalagay ng salit-salitang itim at puting mga bato sa ibabaw ng isang bakante o walang lamang mga interseksiyon ng mga grid ng 19×19 na mga guhit. kapag inilagay na sa laruang tabla, hindi na maililipat ang mga bato sa ibang lugar, maliban na lamang kapag napaligiran sila at nahuli ng mga bato ng katunggali o kalaban. ang layunin ng laro ay matabanan o makontrol (mapaligiran) ang isang malaking porsyon o bahagi ng tablang laruan kaysa sa kalaban. ang magkakalapit na paglalagay ng mga bato ay nakakatulong sa pagsusuporta nila sa isa't isa at maiwasan ang pagkahuli. sa kabilang banda, ang magkakalayong paglalagay ng mga bato ay nakalilikha ng impluwensiya sa kahabaan ng mas marami pang bahagi ng tabla. bahagi ng kahirapang pang-estratehiya ng laro ay nagsasanga mula sa paghahanap ng isang balanse sa pagitan ng nagsasalungatang"
sports,tl,wikipedia_tl,"ang 1983 ay isang karaniwang taon na nagsisimula sa sabado sa kalendaryong gregorian. kaganapan kapanganakan enero enero 1 - billy kay, artista ng amerikano enero 2 - kate bosworth, artista ng amerika enero 3 - precious lara quigaman, modelo ng filipina, host at artista enero 4 - kerry condon, artista ng ireland enero 6 - cristina rosato, artista sa canada enero 7 tosin abasi, musikero ng nigeria-amerikano (animals as leader) brett dalton, artista ng amerikano natalie gulbis, amerikanong manlalaro ng golp enero 8 chen xiexia, chinese weightlifter chris masters, amerikanong manlalaban felipe colombo, aktor ng mexico-argentina, mang-aawit, manunulat ng kanta at musikero enero 9 gala évora, artista ng espanya chris getzlaf, amerikanong manlalaro ng putbol; kapatid ng kapitan ng anaheim ducks na si ryan getzlaf enero 10 - li nina, chinese aerial free-style skier enero 11 - adrian sutil, driver ng formula one ng aleman enero 12 - josh robbins, aktibista ng amerikanong hiv / aids, blogger, ahente ng talento, manunulat, at nagmemerkado sa social media enero 13 imran khan, artista ng bollywood brianne moncrief, artista ng american soap opera julian morris, artista ng britain ronny turiaf,"
sports,tl,wikipedia_tl,"ang new york jets ay koponan ng mga amerikanong propesyonal na manlalaro ng football na naka base sa new york. sila ay miyembro ng eastern division of the american football conference (afc) sa national football league (nfl), ang koponan ay naglaro ng kanilang home games sa east rutherford, new jersey at giants stadium na ipinangalan sa isa pang koponan na miyembro ng nfl , ang new york giants. “the meadowlands” ang tawag ng jets sa venue na lahat ng kanilang home games. ang headquarters at pasilidad para sa pagsasanay ay nasa hofstra university na nasa hempstead, new york sa long island. mayroon ding bagong ginagawang pasilidad at corporate headquarters sa florham park, new jersey. nagsimula ang koponan noong 1960 bilang charter member ng american football league na may pangalang new york titans. napalitan ang pangalan matapos itong bilhin ng sonny werblin noong 1963. di malaunan ang jets ay sumali sa nfl bilang parte ng afl-nfl merger. ang jets ay ang natatanging miyembro ng afl team na tumalo sa nfl club sa afl-nfl world championship game kung saan tinalo ng jets ang baltimore colts sa super bowl iii. franchise history orihinal na kinilala bilang new york titans, ang koponan ay"
sports,tl,wikipedia_tl,"ang 1986 ay isang karaniwang taon na nagsisimula sa miyerkoles sa kalendaryong gregorian. kaganapan pebrero 25 - inalis sa puwesto si pangulong ferdinand marcos sa panahon ng himagsikan sa edsa sa pilipinas. kapanganakan enero enero 1 glen davis, amerikanong manlalaro ng basketball lee sung-min, aktor at mang-aawit ng timog korea colin morgan, artista ng hilagang irlanda enero 2 yulia, ang russian-new zealander na klasikong crossover na mang-aawit nathan cowen, taga-new zealand rower trombone shorty, amerikanong musikero ng jazz enero 3 - lloyd, musikero sa lunsod ng amerika enero 4 katrina halili, aktres at komersyal na modelo ng filipina hsieh su-wei, taiwanese tennis player james milner, manlalaro ng soccer ng ingles steve slaton, manlalaro ng football ng amerika charlyne yi, amerikanong artista nicholas walters, boksingero ng jamaica younès kaboul, footballer ng pransya enero 5 j. p. arencibia, amerikanong baseball player jesse draper, host ng talk show ng amerika teppei koike, japanese singer at aktor deepika padukone, aktres at tagagawa ng india enero 6 paul mcshane, propesyonal na putbolista sa ireland petter northug, norwegian olympic skier irina shayk, modelo ng ruso"
sports,tl,wikipedia_tl,"ang 1979 ay isang karaniwang taon na nagsisimula sa lunes sa kalendaryong gregorian. kaganapan nobyembre - nanalo ng ika-7 at huling championship ni richard petty sa nascar. nalimbag ang the cave of time ni edwar packard, unang serye sa mga aklat na choose your own adventure. kapanganakan enero enero 1 brody dalle, mang-aawit ng australia vidya balan, artista ng india gisela, espanyol na mang-aawit ng pop at isang spanish dub artista koichi domoto, entertainer ng hapon (kinki kids) enero 2 - erica hubbard, artista ng amerika enero 3 francesco bellissimo, italian chef koit toome, mang-aawit na estonian at artista sa musikal rie tanaka, japanese artista ng boses enero 4 - kevin kuske, german olympic bobsledder enero 6 christina chanée, danish-thai pop singer bernice liu, artista ng hong kong cristela alonzo, amerikanong aktres at komedyante enero 7 bipasha basu, aktres at modelo ng india christian lindner, politiko ng aleman enero 8 sarah polley, artista ng canada, manunulat, direktor, tagagawa at aktibista sa politika seol ki-hyeon, putbolong timog korea stipe pletikosa, tagabantay ng football ng croatia windell middlebrooks, amerikanong artista (d. 2015) enero 9 jake shields, ufc"
sports,tl,wikipedia_tl,"ang 1976 ay isang bisiyestong taon na nagsisimula sa huwebes sa kalendaryong gregorian. kaganapan kapanganakan enero enero 1 ross mccall, artista ng scottish michael peña, artista ng amerika bic runga, singer-songwriter ng new zealand mario yepes, player ng football ng colombia enero 2 – paz vega, espanyola aktres (sex & lucia) enero 8 jenny lewis, amerikanong aktres at mang-aawit (rilo kiley) josh meyers, amerikanong artista at komedyante, kapatid ni seth meyers enero 10 adam kennedy, amerikanong baseball player eduardo garza, aktor ng mexico at artista sa boses enero 13 ross mccall, aktor sa scotland michael peña, artista ng amerikano bic runga, mang-aawit at manunulat ng kanta sa new zealand mario yepes, manlalaro ng putbol sa colombia enero 15 meredith bishop, artista ng amerika dorian missick, artista ng amerikano enero 16 - carrie keranen, artista ng boses ng amerikano enero 19 - marsha thomason, aktres ng ingles enero 20 kirsty gallacher, nagtatanghal ng scottish tv gretha smit, dutch speed skater anastasia volochkova, russian prima ballerina michael myers, dating nfl defensive tackle enero 21 - emma bunton, musikero sa ingles (spice girls) enero 22 james dearth, manlalaro"
sports,tl,wikipedia_tl,"ang ahedres (mula sa ; ) ay isang larong tabla para sa dalawang naglalabang manlalaro. kung minsang tinatawag na kanluraning ahedres o pandaigdigang ahedres upang maipagkaiba ito mula sa mga naunang uri o ibang kahalintulad (baryasyon) ng larong ahedres. lumitaw ang pangkasalukuyang porma ng laro mula sa katimugang europa noong pangalawang kalahati ng ika-15 siglo matapos na mahubog mula sa katulad at may matandang mga laro na may simulain sa indya. sa ngayon, isa sa mga pinakabantog na mga laro ang ahedres, na nilalaro ng milyon-milyong ng mga tao sa buong mundo sa mga kapisanang pang-ahedres, sa internet o desktop application, sa pamamagitan ng pamamaraang tugunan o pakikipagkalatasan, sa mga torneo at sa mga hindi pormal o hindi opisyal na pagkakataon o libangan lamang. may mga aspeto ng sining at agham na makikita sa kabuuan ng ahedres at maging teoriya din. ipinamamahagi rin ang ahedres bilang isang daan na nagpapainam sa kakayahan ng diwa o isip. nilalaro ang laro sa ibabaw ng isang parisukat na tablang may 64 na maliliit pang parisukat na may dalawang magkaibang kalimliman ng kulay. sa simula, bawat manlalaro (puti at itim) ang nagmamando sa labinganim na mga piyesa ng"
sports,tl,wikipedia_tl,"ang palarong olimpiko sa tag-init 2016 (portuguese: ), opisyal na kilala bilang mga laro ng xxxi olimpiyada (portuguese: ) at karaniwang kinilala bilang rio 2016, ay isang pandaigdigang palarong pampalakasan na ginanap mula 5 hanggang 21 agosto 2016 sa rio de janeiro, brazil, na may paunang mga kaganapan sa ilang palakasan simula sa 3 agosto. ang rio ay inihayag bilang punong-abalang lungsod sa ika-121 na sesyon ng ioc sa copenhagen, denmark, noong 2 oktubre 2009. mahigit 11,000 mga atleta mula sa mga 205 pambansang lupong olimpiko ang nakibahagi, kabilang ang mga unang kalahok mula sa kosovo, south sudan, at refugee olympic team. may 306 na medalyang ginawad sa 28 pampalakasang olimpiko na tampok sa palaro, kabilang ang rugby sevens at golf, na idinagdag sa programang olimpiko noong 2009. ang mga paligsahang ay ginanap sa 33 mga lugar sa punong-abalang lungsod city at sa limang magkakahiwalay na lugar sa mga lungsod ng brazil na são paulo, belo horizonte, salvador, brasília, at manaus. ito ang unang palarong olimpiko na ginanap sa timog amerika. ito rin ang unang ginanap sa isang bansang nagsasalita ng portuges, ang unang edisyon ng palarong tag-init na gaganapin sa buong panahon"
sports,tl,wikipedia_tl,"ang 1989 ay isang karaniwang taon na nagsisimula sa linggo sa kalendaryong gregorian. kaganapan kapanganakan enero enero 1 huey, amerikanong rapper adèle haenel, pranses na artista edita vilkevičiūtė, modelo ng lithuanian enero 2 - renan silva, footballer ng brazil enero 3 - kōhei uchimura, japanese gymnast enero 4 kariem hussein, swiss 400 metro hurdler labrinth, british urban at hip-hop na musikero julius yego, tagahagis ng kenian javelin enero 6 andy carroll, english footballer nicky romero, dutch dj enero 7 emiliano insúa, football ng argentina khairul fahmi che mat, putbolista ng malaysia enero 8 - steven christopher parker, artista ng amerikano enero 9 michael beasley, american basketball player nina dobrev, aktres ng canada na ipinanganak sa bulgarian enero 10 emily meade, amerikanong artista heo sol-ji, mang-aawit ng timog korea zuria vega, aktres at mang-aawit ng mexico enero 11 - naif hazazi, putbolista ng saudi enero 12 - arci muñoz, pilipinong artista at modelo enero 15 alexei cherepanov, manlalaro ng ice hockey ng russia (d. 2008) ryan corr, artista sa australia keiffer hubbell, american ice dancer enero 16 - yvonne zima, artista ng amerika enero 19 yani tseng,"
sports,tl,wikipedia_tl,"ang 1988 ay isang bisiyestong taon na nagsisimula sa biyernes sa kalendaryong gregorian. kaganapan kapanganakan enero enero 3 - jonny evans, footballer ng hilagang irlanda enero 5 pauline, kompositor ng pransya, manunulat ng kanta at mang-aawit azizulhasni awang, propesyonal na tagasubaybay sa track ng maliksi sa malaysia [14] enero 7 hardwell, dutch dj, tagagawa ng record at remixer haley bennett, amerikanong artista at mang-aawit robert sheehan, artista ng ireland enero 8 - adrián lópez, espanyol na putbolista enero 10 - rachel williams, footballer ng pambansang kababaihan sa ingles enero 12 - claude giroux, manlalaro ng ice hockey sa canada enero 15 - skrillex, amerikanong musikero at dj enero 16 nicklas bendtner, putbolista sa denmark fka twigs, english singer-songwriter, record produser, director at dancer li xiaoxia, manlalaro ng tennis sa tsina enero 17 - will genia, manlalaro ng rugby union sa australia enero 18 - angelique kerber, aleman na manlalaro ng tennis [15] enero 19 - javale mcgee, amerikanong manlalaro ng basketball enero 20 - benjamin ulrich, manlalaro ng internasyonal na rugby union ng aleman enero 21 ashton eaton, american decathlete glaiza de castro, aktres"
sports,tl,wikipedia_tl,"ang 1977 ay isang karaniwang taon na nagsisimula sa sabado sa kalendaryong gregorian. kaganapan kapanganakan enero 1 - jerry yan, intsik na aktor sa meteor garden at meteor garden ii enero 8 - amber benson, amerika na aktres sa buffy. enero 12 - piolo pascual, pilipinong aktor sa telebisyon at pelikula, mang-aawit, manunulat ng mga awitin, at gumagawa ng pelikula enero 29 dion basco, artista ng amerikano sam jaeger, artista ng amerikano enero 31 mark dutiaume, manlalaro ng hockey ng canada bobby moynihan, amerikanong artista at komedyante kerry washington, artista ng africa-american pebrero 2 shakira, taga-colomb na mang-aawit at manunugtog ng musika jessica wahls, aleman na pop singer pebrero 3 daddy yankee, mang-aawit ng puerto rico maitland ward, artista ng amerika pebrero 4 bruno castanheira, siklistang portuguese (d. 2014) gavin degraw, amerikanong mang-aawit-songwriter marso 2 chris martin, musikero ng british rock heather mccomb, artista ng amerika marso 3 - ronan keating, mang-aawit ng ireland marso 4 ana guevara, manlalaro ng track at field sa mexico daniel klewer, german footballer marso 5 - wally szczerbiak, isang manlalaro ng basketball na ipinanganak sa espanya marso"
sports,tl,wikipedia_tl,"ang philippine basketball association (filipino: kapisanang basketbol ng pilipinas) ay isang propesyunal na liga ng basketbol sa pilipinas na nagsimula noong 1975. ang pba ang pinakamatandang propesyonal na liga ng basketbol sa asya at pangalawang pinakamatandang propesyunal na liga ng basketbol sa mundo, matapos ang national basketball association ng estados unidos. itinulad ang mga patakaran nito doon sa fiba at national basketball association. ang unang laro ng liga ay ginawa sa araneta coliseum sa lungsod quezon noong abril 9, 1975. ang tanggapan ng liga ay matatagpuan sa eastwood city, libis, lungsod quezon. ang liga ay pinangungunahan ni komisyoner willie marcial. kasaysayan ang philippine basketball association ay itinatag nang umalis ang siyam na koponan ng ngayo'y buwag na manila industrial and commercial athletic association, na mahigpit na hinahawakan ng kapisanang basketbol ng pilipinas (basketball association of the philippines (ngayo'y buwag na rin), ang dating pambansang kapisanan na kininilala ng fiba. si leopoldo prieto, ang tagasanay ng koponang basketbol ng pilipinas para sa 1956 melbourne olympics, ay piniling unang komisyonado ng liga at si domingo itchon, na"
sports,tl,wikipedia_tl,"ang crossfire ay isang online tactical first-person shooter ng microsoft windows na gumawa ng smilegate, isang korean developer. ang larong ito ay ini-release sa tsina ng tencent, isang exclusive agent services company. ang mga pagsubok para sa software bugs na ito ay nagsimulang isinapubliko noong abril 2018. ang laro ay ang pinakamataas na grossing online games sa mundo noong 2014 at nanalo ng ₱1.5 trilyon (us$ 1.3 bilyon), at noong 2016, ito ay tumaas sa $6.8 bilyon na naging isa sa mga pinakamataas na grossing video games sa lahat ng pagkakataon. ang film adaptation nito ay inianunsyo noong oktobre 2015. gameplay ang crossfire ay isang manlalaro ng first-person na free-to-play na nagtatampok ng dalawang mga mersenaryong korporasyon na pinangalanan ang ""black list"" at ""global risk,"" nakikipaglaban sa isa't isa sa isang epic na kontrahan sa buong mundo. ipinapalagay ng mga manlalaro ang papel na ginagampanan ng mercenaring black list o ng global risk, na sumali sa isang online na koponan na dapat magtulungan upang makumpleto ang mga sitwasyong nakabatay sa layunin. maliban sa mode na zombie at wave mode, ang bawat mode ay maaaring suportahan ang hindi tataas na 16 na manlalaro,"
sports,tl,wikipedia_tl,"ang olimpikong tag-init ng 1984, na opisyal na kilala bilang ang mga laro ng xxiii olympiad, ay isang pandaidigang palarong pampalakasan na ginanap mula hulyo 28 hanggang 12 agosto 1984, sa los angeles, california, estados unidos (at iba pang mga lugar sa paligid ng estados unidos). ito ang pangalawang beses na nag-host ng los angeles ng palaro, ang una noong 1932 . ang california ay ang tahanan noon ng dating pangulo ng estados unidos na si ronald reagan, na opisyal na nagbukas ng palaro. ang logo para sa mga laro ng 1984, na may katagang ""mga bituin sa paggalaw"", ay nagtatampok ng pula, puti at asul na mga bituin na nakaayos nang pahalang at hinampas ng nagsalit-salitang mga guhit. ang opisyal na maskot ng laro ay si sam ang olympic eagle. ito ang kauna-unahan sa palarong olimpiko ng tag-init sa ilalim ng panguluhan ng ioc ni juan antonio samaranch. ang palaro ng 1984 ay na-boykot ng kabuuang labing-apat na mga bansa sa silangang bloc, kabilang ang soviet union at east germany, bilang tugon sa buong-pinamunuang boykot ng estados unidos sa katatapos na palarong olimpiko sa tag-init 1980 sa moscow bilang protesta sa pagsalakay ng sobyet sa afghanistan; ang romania lamang ang"
sports,tl,wikipedia_tl,"ang palarong olimpiko sa tag-init o ang palaro ng olimpiyada ay isang pandaigdigang paligsahan sa pampalakasan, na karaniwang ginaganap tuwing apat na taon, at isinaayos ng pandaigdigang lupon ng olimpiko. iginagawad ang mga sumusunod na medalya sa bawat kaganapan, gintong medalya para sa unang puwesto, pilak para sa ikalawa at tanso para sa ikatlo, isang kaugalian na sinimulan noong 1904. ang palarong olimpiko sa taglamig ay nilikha rin matapos ang tagumpay ng palarong olimpiko sa tag-init. lumawak ang palaro mula sa paligsahan ng 42 kaganapan na may humigit kumulang sa 250 manlalarong lalaki sa paligsahan pampalakasan ng 300 kaganapan na may humigit sa 10,000 mananaligsa ng parehong kasarian mula sa 205 bansa. inasahan ng mga tagapagsaayos ng palarong olimpiko sa tag-init 2008 sa beijing ang paglalahok ng mga 10,500 manlalaro sa mga 302 kaganapan sa programa ng palaro. ang palarong olimpiko sa tag-init 2008, kung saan inasahan din mga nagsaayos ang pagdalo ng 10,500 manlalaro, ay nagkaroon ng kabuuan ng 11,099 sa mga 301 kaganapan na inalok. ang mga mananaligsa ay nakapasok sa pamamagitan ng pambansang lupon ng olimpiko (noc) upang kumatawan ng kanilang bansa ng pagkamamamayan."
sports,tl,wikipedia_tl,"si joachim löw (, ipinanganak noong pebrero 3, 1960) ay isang aleman na nagretirong manlalaro ng futbol at kasalukuyang punong tagasanay ng pambansang koponan ng futbol ng alemanya. noong 2014, ginabayan niya sa ang koponang aleman sa world cup sa brasil kung saan nakamit ng koponan ang kampeonato . karera bilang manlalaro sinimulan ni löw ang kanyang karera bilang manlalaro ng futbol noong 1978, kung saan sumali siya sa sc freiburg isang koponan sa 2. bundesliga. bumalik siya sa freiburg ng dalawang beses (1982, 1985) at siya ay hinirang bilang ang manlalaro na nakakuha ng pinamaraming goal para sa nasabing koponan. noong 1980, si löw ay sumali sa vfb stuttgart sa bundesliga, pero nagkaroon siya ng suliranin na itatag ang sarili bilang parte ng nagsisimulang pangkat at naglaro lamang sa apat na labanan. sa ediyong 1981–82, si löw ay naglaro para sa eintracht frankfurt (24 na laro, limang goal), pero bumalik siya sa freiburg sa sunod na taon noong 1982–83, siya ang nakagawa ng walong goal sa 34 na laro, noong 1983–84 siya ay nakagawa ng 17 na mga goal sa 31 na laro sa 2. bundesliga. pagkatapos, siya ay bumalik sa bundesliga kasama ng karlsruher sc, pero siya ay nakagawa lamang ng"
sports,tl,wikipedia_tl,"ang 1987 ay isang karaniwang taon na nagsisimula sa huwebes sa kalendaryong gregorian. kaganapan mga kaganapan noong 1987 enero enero 1 - binago ang pangalang ng frobisher bay, northwest territories, at naging iqaluit. noong 1999, ito ay naging kabisera ng nunavut. enero 2 - labanan ng fada: winasak ng sandatahan ng chad ang isang armadong brigada ng libya. enero 3 - naging kauna-unahang babaeng naisama sa rock and roll hall of fame si aretha franklin. enero 5 - sumailalim si pangulong ronald reagan ng estado unidos sa isang operasyong prostate, na nagdulot ng agam-agam tungkol sa kanyang pisikal na katayuan kung kaya pa nitong maglingkod sa kanyang posisyon. enero 8 - ang dow jones industrial average ay nagsara sa mahigit 2,000 puntos sa pinakaunang pagkakataon, na tumaas ng 8.30 upang magsara sa 2,002.25. enero 16 - kinidnap si leon cordero, pangulo ng ecuador, ng mga tagasunod ni heneral frank vargas, na matagumpay na matupad ang kanyang hiling na lumaya. enero 25 - tinalo ng new york giants ang denver broncos, sa puntos na 39-20, sa super bowl xxi at napanalunan ang nfl championship sa kauna-unahang pagkakataon simula noong 1956. enero 29 - nagwakas ang panunungkulan ni"
sports,tl,wikipedia_tl,"ang pambansang koponan ng basketbol ng pilipinas, na mas kilala sa kasalukuyan sa palayaw na gilas pilipinas, ay kumakatawan sa bansa sa mga pandaigdigang paligsahan ng basketbol. ang koponan ay nakakuha ng tansong medalya fiba world championship noong 1954 sa rio de janeiro, brazil, na siyang pinakamataas na panalo ng anumang koponan sa labas ng europa at americas sa naturang paligsahan, at nagtapos sa ikalimang puwesto sa palarong olimpiko noong 1936 sa berlin, alemanya, na siya namang pinakamataas na panalo ng anumang koponan sa labas ng americas, europa, at oceania. bukod sa mga pinakamataas na nakuhang panalo sa fiba basketball world cup at palarong olimpiko, ang pilipinas ay naging kampeon sa limang edisyon ng fiba asia championship, nakakuha ng apat na gintong medalya sa palarong asyano, at naging kampeon sa lahat ng paligsahang pang-basketbol sa palaro sa timog-silangang asya. nakalahok na ang koponan sa limang edisyon ng fiba basketball world cup (pinakahuli noong 2014 sa espanya) at pitong edisyon ng palarong olimpiko. kasaysayan ang pambansang koponan ng basketbol ng pilipinas ay naging isa sa mga pinaka-dominanteng koponan sa asya mula ng dekada '20. ang pilipinas ay"
sports,tl,wikipedia_tl,"ang the henry stickmin collection, na tinukoy din bilang serye ng henry stickmin bago ilabas ang collection, ay isang point-and-click na pakikipagsapalaran na laro na animated ng puffballsunited at naka-code ng innersloth. ang laro ay nakasentro sa isang fictional stick figure na nagngangalang henry stickmin, na nahuli habang sinusubukang magnakawan sa isang bangko. matapos maipadala sa kulungan, nakatakas siya, at ang iba pang mga pakikipagsapalaran ay sumusunod bilang maluwag na mga sumunod na pangyayari. ang laro ay isang koleksyon ng antolohiya, na naglalaman ng unang limang mga larong henry stickmin na orihinal na inilabas sa stickpage at newgrounds. ang isang bagong laro, ang complete the mission ay partikular na binuo para sa koleksyon, upang magsilbing isang pangwakas na kabanata ng kuwento. lahat ng mga laro (maliban ng complete the mission) ay remastered sa pamamagitan ng adobe flash na partikular para sa larong ito. gameplay ang mga manlalaro ay dumaan sa isang kabuuang anim na yugto, na lima sa mga dati ay nag-iisang laro; prologue (breaking the bank), episode 1 (escaping the prison), episode 2 (stealing the diamond), episode 3 (infiltrating the airship), episode 4"
sports,tl,wikipedia_tl,"ang smart gilas pilipinas ay isang developmental na kopanan ng basketbol sa pilipinas na iniisponsoran ng smart communications at ng samahang basketbol ng pilipinas (sbp). ang koponan ay binubuo ng mga hindi propesyonal at mga kilalang manlalaro sa kolehiyo na ang layunin ay makasama sa 2012 london olympics. ang gilas ay ang tatak ng isponsor nito, na ang ibig sabihin ay ""gearing-up internet literacy and access for students"", isang proyekto ng smart company para mabigyan ang mga pampublikong paaralan ng edukasyon sa kompyuter. ang smart gilas ay nabuo nuong 2009 upang maitanim ang isang matagalang programa para sa philippines men's national basketball team, na ang tagasanay ay si dating iran national basketball team coach rajko toroman. pagsasanay ang koponan ng smart gilas ay nagsasanay ayon sa european na istilo ni coach rajko toroman. sa paghahanda noong 2009, ang koponan ay naglalaro ng mga eksibisyon na laro laban sa mga local na koponan sa pba kung saan ang mga resulta ng laban ay madikit. pagkatapos sumabak sa lokal na kompetisyon, ang koponan ay lumipad papunta sa united states at nagsagawa ng pagsasanay sa las vegas, nevada. ang batang koponan ay nakipagsanay laban sa las"
sports,tl,wikipedia_tl,"ang larong online () ay isang laro na nilalaro sa ilang uri ng computer network. ito ay halos palaging gumagamit ng internet o katumbas na teknolohiya, at kung anong teknolohiya ang mayroon: modem bago ang internet, at hard wired terminal bago ang modem. ang paglawak ng online gaming ay sumasalamin din sa pangkalahatang pagbabago ng mga network na kompyuter mula sa maliit na lokal na network sa internet at ang paglago ng internet mismo. ang online games ay maaaring sumaklaw mula sa simpleng texto na laro hangang sa mga larong may kumplikadong grapiko at virtual na mundo na may maraming manlalaro. maraming mga online games ay kadalasang mayroong online na komunidad, na nagpapakita na may malawak na pakikisalamuha sa kapwa alinsunod sa pang-isahang laro. ang tumataas na katanyagan ng flash at java ay humantong sa rebolusyon sa internet kung saan ang mga website ay maaari ng gumamit ng mga video, audio, at iba pang bagay na nakakatulong sa gumagamit. ang microsoft ay nagsimulang isama ang flash bilang bahagi ng ie, ang internet ay nagsimulang magbago mula sa simpleng bahaginan ng data hangang sa pagkuhaan ng aliw. ang rebolusyong ito ang nagbigay ng daan para sa mga site na nag-aalok"
sports,tl,wikipedia_tl,"ang ay ang karugtong ng mga larong pokémon black at white na inilabas sa hapon noong 23 hunyo 2012, 7 oktubre 2012 sa hilagang amerika at 12 oktubre 2012 sa europa. ang mga larong ito ay binuking sa episodyo ng hapong telebisyon na pokémon smash! ni junichi masuda noong 26 pebrero 2012 at sinundan naman sa websayt ng pokémon. ang mga larong ito ay may mga bagong legendary pokémon na si para sa black 2 at si naman sa white 2. sa mga taong maglalaro ng larong ito sa nintendo 3ds ay maaring magamit ang pokémon dream searcher app na pwedeng manghuli ng pokémon sa pamamagitan ng pagtapat ng kamera ng konsola sa paligid. ang larong ito ay merong mga dsi enhancement. mga pagbabago ang laro ay magsisimula parin sa rehiyon ng unova at magsisimula ito sa dalawang taong pagkalipas ng pokémon black at white. maraming mga lugar ang nagbago na at isa na ang ikaapat na ruta na ngayon ay marami ng mga gusali. ang parola sa lungsod ng driftveil ay nawala na at meron din dalawang butas ang lumitaw. bukod pa dito, ang challenger's cave ay wala na rin, at ang tubig sa entralink ay natuyo o pinatuyo na. ang cold storage sa lungsod ng driftveil ngayon ay isa ng pokémon world tournament. nagkaroon na ng"
sports,tl,wikipedia_tl,"counter-strike (minsa'y pinapaikli na cs) ay isang pantaktikang pang-isahang laro na binuo ng valve corporation mula sa half-life modification nina minh ""gooseman"" le at jess ""cliffe"" cliffe. pinalawig ang larong ito at ginawang isang serye mula ng ito ay ilabas, na sa kasalukuya'y naglalaman ng counter-strike: condition zero, counter-strike: source, counter-strike: anthology at counter-strike sa xbox. ang counter-strike ay binubuo ng koponan ng mga counter-terrorists laban sa koponan ng terrorists sa isang serye ng pakikipaglaban. ang bawat laban ay mapapanalunan ng sinumang nakatapos ng misyon o kaya nama'y pagpapatumba sa kalabang koponan. ang larong ito ang tinaguriang pinakanagagamit na laro ng half-life modification kung ang pagbabasehan ay ang dami ng manlalaro, ayon sa gamespy noong 2008. paglalaro ang counter-strike ay pang-isahang shooter kung saan ang mga manlalaro'y maaaring sumali sa alinman sa mga grupo ng terorista o kontra-terorista (o maging isang manonood). ang bawat koponan ay magtatangka na makumpleto ang kanilang misyon at / o patumbahin ang kalabang koponan. ang bawat round ay nagsisimula sa dalawang koponan na ilalabas ng sabay-sabay. ang isang manlalaro ay"
sports,tl,wikipedia_tl,"ang palarong olimpiko ng kabataan (yog) ay isang pang-internasyunal na palarong pampalakasan na binuo ng pandaigdigang lupong olimpiko (plo). ang palaro ay ginaganap tuwing apat na taon sa magkakasunod na mga palaro sa tag-init at taglamig na naaayon sa kasalukuyang ayos ng palarong olimpiko, bagama't baliktad sa mga parong taglamig na ginaganap sa mga luksong taon sa halip na mga palarong tag-init. ang unang palarong tag-init ay ginanap sa singgapur mula 14 hanggang 26 agosto 2010 habang ang unang palarong taglamig ay ginanap sa innsbruck, awstriya mula 13 hanggang 22 enero 2012. ang limitasyon sa edad ng mga manlalaro ay mula 14 hanggang 18. ang konsepto ng naturang paligsahan ay ipinakilala ni johann rosenzopf mula sa austria noong 1998. noong ika-6 ng hulyo 2007, inaprubahan ng mga miyembro ng ioc sa ika-119 sesyon ng ioc sa lungsod ng guatemala ang paglikha ng isang bersyon mga palarong olimpiko para sa kabataan, na may hangarin na hatiin ang mga gastos sa pagdaraos ng palaro sa pagitan ng ioc at ng punong-abalang lungsod, samantalang ang mga gastos sa paglaklakbay ng mga manlalaro at kanilang mga maneensayo ay dapat sagutin ng ioc. ang palarong ito ay nagtatampok din ng mga"
sports,tl,wikipedia_tl,"ang ay isang uri ng role-playing game na nilikha ng game freak at inilathala naman ng nintendo para sa konsolang nintendo ds. ang mga larong ito ay ang unang bersyon para sa ikalimang henerasyon ng mismong orihinal na larong pokémon. ang bawat laro na black at white ay may likhang-sining sa pabalat nito na dalawang pokémon na si reshiram at zekrom. ang black at white ay inilabas sa bansang hapon noong 18 setyembre 2010, 6 marso 2011 naman sa hilagang amerika at 4 marso 2011 sa europa, kung saan ipinakilala nito ang bagong 150 dagdag na pokémon, at dalawa dito ay lumabas na sa ikalabintatlong pelikula ng pokémon noong kalagitnaan ng 2010. ang mga larong ito ay merong dsi enhancement. pagkatapos na mailabas ang mga larong ito. ibinuking sa pokémon smash! ni junichi masuda ang mga larong pokémon black 2 at white 2. ilalabas nila ang mga larong ito sa 23 hunyo 2012 sa hapon, 7 oktubre 2012 sa hilagang amerika at 12 oktubre 2012 sa europa. mga katangian ang mga katangian ng larong black at white ay katulad lang din ito sa mga nakaraang henerasyon ng larong pokémon. isa na rito ang araw at ang oras, mga galaw ng pokémon, nintendo wi-fi connection at iba't iba pang mga pang komunikasyon"
sports,tl,wikipedia_tl,"si steve slaton (ipinanganak noong 4 enero 1986 sa levittown, pennsylvania), ay isang junior running back para sa west virginia university mountaineers. si slaton, kasama ang kakampi sa kuponan na si patrick white, ay dalawa sa mga nangungunang manlalaro na maaring manalo ng 2007 heisman trophy. kabataan at personal na buhay si slaton ay anak nina carl slaton at juanita tiggett-slaton, at mayroon siyang limang kapatid. maraming pinagdaanang pagsubok si slaton sa kanyang kabataan. hanggang sa siya ay nasa unang baitang ng elementarya, ang congestion sa kanyang mga tenga ay dahilan upang siya ay maging bingi sa ilang pagkakataon. sa kanyang ika-limang baitang sa elementarya, ang kapatid na babae ni slaton ay pumanaw dahil sa leukemia. si slaton ay naglaro para sa conwell-egan catholic high school sa fairless hills, pennsylvania, kung saan nakapasok siya sa football varsity team bilang isang freshman. siya ang napiling most valuable player sa philadelphia catholic league at pinangalanan bilang miyembro ng all-conference selection sa kanyang apat na taon sa sekondarya. sa kanyang huling taon sa sekondarya, siya ay nagtala ng 1,836 rushing yards at 26 touchdowns. siya ay napili para sa"
sports,tl,wikipedia_tl,"tungkol ito sa isang basketbolista mula sa estados unidos. para sa lungsod sa hapon, pumunta sa lungsod ng kobe. si kobe bean bryant (ipinanganak agosto 23, 1978– enero 26, 2020) ay isang dating american all-star shooting guard ng national basketball association (nba) na dating naglalaro para sa los angeles lakers. si bryant ang kaisa-isang anak na lalaki ng dating manlalaro ng philadelphia 76ers at dating head coach ng los angeles sparks na si joe bryant. nagsimulang makilala si bryant sa buong bansa noong 1996 siya ang maging kauna-unahang guard sa kasaysayang ng liga na makuha mula sa sekondarya. pinangunahan ni bryant at ng dating kakampi na si shaquille o'neal ang lakers sa tatlong magkakasunod na nba championships mula noong 2000 hanggang 2002. simula noong umalis sa kuponan si o'neal pagkatapos noong 2004 season, si bryant ang naging pangunahing manlalaro ng laker's franchise, at siya rin ang naging leading scorer ng nba para sa 2005-06 at 2006-07 seasons. noong 2003, naging pangunahing balita sa mga pahayagan si bryant dahil inakusahan siya ng sexual assault. inatras ang kaso matapos tumangging magbigay ng testimonya ang nang-aakusa, at sa huli ay nagkasundo na lamang ang"
sports,tl,wikipedia_tl,"ang roblox ay isang online game platform at sistema ng paglikha ng laro na binuo ng roblox corporation. pinapayagan nito ang mga gumagamit na mag- program ng mga laro at maglaro ng mga laro na nilikha ng ibang mga gumagamit. nilikha nina david baszucki at erik cassel noong 2004 at pinakita sa publiko noong 2006, nagho-host ang platform ng mga larong nilikha ng gumagamit ng maraming mga genre na naka-code sa lengguahe lua. para sa karamihan ng kasaysayan ng roblox, ito ay medyo maliit, kapwa bilang isang plataporma at bilang isang kumpanya. nagsimulang lumaki nang mabilis ang roblox sa ikalawang kalahati ng 2010s, at ang paglago na ito ay pinabilis ng pandemya ng covid-19. ang roblox ay libre upang i-play, na may mga in-game na pagbili na magagamit sa pamamagitan ng isang birtwal na pera na tinatawag na robux. noong agosto 2020, ang roblox ay nagkaroon ng mahigit 164 milyong buwanang aktibong user, kabilang ang higit sa kalahati ng lahat ng batang amerikanong wala pang 16 taong gulang. bagama't ang roblox ay nakatanggap sa pangkalahatan ng mga positibong pagsusuri mula sa mga kritiko, nahaharap ito sa batikos dahil sa moderasyon nito at mga microtransactions at mga akusasyon ng mga"
sports,tl,wikipedia_tl,"ang xv asiad (15th asian games) o 2006 palarong asyano ay ginanap sa doha, qatar mula disyembre 1 hanggang disyembre 15. ang lungsod ng doha ang kauna-unahang lungsod sa rehiyong gitnang silangan at pangalawa sa tehran, iran sa rehiyon ng kanlurang asya na pagdausan ng naturang palaro. mayroong 46 na larangan mula sa 39 na disiplina ng palakasan ang pinaglabanan at sa kauna-unahang pagkakataon, lumahok ang lahat ng 45 miyembrong nasyon ng olympic council of asia. ang qatar bilang bansang punong-abala ay naging matagumpay sa pagdaos ng edisyong ito ng palaro. talaan ng medalya pasahan ng sulo ang pasahan ng sulo o torch relay ay isang mahalagang bahagi ng palaro ng asya na nagsimula taong 1958. ang mga plano para sa pasahan ng sulo sa doha 2006 ay inilabas ng doha asian games organizing committee (dagoc) noong 20 enero 2006. ang pasahan ay nagsimula noong 8 oktubre 2006 sa isang maliit na pagtitipon sa doha golf club at pinanglanan itong: ""flame of hospitality"". ang pasahan ng sulo ay dumaan sa walong (8) dating bansang punong-abala at apat (4) na bansang miyembro ng gulf cooperation council (gcc), sa pakikipagtulungan ng mahigit 3,000 tao mula sa asya. ang unang tigilan ay sa new"
sports,tl,wikipedia_tl,"ang 1975 ay isang karaniwang taon na nagsisimula sa miyerkoles sa kalendaryong gregorian. kaganapan kapanganakan enero 2 rupal patel, artista ng india doug robb, musikero ng amerika dax shepard, artista ng amerikano oleksandr shovkovskiy, putbolista ng ukraine vladyslav vashchuk, putbolista ng ukraine robert westerholt, musikero ng olandes enero 3 danica mckellar, amerikanong aktres at tagapagtaguyod ng edukasyon jason marsden, artista ng amerikano enero 5 bradley cooper, artista ng amerikano mike grier, amerikanong hockey player enero 6 nicole dehuff, amerikanong artista (d. 2005) jason king, british radio dj at nagtatanghal yukana nogami, artista ng boses ng hapon ricardo santos, manlalaro ng volleyball sa beach sa brazil enero 8 - chris simmons, artista ng britain enero 10 - jake delhomme, manlalaro ng putbol sa amerika enero 11 rory fitzpatrick, amerikanong hockey player matteo renzi, ika-56 punong ministro ng italya enero 13 shazia mirza, komedyanteng british andrew yang, negosyanteng amerikano, tagapagtatag ng venture para sa amerika, at 2020 na kandidato sa pagkapangulo ng demokratiko enero 14 - ricardo lópez, uruguayan-american manggagawa sa pagkontrol ng peste (d. 1996)"
sports,tl,wikipedia_tl,"ang maliit na laro (sa ingles: minigame; binaybay rin ito bilang larong-ikli o minilaro, minsan mikrolaro o miklaro) ay isang maikli na larong nakabidyo kadalasang bliang parte o napaloob sa isang larong pangbidyo, at minsan sa application software o ipinapakita sa anumang hardware. mayroong magkaibang elemento ng gameplay kaysa sa pangunahing laro, pwedeng opsyonal, at kadalasang mas maliliit o simplistiko kaysa sa aktwal na laro. minsan magkahiwalay na binigay ng libre din ang mga maliit na laro para alukin ang pangunahing laro. minsan pwede rin maging yugtong nakabonus o lebel nakalihim ang mga maliit na laro. katangian ang mga maliit na laro ay pwede maging parte sa gameplay, o bilang pag-aaksaya ng oras habang nag-loload ang mga lebel, o bilang mga easter eggs, kahit na sa mga hindi larong nakabidyo, hal. isang larong wangis-doom o isang simulasyong pamlipad sa iba't ibang bersyon ng microsoft excel. yung panghuling haimbawa ay tinaguriang ""larong nakalihim"" (secret games). sa unang halimbawa, kailangang o 'di kailangang kompletuhin ang mga maliit na laro para tapusin ang naturang laro. kadalasang kasama ang mga ito bilang mga dagdag-laman pagkatapos ng pangunahing kuwento."
sports,tl,wikipedia_tl,"ang , na nangangahulugang ""lungsod ng labanan"", ay isang larong napapanood na nagbibigay ng kakayahan sa mga manlalaro na tumira o bumaril patungo sa maraming direksiyon (multi-directional shooter video game) para sa nes/famicom na nilikha at inilabas ng namco noong 1985. inilibas ang laro para sa game boy at kabilang sa bersiyong hapones ng star fox: assault. isa itong daungan (port) ng larong pang-arkadiyang (arcade game) tank battalion na may mga karadagdagan katangiang-sangkap (feature), katulad ng kakayahang makapaglaro ng dalawang manlalaro, at maging mga pagbabago na maisasagawa ng manlalarong-patnugot kaugnay ng takbo ng laro (edit feature, tingnan ang paliwanag sa ibaba). mayroon din itong bersiyon na pang-vs. system ng nintendo. kailangang tugisin ng manlalarong kumokontrol ng isang tangke ang mga kalabang tangke sa bawat antas ng laro. pumapasok at lumilitaw sa eksena ang mga kaaway na tangke mula sa gawing itaas ng panooran. susubukin ng mga kalabang tangke na lipulin ang himpilan ng manlalaro, na kinakatawan sa mapa bilang isang ibon, agila, o phoenix, o maging ng isang tangkeng-pantao mismo. nakukumpleto ang isang antas (level) kapag natalo na ng manlalaro ang lahat"
sports,tl,wikipedia_tl,"ang pambansang koponan ng basketbol ng estados unidos ay kumukatawan sa estados unidos sa pandaidigang paligsahan ng basketbol. ang estados unidos ang pinakamatagumpay na koponan sa mga pandaigdigang paligsahan - ito ay nanalo ng mga medalya sa lahat ng labing-pitong paligsahan sa olimpiko na ipinasok nito kung saan labing-apat sa mga ito ay ginto. dalawa sa mga iskuwad nito na nanalo ng ginto ay isinama sa naismith memorial basketball hall of fame bilang mga koponan noong agosto 2010— ang koponang 1960, na kasama ang anim na naunang kasapi sa hall of fame (4 na manlalaro, 2 na tagasanay), at ang koponang 1992, na tinaguriang ""dream team"", pinangungunahan ng 14 na naunang kasapi ng hall of fame (11 na manlalaro, 3 na tagasanay). ang estados unidos ay kasalukuyang nasa unahang puwesto ng fiba world rankings. dating sinasapihan lamang ng mga manlalarong amateur, isang pagbabago sa patakarn ng fiba ay nagpahintulot sa usa basketball na magsaayos ng mga koponan ng may mga manlalarong propesyonal. ang pinakaunang koponan ay binansagang ""dream team"", na nanalo ng gintong medalya sa 1992 olimpiko sa barcelona sa espanya at naging dominante sa lahat ng mga laban. matapos naipakilala ang"
sports,tl,wikipedia_tl,"ang a short hike ay isang indie pakikipagsapalaran video game na binuo at nai-publish ng programmer ng canada na si adam robinson-yu (kilala rin bilang adamgryu), na lumikha ng laro sa loob ng tatlong buwan habang nagpapahinga mula sa isa pang proyekto. ito ay isang bukas na laro sa paggalugad ng mundo kung saan ang tungkulin ng manlalaro na maabot ang tuktok ng isang bundok upang makakuha ng pagtanggap ng cellphone. ang laro ay inilabas para sa microsoft windows, macos, at linux noong hulyo 2019, at para sa nintendo switch noong agosto 2020. ang a short hike ay nakatanggap ng positibong pagsusuri mula sa mga kritiko, na malawak na pinupuri ang nakakarelaks na gameplay, kalayaan sa paggalugad, at paglipad ng mekanika, habang ang ilan ay pinuna ang maikling haba at ang paghawak ng ilang mga elemento ng kwento. gameplay ang manlalaro ay may kakayahang mag-jogging, umakyat, lumangoy, at dumulas sa isang open-world park habang kinokontrol si claire, isang anthropomorphic bird. upang maabot ang rurok, dapat hanapin o bilhin ng manlalaro ang mga gintong balahibo na kayang bayaran ng labis na pagtalon at ang kakayahang umakyat sa mga mukha ng bato. ayon sa isang pag-sign sa hawk peak"
sports,tl,wikipedia_tl,"ang game development ay ang proseso ng pagbuo ng mga video game, isang uri ng software na tumatakbo sa mga elektronikong kasangkapan tulad ng kompyuter at mga game console. ilan sa mga popular na game console ngayon ay ang playstation portable at nintendo ds. mga taong bumubuo sa development team game designer maraming uri ng designer. mayroong nagdidisenyo ng gameplay, ng mga lebel, atbp. visual artist ang visual artist ang gumagawa ng video game art. programmer ang programmer ang gumagawa ng mismong software. manunulat ang manunulat gumagawa ng kuwento ng laro. proseso ng development bago ang produksiyon bago ang produksiyon ng laro ay ang pagplaplano ng konsepto ng laro, paglagay ng balangkas sa isang game design document, at paggawa ng prototype ng laro. produksiyon sa yugtong ito ginagawa ang mismong paggawa sa software, paglikha ng game art at testing. kinakailangang patuloy na makipag-ugnayan ang mga miyembro ng development team sa isa't isa. programming maraming lenguahe ng programming ang maaaring gamitin upang makagawa ng video game tulad ng c++, java, actionscript, atbp. graphics kulay - ang mga kulay ay rinerepresenta ng mga numero; ang bawat pixel ay binubuo ng"
sports,tl,wikipedia_tl,"ang thimbleweed park ay isang point-and-click na pakikipagsapalaran na laro na binuo ni ron gilbert at gary winnick para sa microsoft windows, macos, ios, xbox one, playstation 4, linux, android, at nintendo switch. ang laro ay nagsiwalat noong nobyembre 18, 2014, kasama ang isang kickstarter crowdfunding na kampanya na may layunin na us$375,000, at pinakawalan noong marso 30, 2017. ang laro ay isang kahalili sa espiritu ng nakaraang laro nina gilbert at winnick na maniac mansion (1987) at the secret of monkey island (1990), at idinisenyo upang maging katulad ng mga graphic game na inilabas sa panahong iyon, parehong paningin at gameplay. gameplay nagpapatakbo ang thimbleweed park sa parehong mga prinsipyo ng maagang mga laro ng graphic na pakikipagsapalaran, kung saan ang mga manlalaro ay nag-navigate sa iba't ibang mga eksena mula sa pananaw ng isang third person, gamit ang iba't ibang ""verb commands"" upang magsagawa ng mga aksyon, tulad ng ""use"", ""pick up"", at ""talk to"". maaaring gamitin ang mga command ng pandiwa upang magsagawa ng mga aksyon tulad ng pagpapahintulot sa isang character na kunin ang isang bagay sa kanilang imbentaryo, makipag-usap sa ibang karakter, o upang"
sports,tl,wikipedia_tl,"ang palarong olimpiko sa tag-init 2020 (hapon: 2020年夏季オリンピック, hepburn: nisen nijū-nen kaki orinpikku), na opisyal na kilala bilang palaro ng ika-xxxii olimpiyada at karaniwang kilala bilang tokyo 2020 (tōkyō ni-zero-ni-zero), ay isang pandaigdigang palarong pampalakasan na itinakdang gaganapin sa lungsod ng tokyo, hapon. ang mga palaro ay unang itinakdang gaganapin mula 24 hulyo – 9 agosto 2020, ngunit bilang tugon sa pandemyang covid-19, ipinahayag ng pandaigdigang lupong olimpiko (ioc) at ng kumiteng tagapag-ayos ng lungsod ng tokyo noong 24 marso 2020 na ang palaro ay ipagpapaliban hanggang 2021, at gaganapin ng hindi tatagal sa tag-init ng 2021. ang palaro ay tatawagin at kikilalanin pa rin bilang tokyo 2020, bagama't may pagbabago sa iskedyul. napagkasunduan ng ioc at ng kumiteng tagapag-ayos ng lungsod ang mga bagong petsa para sa palaro noong 30 marso 2020. ayon sa nabuong palatuntunan, bubuksan ang palaro sa 23 hulyo 2021, habang ang pagsasara ay magaganap sa ika-8 ng agosto. ang kasunod na palaro sa taglamig sa beijing naman ay nakatakdang buksan sa 4 pebrero 2022, anim na buwan matapos itong palaro. nahalal ang lungsod na ito noong 7 setyembre 2013 sa ika-125 sesyon ng"
sports,tl,wikipedia_tl,"lumahok ang pilipinas sa ika-30 palaro ng timog silangang asya na ginanap sa naturang bansa mula ika-30 ng nobyembre hanggang ika-11 ng disyembre 2019. ito ang ikaapat na beses na nagpunong-abala ang bansa sa biennial meet. nanguna ang pilipinas sa mga nakolektang medalya, kabilang na ang 149 ginto, 36 na mas mataas kaysa sa ika-23 palaro ng timog-silangang asya noong 2005 kung saan punong-abala din ang pilipinas na nanguna rin sa naturang edisyon na may 51 medalyang mas marami kaysa sa sumusunod na bansang vietnam. paghahanda orihinal na inatasan si monsour del rosario na ihanda ang delegasyon ng pilipinas sa naturang palaro bilang chef de mission, ngunit nasama siya sa mga sinibak na opisyales ng komiteng olimpiko ng pilipinas noong ika-27 ng hulyo 2019 ng noong pangulo ng komite na si ricky vargas dahil sa ""pagkawala ng tiwala at kumpiyansa."" pinalitan siya agad ng pangulo ng komisyon sa palakasan ng pilipinas na si butch ramirez matapos itong makumbinsi ng mga nakakataas sa kanya sa gobyerno ng pilipinas nung una niyang tinanggihan ang alok. inatasan naman sina ada milby ng rugby at stephen fernandez ng taekwondo bilang mga kinatawan ni ramirez. bilang punong-abala, lamang ang"
sports,tl,wikipedia_tl,"ragnarok online (, o ang huling tadhana ng mga diyos), kadalasang kilala bilang ro, ay isang massively multiplayer online role-playing game o mmorpg na ginawa ng gravity co., ltd. batay sa manhwa ragnarok ni lee myung-jin. una itong inilabas sa timog korea noong 31 agosto 2002 para sa microsoft windows at mula noo'y inilabas na rin sa iba't ibang lupalop ng mundo. ang istilo at tagpuan nito'y naimpluwensiya ng maraming kultura. dahil sa katanyagan, nagsilang pa ito ng seryeng ragnarok the animation, at ang larong ragnarok online 2: legend of the second ay binubuo na. ang katauhan ng mga manlalaro ay namumuhay sa mundong ang kapaligiran nila'y unti-unting nagbabago sa paglipas ng panahon. ang mga pangunahing pagbabago sa katangian at kasaysayan ay umiiral bilang mga bahagi sa panahon ng ro. nakikipaghalubilo ang mga manlalaro sa isang kapaligirang 3d subalit katauhang 2d ang kumakatawan sa mga ito para sa angulong paharap, patalikod, patagilid at pahilis. tagpuan ang ragnarok online ay inihati sa mga mapang may sariling kalupaan at katutubo't likas na mga hayop at halimaw na matatagpuan din sa ibang rehiyon. ang transportasyon sa pagitan ng mga mapa ay nangangailangan ng pagsunong"
sports,tl,wikipedia_tl,"ang 1988 summer olympics ( ), na opisyal na kilala bilang palaro ng xxiv olimpiyada, ay isang pandaigdigang palarong pampalakasan na idinaos mula setyembre 2 hanggang oktubre 1988 sa seoul, south korea. sa palaro ng seoul, 159 mga bansa ang kinatawan ng kabuuang 8,391 mga manlalaro: 6,197 kalalakihan at 2,194 kababaihan. may 237 mga kaganapan ang ginanap at 27,221 boluntaryo ang tumulong upang maihanda ang palarong olimpiko. may 11,331 midya (4,978 manunulat at 6,353 mamahayag) ang nagulat sa palaro sa buong mundo. ito ang mga huling palarong olimpiko para sa unyong sobyet at silangang alemanya, dahil parehong itong nabuwag bago ang susunod na mga palarong olimpiko noong 1992. labis na pinagunahan ng mga sobyet ang talahanayan ng medalya, na nanalo ng 55 ginto at 132 kabuuang medalya. walang bansa na lumapit sa tala na ito pagkatapos ng 1988. ang mga laro ay binatikos ng north korea at ang kaalyado nito na cuba. ang ethiopia, albania at ang seychelles ay hindi tumugon sa paanyaya na ipinadala ng ioc. hindi nakilahok ang nicaragua dahil sa mga pagsasaalang-alang sa manlalaro at pinansyal. inaasahan ang pakikilahok ng madagascar, at ang kanilang koponan ay inaasahan sa pambungad na"
sports,tl,wikipedia_tl,"ang league of legends: wild rift (simpleng wild rift) ay isang multiplayer online battle arena na mobile game na binuo at na-publish ng riot games para sa android at ios. ito ay isang free-to-play na laro ay isang nabagong bersyon sa league of legends. tulad sa league of legends, kinokontrol ng mga manlalaro ang isang karakter (""kampeon"") na may natatanging mga kakayahan at laban sa isang pangkat ng mga manlalaro o mga yunit na kinokontrol ng ai, na may layuning sirain ang ""nexus"" ng kalaban na koponan. ang bawat league of legends: wild rift na laban ay iiba, ang lahat ng mga kampeon na nagsisimula ng mahina ngunit tumataas ang lakas sa pamamagitan ng pag-iipon ng mga aytem at experience sa kurso ng laro. ang laro ang league of legends: wild rift ay isang multiplayer online battle arena (moba). katulad sa league of legends, ang layunin ng laro ay sirain ang base o nexus ng kalaban. upang i-adapt ang laro para sa mga mobile device, ang wild rift ay nakakuha ng mga ilang mga pagbabago, upang magiging mas mabilis ang laro kumpara sa pc bersyon. ang mapa nito ay nabawasan sa laki, ang oras ng resuscitation ay mas maikli, ang pagkukuha sa ginto ay lubos na pinabilis at ang oras ng"
sports,tl,wikipedia_tl,"ang palarong olimpiko 2008 o palaro ng ika-xxix na olimpiyada (tsino: 第二十九届夏季奥林匹克运动会; pinyin: dì èrshíjiǔ jiè xiàjì àolínpǐkè yùndònghuì) sa panahon ng tag-init ay isang pandaigdigang paligsahang palaro na kinabibilangan ng iba't ibang mga laro, na isasagawa sa beijing, republikang bayan ng tsina mula agosto 8 hanggang 24, 2008, at sinundan ng palarong paralimpiko 2008 (panahon ng tag-init) mula setyembre 6 hanggang 17, 2008. nilahukan ito ng 10,942 atleta na magsisipagtunggali sa 302 kaganapan sa 28 palaro, kung saan isang kaganapan ang naidagdag kung ihahambing sa orihinal na pagtatakda noong palarong olimpiko 2004 na ginanap sa atenas, gresya. iginawad sa beijing ang pagganap ng palarong olimpiko makaraan ang botohan ng pandaigdigang lupon ng olimpiko (ioc) noong hulyo 13, 2001. naglalaman ang opisyal na logo ng mga palaro, na pinamagatang ""sumasayaw na beijing"", ng isang ma-estilong kaligrapikong panitik na jīng (京, nangangahulugang kabisera), bilang pagtukoy sa nagpupunung-abalang lungsod. ang limang fuwa ay mga maskot ng beijing 2008, na kumakatawan ang bawat isa sa isang kulay ng mga singsing ng olimpiko at bilang isang sagisag ng kalinangang tsino. tinatawag ng sawikaing"
sports,tl,wikipedia_tl,"ang game builder garage ay isang game game na binuo at na-publish ng nintendo para sa nintendo switch. ito ay pinakawalan noong hunyo 11, 2021. gameplay sa game builder garage, gumagamit ang manlalaro ng isang wikang visual programming na nakasentro sa konsepto ng mga nilalang na tinatawag na nodon. kinakatawan ng nodon ang iba't ibang mga aspeto ng pag-input, output ng laro, at lohika ng laro, tulad ng isang stick nodon na nag-uulat ng input mula sa joy-con analog stick o isang person nodon na kumakatawan sa isang on-screen na character. bumubuo ang manlalaro ng isang programa sa pamamagitan ng pagdaragdag ng nodon at paggawa ng mga koneksyon sa pagitan ng iba't ibang mga node sa nodon, tulad ng pagkonekta sa stick nodon sa person nodon upang itali ang analog stick sa paggalaw ng character na on-screen. magagamit ang nodon upang mai-interface ang halos lahat ng mga tampok ng switch at joy-con, kabilang ang mga infrared sensor at paggalaw ng paggalaw. ang laro ay nakabuo ng mga aralin upang matulungan ang mga nalilito / bagong tagalikha ng laro na maunawaan ang ilan sa nodon. ang paraan ng paggawa ng mga aralin na ito ay sa pamamagitan ng paglalakad ng manlalaro kasama ang paggawa"
sports,tl,wikipedia_tl,"pokémon conquest, mas kilala sa hapon na ay isang tactical role-playing game na nilikha ng tecmo koei at inilathala naman ng nintendo para sa konsolang nintendo ds. ito ay isang spin-off na laro ng pokémon. ang larong ito ay binuking noong 17 disyembre 2011 sa jump fiesta at sinundan sa opisyal na websayt. inilabas ang larong ito noong 17 marso 2012 sa hapon, 18 hunyo 2012 sa hilagang amerika , 21 hunyo 2012 sa australia at 27 hulyo 2012 sa europa. paraan ng paglalaro ang pokémon conquest ay isang tactical role-playing game na turn-based strategy. hanggang anim na pokémon ang nakapuwesto sa magkabilang gild sa labanan na may kasamang mandirigma at ang magkabilang dulo ay gagalaw at aatake kasama ang pokémon nila. ang bawat pinuno ng mga mandirigma ay lalaban upang sakupin ang kaharian ng isa pang pinuno. sa bawat labanan ay merong patakaran sa pagkapanalo, hindi lang kailangan matalo lang ang kalaban upang manalo pwedeng matalo ang manlalaro kapag di nasunod ang patakaran; isa sa mga mga patakaran ay kailangan mong kunin ang lahat ng bandila sa kaharian habang nakikipag-laban sa mga mandirigma. kapag ang manlalaro ay nanalo sa laban, ang pokémon na kasama nila ay aani ng link at"
sports,tl,wikipedia_tl,"ang super mario party ay isang partido ng video game na binuo ni ndcube at inilathala ng nintendo para sa nintendo switch. ang pang-onse na pangunahing yugto ng serye ng mario party, ito ay inilabas sa buong mundo noong oktubre 5, 2018, at naibenta ang 1.5 milyong mga kopya sa pagtatapos ng buwan, na ginagawa itong isa sa pinakamahalagang pamagat ng system. hanggang sa setyembre 30, 2020, ang laro ay naibenta ng 12.10 milyong mga kopya. gameplay inulit ng super mario party ang tradisyunal na gameplay ng istilo ng mario party, isang format na nanatiling wala simula pa noong 2007. ang laro ay nilalaro kasama ang isang joy-con controller bawat manlalaro, kasama ang iba pang mga manlalaro na nangangailangan ng karagdagang mga tagakontrol para sa multiplayer. ang karaniwang mode ng laro, party mode, ay nagtatampok ng hanggang sa apat na mga manlalaro na nagpapalitan at nagna-navigate sa board sa paghahanap ng mga bituin, na may isang matatagpuan sa isang random na lokasyon nang paisa-isa. sa pagliko ng manlalaro, isang dice ay pinagsama upang matukoy kung gaano karaming mga puwang ang gumagalaw sa manlalaro sa board, at ang mga item na nakolekta ay maaaring gamitin upang baguhin kung"
sports,tl,wikipedia_tl,"ang scott pilgrim vs. the world: the game ay isang side-scrolling beat 'em game na binuo nb ubisoft montreal at ubisoft chengdu at inilathala ng ubisoft, batay sa serye ng scott pilgrim ng mga graphic novel na oni press ni bryan lee o'malley at tinali sa paglabas ng pelikula ng parehong pangalan. ang laro ay orihinal na pinakawalan nang digital para sa xbox 360 at playstation 3 noong agosto 2010 bago ito maalis sa disyembre 2014. ang isang na-update na muling paglabas para sa playstation 4, xbox one, nintendo switch, microsoft windows, amazon luna at stadia, na pinamagatang scott pilgrim vs. the world: the game - complete edition, ay inilabas noong 14 enero 2021. gameplay malayang pagsunod sa kwento ng mga graphic novel, hanggang sa apat na manlalaro ang maaaring maglaro bilang scott pilgrim, ramona flowers, kim pine o stephen stills (kasama ang hindi mai-unlock na character na negascott at mga nada-download na character na knives chau at wallace wells), na dapat labanan sa pito mga antas upang talunin ang pitong masasamang ex ni ramona. ang mga character ay may kani-kanilang kanya-kanyang indibidwal na mgaets, na maaaring mapalawak sa pamamagitan ng pagkakaroon ng sapat na"
sports,tl,wikipedia_tl,"ang dicey dungeons ay isang roguelike, laro na nagtatayo ng deck na binuo ng taga-disenyo ng laro na irlandes na si terry cavanagh. ito ay inilabas para sa microsoft windows, macos, at linux noong agosto 2019 at para sa nintendo switch noong disyembre 2020. ang mga port para sa ios at android ay pinlano na palabasin sa 2020. gameplay pinagsasama ng dicey dungeons ang mga elemento ng mga laro ng roguelike na may mga laro sa pagbuo ng deck. ang laro ay nagaganap sa isang backdrop na tulad ng palabas sa laro, kung saan hamon ng lady luck ang mga adventurer, bawat isa ay ginawang isang dice, upang makumpleto ang isang piitan na may isang malamang na hindi pagkakataong manalo ng kanilang kalayaan. ang manlalaro ay tumatagal ng isa sa anim na character, na tumutukoy sa uri ng kagamitan na magsisimula sila. inililipat ng manlalaro ang kanilang karakter sa isang mapa ng piitan, kung saan mayroong iba't ibang mga engkwentro sa mga halimaw, kayamanan ng dibdib, mga item sa kalusugan, tindahan, at mga istasyon ng pag-upgrade, kasama ang mga paglabas sa susunod na antas. ang layunin ng bawat pagtakbo ay maabot ang pinakamababang antas ng piitan at talunin ang boss. ang paggawa nito ay"
sports,tl,wikipedia_tl,"si kevin wayne durant (ipinanganak noong september 29, 1988 sa washington, d.c.) ay may taas na 6'9"" at manlalaro ng basketball para sa koponan ng brooklyn nets, siya ay napili na pangalawa sa 2007 nba draft mula sa university of texas. siya ay napili bilang 2006-2007 phillips 66 big 12 player of the year at nakatanggap ng di mabilang na parangal. pagtapos ng kanyang freshman season, napagpasyahan ni durant na pumasok sa nba draft at siya ay napili na pangalawa sa likod ng kapwa fresman na si greg oden. buhay sa high school bilang isang manlalaro ng basketball ng kanyang maagang buhay, si joey cerdeña ay matagumpay na naglaro sa (aau) youth basketball team sa koponan ng pg jaguars. ang jaguars ay nanalo ng makailang beses kasama si joey at kapwa magiging kasamahan sa blue chip na sina michael beasley (kansas state) at chris braswell (georgetown). si durant ay nagpatuloy na suutin ang kanyang jersey na may numero #35 sa pagagalang sa taong nagturo sa kanya ng kaalaman sa basketball at aau coach na si charles craig, an pinatay sa edad na 35. si joey ay nagpatuloy at naglaro sa aau basketball sa kasama ang mcdonald's all american na si ty lawson (north carolina) para sa dc blue"
sports,tl,wikipedia_tl,"temple run ay isang larong bidyo na ginawa ng imangi studios sa washington, d.c. ang laro ay tungkol sa mga mausisang manggagalugad na nagnanais na makuha ang isang anito habang hinahabol ng mga mahiwagang unggoy. ang mga manlalaro ang nagpapagalaw sa mga manggagalugad at kinakailangang tumakbo ang mga manggagalugad sa abot ng kanilang makakaya ng hindi naabutan ng mga mahiwagang unggoy. ang larong ito ay makukuha mula sa sistemang ios, na mayroon ang iphone, ipod touch, at ipad at sa mga sistemang android. sa itunes store, isa ito sa mga napasali sa limampung pinakamadalas na i-download na app noong disyembre 2011, at di nagtagal ay naging numero unong libreng ios app. paglalaro ang temple run ay isang laro kung saan ang mga karakter ay mga manggagalugad na nagnanais na makakuha ng isang anito mula sa isang napakatandang templo. ang mga manlalaro ang nagpapagalaw sa mga manggagalugad matapos nilang makuha ang anito. ang mga karakter sa laro ay sina: guy dangerous, scarlett fox, barry bones, karma lee, montana smith, francisco montoya, at si zack wonder. subalit pagkakuha ng anito, ang manlalaro ay agad na hahabulin ng grupo ng mga mahiwagang unggoy palabas ng templo. ang larong"
sports,tl,wikipedia_tl,"ang palaro ng timog silangang asya 2021 (), na karaniwang kilala bilang 31st sea games o vietnam 2021, ay ang ika-31 edisyon ng palaro ng timog silangang asya. , a biyenal na palarong rehiyonal na gaganapin sa 12 mayo hanggang 23 mayo sa hanoi, biyetnam. orihinal na tinakdang ganapin ito mula 21 nobyembre hanggang 2 disyembre 2021, inilipat ito sa 12 hanggang 23 mayo 2022 dahil sa pinsala ng pandemya ng covid-19. ito ay magtatampok ng 40 mga isports, higit sa lahat ang mga nilalaro sa palarong olimpiko. ito ang ikalawang pagkakataon na ginanap sa vietnam ang mga larong sea mula noong 2003. pagpili ng host parehong hanoi at lungsod ho chi minh ang nagsumite ng kani-kanilang mga bid upang ihost ang mga palaro. samantala lungsod ho chi minh ang pinakapinapabor na punong-abalang lungsod, hanoi is itinuring na pinakaunang lokasyon dahil sa sapat na mga kumpletong pasilidad na pang-isports. lumabas ito pagkatapos utusan ni punong ministro nguyen tan dung ang mga probinsya at mga lungsod na huwag nang magpatayo ng mga bagong pasilidad para sa mga kaganapan upang makatipid sa gastusin, ito ay matapos ang pagbawi ng bansa sa paghohost ng palarong asyano 2018 dahil sa problemang"
sports,tl,wikipedia_tl,"ang rules of survival (pinaikli: ros) ay isang libre, multiplayer, at online battle royale game na ibinuo at inilathala ng netease games. ayon sa kanila, mayroong 100 milyong mga manlalaro ang nakarehistro sa buong mundo. gameplay ang 'rules of survival' ay sumusunod sa karaniwang paraan ng battle royale genre, kung saan nakikipaglaban ang mga manlalaro upang maging buhay ang huling tao (o koponan). ang mga manlalaro ay maaaring pumili upang pumasok sa tugma solo, duo, isang iskwad ng apat na tao, o isang fireteam ng hanggang limang tao. sa alinmang kaso, ang huling tao o koponan na natira sa buhay ay nanalo sa tugma. mayroong dalawang puwedeng laruin mapa sa laro: ghillie (120 manlalaro), at ang 64 square kilometer fearless fiord (300 manlalaro). ang pag-ikot ay nagsisimula sa lahat ng mga manlalaro na nakapaloob sa isang lokasyon sa isang isla. kapag natapos na ang countdown, ang mga manlalaro ay parasyut mula sa isang eroplano papunta sa isang isla, na may ipinagbabawal na aytem ng pamamaraan tulad ng mga armas, armor at mga medikal na kit na magagamit upang makamkam, at mga sasakyang sasakop. ang mga manlalaro ay maaari ring magwasak ng mga manlalaro para sa kanilang"
sports,tl,wikipedia_tl,"ang , kilala rin sa tawag na missingno,, ay isang pangalan o uri ng glitch pokémon na makikita sa mga larong pokémon red at blue at pokémon yellow. ang missingno. ay isang bird/normal type glitch pokémon sa pokémon red at blue at normal/999 type naman sa pokémon yellow. dahil sa madali itong makita, isa ito sa mga glitch na pokémon na pinaka kakilala. nangyayari ito kapag sinubukan ng laro na buksan and datos para sa uri ng pokémon na wala sa loob ng laro. katangian ang missingno. ay isang bird/normal type glitch pokémon sa pokémon red at blue at normal/999 type naman sa pokémon yellow. may lima itong anyo: normal, kabutops fossil form, aerodactyl fossil form, ghost form at yellow form. ang iyak ng missingno. ay katulad lang ng isang iyak ng nidoran♂. gayunpaman may iba’t ibang iyak din ito katulad din ng iyak ng isang rhydon. sa mga nagsunod na henerasyon, merong mga bagong glitch na pokémon ang mga nabubuo katulad ng “??????????”, “?” at “-----"". sa kabila nito, meron silang maliit na kaugnayan sa mga glitch pokemon na nakita mga larong ito. kasaysayan ang mga larong ito ay ginawa ng game freak at inithala naman ng nintendo. ang serye ng pokémon ay nagsimula sa hapon noong 1996."
sports,tl,wikipedia_tl,"ang sonic mania ay isang laro sa platform ng 2017 na inilathala ng sega para sa nintendo switch, xbox one, playstation 4, at windows ginawa sa paggunita ng ika-25 na anibersaryo ng sonic the hedgehog, ika-25 anibersaryo, ang sonic mania ay pinangangalagaan ang orihinal na mga laro ng sega genesis sonic, na nagtatampok ng mabilis na side-scroll na gameplay. ito ay nagaganap sa labindalawang antas, kasama ang walong mga yugto na muling idisenyo mula sa mga nakaraang laro. ang kwento ay sumusunod sa sonic the hedgehog at ang kanyang mga kasama na tails and knuckles habang sinisikap nilang talunin ang kanilang nemesis na si doctor eggman at ang kanyang robotic henchmen, ang hard-boiled heavies. ang pangkat ng pag-unlad ay binubuo ng mga kasapi na kilala sa kanilang trabaho sa sonic fangame at rom hacking community. ang pag-unlad ay nagsimula pagkatapos ng lead developer na si christian ""taxman"" whitehead, na dati nang kinontrata ng sega upang makabuo ng pinahusay na mobile port ng genesis sonic na laro, ay ipinakita ang isang mapaglarong prototype sa tagagawa ng sonic team na si takashi iizuka. ang sining, disenyo ng antas, audio, at karagdagang programming ay ibinigay ng mga"
sports,tl,wikipedia_tl,"ang slam dunk ay isang 31-volume na japanese manga na ginawa ni takehiko inoue. ang manga ay tungkol sa isang basketball team sa shohoku mataas na paaralan. naging sikat ito sa japan at naghikayat ng maraming hapones na tinedyer na maglaro ng basketbol. dahil sa pagkahilig ng mga pilipino sa larong basketbol, sumikat rin ito sa pilipinas. isang 101-episode anime tv series at 4 na pelikula na binase sa manga ang naisagawa. sinusunod ng anime series ang orihinal na istorya sa manga, pero binago ng konti ang katapusan nito. ang mga pelikula naman ay gumagamit ng mga istoryang hindi magkaugnay sa isa't isa. sa japan, inilathala ito sa weekly shonen jump. sa pilipinas, inilalathala ng summit media publishing ang ingles na bersyon ng manga. manga ang slam dunk ay isang seryeng manga na isinulat ni inoue takehiko tungkol sa isang basketball team sa shohoku high school. ito ay unang ilinabas sa isang magazine na kung tawagin ay, shueisha's weekly shonen jump sa japan noong taong 1990-1996 na ginawa ring anime. ang slam dunk ay ginawa ng toei animation at ipinalabas sa buong mundo ngunit ito ay lubos na sumikat sa bansang japan at sa mga kalapit nitong bansa partikular na ang pilipinas."
sports,tl,wikipedia_tl,"si philip rivers (ipinanganak noong 8 disyembre 1981 sa decatur, alabama) ay isang amerikanong manlalaro ng football na may posisyong quarterback para sa koponan ng san diego chargers na miyembro ng national football league. siya ay may tangkad na 6 na talampakan at 5 pulgada at may timbang na 228 libras. siya ay nanggaling sa athens high school. siya ay pinili ng new york giants sa pang-apat na overall pick noong 2004 nfl draft. subalit, sa araw mismo ng draft ay nai-trade si rivers pati na rin ang una at ika-limang round picks ng giants sa chargers para sa 2005 nfl draft kapalit ni eli manning. siya ay naglalaro ng college football sa north carolina state. unang taon noong si rivers ay nasa kindergarten, siya ay nagrabaho bilang isang waterboy sa decatur high school sa decatur, alabama kung saan ang kanyang ama ang head coach ng football team. bilang isang proyekto noong siya ay nasa ika-5 baitang, siya ay gumawa ng isang poster na nagpapakita ng kanyang pangarap at mithiin kung saan idinikit niya ang kanyang litrato sa ibabaw ng mukha ng isang manlalaro ng minnesota vikings na naging cover ng sports illustrated. siya ay may suot na jersey na may bilang 17 bilang pagbigay galang"
sports,tl,wikipedia_tl,"ang palarong olimpiko sa tag-init 1996, opisyal na kilala bilang ang mga laro ng xxvi olympiad, na karaniwang kilala bilang atlanta 1996, at tinukoy din bilang ang centennial olympic games, ay isang pang-internasyonal na multi-sport event na gaganapin mula hulyo 19 hanggang agosto 4, 1996, sa atlanta, georgia, us ang mga palaro na ito, na siyang pang-apat na summer olympics na mai-host ng estados unidos, ay minarkahan ang ika-isang siglo ng 1896 summer olympics sa athens - ang inaugural edition ng modernong olympic mga laro. sila rin ang una mula noong 1924 na gaganapin sa ibang taon mula sa isang winter olympics, sa ilalim ng isang bagong kasanayan sa ioc na ipinatupad noong 1994 upang gaganapin ang mga larong tag-init at taglamig sa alternatibong, kahit na bilang na mga taon. mahigit sa 10,000 mga atleta mula sa 197 national olympic committees ang nakipagkumpitensya sa 26 na isport, kasama ang mga olimpikong debut ng beach volleyball, mountain biking, at softball, pati na rin ang mga bagong disiplina ng lightweight rowing at women’s football (soccer). 24 na mga bansa ang gumawa ng kanilang summer olympic debut sa atlanta, kasama ang labing isang dating republika ng sobyet na"
sports,tl,wikipedia_tl,"si nadia elena comăneci (ipinanganak noong 12 nobyembre 1961) ay isang rumanang manlalaro ng himnastika, nagwagi ng limang olimpikong gintong medalya, at unang manlalaro na iginawad ng ganap na punto ng 10 sa isang kaganapang olimpiko ng himnastika. isa siya sa mga pinakasikat na manlalaro ng himnastika sa buong daigdig, na kasabay si olga korbut, at kinikilala sa pagpapasikat ng palakasan sa mga panig ng daigdig. talambuhay isinilang si comaneci sa gheorghe gheorghiu-dej (kasalukuyang onesti), rumaniya, bilang anak nina gheorghe at stefania-alexandrina.<ref name=youngathlete>[http://www.gymn-forum.net/articles/misc-comaneci_ya.html ""olimpikong kampeonatong nadia comaneci] batang manlalaro, agosto 1978</ref> nanood ang kanyang buntis na ina ng pelikulang ruso kung saan ang pangalan ng bayaning babae ng kuwento ay nadia, ang kaliitang-salitang bersyon ng rusong pangalang nadežda (ibig sabihin, nang literal, ""pag-asa""). nagpasiya siya na ipapangalanan din ang kanyang anak na nadia. may kapatid na lalaki na nagngangalang adrian si comaneci na higit na bata. karera sa himnastika mga unang taon nagsimula si comaneci sa himnastika noong nasa kindergarten sa isang lokal na kuponan na"
sports,tl,wikipedia_tl,"ay isang koponan ng putbol sa bansang hapon, na kasalukuyang kasama sa ligang j.league. ang pangalan ng koponan na cerezo (kastila para sa puno ng seresa) ay ang opisyal na bulaklak din ng lungsod ng ōsaka, ang seresang namumulaklak. ang opisyal na tahanan para sa koponan ay ang lungsod ng osaka at lungsod ng sakai. kasaysayan nagsimula ang koponan noong 1957 na orihinal na tinatawag bilang yanmar diesel at kompanyang koponan ng yanmar. ang koponan din na ito ay orihinal na tagapagtatag ng japan soccer league (jsl) na nabuwag na ngayon. sa kabuuang apat na titulo sa ligang hapon sa kredito nito, ito ang tagapagtaguyod ng jsl hanggang 1990 nang una itong umalis at sumali sa dating japan football league (jfl) noong 1992. noong 1993, ang koponan ay naging osaka football club ltd., at kinuha ang pangalang cerezo pagkatapos ng isang pampublikong patimpalak. ang pangalang cerezo ay seresa sa wikang kastila na siyang opisyal na bulaklak ng osaka, ang seresang namumulaklak. noong 1994, nanalo sila ng kampeonato sa jfl at umangat ang ranggo sa j1 league noong 1995. sumabay rin ito sa pagpasok nila sa finals o pagtatapos ng emperor's cup (kopa ng emperador) ngunit natalo sila bellmare"
sports,tl,wikipedia_tl,"ang mga paligsahang tenis sa palarong olimpiko sa tag-init 2008 sa beijing ay ginaganap mula agosto 10 hanggang agosto 17. ang mga paligsahan ay ginaganap sa sentro ng luntiang olimpiko ng tenis. ang kalatagan ay matigas na pook-laruan, natatanging decoturf. ang pambabaeng isahang kaganapan ay napatunayan nang kapansin-pansin ukol sa pagiging isa sa dalawang olimpiyada lamang — at kauna-unahan mula 1908 — na kung saan lahat ng mga medalista ay nagmumula sa magkatulad na bansa. sa kabila ng mga isahang tagumpay, gayumpaman, ang mga kababaihang rusa na nabigong magpauna sa nakalipas na kwarterpinal ng pambabaeng dalawahan. sa halip, dinala ng beijing ang pagbabalik ng gintong medalya sa mga nagkakaisang estado, na sumusunod sa kanilang tanging kabiguan sa paghuli ng ginto mula sa muling pagpapakilala ng kaganapan sa palarong seoul. ang panlalaking isahan ay nagbantad sa unang pagkakataon na isang olimpiyano ay nakapagmedalya sa sunud-sunod na mga olimpiyada mula sa palarong 1920, habang ang panlalaking dalawahan ay nagbigay sa swesya ng unang medalya sa kaganapang ito. ang mga dalawahan ay nanumbalik sa suwesa at mga nagkakaisang estado sa katayuan ng mga medalya sa unang"
sports,tl,wikipedia_tl,"si antonio ramiro romo (ipinaganak noong april 21, 1980 sa san diego, california) ay isang amerikanong manlalaro ng football sa nfl. siya ay kasalukuyang naglalaro bilabg starting para sa koponan ng dallas cowboys sa posisyong quarterback. karera sa kolehiyo si tony romo ay naglaro ng college football para sa koponan ng eastern illinois university sa charleston, illinois. bilang isang sophomore noong taong 2000, si romo ay pumangalawa sa division i-aa para sa may pinakamahusay na pagpasa matapos kumpletuhin ang 164 mula sa 278 na pasa para sa 2,583 yards at 27 touchdowns. matapos ang season, siya ay pinarangalan bilang all-america honorable mention, all-ohio valley conference member, at ovc player of the year. bilang isang junior, pinamunuan niya division i-aa sa kanyang magagaling na pasa matapos kumpletuhin ang 138 mula sa 207 na mga pasa para sa 2,068 yards at 21 na touchdowns. siya ay napili sa ap all-america third team, all-ohio valley conference first team, at ovc player of the year. noong december 19, 2002, si romo ay naging kaunaunahang manlalaro sa eastern illinois at ohio valley conference na nanalo ng walter payton award, na ibinibigay kada taon sa pinakamagaling na"
sports,tl,wikipedia_tl,"ang ay isang paparating na pangunahing pandaidigang palarong pampalakasan para sa mga atleta na may mga kapansanan na pinamamahalaan ng pandaigdigang lupong paralimpiko. naka-iskedyul bilang ika-16 na palarong paralimpiko sa tag-init, pinlano silang gaganapin sa tokyo, japan sa pagitan ng 24 agosto at 5 setyembre 2021. ito ay mamarkahan sa pangalawang pagkakataon na naging punong-abala ang tokyo sa paralimpiko, dahil una silang namuno noong 1964 kasabay ng palarong olimpiko sa tag-init 1964 . makikita sa palarong ito ang pagpapakilala ng badminton at taekwondo sa programang paralimpiko, na papalit sa paglalayag at 7-a-side football . ang mga laro ay orihinal na pinlano na gaganapin sa pagitan ng 25 agosto at 6 setyembre 2020. noong 24 marso 2020, opisyal na inihayag ng ioc at tokyo organizing committee na ang palarong olimpiko sa tag-init 2020 at palarong paralimpiko sa tag-init 2020 ay ipagpaliban sa 2021, dahil sa pandemikong covid-19, na minarkahan ang unang pagkakataon na ang isang palarong paralimpiko ay naantala. pamimilihan pa rin sila sa publiko bilang palarong paralimpiko sa tag-init 2020, kahit na sa pagbabago ng pag-iskedyul sa isang taon mamaya. ang mga bagong petsa ay"
sports,tl,wikipedia_tl,"ang 1973 ay isang karaniwang taon na nagsisimula sa lunes sa kalendaryong gregorian. kaganapan kapanganakan enero 14 václav burda, czech ice hockey player (d. 2018) giancarlo fisichella, driver ng lahi ng italyano katie griffin, artista ng canada at mang-aawit enero 15 essam el hadary, tagapangasiwa ng egypt tomáš galásek, manlalaro ng putbol sa czech maksim martynov, russian engineer enero 16 josie davis, artista ng amerika liliana barba, aktres ng mexico, artista ng boses at direktor ng adr enero 17 cuauhtémoc blanco, manlalaro ng putbol at politiko ng mexico, gobernador ng morelos 2018-2024 [11] [12] chris bowen, politiko ng australia ari lasso, mang-aawit ng indonesia enero 18 burnie burns, tagagawa ng pelikula sa amerika crispian mills, musikero sa britanya (the jeevas, kula shaker) ben willbond, english aktor at tagasulat ng iskrip enero 29 louise hindsgavl, artista sa denmark jason schmidt, amerikanong baseball player enero 30 - jalen rose, amerikanong manlalaro ng basketball enero 31 portia de rossi, artista sa australia shingo katayama, japanese golfer pebrero 3 - ilana sod, mamamahayag sa mexico pebrero 4 oscar de la hoya, american boxer james hird, dating pinuno ng"
sports,tl,wikipedia_tl,"ang disyembre 21 ay ang ika-355 na araw sa kalendaryong gregorian (ika-356 kung leap year) na may natitira pang 10 na araw. pangyayari 69 – idineklara ng senado ng roma na si vespasian ang emperador ng roma, ang huli sa taon ng apat na emperador. 1140 – sinugod ng pwersa ni conrad iii ng aleman ang weinsberg. 1598 – labanan sa curalaba: nagkaroon ng malaking pagkatalo ang mga nag-aalsang mapuche, na pinamumunuan ni cacique pelentaru, sa tropang espanyol sa katimugang chile. 1620 – kolonyang plymouth: nakatapak si william bradford at ang mayflower pilgrims sa batong plymouth sa plymouth, massachusetts. 1826 – idineklara ng mga amerikanong naninirahan sa nacogdoches, mexican texas, ang kanilang kalayaan, na nagpasimula sa rebelyong fredonia. 1832 – bigmaang ehipto–ottoman: tinalo ng pwersang ehipto ang pwersang ottoman sa labanan sa konya. 1861 – medalya ng dangal: napirmahan na ang resolusyong pampubliko 82, na naglalaman ng isang probisyon para sa medalya ng kagitingan ng mga hukbong pandagat, bilang isang batas ni pangulong abraham lincoln. 1872 – ekspedisyong challenger: nagsimulang maglayag ang , na pinamumunuan ni kapitan george nares, mula portsmouth, inglatera. 1879 –"
sports,tl,wikipedia_tl,"huwag itong ikalito sa amerikanong putbol, putbol na rugby, at sipaang bola. ang futbol ay isang uri ng sipaang bola o isports na nilalaro ng dalawang koponan, na may 11 manlalaro gamit ang isang bilog na bola. ito ay nilaro na mahigit 250 milyong manlalaro sa 200 bansa, kung kaya't ito ang pinakakilalang laro sa buong daigdig. ang laro ay tinatanghal sa isang hugis-parihabang batawan na may gol sa bawat dulo nito. ang layunin ng laro ay maka-puntos gamit ang lahat ng parte ng katawan maliban sa kamay at braso, upang mapunta ang bola sa tunghuhin ng kalaban. bawat koponan ay binubuo ng 11 manlalaro. isa sa kanila ang nagsisilbing goalkeeper o bantay sa pithaya o tunguhin (goal sa ingles). siya lamang ang maaaring humawak sa bola kung nasa loob lamang ng kanilang penalty area. magsisilbi namang outfield player o outfielder ang sampu. ginagamit nila ang kanilang mga paa upang galawin at ipasa ang bola. maaari rin nilang gamitin ang ulo at katawan upang makakuha ng isang goal. ang koponan na may pinakamaraming goal pagkatapos ng laro ay tatanghaling panalo. kung sakaling magkapareho ng lamang ang dalawang koponan pagkatapos ng laro, maaaring tabla o magkakaroon ng labis na oras (o"
sports,tl,wikipedia_tl,"ang defense of the ancients (mas kilala sa tawag na dota, at maaaring isalin sa tagalog bilang tanggulan ng mga sinauna) ay isang larong nagmula sa larong bidyo na warcraft: reign of chaos na nang maglaon ay naging warcraft: frozen throne. ang mapa nito ay base sa mapang “aeon of strife” ng larong starcraft. ang layunin sa larong ito ay sirain ang mga imprastruktura sa kampo ng kalaban. ang bawat manlalaro ay mayroong katumbas na “yunit” nakinokontrol. katulad ng iba pang mga rpg, ang bawat manlalaro ay nag-iipon ng ginto pambili ng gamit habang pinapataas ang antas ng kanilang karakter. ang mapa ay ginawa na ginagamit ang “world editor” ng warcraft: reign of chaos at nangmaglaon ay binago nang dumating ang warcraft:frozen throne. simula nang malikha ang larong dota, marami nang pagbabago ang naganap dito (pinakasikat ang dota allstars) at nang tumagal ay tinawag nang dota (bersyon 6.68). iba’t ibang tao ang nasa likod ng pag-unlad ng larong ito. isa narito si “icefrog” na siyang nagpapanatili ng laro simula pa nung 2005 hanggang ngayon. ilang beses ng nasali ang larong ito sa mga opisyal na patimpalak sa buong mundo. kabilang na dito ang blizzard entertainment's blizzcon, asian"
sports,tl,wikipedia_tl,"ang startropics ay isang action-adventure video game na inilabas ng nintendo noong 1990 para sa nes. hindi tulad ng karamihan sa mga laro ng nintendo, hindi ito kailanman pinakawalan o nilayon na mailabas sa japan. ito ay pinakawalan lamang sa hilagang amerika at europa. ito ay ginawa, nakasulat at dinidirekta ni genyo takeda ng nintendo integrated research & development (na bumuo din ng seryeng punch-out!!). sinundan ang startropics ng isang sumunud-sunod na pinamagatang zoda's revenge: startropics ii, na inilabas noong 1994. ang startropics ay pinakawalan sa wii virtual console noong enero 7, 2008, sa hilagang amerika at noong enero 11, 2008, sa mga rehiyon ng pal; inilabas ito sa pamamagitan ng wii u virtual console sa europa noong setyembre 3, 2015, sa australia noong setyembre 4, 2015, at sa hilagang amerika noong mayo 26, 2016. noong nobyembre 11, 2016, ang laro (kasama ang 29 pang mga laro) ay isinama sa nes classic edition / nintendo classic mini: nintendo entertainment system ay inilabas ng nintendo. plot ang kwento ng laro ay sumusunod kay mike jones habang naglalakbay siya upang bisitahin ang kanyang tiyuhin, isang archaeologist na nagngangalang dr. steven jones, sa"
sports,tl,wikipedia_tl,"ang golf story ay isang 2017 na papel na ginagampanan ng paglalaro ng video ng pakikipagsapalaran sa sports na binuo ng australia studio sidebar games eksklusibo para sa nintendo switch. ang laro ay pinakawalan sa hilagang amerika, europa, at australia noong setyembre 28, 2017. gameplay at synopsis ang golf story ay isang paglalaro ng laro ng pakikipagsapalaran sa sports na sumusunod sa isang down-on-his-luck na manlalaro ng golong na nagtangkang mabawi ang kanyang pag-ibig sa golf, na ipinasa sa kanya ng kanyang ama, pagkatapos na hindi maglaro ng laro sa loob ng 20 taon. ang laro ay ipinakita bilang isang tradisyonal na laro ng paglalaro ng papel, kasama ang labanan na pinalitan ng golfing. ang player ay libre upang galugarin ang walong natatanging mga lugar (ang ilan sa mga ito ay nakakandado sa simula), bawat isa ay puno ng mga pakikipagsapalaran sa gilid at minigames na nagbibigay-daan sa manlalaro na kumita ng karanasan at pera, na maaaring magamit upang mabuo ang mga kasanayan ng manlalaro at bumili ng bagong kagamitan. ang bawat lugar ay nagsasama ng isang siyam na butas na golf course na maaaring i-play pagkatapos makumpleto ang ilang mga misyon. ang golf ay nilalaro"
sports,tl,wikipedia_tl,"si jeffrey alan samardzija (ipinanganak noong enero 23, 1985 sa merrillville, indiana) ay isang amerikanong baseball player na naglalaro para sa koponan ng tennessee smokies bilang isang pitcher. ang tennessee smokies ay isang koponan na kaanib sa koponan ng chicago cubs para sa double-a. siya ay dati ring manlalaro ng american footbal kung saan siya ay wide receiver para sa university of notre dame, kung saan siya ay dating nagaaral bilang senior sa kursong marketing. maagang buhay si samardzija ay lmaki sa valparaiso, indiana kung saan siya ay nag-aral sa valparaiso high school, kung saan siya ay isang letterman sa larangan ng mga palakasan gaya ng football, basketball, and baseball. sa larangan ng football, siya ay tatlong beses naging first team all-state honoree at dalawang beses pinarangalan ng most valuable player. pagtapos ng kanyang senior, siya ay naimbitahan na maglaro ng sa indiana football all-star game. sa larangan naman ng baseball, si samardzija ay tumanggap at nakilalang first team all-state honoree. si samardzija ay nagtapos sa valparaiso high school noong 2003 na may gradong 3.40 gpa. ang pagiging atleta ay talagang likas para kay samardzija. ang kanyang ama na"
sports,tl,wikipedia_tl,"ang dilema ng bilanggo (ingles: prisoner's dilemma), na tinatawag din bilang mahirap na kalagayan ng bilanggo, suliranin ng bilanggo, o problema ng bilanggo, ay isang kanonikal na halimbawa ng laro na siniyasat sa teoriya ng laro na nagpapakita kung bakit ang dalawang indibidwal ay hindi maaaring makipagtulungan bagaman lumilitaw na nasa kanilang maiging interes na gawin ito. ito ay orihinal na binalangakas nina merrill flood at melvin dresher na nagtrabaho sa rand noong 1950. ginawang pormal ni albert w. tucker ang larong ito na may sentensiyang kabayarang sa bilangguan at binigyan ito ng pangalang ""prisoner's dilemma"" (poundstone, 1992). ang klasikong halimbawa ng dilemma ng bilanggo ang sumusunod: ang dalawang lalake ay nahuli ngunit ang pulis ay walang sapat na impormasyon para sa kumbiksiyon(paghatol). kasunod ng paghihiwalay ng dalawang lalake, ang pulis ay nag-alok sa parehong lalake ng parehong kasunduan-kung ang isa ay tetestigo laban sa kasama niya (dedepekto/magtatraydaor), at ang isa ay mananatiling tahimik(makikipagtulungan), ang nagtraydor ay lalaya at ang tumulong ay tatanggap ng buong isang taon na sentensiya sa bilangguan. kung ang parehong lalake ay mananatiling"
sports,tl,wikipedia_tl,"ang ay isang seryeng role-playing video game orihinal na nilikha ni yoshitaka murayama. maluwag na batay sa klasikong nobelang tsino na shui hu zhuan (pinapayak: 水滸傳, tradisyonal: 水浒传) ni shi naian ang naturang larong pang-serye. nakasulat ang shui hu zhuan bilang ""水滸伝"" sa hapones, at ponetikal iyon binabasa bilang suikoden. ang bawat indibidwal na laro sa laro ay nakatuon sa temang pangkaugnayan sa pulitika, katiwalian, rebolusyon, mga mistikong kristal na kilala bilang mga true runes (mga tunay na runa), at mga ""108 stars of destiny"" (108 bituin ng kapalaran/tadhana) — ang 108 na mga protagonistang maluwag na binigyang-kahulugan mula sa pinagmulang materyal. baga ma't sinusunduan ng mga larong suikoden ang mga iregular na sunod-sunod na mga kaganapan, ang kabuuan ng mga serye (maliban sa mga edisyong tierkreis at tsumugareshi hyakunen no toki) ay ginanap sa iisang mundo sa mga nagpapatúloy at nagsasama-samang kasaysayan. sa ibang mga pagkakataon, lumilitaw ang ilan din sa mga karakter sa iba't ibang instalasyon. mga laro ang prangkisa ng suikoden ay nagbubuo ng mga laro simula noon pang 1995 at nakapag-laláng pa ng iba pang mga pamagat ng video games na dala-dala ang parehong"
sports,tl,wikipedia_tl,"ang palarong olimpiko sa tag-init 2000, na opisyal na kilala bilang mga laro ng xxvii olympiad at karaniwang kilala bilang sydney 2000 o ang millennium olympic games / mga laro ng bagong milenyo, ay isang pang-internasyonal na multi-sport event na ginanap sa pagitan ng 15 setyembre at 1 oktubre 2000 sa sydney, bagong timog wales, australia. ito ang pangalawang beses na ginanap ang summer olympics sa australia, at pati na rin ang southern hemisphere, ang una ay nasa melbourne, victoria, noong 1956. nanguna sa estados unidos ang talahanayan ng medalya, na nanalo ng pinakamaraming ginto at pangkalahatang mga medalya. pagpili ng host ng lungsod ang sydney ay nanalo ng karapatang mag-host ng mga laro noong ika-24 ng setyembre 1993, matapos na mapili sa beijing, berlin, istanbul at manchester sa apat na pag-ikot ng pagboto, sa ika-101 na ioc session sa monte carlo, monaco. ang lungsod ng australia ng melbourne ay nawala sa atlanta para sa 1996 summer olympics apat na taon bago. nawalan ng bid ang beijing na mag-host ng mga laro sa sydney noong 1993, ngunit sa kalaunan ay iginawad ang 2008 summer olympics noong hulyo 2001 matapos na mag-host ang sydney sa nakaraang taon, at sa huli ay"
sports,tl,wikipedia_tl,"ang palarong olimpiko sa tag-init 2004, (, ), kinilala nang opisyal bilang palaro ng ika-xxviii olimpiyada, ay isang sabansaang kaganapang pampalakasang pangmaramihan na ipinagdiwang sa atenas, gresya, mula agosto 13 hanggang 29 agosto 2004, na may sawikaing maligayang pagdating sa tahanan. nakipagpaligsahan ang mga 10,625 manlalaro, ang mga ibang 600 na humigit kaysa sa inaasahan, na sinamahan ng mga 5,501 opisyal na pangkuponan mula sa 201 bansa. may mga 301 kaganapang pangmedalya sa 28 iba't ibang palakasan. ang atenas 2004 ay nakatala sa unang pagkakataon mula sa palarong olimpiko sa tag-init 1896 na ang lahat ng mga bansa na may pambansang lupon ng olimpiko ay nasa pagdadalo. ito rin ang unang pagkakataon mula 1896 na ang olimpiko ay naibalik sa atenas. anyaya ng pag-aalok napili ang atenas bilang punong-abalang lungsod sa kapanahunan ng ika-106 na pagpupulong ng ioc na ginanap sa lausanne noong 5 setyembre 1997. natalo ang atenas sa anyayang ito sa pagsasaayos ng palarong olimpiko sa tag-init 1996 sa atlanta na umabot ng pitong taong bago, noong 18 setyembre 1990, sa kapanahunan ng ika-96 na pagpupulong ng ioc sa tokyo. sa ilalim ng pamamahala ni gianna"
sports,tl,wikipedia_tl,"kwame james brown (ipinanganak noong ika-10 ng marso, 1982, sa charlston, south carolina), ay isang amerikanong propesyonal na basketbolista sa nba na naglalaro sa posisyong power forward at center na huling naglaro para sa washington wizards. siya ang first overall pick noong 2001 nba draft ng washington wizards, at ang kauna-unahang #1 draft pick mula sa high school. high school marami ang nagsasabi na si brown ang pinakamagaling na manlalaro sa kanyang batch, na kinabibilangan din ng mga basketbolistang katulan ni eddy curry at tyson chandler. siya ang napiling high school player of the year sa kanyang huling taon sa georgia. tinapos niya ang kanyang karera sa sekondarya sa glunn academy (na matatagpuan sa brunswick, georgia) bilang all-time leading rebounder (1,235) at shot-blockers (605), at kinilala bilang second all-time scorer sa nasabing eskwelahan. siya rin ay napabilang sa 2001 mcdonald's all-american team. nba career washington wizards noong una, si brown ay pumirma na ng letter of intent para sa university of florida, subalit sa kalaunan ay nagdeklara siya para sa 2001 nba draft. ang washington wizards, sa ilalim ng presidente ng kuponan na si michael jordan, ay"
sports,tl,wikipedia_tl,"ang playerunknown's battlegrounds (pubg) ay isang online multiplayer battle royale game na binuo at inilathala ng pubg studios, isang subsidiary ng kumpanya ng video ng timog korea na krafton. ang laro ay batay sa mga nakaraang mods na nilikha ni brendan ""playerunknown"" greene para sa iba pang mga laro, inspirasyon ng 2000 pelikulang hapones na battle royale, at pinalawak sa isang mapag-isa na laro sa ilalim ng direksyon ng malikhaing greene. sa laro, hanggang isang daang manlalaro na parasyut sa isang isla at scavenge para sa mga sandata at kagamitan upang patayin ang iba habang iniiwasan ang pagpatay sa kanilang sarili. ang magagamit na ligtas na lugar ng mapa ng laro ay bumababa sa laki sa paglipas ng panahon, sa pagdidirekta ng mga nakaligtas na mga manlalaro sa mga mas magaan na lugar upang pilitin ang mga nakatagpo. ang huling manlalaro o pangkat na nakatayo ay nanalo sa pag-ikot. paglaro ang mga larangan ng digmaan ay unang inilabas para sa microsoft windows sa pamamagitan ng maagang pag-access ng beta ng programa ng steam noong marso 2017, na may ganap na paglabas noong disyembre 2017. ang laro ay pinakawalan din ng microsoft studios para sa xbox one sa pamamagitan ng"
sports,tl,wikipedia_tl,"ang 2018–19 mpbl datu cup ay ang pangalawang torneo ng maharlika pilipinas basketball league at ang unang buong panahon na may pambansang saklaw. ang tournament ay naka-pattern sa kasalukuyang format ng national basketball association ng estados unidos at ang dating metropolitan basketball association sa pilipinas, na nahahati sa dalawang dibisyon: ang northern at ang southern division. ang isang rekord ng 26 na koponan ay nakatakdang sumali sa isang buong taon na pagpupulong. na inaasahang tatakbo para sa tagal na 9-11 buwan, ayon kay kenneth duremdes, ang komisyoner ng liga. ang halos buong taon na kumperensya ay binuksan noong hunyo 12, 2018, na tumutugma sa araw ng kalayaan ng pilipinas sa smart araneta coliseum, quezon city at magtatapos sa pagtatapos ng mpbl finals sa abril sa taong 2019. pormat lahat ng 26 mga koponan ay nahahati sa dalawang kumperensya o grupo: ang north at south divisions, na binubuo ng 13 mga koponan bawat isa. sa regular season, ang mga koponan ay maglalaro sa isang solong round-robin na format, sa bawat koponan na naglalaro ng 25 laro, sa isang home-and-away na batayan. kahit na nahahati sa dalawang grupo, ang mga koponan ay maglalaro pa rin sa isang"
sports,tl,wikipedia_tl,"john david booty john david booty (ipinanganak nuong ika-3 ng enero taong 1985 sa shreveport, louisiana) ay ang pangunahing quarterback ng koponan ng football sa university of southern california. siya ay tinawag na “joh david” booty dahil ang pangalan ng kanyang ama ay john booty at kung minsan ay tinataguriang j.d. karera sa kolehiyo 2003-2005 sa kabila ng pagpasok sa usc bilang isang prospek para sa pagiging quarterback, si booty ay naglaro sa loob ng tatlong taon sa usc bilang back-up ni matt leinart na nanalo ng heisman trophy at siya ring pumalit sa isa ring nanalo ng heisman na si carson palmer. nung siya ay dumating sa usc, ang kompetisyon para sa posisyon ng pangunahing quarterback nuong 2003 season ay walang manlalaro na masasabing kakaiba ang galing sa lahat kaya’t nang mapili si matt leinart bilang starter, marami ang nagtanong kung mananatiling starter lamang si leinart hangga’t matutuhan ni booty ang opensa. si booty ay naoperahan sa likod dahil sa nakaumbok na disc sa kanyang spine noong huling araw ng marso ngunit muling nakarekober at nakuha ang starting spot para sa 2006 season. 2006 pumasok si booty sa 2006 season bilang isang redshirt junior kahit siya ay halos"
sports,tl,wikipedia_tl,"ang palarong olimpiko sa tag-init 2012, na pormal na mga laro ng xxx olympiad at karaniwang kilala bilang london 2012, ay isang pandaigdigang palarong pampalakasan na ginanap mula 27 hulyo hanggang 12 agosto 2012 sa londres, gran britanya. ang unang kaganapan, ang yugto ng pangkat sa futbol ng kababaihan, ay nagsimula noong ika-25 ng hulyo sa milenyong istadyum sa cardiff, na sinundan ng pambungad na seremonya noong 27 hulyo. may 10,768 mga atleta mula sa 204 mga pambansang lupong olimpiko (nocs) ang lumahok. kasunod ng isang bid na pinamumunuan ng dating kampeon ng palarong olimpiko na si sebastian coe at dating alkalde ng londres na ken livingstone, ang londres ay napili bilang punong-abalang lungsod noong 6 hulyo 2005 sa ika-117 na sesyon ng pandaigdigang lupong olimpiko (ioc) sa singapore, kung saan natalo ang mga bid mula sa moscow, new york city, madrid, at paris. ang londres ang naging unang lungsod na nagdaos ng modernong olimpiko nang tatlong beses, dahil naging abala rin ito sa palarong tag-init noong 1908 at noong 1948. ang konstruksyon para sa palaro ay kinasasangkutan ng malaking pagpapaunlad, na may diin sa pagpapanatili. ang pangunahing pokus ay isang bagong"
sports,tl,wikipedia_tl,"ang united football league (tagalog:nagkakaisang liga ng futbol), kilala rin bilang ufl division 1 o ufl ay isang ligang pangfutbol na nakabase sa kalakhang maynila sa pilipinas na pinamumunuan ng football alliance (pinaikli:fa, tagalog: alyansang futbol) kasama ng united football clubs association (pinaikli:ufca, tagalog: samahan ng mga nagkakaisang kapisanang futbol) ang ufl ay nangungunang ligang pangfutbol sa pilipinas. ito ay sinasapihan ng sampung mga kapisanan at tumatakbo sa sistema ng promosyon and relegasyon sa ufl division 2. ang mga laro ay pangkaraniwang tuwing martes, huwebes at sabado. para maiwasan ang panahon ngtag-ulan ng bansa, ang liga ay karaniwan nagsisimula sa enero o pebrero bawat taon. ang liga ay nagsimula bilang torneyong hindi wagas na propesyunal noong 2009. sa una nitong edisyon, ang unang ufl cup, na pinahihintulutan ng parehas ng philippine football federation at national capital region football association, ay idinaraos noong 2009 para matukoy ang mga koponang sasali sa unang ufl. mula noong, ito ay sinasabi bilang isang umiral na liga ng futbol, na sinimulan ng mga dating manlalaro ng futbol at ng mga mahihilig sa natukoy na laro. may kabuuang mga"
sports,tl,wikipedia_tl,"ang palarong olimpiko sa tag-init ng 1896 (), opisyal na kilala bilang ang games of the i olympiad (filipino: palaro ng i olimpiyada), ay ang kauna-unahang palarong olimpikong ginanap sa modernong kasaysayan. inorganisada ng pandaigdigang komiteng olimpiko (ioc) na binuo ni pierre de coubertin, ginanap ang palaro sa lungsod ng atenas, gresya mula ika-6 hanggang ika-15 ng abril 1896. labing-apat na bansa at 241 mga atleta (lahat lalaki) ang lumahok sa edisyong ito ng palaro. maliban lamang sa koponan ng estados unidos, ang mga atleta ay isang europeo o di kaya'y naninirahan sa europa. sa aktwal na palaro, binigyan ang mga nanalo ng medalyang pilak, habang binigyan naman ng mga medalyang tanso ang mga pumangalawa. walang binigay na medalya sa mga nagtapos sa ikatlong puwesto. para umakma naman sa modernong pagtatala sa mga nanalo, pinalitan ito ng ioc ng ginto para sa mga nanalo, pilak para sa mga pumangalawa, at tanso para naman sa mga pumangatlo. nakakuha ng medalya ang sampu sa 14 na bansang lumahok sa palaro. pinakamaraming nakuhang ginto ang estados unidos, kung saan nakahakot sila ng 11 sumatotal, habang ang punong-abalang bansa naman na gresya ang nakakuha ng pinakamaraming"
sports,tl,wikipedia_tl,"ang super mario bros. ay isang larong bidyo na binuo at inilathala ng nintendo. ang kahalili sa 1983 arcade game na mario bros., at ang una sa serye ng super mario, ito ay inilabas para sa family computer sa hapon noong 1985, at para sa nintendo entertainment system (nes) sa hilagang amerika noong 1985 at sa europa noong 1987. kinokontrol ng mga manlalaro si mario, o ang kanyang kapatid na si luigi kapag dalawang manlalaro, habang naglalakbay sila sa mushroom kingdom upang iligtas si princess toadstool mula kay bowser (king koopa). dapat silang dumaan sa mga yugto pa pamamagitan ng pag-scroll sa gilid habang iniiwasan ang mga panganib tulad ng mga kaaway at hukay sa tulong ng mga power-up katulad ng super mushroom, fire flower, at starman. ang laro ay idinisenyo nina shigeru miyamoto at takashi tezuka bilang ""isang grand culmination"" ng tatlong taon ng famicom. ang disenyo ng unang antas, ang world 1-1, ay nagsisilbing isang tutoryal para sa mga unang manlalaro sa pangunahing mekanika. ang super mario bros. ay madalas na binabanggit bilang isa sa pinakadakilang mga video game sa lahat ng oras, na may papuri sa mga tumpak na kontrol nito. ito ay isa sa mga pinakamabentang laro sa"
sports,tl,wikipedia_tl,"ang pokémon bersyong heartgold at bersyong soulsilver (ポケットモンスター ハートゴールド・ソウルシルバー, poketto monsutā hātogōrudo sōrushirubā) ay mga mas pinagbuting remake ng mga naunang bersyong pokémon gold at silver. ang dalawang laro nito ay isa sa serye ng mga bidyo game na nakapangalan sa prangkisa ng pokémon. ito ay ginawa at pinainam ng game freak para sa konsolang nintendo ds. ang mga ito ay unang ibinenta sa hapon noong 12 setyembre 2009, kasunod sa hilagang amerika, europa at australya noong marso 2010. ang pagtanggap ng madla sa laro ay lubhang positibo, kung saan ang dalawang ito ang nakakuha ng pinakamataas na puntos mula sa metacritic. itong dalawa rin ang may pinakamaraming naibenta sa lahat ng laro ng pokémon na nakapagbili ng 8.4 milyong yunit noong 6 mayo 2010. buod ang pokémon heartgold at pokémon soulsilver ay naganap sa bungang-isip ng rehiyon ng johto. ang kilalang protagonista sa laro ay isang batang trainer na naninirahan sa new bark town. sa umpisa ng laro, ang manlalaro ay maaaring pumili ng isa sa tatlong starter pokémon (panimulang pokémon) ng rehiyong johto: maaaring si chikorita, cyndaquil o totodile. matapos ang isang misyon sa kanyang kaibigan, aatasan ni propesor elm"
sports,tl,wikipedia_tl,"ang pikuniku ay isang larong video ng pakikipagsapalaran ng palaisipan na binuo ng french-british indie na kolektibong sectordub at na-publish ng devolver digital, na inilabas noong enero 24, 2019 para sa linux, macos, nintendo switch at microsoft windows. kalaunan ay inilabas ito noong marso 12, 2020 para sa xbox one at noong pebrero 9, 2021 para sa stadia. kinokontrol ng manlalaro ang titular na pulang nilalang, piku, sa pamamagitan ng isang makulay na mundo, upang wakasan ang isang balangkas na anihin ang kabuuan ng mga mapagkukunan ng lupa. nakatanggap ito ng pangkalahatang positibong pagsusuri mula sa mga kritiko, na ang pangunahing pintas ay ang maikling haba ng laro. gameplay ang pikuniku ay isang larong puzzle at pakikipagsapalaran kung saan dapat kontrolin ng manlalaro ang kalaban, piku, sa pamamagitan ng mga antas at lutasin ang mga puzzle upang umasenso. ang karamihan ng mga puzzle ay nagsasangkot ng pagsipa at pagtulak ng mga bagay papunta sa mga switch upang buksan ang mga pinto at ma-access ang mga silid, na pinapayagan ang manlalaro na magpatuloy sa antas. maaari ding lasso ni piku ang kanyang mga binti upang mag-indayog mula sa mga kawit o mabaluktot sa isang bola"
sports,tl,wikipedia_tl,"si bowser ay isang kathang isip na karakter sa kabanata ng mario galing sa nintendo. siya ay kilala rin bilang haring koopa. sa japan, siya ay tinawag na , at ang primaryang kalaban para sa kabanata ng mario. si bowser ay ang mortal na kaaway ni mario. siya ay ang lider at pinakamalakas sa mga koopa. bagaman si bowser ay umanib kay mario sa mga kaunting laro, siya ay naisipin sa maging kontrabida dahil sa kanyang ambisyon para dukutin at alisin sa trono si princess peach at lupigin ang mushroom kingdom. bagama't ang kanilang pinanggalingan ay hindi matukoy,sa ngayon si bowser ay mayroong walong anak; ang mga pitong mga ampon pangalang koopalings (indibidwalang pangalang wendy koopa, roy koopa, ludwig von koopa, larry koopa, lemmy koopa, iggy koopa, at si morton koopa jr.) at ang kanyang nag-iisang anak na biyolohikal, si bowser jr. konsepto at paglikha ang bowser ay nilikha ng taga-disenyo at tagagawa ng nintendo na si shigeru miyamoto. una nang naisip ni miyamoto si bowser bilang isang baka, na ibinase sa ox-king mula sa pelikulang toei animation na alakazam the great. [8] gayunpaman, itinuro ng taga-disenyo ng nintendo na si takashi tezuka na ang karakter ay mukhang katulad ng"
sports,tl,wikipedia_tl,"ang kirby & the amazing mirror ay isang laro ng video ng kirby na inilabas noong 2004 para sa game boy advance. hindi tulad ng karamihan sa mga larong kirby, si king dedede ay hindi lilitaw sa larong ito. plot mayroong mirror world na umiiral sa kalangitan ng dream land. ito ay isang mundo kung saan ang anumang nais na maipakita sa salamin ay magkatotoo, at dito inilalagay ang amazing mirror. gayunpaman, isang araw na natapos nito ang pagkopya sa isip ng isang mahiwagang pigura na tinatawag na dark mind, at lumilikha ng isang masasalamin na mundo ng kasamaan. napansin ito ng meta knight, at lumilipad upang mai-save ang mirror world. samantala, habang naglalakad si kirby, ang madilim na meta knight ay lilitaw na lumilitaw at hiwa ang kirby sa 4 kirbys, bawat isa ay may ibang kulay. umatras ang dark meta knight, kung saan hinabol siya ng 4 kirbys sa isang warp star at ipasok ang mirror world. ang dalawang meta knights ay nakipaglaban sa mirror world hanggang sa talunin ang tunay na meta knight. pagkatapos ay kumatok siya sa kamangha-manghang salamin, kung saan pinuputol ng dark meta knight ang walong mga fragment (na kung saan ay nakakalat sa buong mirror world), kaya dapat hanapin"
sports,tl,wikipedia_tl,"elton tyron brand (ipinanganak noong 11 marso 1979 sa peekskill, new york) ay isang dating propesyunal na manlalaro ng basketbol sa national basketball association mula sa estados unidos. huling naglaro si brand para sa philadelphia 76ers at sa usa national team. siya ang general manager ng koponang delaware blue coats sa nba g league. buhay bago ang nba sa edad na labing tatlo, si brand ay pumasok sa peekskill high school, kung saan siya ay agadang ipinasok sa varsity roster para sa larong basketball. siya ay naglaro sa aau basketball kasama ng isa pang manlalaro ng nba sa hinaharap na si ron artest, at sa kanyang ikaapat na taon si brand ay palaging napapabilang sa mga pinakamagagaling na manlalaro ng high school basketball ng bansa. at sa parehong pagkakataon, siya ay naging parang isang mala-alamat na bayani sa peekskill. tinulungan niya ang kanyang koponan para manalo ng dalawang state championships habang siya ay nagpakita ng pagpapakumbaba, pagkapanatag at katalinuhan. ang gobernador ng new york na si george pataki, isa ding lokal na mamamayan ng peekskill, ay minsang tinanong sa pagiging paboritong anak ng kanilang bayan, at siya ay sumagot na hindi siya ang paboritong"
sports,tl,wikipedia_tl,"si ian alexandrovich nepomniachtchi (ipinanganak noong hulyo 14, 1990) ay isang pandaigdigang granmaestro sa larangan ng ahedres (chess grandmaster) mula sa bansang russia. nagwagi siya sa russian superfinal noong mga taong 2010 at 2020, napagtagumpayan din niya ang european individual title noong 2010. taong 2008 at 2015 nang pagtagumpayan niya ang aeroflot open, at noong 2016, nanalo siya sa tal memorial. kasapi siya ng koponan ng rusya na nagwagi sa world team chess championship sa antalya (2013) at astana (2019). kasama din siya ng pambansang koponan na nagwagi noong 2015 european team chess championship sa reykjavik, iceland. noong taong 2016, kinilala siyang pang-4 sa buong mundo sa larangan ng rapid chess at blitz chess. dati na siyang nagwagi ng dalawang silver medals sa world rapid championship, isang silver medal sa world blitz championship, at kampeonato sa 2008 ordix open. noong disyember 2019, dahil sa pagkapanalo ng second place sa fide grand prix 2019, nakapasok siya sa candidates tournament 2020-2021. nagwagi din siya sa 2021 fide candidates tournament kaya naman nakapasok siya sa world chess championship 2021 bilang challenger sa pagkakamit ng titulo ng pandaigdig"
sports,tl,wikipedia_tl,"ang palarong asyano 2018 (indonesian: pesta olahraga asia 2018, [citation kinakailangan]), na opisyal na kilala bilang ika-18 palarong asyano at kilala rin bilang jakarta – palembang 2018, ay isang pan-asian na multi-sport event na ginanap mula 18 agosto hanggang 2 setyembre 2018 sa mga lungsod ng indonesia ng jakarta at palembang. ang olympic council of asia (oca) ay orihinal na iginawad ang mga laro sa hanoi, vietnam noong nobyembre 2012, ngunit ang mga karapatan sa pagho-host ay binigyan ng labing pitong buwan mamaya. ang indonesia, na orihinal na natapos sa pangalawa sa bid, ay itinuturing na ang pinakamalakas na kandidato kapalit at kalaunan ay iginawad ang mga karapatan sa gitna ng mga palarong 2014. ang surabaya, na inilunsad ng lungsod sa panahon ng bid, ay pinalitan ng jakarta at palembang, na pinagsama ang palaro ng timog silangang asya 2011. sa kauna-unahang pagkakataon, ang tag-init na palarong asyano ay co-host ng dalawang lungsod; ang kabisera ng indonesia sa jakarta (na nagho-host sa mga laro sa unang pagkakataon mula pa noong 1962), at ang palembang, ang kabisera ng lalawigan ng south sumatra. ang mga kaganapan ay ginanap sa loob at sa paligid ng dalawang lungsod,"
sports,tl,wikipedia_tl,"ang indie game, maikli para sa independent video game (sa literal na tagalog ay malayang larong bidyo), ay isang video game na karaniwang ginagawa ng mga indibidwal o mas maliliit na development team na walang pinansiyal at teknikal na suporta mula sa isang malaking tagapaglathala ng laro. naiiba ito sa karamihan ng mga ""aaa"" (triple-a) na laro . dahil sa kanilang kalayaang bumuo, ang mga indie na laro ay kadalasang nakatuon sa pagbabago, pang-eksperimentong gameplay, at pagkuha ng mga pagsubok o panganib na hindi karaniwang ibinibigay sa mga larong aaa. ang mga indie na laro ay may posibilidad na ibenta sa pamamagitan ng mga digital na pamamahagi kaysa idaan sa retail dahil sa kakulangan ng suporta ng tagapaglathala. ang termino ay kasingkahulugan ng malayang musika o malayang pelikula sa kani-kanilang mga midyum. ang pagbuo ng indie na laro ay nagmula sa parehong mga konsepto ng mga baguhan at hobbyist na pagpapaprograma na lumago sa pagpapakilala ng personal na kompyuter at ang simpleng basic na wika ng computer noong 1970s at 1980s. ang mga tinatawag na bedroom coder, partikular sa reyno unido at iba pang bahagi ng europa, ay gumawa ng sarili nilang mga laro at gumamit ng mail"
sports,tl,wikipedia_tl,"ang ika-23 palaro ng timog silangang asya ay naganap sa pilipinas noong 27 nobyembre hanggang 5 disyembre 2005. nagsimula ang football para sa kalalakihan noong nobyembre 20, ang water polo noong nobyembre 21, football para sa kababaihan noong nobyembre 23, paglalayag. at tennis noong nobyembre 26. naibigay ang unang gintong medalya sa singapore noong nobyembre 25 ng manalo ang kuponan nito sa water polo, kasama ang kuponan nang mga pilipinas na nagkamit ng medalyang pilak at medalyang tanso namana ang kuponan ng malaysia. kinukunsidera ang mga laro bilang isang kahangahangang pangyayari at isang mahalagang pagkakataon para sa mga atleta na magkaroon ng karanasan at paghahanda para sa darating na asian games at olympic games. ang pagtibayin ang pagkakaibigan, pagkaisa at pagkakaunawaan ng mga bansa satimog-silangang asya ay ang nilalayon ng mga larong ito. ito ang ikat-long pagkakataon na sa pilipinas ito naganap, noong 1991 at 1981 ang huling dalawa. bagaman nakisentro sa maynila ang karamihan ng mga laro, nakakalat ang mga labanan sa sampo na mga iba pang lungsod sa bansa. nakitang hindi pabor sa ibang mga kuponan ng ibang bansa ang gantong kalagayan na maaaring magkaroon ng mga"
sports,tl,wikipedia_tl,"ang angry birds (lit. mga galit na ibon) ay isang palaisipang larong bidyo ng rovio entertainment mula sa pinlandya. ang laro na ito ay nagtatampok ng mga ibon na walang pakpak o binti. gumagamit ang manlalaro ng tirador upang pabagsakin ang mga baboy na nasa itaas o sa iba't ibang istruktura. kailangang sirain ng manlalaro ang lahat ng mga isktruktura sa mapa upang magbukas ng isa pang antas. sa isa pang laro na itinatawag na bad piggies (lit. masamang mga baboy), iginaganap ng mga manlalaro ang mga baboy. pangunahing nakuha ang inspirasyon sa isang guhit ng nakaestilong ibong walang pakpak, unang nailabas ang laro para sa mga kagamitang ios at maemo simula noong disyembre 2009. simula noon, may higit na sa 12 milyong kopya ang laro na binili sa ios app store, na nag-udyok sa mga tagagawa na magdisenyo ng mga bersyon sa ibang touchscreen (o iskrin na napipindot) na mga smartphone, kapansin-pansin ang mga kagamitang android, symbian, windows phone, at blackberry 10. lumawak na ang serye upang isama ang mga titulo para sa mga dedikadong console ng larong bidyo at personal na kompyuter. sumunod dito ang angry birds 2 na nailabas noong hulyo 2015 para sa ios at android. noong mga"
sports,tl,wikipedia_tl,"ang larong go ay isa sa pinakapopular na laro sa buong mundo. dahil sa kaniyang mga eleganteng at simpleng kautusan, ang laro ay matagal na inspirasyon para sa matematikal na pananaliksik. nagtasa si shen kuo, isang tsinong iskolar ng ika-11 na siglo, sa kaniyang mga sanaysay ng lawa ng mga panaginip () na dami ng mga posibleng posisyon ng tabla ay mga 10172. sa mas kamakailang mga taon, ang pananaliksik ng laro ni john horton conway ay nagdulot ng imbensyon ng mga surreal na bilang at nag-ambag sa kaunlaran ng teorya ng larong kombinatoryal. ang isang espesipikong paggamit ng tlk sa go ay mga go infinitesimal (sa ingles). komputasyonal na komplehidad sa heneral nilalaro ang go sa mga tablang n × n, at ay komputasyonal na komplehidad para magtasa ng nagwagi sa ilang posisyon ng go ay krusyal na nagdedepende sa mga kautusang ko. ang go ay ""halos"" nasa pspace, kasi sa normal na paglalaro, hindi nababawiin ang mga tira, at lang sa pamamagitan ng paghuli may posibilidad ng mga padrong inuulit na kailangan para sa isang mas mahirap na komplehidad. kung wala ko kung wala ko, ang go ay pspace-mahirap. ang pruweba ay sa pamamagitan ng kabawasan ng pormulang totoong dinadamihan ni boole (,"
sports,tl,wikipedia_tl,"ang palarong olimpiko sa tag-init 1964, na opisyal na kilala bilang mga laro ng xviii olympiad (, hepburn: dai jūhachi-kai orinpikku kyōgi taikai), ay isang pang-internasyonal na multi-sport event na ginanap sa tokyo, japan, mula sa 10 hanggang 24 oktubre 1964. ang tokyo ay iginawad sa samahan ng palarong olimpiko sa tag-init 1940, ngunit ang karangalang ito ay kasunod na ipinasa sa helsinki dahil sa hapon na pagsalakay ng china, bago tuluyang kinansela dahil sa ikalawang digmaang pandaigdig. ang larong tag-init ng 1964 ay ang unang olympics na ginanap sa asya, at sa kauna-unahang pagkakataon na ang south africa ay ipinagbawal mula sa pakikilahok dahil sa sistemang apartheid nito sa isport. [2] [3] (ang south africa ay, gayunpaman, pinapayagan upang makipagkumpetensya sa palarong paralimpiko sa tag-init 1964, na gaganapin din sa tokyo, kung saan ginawa nito ang paralympic games debut.) [4] ang tokyo ay napili bilang host city sa ika-55 na ioc session sa west germany, sa 26 mayo 1959. ang mga larong ito rin ang unang naging telecast sa buong mundo nang walang pangangailangan para sa mga teyp na mailipas sa ibang bansa, tulad ng naging sila noong 1960 ng olympics apat na taon bago."
sports,tl,wikipedia_tl,"freestyle street basketball kilala din bilang freestyle o fssb ay isangsport mmo na ginawa ng jc entertainment. may iba't ibang bersyon ng larong ito ang iba't ibang rehiyon ng mundo. libre ang larong ito ngunit para kumita gumagamit sila ng isang microtransaction business model. nilaro sa maraming bansa ngunit ang bersyon ng hilagang amerika na ginawa ng sierra online ay naisara na kamakailan. gameplay ang larong ito ay naka-base sa dami ng experience na nakukuha mo kada-laro. kapag ang isang manlalaro ay narating ang isang dami ng experience, tataas ang kanilang level at madadagdagan ang kanilang ""attribute points"". ang attribute points ay ginagamit upanag palakasin ang kakayahan ng isang manlalaro sa pagtakbo, pagtalon, pag-dribble, pagnakaw ng bola at pagpasa. ang freestyle ay gumagamit ng isang micropayment business model kung saan ang mga manlalaro ay bumibili ng pera na gagamitin sa laro, ito ay ang gkash. isa pang pera sa laro ay ang points, ito naman ay nakukuha pagkatapos ng isang laro. ang gkash at points ay parehong ginagamit para makabili skills, freestyles, damit at iba't ibang palamuti. ngunit may ibang mga gamit at skills na mabibili mo lamang gamit ang gkash. ang"
sports,tl,wikipedia_tl,"ang 1968 summer olympics (espanyol: juegos olímpicos de verano de 1968 ), opisyal na kilala bilang mga laro ng xix olympiad, ay isang pandaigdigang palarong pampalakasan na ginanap sa lungsod ng mehiko, mehiko, mula oktubre 12 hanggang ika-27. ito ang mga unang palarong olimpiko na itinanghal sa latin america at ang una na itinanghal sa isang bansang nagsasalita ng espanyol. sila ang kauna-unahang palaro na gumamit ng makinis na track para sa mga kumpetisyon sa track at field sa halip na ang tradisyonal na cinder track. ang palarong 1986 ang pangatlo na ginanap sa huling sangkapat ng taon, pagkatapos ng palarong 1956 sa melbourne at ang palarong 1964 sa tokyo. ang kilusang mag-aaral ng mehiko ng 1968 ay nangyari kasabay ang palarong olimpiko at inuugnay sa panunupil ng gobyerno. ang estados unidos ang nanalo ng pinakamaraming ginto at pangkalahatang mga medalya sa huling pagkakataon hanggang 1984. pagpili sa punong-abalang lungsod noong oktubre 18, 1963, sa ika-60 sesyon ng ioc sa baden-baden, kanlurang alemanya, ang lungsod ng mexico ang nagwagi sa kanilang pagtataya mula sa detroit, buenos aires at lyon upang pagdausan ng palaro. olimpikong paghatid ng sulo ang paghahatid ng"
sports,tl,wikipedia_tl,"ang baki the grappler ay isang manga na likha ni keisuke itagaki. ito ay isina-telebisyon bilang isang programang anime na pinalabas sa japan sa tv tokyo mula noong ika-8 ng enero, 2001 hanggang ika-25 ng hunyo, 2001. ipinalabas ang baki the grappler sa pilipinas sa gma network. kuwento ang baki the gappler ay tungkol sa isang lalaking nagngangalang baki hanma at ang hangad niyang makuha ang korona ng ""grappling"" (isang uri ng pagligsahan sa pagbubuno) mula sa ama niyang si yujirou. mga tauhan baki hanma: anak siya ng batikang ""grappler"" na si yujirou hanma. nag-umpisang magsanay si baki sa pagiging ""grappler"" noong tatlong taon pa lamang siya sa pamamahala ng iba't ibang guro. noong labing-tatlong gulang siya, iniwan niya ang kanyang mga guro upang magsanay ng mag-isa at sumunod sa yapak ng kanyang ama. noong labing-pitong taong gulang si baki, bihasa na siya sa iba't ibang uri ng pakikipaglaban at matapos nito ay nakipagsapalaran siya sa mga lihim na paligsahan na pinangangasiwaaan ni mitsunari tokugawa. yujirou hanma: ama siya nina baki hanma at jack hammer (o jack hanma). siya ang tinaguriang pinakamalakas na ""grappler"" sa buong mundo at gumagamit siya ng iba't-ibang"
sports,tl,wikipedia_tl,"ang , karaniwang pinapaikli bilang ""madoka magica"", ay isang hapones na seryeng pantelebisyon na anime na ipinalabas ng shaft at aniplex. ginabayan ang serye ni akiyuki shinbo, disenyong pangtauhan ni ume aoki kasama si takahiro kishida na ginawa ang adapsiyong disenyong pangtauhan at isinulat ni gen urobuchi. ginawa naman ni yuki kajiura ang anta para sa seryeng anime. tungkol ang seryes sa buhay at karanasan ng isang grupo ng mga magagandang babaeng tinedyer na haponesang estudyante sa middle-school na naging mga mahikerang babae o magical girl at sinusubaybayan ng palabas ang kanilang laban sa mga wirdong kalaban na tinatawag na mga ""mangkukulam"" o witch sa loob ng istorya. unang inanunsiyo ang serye sa pangkalakalan (commercial) na haligi sa tuwing seryeng anime na togainu no chi. ang unang mga episodyo ng seryes ay ipinalabas sa japan sa istasyong tbs at mbs noong enero hanggang marso 2011, at ang huling dalawang episodyo ay ipinalabas lamang sa abril 2011 dahil nakansela ito ng tsunami at lindol sa japan noong 2011. isang manga na base sa seryes at iba pang mga kasamang karagdagang manga ay inilathala ng houbunsha at ginawa sa north america sa ilalim ng lisensiya ng yen"
sports,tl,wikipedia_tl,"ang blackwater bossing ay isang propesyonal na koponan ng basketbol na kasapi sa philippine basketball association. ang koponan ay pinagmamay-ari ng ever bilena cosmetics, inc. nagsimula ang prangkisang ito bilang isa sa mga unang koponan na naging kasapi ng pba developmental league. ito ay nailipat sa pba simula noong panahong pba 2014–15 bilang isang panibagong koponan. ang koponan ay ipinangalan sa isang uri ng pabangong panlalaki ng ever bilena. kasaysayan pba d-league ang blackwater ay isa sa mga unang koponan ng pba developmental league (pba d-league). nanalo ito ng isang kampiyonato, ang 2013 pba d-league foundation cup. bago sumali ang blackwater sa pba, ang koponan na ito ay sumali rin sa dating philippine basketball league, kung saan ay nakilala sila bilang ""blu detergent"" sa philippine basketball league (pbl), kilala bilang unang pilipinong koponan na pinaglaruan ni asi taulava. paglipat sa pba, pag-aplay ng bagong prangkisa noong 10 abril 2014, ang ever bilena cosmetics, inc., kasama na rin ang manila north tollways corporation (nlex road warriors) at columbian autocar corporation (kia sorento) ay nabigyan ng katuparan ng pba board of governors upang makasali sa liga"
sports,tl,wikipedia_tl,"ang game dev tycoon ay isang larong business simulation na ginawa ng greenheart games, na unang ipinalabas noong ika-10 ng disyembre 2012. sa larong ito, ang manlalaro ay inatasan na mag-isip at bumuo ng sarili nitong mga laro. ang game dev tycoon ay base sa ios at android game na game dev story, na ginawa naman ng kairosoft, at maraming mga kritiko ang nakakita ng pagkakapareho sa dalawang laro. ang game dev tycoon ay ginawa ng greenheart games, isang kompanya na itinatag noong hulyo 2012 ng magkakapatid na sina patrick at daniel klug. kontra-pamimirata gumawa ng isang kakaibang hakbang ang mga developer ng game dev tycoon upang masupil ang pamimirata ng nasabing laro. dahil sa inaasahang malawakang pagto-torrent sa oras na ilabas nila ang laro, si patrick klug, tagapagtatag ng greenheart games, ay sadyang naglabas ng cracked version at ibinahagi ito sa mga torrent sites. ang laro ay parehong-pareho sa orihinal na bersyon ngunit may isang pagkakaiba, habang patuloy sa pag-usad ang manlalaro, siya ay makakatanggap ng isang mensahe: sa huli, ang mga manlalaro na gumamit ng cracked version ay malulugi, sa kadahilanan ng pamimirata. ang news site na ars technica ay nag-ulat na iilan"
sports,tl,wikipedia_tl,"ang nba 2k11 ay isang video game na basketball na binuo ng visual concepts at 2k sports at inilathala ng 2ksports. ito ay inilabas noong ika-5 ng oktubre, 2010 sa xbox 360,playstation 2, playstation 3, psp, pc, habang ang bersyon ng wii ay inilabas noong ika-21 ng oktubre, 2010. si michael jordan ng chicago bulls ang pangunahing atleta ng laro at siya ay itinampok sa iba't ibang paraan. ang nba 2k11 ay ang sumunod sa nba 2k10. ponograma ang kumpletong ponograma ng nba 2k11 ay inihayag noong ika-29 ng hulyo, 2010 at binubuo ng hip hop at indie rock. snoop dogg – ""nba 2k theme"" big boi – ""shutterbugg"" drake – ""over"" cassidy – ""game time"" ron artest – ""champion"" kidz in space – ""downtime"" duck-down all-stars featuring buckshot,skyzoo, promise, and sean price – ""better than you"" the alan parsons project – ""sirius"" art vs. science – ""hollywood"" big rock candy mountain – ""rocketship"" the brunettes – ""red rollerskates"" chicharones – ""little by little"" children collide – ""skeleton dance"" the constellations featuring asher roth - we're here to save the day dan black featuring kid cudi – ""symphonies (remix)"" delorean – ""deli"" ev – ""home of the brave (instrumental)"" failsafe – ""hope"""
sports,tl,wikipedia_tl,"ang kampeonato ng fiba asya ng basketbol para sa mga lalaki taong 2007 o 2007 fiba asia men's basketball championship ay isang torneong pang-kwalipika para sa fiba asya sa panlalaking torneo ng basketbol sa palarong olimpiko 2008 sa beijing, tsina sa buwan ng agosto, taong 2008. ang torneong ito ay ginanap sa tokushima, hapon mula 28 hulyo 2007 hanggang 5 agosto 2007. ang mga kalahok na koponan ay nakapasa sa mga pang-rehiyonal na paligsahan at ang iba naman ay nagkwalipika sa pamamagitan ng naunang edisyon ng palaro kung saan ang tatlong pinakamagaling na koponan ay nakasali sa edisyon ito. ang tsina, bilang ang bansang punong-abala, ay mayroong awtomatikong puwesto para sa palarong olimpiko, ang kampeon ay magkakaroon ng posisyon sa palarong olimpiko at ang dalawang (2) pinakamagaling na koponan, hindi kasama ang tsina, ay makapaglalaro sa pandaigdigang palaro ng fiba. kung mananalo ang koponan ng bansang tsina, ang runner-up ay magkwa-kwalipika sa olimpiko. sa pagtatapos ng preliminary rounds, apat na koponan ang naka-abante sa quarterfinals ng walang talo: iran, qatar, timog korea at ang bansang punong-abala, hapon. nagkampeon ang koponan ng iran laban sa koponan ng lebanon at"
sports,tl,wikipedia_tl,"ang at ay mga uri ng role-playing game na nilikha ng game freak at inilathala naman ng nintendo para sa konsolang nintendo 3ds. sila ang mga kauna-unahang mga laro sa pangunahing serye na laro ng pokémon na ilalabas para sa nintendo 3ds. ang mga larong ito ay ilalabas sa buong mundo sa 12 oktubre 2013 na kung saan kauna-unahang mga laro sa nintendo na ilalabas sa hapon, hilagang amerika, australya, europa at timog korea ng sabay-sabay. ang mga larong ito ay malalaro sa pitong iba't ibang mga wika: hapon, ingles, aleman, espanyol, pranses, italyano, at koreano. buod katulad ng mga dating laro ng pokémon, ang manlalaro ay gaganap bilang isang tagasanay na maglalakbay sa buong rehiyon, manghuhuli ng mga nilalang na ang tawag ay pokémon at gagamitin ang mga ito upang makipag-laban sa iba pang mga tagasanay. sa kauna-unahan ng serye, ang mismong laro, kasama na ang mga paligid, manlalaro at pakikipaglaban sa loob ng laro ay nakapresenta na ng buong 3d na grapika. sa mga larong ito ay magpapakilala ito ng mga bagong uri ng pokémon kasama na ang tatlong bagong pansimulang pokémon; ang mukhang tsipmank na grass-type na si chespin (), ang mukhang asong lobo na fire-type na si fennekin ()"
sports,tl,wikipedia_tl,"christopher leak (ipinanganak 3 mayo 1985 sa charlotte, north carolina) ay isang american football quarterback para sachicago bears ng national football league. noong 2006, pinangunahan niya ang florida gators ipang magtala ng 13-1 record, na nagtapos sa pagiging kampiyon nila para sa bcs championship matapos ang isang 41-14 na kompetisyon laban sa ohio state buckeyes. bagama't nagdekalara siya ng pagnanais na mapabilang sa 2007 nfl draft, hindi siya napabilang sa dito, at pumirma lamang ng kontrata bilang isang free agent para sa chicago bears. si chris ay kapatid ng isa pang manlalaro ng nfl at idependence alumni na si c.j. leak. karera sa sekondarya si chris ay pumasok sa independence high school sa charlotte, nc, kung saan pinangunahan niya ang kuponan para sa tatlong magkakasunod na state championships sa ilallim ni head coach tommy knotts. karera sa kolehiyo sinimulan ni chris ang kanyang karera sa college football sa florida sa kanyang unang taon, at ginamit siya sa mga naunang kompetisyon, at napabilang din siya sa mga pangunahing manlalaro sa kanilang kompetisyon laban sa kentucky. natapos ang kanyang unang taon at nagtala siya ng record sa southeastern conference bilang"
sports,tl,wikipedia_tl,"ang isang piyesa ng ahedres ay alinman sa anim na magkakaibang uri ng mga bagay na maigagalaw, maililipat, o maitatanggal sa isang chessboard sa laro ng ahedres. maaari itong maging gawa sa kahoy, bakal, plastik, o anumang bagay na maaaring hulmahin ayon sa kani-kanilang hugis at anyo. sa ilang mga pagkakataon, maaari ring gamitin ang anumang bagay bilang pananda sa mga ito tulad ng mga takip ng bote o barya. bilang ng mga piyesa ang bawat manlalaro ay nagsisimula sa kabuuang labing anim na piyesa. ang mga piyesa na pagmamay-ari ng bawat manlalaro ay nakikilala sa pamamagitan ng kulay . ang mga mas matitingkad na kulay na piyesa ay itinukoy bilang ""puti,"" at ang manlalaro na nagmamay-ari nito, ""puti"". ang mas madidilim na kulay na mga piyesa ay itinutukoy bilang ""itim"", at ang manlalaro na nagmamay-ari nito, ""itim"". sa isang karaniwang laro ng ahedres, ang bawat isa sa dalawang manlalaro ay nagsisimula gamit ang mga sumusunod na labing anim na piyesa: ♔♚ 1 hari (king) ♕♛ 1 reyna (queen) ♖♜ 2 tore (rook) ♗♝ 2 obispo (bishop) ♘♞ 2 kabalyero/kabayo (knight) ♙♟ 8 kawal/sundalo (pawn) notasyon sa pagtatala ng mga piyesa, ginagamit ang alhebraikong pamamaraan. maaaring gamitin ang mga"
sports,tl,wikipedia_tl,"ang pambansang koponan ng basketbol ng brazil ay nasasaklawan ng brazilian basketball confederation (), pinaikli ay cbb. na bilang miyembro ng international federation of basketball (fiba) noong 1935. kompetisyong resulta palarong olimpiko pandaigdigang kopa ng basketbol palarong pan amerika fiba americup kampeonatong timog amerika koponan kasalukuyang manlalaro the roster for the 2019 fiba basketball world cup qualification (americas) games against venezuela on june 29 2018 and colombia on july 2 2018. tignan din brazil women's national basketball team pambansang koponan ng 3x3 ng brazil brazil national under-19 basketball team brazil national under-17 basketball team talasanggunian external links official website fiba profile history of brazilian basketball latinbasket – brazil men national team brazil basketball records at fiba archive brazil – tournament highlights – 2014 fiba basketball world cup youtube.com video mga pambansang koponan ng basketbol basketbol sa brazil"
sports,tl,wikipedia_tl,"ang saruta kogyo soccer club (猿田興業サッカー部) ay isang japanese football club na nakabase sa akita, ang kabiserang lungsod ng akita prefecture. naglalaro sila sa tohoku soccer league, na bahagi ng japanese regional leagues. ang kulay ng kanilang koponan ay asul at nagwagi sila sa emperor's cup akita prefectural title sa loob ng dalawang taon na magkakasunod. kasaysayan ang club na nakabase sa akita, ay itinatag noong 1970. nanalo sila ng akita prefecture league noong 2011 at 2013. natapos ng koponan ang unang pwesto sa tohoku soccer leage division 2 north nang dalawang beses. profile ng kumpanya ang saruta kogyo co., ltd. ay isang kumpanya na nagdadalubhasa sa mga sunog sa sunog na mga kagamitan sa pag-iwas sa sakuna, materyal sa paggawa ng papel, pag-recycle, mga kahoy na palyet at real estate. kasalukuyang pangkat source source mga kilalang manlalaro yo kinouchi kenta tsuchiya tala bilang kasapi ng league karangalan emperor's cup akita prefecture preliminary: champions: 2020, 2021 tohoku soccer league division 2 north: champions: 2015, 2018 akita prefecture soccer league: champions: 2011, 2013 emperor's cup records akita prefecture kwalipikasyon tohoku soccer league records 2007"
sports,tl,wikipedia_tl,"ang undertale ay isang 2015 2d role-playing video game na nilikha ng amerikanong indie developer na si toby fox. kinokontrol ng manlalaro ang isang bata na nahulog sa underground: isang malaki, liblib na rehiyon sa ilalim ng ibabaw ng mundo, na pinaghihiwalay ng isang mahiwagang hadlang. ang manlalaro ay nakakatugon sa iba't ibang mga halimaw sa panahon ng paglalakbay pabalik sa ibabaw, bagaman ang ilang mga halimaw ay maaaring makipag-away sa manlalaro. kasama sa combat system ang manlalaro na nag-navigate sa pamamagitan ng mini- bullet hell attacks ng kalaban. maaari silang magpasyang kaybiganin o supilin ang mga halimaw upang maligtas sila sa halip na patayin sila. ang mga pagpipiliang ito ay nakakaapekto sa laro, kung saan ito ay may pagbabago sa diyalogo, mga karakter, at kuwento batay sa mga kinalabasan ng mga desisyon ng manlalaro. sa labas ng mga likhang sining (artwork) at mga disenyong pang-karakter ni temmie chang, binuo ni fox ang kabuuan ng laro nang mag-isa, kasama ang script at musika. ang laro ay nakakuha ng inspirasyon mula sa ilang mga sikat na laro, kabilang ang brandish, mario & luigi, at mother role-playing game series, bullet hell shooter series na touhou"
sports,tl,wikipedia_tl,"ang kampeonato ng fiba asya ng basketbol para sa mga lalaki taong 2013 o 2013 fiba asia men's basketball championship ay isang torneong pang-kwalipika para sa fiba asya sa panlalaking torneo ng basketball sa fiba pandaigdigang kopa ng basketbol 2014 sa madrid, espanya. ang torneo ay ginanap sa manila, pilipinas noong agosto 1-11. sa beirut, lebanon dapat gaganapin ang torneo ngunit naibigay sa pilipinas dahil sa digmaang sibil na nangyari at sa alanganing seguridad doon. pagkamarapat ayon sa mga panuntunan ng fiba asya, ang bansang kung saan gaganapin ang torneo, ang pilipinas at ang kampeon sa 2012 cup ng fiba asya, ang iran ay awtimatikong nasali sa torneo. ang silangang asya, kanlurang asya, timog-silangang asya at ang golpo bawat isa ay dalawa ang masasaling koponan, samantala, ang gitnang asya at ang timog asya bawat isa ay isa lang ang masasaling koponan. samakatwid, kasama ang hapon, qatar, tsina at ang chinse taipei ay ang nangugunang apat sa kanilang torneo kaysa sa iran at sa pilipinas na pareho ang nakwalipika, kaya't ang silangang asya ay nagdagdag ng tatlong bakante at ang golpo ay nagdagdag ng isa. kabilang sa mga koponan na sumali noong 2011, ang uzbekistan at ang"
sports,tl,wikipedia_tl,"ang minecraft ay isang larong 3d tungkol sa pagsisira at paglalagay ng mga bloke, sa daigdig na yari din sa bloke. ginawa ito noong 2009 ng isang suwekong tagaprograma na nagngangalang markus persson (kilala rin bilang notch) at nang kinalaunan, nilimbag ito ng isa ring suwekong kompanya, ang mojang. paglalaro ang pangunahing karakter sa laro ay si steve (sa bedrock at sa java) at si alex (lumabas ang karakter na ito pagkatapos ang update na 1.8 sa java). ang larong ito ay isang sandbox video game kung saan malaya ang manlalaro na makakapagbuo ng mga istraktura o bahay para maprotektahan ang karakter ng manlalaro sa kalabang mga halimaw. ang layunin talaga sa larong ito ay ang mapatay ang ender dragon (unang boss sa minecraft). makikita ang ender dragon sa ""the end"" na kung saan kapag nakapasok rito ay hindi puwedeng bumalik sa overworld hanggat mapatay ang dragon. ang portal sa ""the end"" ay binubuo ng 12 na end portal frames at eye of ender. pagkatapos matalo ang ender dragon, makukuha ang dragon egg. lalabas rin ang end poem at ang mga kredito. pagkatapos nito ay babalik ang manlalaro sa overworld. mayroon pang isang portal na tinatawag na ""the nether"". binubuo ito ng 6x4 (o"
sports,tl,wikipedia_tl,"ang popcap games ay isang amerikanong video game developer at publisher na nakabase sa seattle, at isang subsidaryo ng electronic arts. ito ay binuo noong 2000 nina john vechey, brian fiete at jason kapalka at sa kasalukuyan ay may 400 na kataong nagtratrabaho dito. karamihan sa mga laro ng popcap ay malalaro ng libre sa limitadong oras o buong bersyon. ang bejeweled ay bumenta ng mahigit 50 milyong units sa lahat ng mga pangunahing flatform. ang popcap games ay magagamit sa web, pc at mac, nintendo ds, nintendo dsi, wii, xbox, xbox 360, playstation 3, zeebo, cell phones, pdas, ipod classic, iphone, ipod touch at ipad maging sa ibang mobile devices at noong hunyo 2010, kanilang inanunsiyo na gagawa na rin sila ng laro para sa android operating system. kasaysayan 2000-hulyo 2007: orihinal na mga laro itinayo ang popcap games noong 2010 at gusto nilang makalikha ng mga laro sa pamamagitan ng pagtuklas mula sa ibang internet gaming sites. ang kanilang unang laro na bejeweled, isang huge-hit gem-swapping game,ay suportado ng lahat ng pangunahing flatforms at nakatanggap ng patimpalak mula sa computer gaming world hall of fame noong 2002. lumawak ang kompanya noong 2005 sa pagkuha ng"
sports,tl,wikipedia_tl,"si andrew tyler hansbrough (ipinaganak noong november 3, 1985 sa columbia, missouri), kilala sa tawag na ""psycho t"", ay isang amerikanong manlalaro ng basketball para sa koponan ng guangzhou long-lions. si hansbrough ay miyembro ng 2006 at 2007 atlantic coast conference all conference team at ng 2006 acc freshman of the year. karera sa high school si hansbrough ay nag-aral sa poplar bluff high school na matatagpuan sa poplar bluff, missouri kung saan siya ay namuno sa mules sa sunod-sunod ns pagkapanalo sa missouri state championships sa mshsaa (missouri state high school activities association) class 5 ng 2003-2004 at 2004-2005 seasons. noong 2005, si tyler hansbrough ay tumulong sa poplar bluff upang matalo antg noon ay wala pang talo at ang nangunguna sa bansa, ang vashon high school. noong nasa high school siya, ginawa niyang all-state team ang koponan ng missouri ng dalawang beses at gumawa ng average na 28.2 puntos at 13.4 rebounds kada laro se kanyang senior. si hansbrough ay tumanggap ng alok upang maglaro ng basketball para sa north carolina, hindi niya tinaggap ang alok na scholarship para maglaro sa duke, florida, missouri, kansas at kentucky. karera sa kolehiyo"
sports,tl,wikipedia_tl,"ang super mario maker 2 ay isang platform ng laro ng platform at paglikha ng laro na binuo at nai-publish ni nintendo para sa nintendo switch. ito ang sumunod na pangyayari sa super mario maker, at inilabas ito sa buong mundo noong 28 hunyo 2019. ang gameplay ay higit sa lahat ay napanatili mula sa nauna nito, kung saan ang mga manlalaro ay lumikha ng kanilang sariling pasadyang mga kurso gamit ang mga assets mula sa iba't ibang mga laro sa buong super mario franchise at ibahagi ang mga ito sa online. ipinakikilala ng super mario maker 2 ang mga bagong tampok at pag-aari ng kurso, kabilang ang isang bagong istilo ng kurso at mga asset batay sa super mario 3d world. gameplay tulad ng hinalinhan nito, ang super mario maker 2 ay isang laro ng platform na side-scroll kung saan ang mga manlalaro ay lumikha ng kanilang sariling mga kurso gamit ang mga assets mula sa buong serye ng super mario at i-publish ang mga ito sa internet para sa iba pa na maglaro. ang mga manlalaro ay maaaring pumili mula sa isang pagpipilian ng naunang mga laro ng super mario upang ibase ang visual style at gameplay ng kanilang kurso sa, kabilang ang super mario bros., super mario bros 3, super mario world, new"
sports,tl,wikipedia_tl,"si shohei ohtani (大谷 翔平, ōtani shōhei, ipinanganak hulyo 5, 1994), binansagang ""showtime"" at ""the unicorn"", ay isang hapones na propesyonal baseball pitcher, itinalagang hitter at outfielder para sa los angeles angels ng major league baseball (mlb). dati siyang naglaro para sa hokkaido nippon-ham fighters ng nippon professional baseball's (npb) pacific league. itinuring nang maaga bilang mahusay na two-way na manlalaro, si ohtani ang unang pinili ng fighters noong 2012 draft. naglaro siya sa npb para sa fighters mula 2013 hanggang 2017 bilang pitcher at outfielder, at nanalo sa 2016 japan series kasama nila. ang fighters ay nag-post ni ohtani sa mlb pagkatapos ng 2017 season, at siya ay pumirma sa angels, sa lalong madaling panahon ay nanalo ng 2018 american league (al) rookie of the year award. kasunod ng isang pinsalang sinalot noong 2019 at 2020, magpapatuloy si ohtani na magkaroon ng 2021 season na malawak na itinuturing na makasaysayan, dahil siya ang naging una sa kasaysayan ng mlb na may 10+ home run at 20+ stolen base bilang isang hitter at 100+ mga strikeout at 10+ pitching appearances bilang pitcher sa parehong season habang hawak din ang hindi bababa sa bahagi ng major"
sports,tl,wikipedia_tl,"ang 1971 ay isang karaniwang taon na nagsisimula sa biyernes sa kalendaryong gregorian. kaganapan kapanganakan enero enero 2 taye diggs, artista ng amerikano renée elise goldsberry, artista ng amerika, mang-aawit at manunulat ng kanta enero 5 - mayuko takata, artista ng hapon enero 7 dj ötzi, taga-aliw na austrian at mang-aawit jeremy renner, amerikanong artista, mang-aawit at tagagawa enero 9 mf doom, rapper ng british scott thornton, manlalaro ng hockey ng canada enero 11 - mary j. blige, amerikanong mang-aawit enero 12 - peter madsen, negosyanteng taga-denmark, inhinyero, at nahatulang mamamatay-tao enero 14 - lasse kjus, norwegian alpine skier enero 15 - regina king, artista ng amerika enero 17 kid rock, mang-aawit ng rock na amerikano lil jon, amerikanong rapper, tagagawa at artista enero 18 pep guardiola, manlalaro ng putbol sa espanya at tagapamahala ng manchester city f.c. binyavanga wainaina, kenyan manunulat (d. 2019) enero 19 - shawn wayans, artista ng amerikano enero 20 - gary barlow, british singer-songwriter enero 24 - stanislas merhar, artista ng pransya enero 26 - li ming, chinese footballer at football executive enero 27 - fann wong, aktres ng singaporean na"
sports,tl,wikipedia_tl,"ang sumusunod na balangkas ay nagsisilbing buod at gabay pampaksa sa pilipinas: pangkalahatang sanggunian pangalan: pilipinas o filipinas (impormal: ""pinas"") pagbigkas sa tagalog: , pangalan sa ingles: philippines o the philippines pagbigkas sa ingles: opisyal na pangalan: republika ng pilipinas, republic of the philippines mga daglat: ph o phl pampang-uri: pilipino, filipino, (sa ingles: philippine) pangalang turing: filipino/pilipino (panlalaki o pambalana, maliban sa iba pa), filipina/pilipina (pambabae) etimolohiya: ipinangalan kay felipe ii ng espanya mga pagraranggong pandaigdig ng pilipinas mga kodigong pambansa ng iso: ph, phl, 608 mga kodigong panrehiyon ng iso: tingnan ang iso 3166-2:ph country code top-level domain ng internet: .ph heograpiya ng pilipinas ang pilipinas ay: isang pangkapuluan at megadiverse na bansang pulo kinaroroonan: hilagang emisperyo at silangang emisperyo eurasya asya timog-silangang asya karagatang timog-silangang asya sona ng oras: pamantayang oras ng pilipinas (utc+08) mga extreme point ng pilipinas hilaga: pulo ng mavulis (y'ami), itbayat, batanes timog: bahura ng frances, sitangkai, tawi-tawi silangan: punto ng pusan, caraga, davao oriental"
sports,tl,wikipedia_tl,"ang pambansang koponan ng basketbol ng bhutan ang kumakatawan sa bhutan sa pandaigdigang palaro ng basketbol para sa kalalakihan at ito ay na sa ilalim ng bhutan basketball federation. noong 2011, nilaro ng koponan ng bhutan ang pinakauna nitong pandaidigang laro sa paligsahang pangkwalipika sa 2011 fiba asia championship sa new delhi. sa parehas na taon, ito rin ay sumali sa pandaigdigan paligsahan ng basketbol ng sheik kamal, na idinaos sa bangladesh. ang koponan ay ipinangalang pinaka-disiplinadong koponan sa 2013 saba championship. hindi pa nanalo ng kahit isang pandaigdigang laro ang bhutan (2013) mga tagasanay kim kiyong (2013-2015) tenzin jamtsho (2015-) mga sanggunian external links bhutan basketball - bhutan olympic committee facebook presentation - bhutan national basketball team facebook presentation - bhutan basketball federation basketbol mga pambansang koponan ng basketbol"
sports,tl,wikipedia_tl,"ang 40 pinakadakilang manlalaro sa kasaysayan ng pba (en: 40 greatest players in pba history) ay isang listahan ng mga manlalaro ng philippine basketball association na pinili noong 2000 at 2015 para igunita ang pagkatatag ng liga. ang unang bahagi, ang 25 pinakadakilang manlalaro ng sa kasaysayan ng pba (en: 25 greatest players in philippine basketball association history) ay pinili noong nang ipagdiwang ng liga ang kanilang ika-25 taong pagkakatatag. ang parangal na ito ay ipinamigay sa isang seremonya na ginanap sa araneta coliseum noong abril 9, 2000. ang apat na tagapagsanay (coach) na nagwagi ng grand slam, ang unang board of governors at ang mga naging komisyonado ng liga ay sabay ding pinangaralan. noong 2015, 15 manlalaro ang idinagdag sa listahan habang iginugunita ng pba ang kanilang ika-40 pagkatatagag. ang parangal ay ibinigay sa resorts world manila noong abril 8, 2015 at ito ay muling pinagalanan bilang. fab @ 40 (40th greatest players).</small> batayan ng kapasyahan ang sumusunod ay ang batayan ng kapasyahan na ginamit ng komite na namili ng mga manlalaro para sa parangal na ito: ang manlalaro ay dapat na naglaro ng hindi kukulang sa apat na buong panahon sa liga."
sports,tl,wikipedia_tl,"ang manila industrial and commercial athletic association, ay isang kaganapan ng maramihang palaro sa pilipinas. ginanap ang micaa mula noong 1938 hanggang 1981. nakilala ang micaa para sa liga ng basketbol nito, kung saan nakilahok ang pinakamagaling na apisyonadong manlalaro ng basketbol sa bansa. ang liga ng basketbol ng micaa ay unang ginanap noong 1938, sa pamamahala ng basketball association of the philippines (na ngayo'y naghinto na ng mga operasyon). ang mga manlalaro ay mga empleyado na humahawak ng karaniwang trabaho sa iba't-ibang kompanya, tulad ng pinapahiwatig ng pangalan ng micaa. ngunit, sa pag-tagal, ito ay naging isang mala-propesyunal na liga, at nagsimulang lumahok ang pinakamahusay na manlalaro ng basketbol sa bansa dito. ito ang naging unang tunay liga ng basketbol sa pilipinas hanggang sa siyam na mga koponan nito ay umalis sa micaa, at itinatag ang unang propesyunal na liga ng basketbol sa asya, ang philippine basketball association, noong 1975. dating koponan 7-up uncolas cfc/presto chelsea crispa floro redmanizers h.e. heacock, inc. komatsu/toyota comets manila ports terminal meralco reddywatts/reddy kilowatts/reddies philippine airlines skymasters puyat"
sports,tl,wikipedia_tl,"ang pambansang koponan ng futbol ng alemanya () ay ang panlalaking koponan ng futbol na ang kumakatawan sa alemanya sa mga paligsahang internasyunal mula 1908. ito ay pinamumunuhan ng german football association (aleman:deutscher fußball-bund tagalog:samahang futbol ng alemanya), na itinatag noong 1900. mula noon itinatag muli ang dfb noong 1949 ang koponan ay kumatawan sa republikang pederal ng alemanya. sa ilalamin ng pagsakop at paghati ng puwersang allied sa alemanya, dalawa pang pambansang koponan ay kinilala ng fifa: ang koponan ng saarland ang kumakatawan sa saarland (1950–1956) at ang koponan ng silangang alemanya ang kumakatawan sa demokratikong republika ng alemanya (1952–1990). ang parehas ay pinagsama, kasama na ang mga naging mga nakamit na talaan ng kasalukuyang koponan. ang opisyal na pangalan at kodigo ng koponan ay ""germany fr (frg)"" (tagalog: rp alemanya) ay ipinaikli sa ""germany (ger)"" (tagalog:alemanya) pagkatapos ng muli na pagsasama ng silangan and kanlurang alemanya noong 1990. ang alemanya ay isa sa mga pinakamatagumpay ng koponan sa mga paligsahang internasyunal, na nanalo ng kabuuang apat na world cup (1954, 1974, 1990, 2014) at tatlong kampeonatong"
sports,tl,wikipedia_tl,"si paolo banchero o paolo napoleon james banchero (ay pinanganak noong nobyembre 12, 2002) ay isang amerikano ay isang propesyonal na basketbolista ng orlando magic ng national basketball association (nba) naglaro siya ng basketball sa kolehiyo para sa duke blue devils banchero ay tinanghal na natatanging baguhan ng taon ng atlantic coast conference (acc) taong 2022. kasunod ng kanyang freshman season.ipinahayag niya para sa 2022 nba draft, kung saan siya ang pinaka unang napili ng orlando magic.banchero ay tinanghal na natatanging baguhan ng taon sa taoong 2023 maagang buhay banchero umabot sa taas na 3 talampakan (0.91 m) sa edad na 15 buwan. sa kanyang pagkabata, naglalaro siya ng basketball at american football at nakibahagi sa track. lumaki siyang naglalaro ng basketball sa rotary boys at girls club ng seattle pati na rin ang ebc camps pinaka-kapansin-pansin ang ballislife jr. all-american camp pagkuha ng inspirasyon mula sa kanyang ina, na naglaro ng propesyonal. sa ikapitong baitang banchero lumaki mula 6 ft 1 in (1.85 m) hanggang 6 ft 5 in (1.96 m).siya ay niraranggo sa nangungunang 50 ikawalo-grado sa buong bansa sa parehong basketball at football.. sa kaniyang unang taon"
sports,tl,wikipedia_tl,"ang plants vs. zombie 2: it's about time (minsan tinutukoy bilang mga plants vs zombies 2) ay isang larong tower ng pagtatanggol ng video game na binuo sa pamamagitan ng popcap games at na-publish sa pamamagitan ng electronic arts. ito ay ang sumunod na pangyayari sa mga halaman kumpara zombies, at ay inilabas sa buong mundo sa apple app store sa agosto 15, 2013 at google play sa oktubre 23, 2013. isang lagay ng lupa ang kalaban ng laro ay gumagamit ng isang oras machine na may pangalang penny upang maglakbay sa iba ' t ibang mga palsipikado-makasaysayang setting sa kanilang mga kapit-bahay, mabaliw dave, upang mahanap dave ni taco. ang kalaban ay nakikibahagi sa isang lahi sa pamamagitan ng oras na may dr. zomboss, ang pangunahing kalaban ng mga nakaraang laro, kung sino ang sinusubukan upang maiwasan ang isang kabalintunaan. gameplay plants vs. zombie 2: it's about time ay isang libreng-to-play na laro, hindi tulad ng kanyang hinalinhan, ang pagsuporta sa mga in-app pagbili ng mga barya upang gamitin ang mga tiyak na kapangyarihan up ang mga kakayahan: planta ng pagkain, ang isang bagong power-up, ay nagbibigay-daan sa mga halaman upang paganahin ng up para sa iba ' t ibang"
sports,tl,wikipedia_tl,"si eric gordon (ipinanganak noong disyembre 25, 1988) sa indianapolis, indiana ay isang amerikanong manlalaro ng basketbol na naglalaro para sa houston rockets sa nba. siya ay may taas na 6 na talampakan at 4 na pulgada at may timbang na 215 libras. siya ay anak ni eric at denise gordon. siya ay nagtapos ng high school ng taong 2007 sa north central high school sa indianapolis, indiana kung saan siya ay nagsimulang maglaro ng basketball. sa kasalukuyan siya ay isang freshman na manlalaro ng college basketball sa indiana university sa koponan ng indiana hoosiers na may posisyong shooting guard at may suot na jersey # 23 at itinuturing na isa sa mga mahuhusay na freshman sa bansa. ang kontrobersiya noong nobyembre ng taong 2005, si eric gordon na noon ay isang junior ay nakipagkasundo sa university of illinois. ngunit matapos na ang dating head coach ng oklahoma na si kelvin sampson ay tanggapin ang trabaho ng men’s basketball coaching sa indiana university, ang pamilya ng gordon ay nagsimulang makipag-usap sa indiana university. noong oktubre ng taong 2006, si eric gordon ay tumalikod sa pakikipagkasundo sa university of illinois at nakipagkasundo sa indiana university na"
sports,tl,wikipedia_tl,"si javaris crittenton (isinilang noong 31 disyembre 1987) ay isang amerikanong propesyonal na basketbolista na huling naglaro bilang point guard sa koponan ng washington wizards. siya ay dating panimulang point guard para sa koponan ng georgia tech men's basketball team. biograpiya ang buhay sa high school sijavaris crittenton ay isinilang ni sonya dixon sa atlanta, georgia. mayroon siyang isang nakababatang kapatid na babae na nagngangalang shaniya lee. si crittenton ay lumaki sa nagiisang magulang, ang kanyang ina. bilang isang bata, si javaris crittenton ay nahumaling sa paglalaro ng basketball; siya ay nagsasanay sa pambatang basketball hoop na nakuha pa niya sa araw ng pasko noong siya ay limang taong gulang pa lamang. siya ay patuloy na naglalaro dito hangang sa tuluyan itong masira. sa mga sumunod na taon nahirapan na ang kanyang ina na patigilin siya sa pagalalaro at pagsasanay ng basketball. subalit, sa kabila ng kanyang kahumalingan sa pagalalaro basketball, si javaris crittenton ay isang magaling na mag-aaral. despite this obsession crittenton was a good student as a child. si javaris crittenton ay pumasok sa southwest atlanta christian academy, kung saan sa ay naglaro"
sports,tl,wikipedia_tl,"ang sungka ay isang larong may tablang ginagamitan ng sungkaan—isang laruang tabla na kabilang sa mga mankala na may labing-anim na hukay—na nilalaro sa indonesia (borneo), singapore, at malaysia. tinatawag na tchonka, naranj, dakon o sungka na nilalaro sa ibang mga bahagi ng (pangkaraniwan na sa java), sri lanka, maldives, katimugang thailand, pilipinas at marianas. nagmula ang pangalang ""congklak"" mula sa katawang indonesia para sa mga maliliit na kabibeng tinatawag na sigay, na karaniwang ginagamit na piyesang panlaro. pinaniniwalang nagmula ang congkak mula sa salitang congak na nangangahulugang pagbilang sa matandang wika ng malaysia. pinaniniwalaang nagmula ang laro mula sa kaharian ng malaka kung saan na naging lubhang tanyag ito at kumalat patungo sa rehiyon ng timog hilagang asya. dahil sa maraming mga manlalakbay na mangangalakal na ito ang paglaganap na ito, sapagkat isang lungsod pangkalakalan ang kaharian ng malaka. noong mga naunang panahon, itinuturing na para sa hari, mag-anak ng hari, at mga naninirahan sa palasyo ang laro, ngunit nang lumaon lumaganap ito sa mga mamamayan sa loob ng kaharian. sapagkat kahugis ng isang bangka ang congkak, pinaniniwalaang may"
sports,tl,wikipedia_tl,"ang the oregon trail ay isang serye ng mga pang-edukasyon na laro sa computer. ang unang laro ay orihinal na binuo ni don rawitsch, bill heinemann, at paul dillenberger noong 1971 at ginawa ng minnesota educational computing consortium (mecc) noong 1974. ang orihinal na laro ay dinisenyo upang turuan ang mga bata sa ika-8 baitang ng paaralan tungkol sa mga katotohanan ng ika-19 na siglo buhay ng tagapanguna sa oregon trail. ipinapalagay ng manlalaro ang papel na ginagampanan ng isang pinuno ng bagon na gumagabay sa isang partido ng mga naninirahan mula sa independence, missouri, hanggang sa willamette valley ng oregon sa pamamagitan ng isang sakop na kariton noong 1848. kasaysayan noong 1971, si don rawitsch, isang nakatatanda sa carleton college sa northfield, minnesota, ay nagturo ng isang ika-8 baitang klase ng kasaysayan bilang isang guro ng mag-aaral. gumamit siya ng hp time-shared basic na tumatakbo sa isang hp 2100 minicomputer upang magsulat ng isang programa sa computer na makakatulong na turuan ang paksa. nagrekrut si rawitsch ng dalawang kaibigan at kapwa guro ng mag-aaral, sina paul dillenberger at bill heinemann, upang tumulong. ito ang mga orihinal na pangunahing"
sports,tl,wikipedia_tl,"matthew clayton flynn (ipinanganak noong june 20, 1985, sa tyler, texas) ay isang amerikanong football quarterback. siya ay nasa kanyang taon bilang isang senior ngaun sa louisiana state university. si flynn ay nagsisilbi bilang back-up ni jamarcus russell sa nakaraang dalawang season at nakatalaga upang palitan ito bilang starting quarterback ng lsu, sapagkat si russell ay nakapagpasya na pumasok sa 2007 nfl draft. karera sa high school si matt flynn ay nagmula sa robert e. lee high school sa tyler, texas, kung saan siya ay sinanay ni coach mike owens. si flynn ay isa sa mga pinakamagaling na quarterback sa estado ng texas, kasama si drew tate ng baytown, texas. bilang junior noong 2001, si flynn ay namuno sa kanayng koponan sa 5a playoff appearance subalit natalo sa kampeon ng estado, ang mesquite high school. si flynn ay nakakumpleto ng 101-sa-199 na mg pasa para sa 1,650 yards at 13 touchdowns na may 9 interceptions lamang sa season. bilang isang senior, siya ay nakakumpleto ng 124-sa-206 na pasa para sa 1,679 yards at 9 touchdowns. siya rin ay nagpakita ng kakayahan sa ground ng nagawa niya ang pagtakbo sa 305 yards at 12 touchdowns. si flynn ay nagpakita ng lakas at tibay ng"
sports,tl,wikipedia_tl,"ang university athletic association of the philippines (uaap), na itinatag noong 1938 ay isang samahang pampalaksan ng walong pamantasan sa pilipinas. taun-taon ang mga koponan mula sa walong kasaping-pamantasang ito naglalaban-laban sa 14 na palakasan. ngayong taong 2006, idinagdag ang beach volleyball bilang demonstration sport. kasaping-pamantasan itinatag ang uaap ng apat na pamantasan: far eastern university, national university, ang unibersidad ng pilipinas, at ang unibersidad ng santo tomas. sa kasalukuyan, may walong kasapaing-pamantasan, lahat nga mga ito ay nasa kalakhang maynila. ang sumusunod ay ang listahan ng mga pamantasang ito kalakip ang katawagan sa kanilang mga koponan. umalis noong 1953, bumalik noong 1970. mga dating kasapi manila central university university of manila mga palakasan karamihan sa mga palakasang ito ay may men's at women's divisions, maliban sa baseball, na panlalaki lamang, at softball, na pambababe lamang. halos karamihan rin sa mga ito ang may junior division, kung saan ang mga associated high schools (mataas na paaralan) ng mga pamantasan ang lumalahok. sa ngayon, apat lamang sa walong kasaping pamantasan ang lumalahok sa lahat ng"
sports,tl,wikipedia_tl,"ang palarong paralimpiko ay isang kaganapang pampalakasan na pangmaramihan para sa mga manlalaro na may mga kapansanang pisikal at sensoryal. kabilang dito ay mga manlalarong may kapansanang panggalaw, mga amputasyon, kabulagan, at paralising serebral. ang palarong paralimpiko ay ginaganap tuwing apat na taon, kasunod ang palarong olimpiko, at pinamahala ng pandaigdigang lupong paralimpiko (ipc). ang palarong paralimpiko ay minsang nalilito sa pandaigdigang palaro ng tanging olimpiko, na para lamang sa mga taong may kapansanang intelektuwal, subali't ang mga kalahok sa tanging olimpiko ay maaaring maging bahagi sa palarong paralimpiko. bagama't ang pangalan ay likas na nilikha nang portmanteau na pinagsama ang 'paraplegiko' (dahil sa mga pinagmulan nito bilang palaro para sa mga taong napinsala sa gulugod) 'olimpiko', ang pagsasama ng mga ibang pangkat na may kapansanan ay nangangahulugang hindi na itong itinuturing ugma. ang kasalukuyang pormal na paliwanag para sa pangalan ay samakatuwid hinango sa griyegong pang-ukol na παρά, pará (""katabi"") at kasunod itinukoy sa paligsahang ginaganap nang kaagapay sa palarong olimpiko. kasaysayan ang palarong paralimpiko ay mga kaganapang"
sports,tl,wikipedia_tl,"kenny irons (ipinanganak september 15, 1983) ay isa sa magagaling na manlalaro ng american football sa posiyong running back. siya ay dating miyembro ng auburn university na kabilang sa southeastern conference at ngayon ay naglalaro sa cincinnati bengals. siya ay nanggaling sa dacula, georgia at lumipat sa auburn sa south carolina noong january 2004. high school si kenny irons ay naglaro sa dacula high school na matagpuan sa dacula, georgia, kasama ang kanyang kapatid na si david. kabilang sa kanyang mga awareds ay ang prepstar all-american, sporting news top 25, atlanta journal constitution's top 11, gwinnett county back of the year, at ang paglalaro sa georgia-florida high school all-star game. si kenny irons ay nagsimulang pumirma ng kontrata para sa university of south carolina kung saan ang knyang coach ay si lou holtz. college career 2002 bilang miyembro ng freshman sa university of south carolina, siya ay naglaro sa siyam na laro bilang starting line-up. sa isang season, siya ay gumawa ng 201 yards sa on 47 carries. gumawa din siya ng 4 pass receptions sa 63 yards at isang touchdown mula sa 30-yard catch laban sa mississippi state. sa kabila ng galing na ipinamalas ni kenny"
sports,tl,wikipedia_tl,"troy smith (kapanganakan 20 hulyo 1984 sa cleveland, ohio) ay isa sa dating starting player quarterback para sa ohio state university football kupunan mula 2004-2006, at ang nagwagi ng 2006 heisman trophy. siya ay napili sa 174th overall selection sa 5th round ng 2007 nfl draft para sa baltimore ravens. si troy smith ay nagtapos sa glenville high school sa cleveland, ohio kung saan ang kanyang coach ay si ted ginn, sr., ama ng isa sa mga kasama nya sa kupunan na si ted ginn, jr. pagtapos ng isang magndang season sa glenville, si smith ay naimbitahan na lumahok sa elite 11 competition, kung saan kasali ang labíng-isá sa mga pinapaniwalaang pinakamagagaling na high school quarterback sa united states. si smith ay umani ng pambihirang papuri dahil sa kanyang mga pinakita, at bagamat huli na sa pagpoproseso, ang ohio state ay nagbigay pa rin kay smith ng football scholarship. siya ay nagkaroon ng commitment sa buckeyes, matapos pirmahan ang letter of intent nong 6 pebrero 2002 bilang panghuling manlalaro para sa buckeyes. ang kanyang buhay noon si tracy smith ang ina ni troy smith. siya ay nagpalaki ng dalawang magkaapatid sa columbus, bago lumipat sa cleveland taong 1987, ng walang"
sports,tl,wikipedia_tl,"ang ay isang video game console na binuo ng nintendo, na inilabas noong 3 marso 2017. ito ay isang hybrid console na maaaring magamit bilang isang nakatigil at portable na aparato. ang mga wireless na controller ng joy-con, na may karaniwang mga pindutan at itinuro na mga analog stick para sa pag-input ng gumagamit, paggalaw ng paggalaw, at feedback ng pandamdam, ay maaaring ikabit sa magkabilang panig ng console upang suportahan ang pag-play ng istilong pang-kamay. maaari din silang kumonekta sa isang grip accessory upang magbigay ng isang tradisyunal na form ng home console gamepad, o magamit nang paisa-isa sa kamay tulad ng wii remote at nunchuk, na sumusuporta sa mga lokal na mode ng multiplayer. sinusuportahan ng software ng nintendo switch ang online gaming sa pamamagitan ng pagkakakonekta sa internet, pati na rin ang lokal na wireless ad hoc na pagkakakonekta sa iba pang mga console ng switch. ang mga laro at software ng nintendo switch ay magagamit sa parehong pisikal na flash-based rom cartridges at digital na pamamahagi sa pamamagitan ng nintendo eshop; ang system ay hindi gumagamit ng pag-lock ng rehiyon. bilang ikawalong henerasyon na console, nakikipagkumpitensya ang"
sports,tl,wikipedia_tl,"ang mga sagisag ng olimpiko ay ang mga sagisag at watawat na ginagamit ng pandaigdigang lupon ng olimpiko upang itaguyod ang palarong olimpiko. ang mga ilan — tulad ng apoy, magarbong seremonya, at tikha — ay ang pinakapalasak sa panahon ng paligsahang olimpiko, nguni't ang mga iba, tulad ng mga watawat, ay nakikita sa kabuuan ng taon. sawikain ang olimpikong sawikain ay ang hendiatris citius, altius, fortius, na ito ay wikang latin ng ""bumibilis, tumataas, lumalakas"". ang sawikain ay inimungkahi ni pierre de coubertin sa paglikha ng pandaigdigang lupon ng olimpiko noong 1894. hiniram ito ni de coubertin mula sa kanyang kaibigang henri didon, isang dominikanong pari na isa ring mahilig sa atletika. ikinilala ang sawikain noong 1924 sa palarong olimpiko sa paris. ang sawikain ay pangalan din ng pahayagang pangkasaysayan ng olimpiko mula 1992 hanggang 1997, nang ipinangalang muling journal of olympic history (pahayagan ng olimpikong kasaysayan). isa pang di-pormal na sawikain nguni't kinilala nang karamihan, na ipinakilala rin ni de coubertin, ay ""ang pinakamahalagang bagay ay hindi manalo nguni't maging bahagi!"" kinuha ni de coubertin ang sawikaing ito mula sa sermon ng obispo ng"
sports,tl,wikipedia_tl,"binibigay ng sumusunod na balangkas ang malawakang pananaw ng at pampaksang gabay sa estados unidos ng amerika: pangkalahatang pagpapatungkol bigkas sa ingles: mga daglat sa ingles: usa o us karaniwang pangalan ng bansa sa ingles: united states opisyal na pangalan ng bansa sa ingles: united states of america karaniwang mga endonimo: united states, u.s., o american opisyal na endonimo: united states of america mga panlipi sa ingles: american (bukod sa iba pa) bigkas sa tagalog: mga pangalan sa tagalog: estados unidos, estados unidos ng amerika, amerika, o tate (salitang balbal) mga daglat sa tagalog: eua o eu mga pang-uri sa tagalog: amerikano/amerikana o kano/kana (salitang balbal) mga pambansang kodigong iso : us, usa, 840 mga pangrehiyong kodigong iso: iso 3166-2:us country code top-level domain sa internet: .us heograpiya ng estados unidos ang estados unidos ay: ang malaking bansa lokasyon (50 estado): hilagang emisperyo at kanlurang emisperyo (maliban sa kanlurang isla ng aleutian) americas hilagang amerika hilagaing amerika oceania polynesia sonang oras: pamantayang oras ng atlantiko (utc-04), oras ng madaling araw ng atlantiko (puerto rico at ng united states virgin islands)"
sports,tl,wikipedia_tl,"ang sumusunod ay talaan ng mga mahalagang namatay noong 2010. kalimitan ang mga paglalahok ay ayon sa pagkakasunod-sunod na : pangalan, edad, bansa o dahilan ng pagiging tanyag, dahilan ng kamatayan, sanggunian. pebrero 2010 26 oscar obligacion, 86, artista at komedyanteng pilipino, sakit sa atay. enero 2010 28 mohammad-reza ali-zamani, c. 38, iranian activist, hanging. frank baker jr., 66, american baseball player (cleveland indians), heart failure. larbi belkheir, 72, algerian major general, interior minister (1991). bill binder, 94, american restaurateur (phillippe's). eduardo catalano, 92, argentine architect. patricia clarke, 90, british biochemist. josé eugênio corrêa, 95, brazilian roman catholic bishop of caratinga (1957–1978). margaret dale, 87, british dancer and television director. walter fondren, 73, american football player and conservationist, heart failure. george hanlon, 92, australian horse trainer, three-time melbourne cup winner, natural causes. mick higgins, 87, irish gaelic footballer, all-ireland senior football championship winner (cavan; 1947, 1948, 1952). alistair hulett, 57, scottish-born australian folk singer, liver failure. robert joffe, 66, american"
sports,tl,wikipedia_tl,"idinedetalye ng 2016 sa pilipinas ang mga mahahalagang pangyayaring naganap sa pilipinas sa taong 2016. panunungkulan pangulo: benigno s. aquino iii (liberal) (hanggang hunyo 30); rodrigo duterte (pdp–laban) (simula hunyo 30) pangalawang pangulo: jejomar c. binay, sr. (una) (hanggang hunyo 30); maria leonor g. robredo (liberal) (simula mayo 5, 2004) kongreso: pangulo ng mataas na kapulungan (senado): ika-16 na kongreso: franklin m. drilon (liberal) (hanggang hulyo 25) ika-17 na kongreso: aquilino m. pimentel iii (simula hulyo 25) ispiker ng mababang kapulungan (kapulungan ng mga kinatawan): ika-16 na kongreso:feliciano r. belmonte, jr. (liberal) (hanggang hulyo 25) ika-17 na kongreso: pantaleon d. alvarez (simula hulyo 25) punong mahistrado: maria lourdes p.a. sereno kaganapan enero enero, unang bahagi -- agad na iniutos ni pangulong aquino sa kanyang pamahalaan na panatilihing ligtas ang higit pa sa isang milyong manggagawang pilipino sa bansang saudi arabia, kasunod ng pagbitay sa isang klerigong shiite na nagpatindi pa ng alitan sa pagitan ng saudi arabia at iran. enero 8 -- nagsampa ang kagawaran ng ugnayang panlabas ng diplomatic protest laban sa mga test flight ng tsina sa"
sports,tl,wikipedia_tl,"ang 2014 philippine basketball association (pba) commissioner's cup, ang pangalawang kumperensiya ng panahong pba 2013–14. ang turnamento ay nagsimula noong marso 5 at natapos noong mayo 15, 2014. pinahihintulutan sa turnamentong ito ang mga koponan na magkaroon ng mga dayuhang manlalaro (import) na may hangganang taas na 6'11"" para sa huling dalawang koponang nagtapos sa nakaraang philippine cup at hangganang taas na 6'9"" para sa mga ibang koponan. pormat ang sumusunod ay ang susundin na pormat sa kabuuan ng kumperensiya: isang round-robin na eliminations; siyam na laro bawat koponan; ang mga koponan ay ihahanay batay sa kanilang pagkapanalo at pagkatalo. ang nangungunang walong koponan ay maglalaro sa quarterfinals. kung magkaroon ng tabla, magkakaroon ng laro para sa mga nagtabla para sa ika-2 at ika-8 pwesto. quarterfinals: qf1: #1 puwesto vs #8 puwesto (#1 pwesto twice-to-beat) qf2: #2 puwesto vs #7 puwesto (#2 pwesto twice-to-beat) qf3: #3 puwesto vs #6 puwesto (seryeng best-of-3) qf4: #4 puwesto vs #5 puwesto (seryeng best-of-3) semifinals (seryeng best-of-5): sf1: nanalo sa qf1 vs. nanalo sa qf4 sf2: nanalo sa qf2 vs. nanalo sa qf3 finals (seryeng best-of-5) mga nanalo sa"
sports,tl,wikipedia_tl,"ang basketbol sa palarong olimpiko sa tag-init 2008 ay ginaganap mula agosto 8 hanggang agosto 24 sa istadyum panloob ng wukesong sa beijing. nagkamit ng estados unidos ng mga medalyang ginto sa mga paligsahan ng kalalakihan at kababaihan. mga kaganapan ang 2 pangkat ng medalya ay igagawad sa mga sumusunod na kaganapan: basketbol na panlalaki basketbol na pambabae anyo ng paglalaro ang mga labindalawang kuponan ay nahahati sa dalawang pangkat na pangyugto ng paunang laro ng bawat anim na kuponan. ang mga apat na pangunahing kuponan mula sa mga pangkat ay makakapasok sa yugtong may kahanga-hangang antas. ang mga kuponan sa ikalimang puwesto mula sa mga pangkat ay nakaranggo sa ika-9-ika-10 batay sa kanilang tala. ang mga kuponan sa ikaanim na puwesto mula sa mga pangkat ay nakaranggo sa ika-11-ika-12 batay sa kanilang tala. sa kwarterpinal, ang mga labanan ay ang mga sumusunod: a1 laban sa b4, a2 laban sa b3, a3 laban sa b2 at a4 laban sa b1. ang mga inalis na kupoann sa kwarterpinal ay nakaranggo sa ika-5 hanggang ika-8 batay sa tala ng kanilang paunang laro ang mga nanalong kuponan mula sa kwarterpinal ay maglalaro sa timpalak na laro: a1/b4 laban sa a3/b2 at a2/b3 laban sa"
sports,tl,wikipedia_tl,"si pauliasi m. taulava (ipinanganak noong marso 2, 1973 sa california, estados unidos), o mas kilala bilang asi taulava, ay isang pilipinong manlalaro ng basketbol na kasapi ng koponang nlex road warriors ng philippine basketball association. kasapi rin siya ng pambansang koponan ng basketbol ng pilipinas sa mga kumpetisyong sinasalihan ng iba't ibang bansa. philippine basketball league noong taong 1997, pumasok si taulava sa philippine basketball league, kung saan naglaro siya para sa blu detergent. philippine basketball association mobiline/talk 'n text phone pals noong 1999, pumasok si taulava sa philippine basketball association, matapos mabigyan siya ng kontrata mula sa mobiline phone pals. noong 2003, napanalunan ni taulava ang karangalang most valuable player ng pba, at napanalunan rin ng phone pals ang 2003 pba all-filipino cup. coca-cola tigers noong 2007, napapaunta si taulava sa koponang coca-cola tigers. meralco bolts noong setyembre 22, 2010, siya ay napunta sa meralco bolts bilang kapalit nina jason misolas at khasim mirza bilang bahagi ng three-team deal sa barako bull energy boosters. mga nagawa pba miyembro ng pba 5,000 point club 2003 pba most valuable player"
sports,tl,wikipedia_tl,"ang dota 2 ay isang libreng larong labanan sa isang lugar na pangmaramihang manlalaro sa internet na ginawa at nilinang ng valve corporation. nilabas ang laro para sa microsoft windows, os x at linux noong hulyo 2013, pagkatapos ng pampublikong ""beta testing"" na yugto na nagsimula noong 2011, at naging nag-iisang kasunod sa larong ""defense of the ancients"", isang ""mod"" para sa ""warcraft iii: reign of chaos"" at ""expansion pack"" na ""the frozen throne"". ang dota 2 ang isa sa pinakaaktibong laro sa ""steam"" na umaabot ng lampas isang milyong magkakasabay manlalaro. ang dota 2 ay nilalaro ng dalawang grupo na may limang manlalaro bawat isa, at may base sa bawat sulok ng mapa. mananalo ang isang grupo kapag masira na nila ang ""ancient"" ng kalaban. may 111 na tauhan na may kanya-kanyang kapangyarihan at estilo ng paglalaro na pwedeng pagpilian. habang naglalaro, ang bawat manlalaro ay nag-iipon ng pera, sandata, at ""experience points"" para sa kanilang tauhan. sinimulang gawin ang dota 2 noong 2009 kasama si icefrog, ang namumunong taga-disenyo ng dota na ""mod"", pagkatapos siyang kunin ng valve. nakalikom ng maraming papuri ang dota 2 dahil sa ""gameplay"", kalidad ng produksyon, at pagiging"
sports,tl,wikipedia_tl,"ang earthbound (kilala bilang mother 2: giygas strikes back sa japan) ay isang papel na ginagampanan ng paglalaro ng video na binuo ng ape inc. at hal laboratory at inilathala ng nintendo para sa super nintendo entertainment system. ang pangalawang pagpasok sa mother seryeng, una itong inilabas sa japan noong agosto 1994, at sa hilagang amerika noong hunyo 1995. bilang ness at ang kanyang partido ng apat, ang manlalaro ay naglalakbay sa mundo upang mangolekta ng melodies mula sa walong sanctuaries upang talunin ang masamang dayuhang puwersa na si giygas. ang earthbound ay may isang mahabang panahon ng pag-unlad na na-span ng limang taon. ang mga nagbabalik na kawani nito mula sa mother (1989) ay kasama ang manunulat / direktor na si shigesato itoi at nangungunang programmer na si satoru iwata, pati na rin ang mga kompositor na sina keiichi suzuki at hirokazu tanaka, na nagsama ng magkakaibang hanay ng mga estilo sa soundtrack, kasama ang salsa, reggae, at dub. karamihan sa iba pang mga kawani ng kawani ay hindi nagtrabaho sa orihinal na ina, at ang laro ay dumating sa ilalim ng paulit-ulit na banta ng pagkansela hanggang sumali si iwata sa koponan. orihinal na naka-iskedyul para"
news,tl,wikipedia_tl,"africa pangulo – abdelaziz bouteflika, pangulo ng algeria (1999–kasalukuyan) punong ministro - abdelmalek sellal, punong ministro ng algeria (2014–kasalukuyan) pangulo – josé eduardo dos santos, pangulo ng angola (1979–kasalukuyan) pangulo – yayi boni, pangulo ng benin (2006–kasalukuyan) pangulo – ian khama, pangulo ng botswana (2008–kasalukuyan) pangulo - michel kafando, interim na pangulo ng burkina faso (2014–kasalukuyan) punong ministro - yacouba isaac zida, pasamantalang (acting) punong ministro ng burkina faso (2014–kasalukuyan) pangulo – pierre nkurunziza, pangulo ng burundi (2005–kasalukuyan) pangulo – paul biya, pangulo ng cameroon (1982–kasalukuyan) punong ministro – philémon yang, punong ministro ng cameroon (2009–kasalukuyan) pangulo – jorge carlos fonseca, pangulo ng cape verde (2011–kasalukuyan) punong ministro – josé maria neves, punong ministro ng cape verde (2001–kasalukuyan) pinuno ng estado - catherine samba-panza, pinuno ng estado ng transisyon ng central african republic (2014–kasalukuyan) punong ministro – mahamat kamoun, punong ministro ng central african republic (2014–kasalukuyan) pangulo – idriss déby, pangulo ng chad (1990–kasalukuyan) punong ministro –"
news,tl,wikipedia_tl,"ang panahon ng bagyo sa pasipiko ng 2020 ay isang medyo aktibong panahon sa taunang pamumuo ng mga bagyo sa hilagang-kanlurang bahagi ng karagatang pasipiko. buong taon ito, kahit na madalas nabubuo ang mga bagyo mula mayo hanggang oktubre. di natural ang katahimikan ng unang bahagi ng panahong ito, kung saan tanging 4 lamang na sistema at isang malakas na bagyo ang naitala pagsapit ng hulyo. dagdag pa rito, ito ang kauna-unahang panahon na walang naitalang ni isang bagyo sa buwan ng hulyo simula pa noong unang nagsimula ang maasahang pagtatala sa mga ito. ang unang bagyong nabuo sa rehiyon, si bagyong ambo, ay nabuo noong 8 mayo. ang pagsisimulang ito ay ang pang-anim sa pinakanahuling simula sa kasaysayan - mas maaga lang nang kaunti kaysa noong taong 1973. ito rin ang pinakanahuling simula simula pa noong 2016. mas aktibo ang karagatang atlantiko kaysa rito, na tanging nangyari lamang noong taong 2010 at 2005. bagamat di masyado aktibo ang panahon noong mga unang buwan nito, ang huling kalahati naman nito ay masyadong aktibo, na lalo pang pinalala ng pandemya ng covid-19. noong agosto, magkakasunod na binayo ng tatlong malalakas na bagyo, sina bagyong igme (bavi), julian"
news,tl,wikipedia_tl,"ang lungsod ng maynila (, espanyól: ciudad de manila, ingles: city of manila), kilala bilang maynila, ay ang punong-lungsod at ang pangalawang pinakamataong lungsod ng pilipinas. mataas ang pagkaurbanisado, ito ang lungsod na may pinakamakapal na dami ng tao sa buong mundo noong 2019. tinuturing ang maynila na isang pandaidigang lungsod at grinado bilang isang lungsod–alpha (o alpha – city) ng globalization and world cities research network (gawc). ito ang unang lungsod sa bansa na naka-karta (o may sariling saligang-batas), na itinalaga ng batas ng komisyon ng pilipinas blg. 183 ng hulyo 31, 1901. naging awtonomo ito nang napasa ang batas republika blg. 409, ""ang binagong karta ng lungsod ng maynila"", noong hunyo 18, 1949. tinuturing ang maynila bilang bahagi ng orihinal na pangkat ng mga pandaigdigang lungsod dahil lumawig ang network nitong pang-komersyo sa karagatang pasipiko at kumonekta sa asya ang kastilang mga amerika sa pamamagitan ng kalakalang galeon; nang nagawa ito, tinatakan nito ang unang pagkakataon sa kasaysayan ng mundo na naitatag ang isang hindi naabalang kadena ng ruta ng kalakalan na pumapalibot sa planeta. ito ang isa sa mga pinakamatao at pinakamabilis na"
news,tl,wikipedia_tl,"ang talaan ng mga bagyo sa pilipinas ay naka hanay na alpabeto sa bagyo sa pilipinas ito ay sumusunod sa bawat patlang ng philippine area of responsibility o (par) taong 1997 na likhain ang ""panahon ng bagyo sa hilagang-kanlurang pasipiko"". mga bagyong nag-landfall sa pilipinas buod ng bagyo listahan ng mga sunod-sunod na bagyo sa pilipinas kategorya ng bagyo super bagyo super bagyo 4 bagyo 3 bagyo 2 bagyo 1 bagyo severe tropikal bagyo tropikal bagyo tropikal depresyon 1. super bagyong yolanda (haiyan) ang super bagyong yolanda o haiyan ay ang ika-unang pinakamalakas na bagyong dumaan sa kasaysayan ng pilipinas noong nobyembre 8, 2013 na namuo sa karagatang pasipiko noong nobyembre 5, ang super bagyong haiyan ay ang ikalawang bagyo sa ""deadliest typhoon"" pagkatapos noong 1881 bagyong haiphong. ang bagyong yolanda ay maituturing na ""delubyo"" na may kasamang ""daluyong"" ito ay tumama sa silangang kabisayaan ang matinding pinuruhan nito ay mga bayan ng guiuan at lungsod tacloban matapos ang pagtawid sa bayan ng dulag, leyte, nagtaas ang pagasa ng signal #4 sa mga lalawigang dadaanan nito. kapalitan: 2. super bagyong juan (megi) ang super bagyong megi o juan ay ang ikalawang sa mga"
news,tl,wikipedia_tl,"ang panahon ng bagyo sa hilagang-kanlurang pasipiko ng 2018 isang mas mataas na panahon na nagdulot ng 29 bagyo, 13 bagyo, at 7 na bagyo. ito ay isang kaganapan sa taunang pag-ikot ng tropikal na pagbuo ng bagyo, kung saan bumubuo ang tropikal na mga bagyo sa kanlurang karagatang pasipiko. ang panahon ay tumatakbo sa buong 2018, bagaman ang karamihan sa tropikal na mga cyclone ay kadalasang bumubuo sa pagitan ng mayo at oktubre. ang unang pinangalanang bagyo ng bolaven, na binuo noong enero 3, habang ang huling tinaguriang bagyo, man-yi, ay nawala noong nobyembre 28. ang unang bagyo ng panahon, ang jelawat, ay umabot sa katayuan ng bagyo noong marso 29, at naging unang super typhoon ng ang taon sa susunod na araw. pana-panahong mga pagtataya sa panahon ng taon, maraming nasyonal na mga serbisyo sa meteorolohiko at ahensya ng agham ang nagtataya kung gaano karami ang tropikal na mga bagyo, tropikal na bagyo, at bagyo sa isang panahon at/o kung gaano karami ang mga tropikal na cyclone na nakakaapekto sa isang partikular na bansa. kabilang sa mga ahensya na ito ang tropical storm risk (tsr) consortium ng university college london, pagasa at central weather bureau ng taiwan. ang unang"
news,tl,wikipedia_tl,"napetsahan ang pinakamaagang aktibidad ng hominin sa kapuluang pilipinas ng hindi bababa sa 709,000 taon na nakalipas. nasa pulo ng luzon ang homo luzonensis, isang espesye ng sinaunang mga tao, noong mga hindi bababa sa 67,000 taon na nakalipas. nagmula sa yungib ng tabon sa palawan ang pinakamaagang kilalang makabagong anatomikong tao na nabuhay ng mga 47,000 taon nakalipas. ang mga negrito ang unang pangkat na unang nanirahan sa pilipinas bago ang naitalang kasaysayan nito. noong mga 3000 bc, naglayag ang mga austronesyo, na siyang mayorya ng kasalukuyang populasyon, mula sa taiwan patimog hanggang narating ang mga pulo na tinatawag ngayong pilipinas. ang pinakamaagang naitalang kasaysayan ng pilipinas ay matatagpuan sa inskripsiyon sa binatbat na tanso ng laguna na mayroong petsang 822 shaka (900 ad sa kalendaryong gregoryano). nilalahad sa inskripsyon ang pagpatawad sa pakakautang ng isang tao na nagngangalang namwaran, kasama ang kanyang mga anak na si dayang angkatan at bukah. ang unang tala na pagbisita na mula sa kanluran ay ang pagdating ni ferdinand magellan sa pulo ng homonhon, sa timog-silangan ng samar noong marso 16, 1521. nagtayo ng mga permanenteng paninirahan sa"
news,tl,wikipedia_tl,"ang panahon ng bagyo sa hilagang-kanlurang pasipiko ng 2009 ay walang opisyal na hangganan, ngunit karamihan ng mga bagyo (tropical cyclones) ay kadalasang nabubuo tuwing buwan ng mayo hanggang nobyembre. sa mga petsang ito kadalasan madalas mabuo ang mga bagyo sa hilagang-kanlurang pasipiko. ang saklaw ng artikulong ito ay limitado lamang sa karagatang pasipiko, hilaga ng ekwador, at kanluran ng international date line. ang mga bagyo na nabubuo sa silangan ng international date line, hilaga ng ekwador ay tinatawag na hurricane o bagyo. ang mga bagyong mabubuo sa hilagang-kanlurang pasipiko ay binibigyan ng pangalan ng japan metrological agency. ang mga bagyong na nabuo ay binibigyan ng numero na may hulapi na ""w"" ng joint typhoon warning center ng estados unidos. sa karagdagan, ang pangasiwaan ng palingkurang atmosperiko, heopisikal at astronomiko ng pilipinas (pagasa) ay nagbibigay din ng pangalan sa mga bagyo (kasama ang mga tropical depressions) na pumasok o nabuo sa pilipinas. ang mga pangalang ito ay hindi pangkaraniwang ginagamit sa labas ng pilipinas. tinatayang bilang ng bagyo simula nang taong 2000, ang laboratory for atmospheric research sa city of university sa hong"
news,tl,wikipedia_tl,"batay sa kasaysayan ng maynila, noong ika-13 siglo, ang sinaunang lungsod ng maynila ay binubuo ng mga tindahan at opisinang tagatanggap sa may tabi ng baybayin ng ilog pasig, na nasa hilaga ng mga makalumang pamayanan. ang opisyal na pangalan na binigay ng mga malay sa lungsod ay seludong o selurung, na ginamit din sa isang rehiyon sa pulo ng luzon, at inimumungkahi na ito ang kabisera ng kaharian ng tondo. ang lungsod ay nakilala rin sa pangalan na binigay ng mga pangkat etnikong mga tagalog, ang maynila, unang nakilala bilang maynilad. ang pangalan ay mula sa salitang nila, isang uri ng halamang mabulaklak na tumutubo sa baybayin ng look, na ginagamit para gumawa ng sabon para sa pakikipagkalakalan; nanggaling ito sa salitang may mila, na may unlaping ma- na tumutukoy kung saan ang isang lugar ay mayroong isang malagong bagay (ang nila ay pwedeng sanskrit na nila ""punong indigo""). (ang sinasabing naging pangalan ng halaman ay nilad ay kathang isip lamang.) ang lungsod ay may humigit sa 100 mga parke na nakakalat sa buong lungsod. ang maynila ang naging upuang kolonyal na pamahalaan ng espanya noong opisyal na pinamahalaan ang mga isla ng pilipinas ng tatlong siglo simula 1565"
news,tl,wikipedia_tl,"ang panahon ng bagyo sa pasipiko ng 2021 ay ang panahon ng bagyo na taunang nagaganap sa hilagang-kanlurang bahagi ng karagatang pasipiko. bagamat taunan, nagiging aktibo ito pagsapit ng buwan ng mayo. limitado ang artikulong ito sa karagatang pasipikong nasa hilaga ng ekwador sa pagitan ng 100° silangan at ika-180 meridyan. sa loob ng bahaging ito ng pasipiko, may dalawang pangunahing ahensiyang nagpapangalan sa mga bagyo na nagiging dahilan para magkaroon ng dalawang pangalan ang iisang bagyo. papangalanan ng ahensiyang pampanahon ng hapon (japan meteorological agency, jma) ang isang sama ng panahon kung ito ay may 10-minutong napapanatiling bilis ng hangin na hindi bababa sa 65 kilometro kada oras (40 milya kada oras) saanman sa nasasakupang lugar, samantalang pinapangalanan naman ng pangasiwaan ng pilipinas sa serbisyong atmosperiko, heopisiko, at astronomiko (pagasa) ang mga dumadaan na bagyo o nagiging depresyong tropikal (tropical depression) sa loob ng kanilang lugar ng responsibilidad sa pagitan ng 135° sa silangan hanggang 115° sa silangan at sa pagitan ng 5° hilaga hanggang 25° hilaga kahit na wala pang binibigay na pangalan ang jma. ang mga minamanmanan na depresyon ng"
news,tl,wikipedia_tl,"ang panahon ng bagyo sa pilipinas ay isang dekadang napapanahon sa loob ng pilipinas at philippine area of responsibility, taong 2000 ay nagpulungan at nag paligsahan ang pagasa sa bawat ipapangalan sa mga bagyong dadaan at papasok sa pilipinas sa natatakdang panahon, ito ay binigyang daan upang malaman ang lawak ng pinsala, fatality at nawalang gross sa mga lugar na dinaanan ng bagyo, ito ay nakahanay sa alpabetikong ""a"" hanggang ""z"" maliban sa letrang ""x"" na hindi na binigyang pansin. ang bawat bagyo ay binigyan rin ng bawat kategorya. at dinagdagan ng auxiliary names at list. daantaon dekada 2000-2020 mga rinetirong pangalan milyon milyon ang mga nasisirang imprastraktura, mga pang kabuhayan ang mga nasira nang mga nagdaang bagyo taon-taon, tinatayang aabot sa bilyon bilyon ang napinsala. kaya't gumawa nang listahan nang mga retiradong bagyo rito sa pilipinas. 2000 2001 2002 2003 2004 2005 2006 2007 2008 ang panahon ng bagyo sa hilagang- kanlurang pasipiko ng 2008, ay walang opisyal na hangganan, ngunit karamihan ng mga bagyo (tropical cyclones) ay kadalasang nabubuo tuwing buwan ng mayo hanggang nobyembre. ang saklaw ng artikulong ito ay limitado lamang sa karagatang pasipiko,"
news,tl,wikipedia_tl,1500s 1521: marso 16 - dumating at natuklasan ni ferdinand magellan ang pilipinas; dumaong sa samar; inangkin ang mga isla para sa espanya. marso 31 - idinaos ang kauna-unahang misa sa isla limasawa. abril 27 - labanan sa mactan; napatay si magellan ng mga tauhan ni lapu-lapu. 1542 nobyembre 1 - ipinangalan ni ruy lópez de villalobos ang arkipelagong felipinas kay haring felipe ii ng espanya. 1543 - pinangalanan ni ruy lópez de villalobos ang mga pulo na las islas filipinas. 1565: pebrero 18 - dumaong si miguel lópez de legazpi sa isla ng samar at sinakop ito para sa espanya. itinatag ni miguel lópez de legazpi ang unang permanenteng pamayanang espanyol sa bansa. 1570 - sinakop ang maynila at ginawang isang lungsod ng espanya. 1571: mayo 19 - tinalo ni legazpi si rajah sulayman; inangkin niya ang maynila para sa espanya. 1600s 1611 - itinatag ang unibersidad ng santo tomas. 1647: hunyo 10 - nilusob ng mga barkong olandes ang cavite; kalaunan ay tinalo ng mga espanyol. 1700s 1762: oktubre 4 - kinubkob ng mga pwersang briton ang intramuros (walled city); kalaunan ay muli itong nakuha ng mga espanyol. kinuha ng british east india company ang maynila. 1763 - ibinalik ng kasunduan sa
news,tl,wikipedia_tl,"ang gobyerno ng belhika sa londres (, ), na kilala rin bilang pamahalaang pierlot iv, ay ang nadistiyerong gobyerno ng belhika mula oktubre 1940 hanggang setyembre 1944 noong ikalawang digmaang pandaigdig. pinagtatlo ang gobyerno na kinasasangkutan ng mga ministro mula sa partido ng katoliko, liberal at manggagawa. matapos ang pagsalakay ng belhika ng alemanyang nazi noong mayo 1940, tumakas ang belhikang gobyerno, sa ilalim ni punong ministro hubert pierlot, sa bordeaux, pransya muna at pagkatapos sa londres, kung saan itinatag ang sarili bilang ang tanging lehitimong representasyon ng belhika sa mga kaalyado. sa kabila ng pagkakawala ng awtoridad sa sarili nitong bansa, pinamahalaan ng pamahalaan ang belhikang congo at nakipag-areglo sa mga iba pang kapangyarihang kaalyado tungkol sa muling pagtatatag pagkatapos ng digmaan. kabilang sa mga nagawang kasunduan ng disteradong pamahalaan sa panahon ng giyera ang pundasyon ng adwanang unyon ng benelux at pagkasali ng belhika sa mga nagkakaisang bansa. naimpluwensiyahan din ng pamahalaan ang belhikang disteradong hukbo at tinangka na panatilihin ang pag-uugmaan sa resistensyang pailalim. sanligan sa pampulitikang aspeto, naduminahan"
news,tl,wikipedia_tl,"ang artikulong ito ay nagbibigay ng isang pangkalahatang-ideya sa mga pinakamahahalagang mga kaganapang nangyari sa taong 2008 sa pilipinas. panunungkulan pangulo: gloria macapagal-arroyo pangalawang pangulo: noli de castro kongreso ng pilipinas: ika-14 na kongreso ng pilipinas pangulo ng mataas na kapulungan (senado): manuel villar (hanggang nobyembre 17); juan ponce enrile (mula nobyembre 17) ispiker ng mababang kapulungan (kapulungan ng mga kinatawan): jose de venecia jr. (hanggang pebrero 5); prospero nograles (mula pebrero 5) punong mahistrado ng kataas-taasang hukuman ng pilipinas: reynato puno kaganapan enero enero 2 - si lieutenant general pedrito cadungog ay itinalaga bilang bagong kumander ng philippine air force (paf). enero 9 -- dalawang tao ang namatay at maraming nasugatan sa pagdiriwang ng itim na nazareno sa quiapo, maynila. enero 14—lumaya na si norberto manero mula sa bilibid sa pagpapahintulot ng kalihim ng hukom na si raul gonzales. enero 18 - ibinasura ng korte suprema ng pilipinas ang apila ni loren legarda na naghain laban sa pagkahalal sa pangalawang pangulo sa halalan ng 2004. ayon kay legarda, si noli de castro ay nagwagi sa halalan sa pamamagitan ng"
news,tl,wikipedia_tl,"ang panahon ng bagyo sa pasipiko ng 2022 ay ang paparating na panahong bagyo na taunang nagaganap sa hilagang-kanlurang bahagi ng karagatang pasipiko. bagamat taunan, nagiging aktibo ito pagsapit ng buwan ng mayo o hunyo. kabilang ang hilagang-silangan sa karagatang pasipiko, mayron dalawang magkaibang ahensya naka assign na pangalan sa bawat tropikal bagyo na nagreresulta sa pagpangalan ng dalawang pangalan ang japan meteorological agency (jma). ang pagasa ay nagbibigay lamang ng mga pangalan sa bagyo, kung ang isang magiging ganap o papasok na bagyo ay papasok sa philippine area of responsibility (par), ang mga ahensya ng jma at jtwc ay patuloy na naka-antabay sa mga papasok at mabubuong bagyo. seasonal summary ginagamit sa timeline na ito ang mga pangalang binigay ng pagasa, kung saan makikita sa loob ng mga panaklong ang pangalang internasyonal nito. para naman sa mga bagyong may isang pangalan lamang, ginagamit ang pangalan ng pagasa kung may binigay ito, kundi gagamitin ang pangalang internasyonal nito, una jma bago ang jtwc. mga sistema nasa loob ng sakop na responsibilidad ng pilipinas 2. bagyong agaton (megi) noong abril 8, ang jtwc sumulat ng lawak at area mula 359 na"
news,tl,wikipedia_tl,"ang mga kaguluhan sa stonewall ay isang serye ng mga magkakasunod at mararahas na pagkilos laban sa pagsalakay ng mga pulis na naganap noong madaling araw ng 28 hunyo 1969, sa stonewall inn, sa greenwich village, isang distrito ng lungsod ng bagong york. sinasabi na ang paglaban na ito ay ang kauna-unahan sa kasaysayan ng amerika kung saan ang mga tao sa komunidad ng mga homoseksuwal ay lumaban laban sa sinusuportahan ng pamahalaang pag-uusig laban sa mga minoryang seksuwal, at ito ang naging marka nang simula ng kilusang karapatan ng mga homoseksuwal sa estados unidos at sa buong daigdig. humaharap ang mga amerikanong bakla at lesbyana noong dekada '50 at '60 sa mas matinding sistemang legal na laban sa mga homoseksuwal kaysa sa ilang bansang kasama sa kasunduan ng warsaw. ang mga nangunang pangkat ng mga homoseksuwal sa estados unidos ay naghangad na patunayan na maaaring maisama sa lipunan ang mga bakla, at pinapaburan nila ang hindi komprontasyunal na edukasyon para sa mga homosekuswal at heteroseksuwal. sa huling mga taon ng dekada '60, gayunman, ay naging magulo, dahil maraming mga kilusang panlipunan ang aktibo, kasama na ang kilusang karapatang sibil ng mga"
news,tl,wikipedia_tl,"bagyong nona, (pandaigdigang pangalan bilang bagyong melor), ay isang malakas na bagyo na tumama sa pilipinas noong disyembre 2015. ang ikalabing-apat na pinangalanang bagyo sa bansa at ang ikadalawampu't-pitong bagyo ng taunang panahon ng mga bagyo. si nona ay pumatay ng 51 tao at inabot ng ₱7.04 bilyon (us$148.3 milyon) ang naging pinsala nito. ang bagyo ay nag-umpisang mabuo noong disyembre 7 bilang isang mahinang bagyo (o ''low pressure area'') sa lokasyong ng chuuk. kinalaunan, ito ay naging isang tropikal na depresyon noong disyembre 9, at naging isang tropical storm sa timog ng isla ng yap, at pinangalanan ito na melor. ang philippine atmospheric, geophysical and astronomical services administration (pag-asa) ay unang nagpasya na pangalanan si melor bilang ""nonoy"", ngunit dahil sa pulitikal, nagbago ang kanilang pasya at sa halip ay pinangalan itong ""nona"". noong disyembre 13, ang tropical storm na si nona (melor) ay naging isang malakas na bagyo, at unang lumapag sa northern samar. ang bagyo ay lumapag din sa ilang lugar sa sorsogon, burias island, romblon, at oriental mindoro, bago huminang muli bilang isang tropical storm. ito ay gumalaw patimog sa dagat luzon (west"
news,tl,wikipedia_tl,"ang kalakhang maynila (), tinatawag din bilang pambansang rehiyong kapital (), ay ang kabiserang rehiyon at isa sa mga itinakdang kalakhang pook ng pilipinas. binubuo ito ng 16 na lungsod: ang lungsod ng maynila, lungsod ng quezon, caloocan, las piñas, makati, malabon, mandaluyong, marikina, muntinlupa, navotas, parañaque, pasay, pasig, san juan, taguig, at valenzuela, pati na rin ang bayan ng pateros. ang rehiyon ay may sukat na at kabuuang populasyon na 12,877,253 noong 2015. ang rehiyon ay sentro ng politika, pangangalakal, lipunan, kultura, at pang-edukasyon ng pilipinas. ayon sa iprinoklamang utos ng pampanguluhan blg. 940, ang kabuuan ng kalakhang maynila ay ang sentro ng pamahalaan habang ang lungsod ng maynila ang kabisera. ang pinakamalaking lungsod sa kamaynilaan ay ang lungsod quezon, samantalang ang pinakamalaking distritong pangkalakalan ay ang lungsod makati. ang kalakhang maynila ang pinakamaraming naninirahan sa tinutukoy na 12 kalakhan ng pilipinas at pang-11 sa pinakamaraming naninirahan sa buong mundo. batay sa senso noong 2010, ito ay may populasyon na 11,855,975, katumbas ng 13% populasyon ng bansa. ang kabuuang produktong pampook ng kalakhang maynila ayon"
news,tl,wikipedia_tl,"si sergio osmeña (9 setyembre 1878 – 19 oktubre 1961), higit na kilala ngayon bilang sergio osmeña, sr. ang ikalawang pangulo ng komonwelt ng pilipinas (1 agosto 1944 – 28 mayo 1946) na makikita sa limampung pisong papel na isyu ng bangko sentral ng pilipinas. siya ang ama ni dating senador sergio osmeña jr. at lolo nina senador sergio osmeña iii, john osmeña, dating gobernador lito osmeña ng cebu at mayor tomas osmeña. isinilang siya noong 9 setyembre 1878 sa lungsod ng cebu. si osmeña ay nanguna sa mga nagtapos ng primarya sa kanyang paaralan. nag-aral ng sekundarya sa seminario ng san carlos sa cebu. nagtungo siya sa maynila at nag-aral sa san juan de letran, kung saan nakilala niya si manuel l. quezon. nang sumiklab ang rebolusyong pilipino noong 1896, bumalik sa cebu si osmeña. ipinadala siya ng lokal na liderato ng cebu para ibalita kay emilio aguinaldo ang sitwasyon sa cebu. noong 1900, naging tagapag-lathala at patnugot siya ng pahayagang el nuevo dia. nagbalik siya sa maynila para mag-aral ng abogasya sa unibersidad ng sto. tomas, kung saan ay muli silang nagkita ni quezon. noong 1903, siya at ang kanyang mga kamag-aral ay pinahintulutan ng kataas-taasang hukuman ng"
news,tl,wikipedia_tl,"ang pilipinas, opisyal na republika ng pilipinas, (ingles: republic of the philippines) ay isang malayang estado at kapuluang bansa sa timog-silangang asya na nasa kanlurang bahagi ng karagatang pasipiko. binubuo ito ng 7,641 pulo na nahahati sa tatlong kumpol ng mga pulo: luzon, kabisayaan (kilala rin bilang visayas) at mindanao. napapalibutan ito ng dagat pilipinas sa silangan, dagat luzon sa kanluran, at ng dagat ng celebes sa katimugan. nasa katimugang bahagi ng bansa ang bansang indonesya habang ang bansang malaysia naman ay nasa timog-kanluran. naroroon sa silangan ang bansang palau at sa hilaga naman ang bansang taiwan. ang pilipinas ay matatagpuan din malapit sa ekwador at sa singsing ng apoy ng pasipiko na siyang dahilan kung bakit madalas tamaan ang bansa ng mga bagyo at lindol. ang pilipinas ay may lawak na 300,000 kilometro kuwadrado (115,831 milya kuwadrado), at noong 2021, mayroon itong populasyon na humigit-kumulang 109 milyong katao. ang pilipinas ang ikawalong pinakamataong bansa sa asya at ang ika-labintatlong pinakamataong bansa sa daigdig. ang kabisera nito ay ang lungsod ng maynila at ang pinakamalaking lungsod ay ang lungsod quezon; pawang bahagi ng kalakhang"
news,tl,wikipedia_tl,"mga pangyayaring naganap sa taong 2010 sa pilipinas. panunungkulan pangulo: gloria macapagal-arroyo (npc) (hanggang hunyo 30); benigno aquino iii (liberal) (simula hunyo 30) pangalawang pangulo: noli de castro (independent) (hanggang hunyo 30); jejomar binay (pdp-laban) (simula hunyo 30) kongreso ng pilipinas: ika-14 na kongreso ng pilipinas (hanggang hunyo 4); ika-15 kongreso ng pilipinas (simula hulyo 26) pangulo ng mataas na kapulungan (senado): juan ponce enrile ispiker ng mababang kapulungan (kapulungan ng mga kinatawan): prospero nograles (hanggang hunyo 26);feliciano belmonte, jr. (simula hunyo 26) punong mahistrado: reynato puno (hanggang mayo 17); renato corona (simula mayo 17) kaganapan enero enero 3 -- iniulat na ang mga mamamayan ay unti-unti nang bumabalik sa kanilang mga tirahan matapos ibaba ang alerto sa bulkang mayon. enero 5 -- naghain ng sagot ang pangunahing suspek sa pamamaslang sa maguindanao, na si datu andal ampatuan, jr. na wala siyang kasalanan sa nasabing krimen. enero 11 -- mahigit apatnapung katao kasama ang ilang sundalo at pulis ang nahuli sa paglabag sa pagbabawal ng baril alinsunod sa batas ng halalan sa bansa. enero 12 -- muling nakatapak si"
news,tl,wikipedia_tl,"ang komisyon sa halalan (comelec, kilala rin bilang komisyon ng halalan; inggles: commission on elections) ay isa sa tatlong komisyong konstitusyunal sa pilipinas. ang comelec ang naatasang magpatupad ng mga batas panghalalan at magsagawa ng malinis, maayos, tahimik at malayang halalan. kabuuan ang komisyon ay binubuo ng isang tagapangulo at anim na mga komisyonado. ang mga kwalipikasyon ay ang mga sumusunod: katutubong inianak na mamamayan ng pilipinas; tatlumpu't limang taong gulang sa panahon ng pagkakahirang sa kanila; naghahawak ng titulo sa kolehiyo; at hindi kailanman naging kandidato sa anumang katungkulang halal sa halalang kagyat na sinundan ang mayorya, kasama na ang tagapangulo, ay dapat na mga kabilang sa philippine bar na nagpraktis bilang abogado sa loob ng sampung taon man lamang. ang tagapangulo at mga komisyonado ay dapat hinihirang ng pangulo sa pagsang-ayon ng komisyon sa paghihirang sa isang pitong taong taning ng panunungkulan na hindi muling mahihirang. sa mga naunang nahirang, tatlong (3) kagawad ang manunungkulan sa loob ng pitong taon, dalawang kagawad sa limang taon at mga nalalabing kagawad sa tatlong taon na hindi na muling mahihirang. ang paghirang"
news,tl,wikipedia_tl,"ito ang mga pangyayari ng 2017 sa pilipinas. itinalaga ang buong taong 2017 bilang visit asean year 2017 na opisyal na magsisimula sa enero 1 at magtatapos sa disyembre 31. panunungkulan pangulo: rodrigo duterte (pdp–laban) pangalawang pangulo: maria leonor g. robredo (liberal) kongreso (ika-17 kongreso): pangulo ng mataas na kapulungan (senado): aquilino m. pimentel iii (pdp–laban) ispiker ng mababang kapulungan (kapulungan ng mga kinatawan): pantaleon d. alvarez (pdp–laban) punong mahistrado: maria lourdes p.a. sereno kaganapan kasalukuyang mga kaganapan sakuna. panahon ng bagyo sa pasipiko pulitikal. alitang teritoryal sa dagat kanlurang pilipinas (o dagat timog tsina) batas. digmaaan kontra droga (pagdukot at pagpatay kay jee ick-joo) palakasan. [tingnan ang palakasan] kamatayan: [tingnan ang kamatayan] alitan: alitang moro – pag-atake sa hangganan ng sabah (kasama ang indonesia at malaysia); rebelyong cpp-npa-ndf halalan at reperendum: walang nakatakda paglilitis: (nilitis na bago ang 2017) gloria macapagal arroyo, nur misuari, joel villanueva; (kasalukuyang nililitis ngayong taon) andal ampatuan jr., leila de lima, rodrigo duterte, jovito palparan, leni robredo; (nilitis sa"
news,tl,wikipedia_tl,"ang 2020 sa pilipinas ay mga pangyayaring nakatakdang maganap sa pilipinas sa taong 2020. ang 2020 sa pilipinas ay ang taon sa loob ng 2000 dekada, sa 21st siglo at 3rd milenyum. matapos ang 2019 sa pilipinas at bago-mag 2021 sa pilipinas. panunungkulan pangulo: rodrigo r. duterte (pdp–laban) pangalawang pangulo: leni g. robredo (liberal) kongreso (ika-18): pangulo ng senado: vicente sotto iii (npc) ispiker ng kapulungan: alan peter cayetano (nacionalista) punong mahistrado: diosdado peralta nagpapatuloy na mga kaganapan mga paglilitis: nagwakas ngayong taon: maria ressa nagpatuloy: leila de lima protestang elektoral, marcos vs. robredo maaaring nalalapit o naudlot: ukol sa mga bidyong ""bikoy"", mga kasong sedisyon, kabilang ang mga isinampa ng criminal investigation and detection group mga alitan: alitang moro rebelyong komunista kampanya laban sa iligal na droga sa pilipinas politikal: serye ng mga protesta sa bansa agawan ng teritoryo sa dagat timog tsina agawan sa hilagang borneo kaganapan pambansa enero enero 12 – sa unang malaking pagsabog buhat taóng 1977, nagbuga ang bulkang taal ng abo na may taas na nasa 10–15 kilometro (6.2–9.3 milya). itinalaga ng surian ng pilipinas sa"
news,tl,wikipedia_tl,"ang intramuros (wikang latin ng ""loob ng kuta"") sa maynila ay ang kuta at ang pinakamatandang kabayanan ng maynila. may lawak itong 67 ektarya at ang nangangasiwa dito ay ang administrasyon ng intramuros (ia), na nilikha sa pamamagitan ng presidential decree no. 1616, na nilagdaan noong 1979. ang tungkulin ng ia ay paunlarin, pangalagaan, pangasiwaan at itayo muli ang mga gusali at istraktura, pati na ang mga kuta ng intramuros. ang intramuros ay tinatawag ding napapaderang lungsod (ingles:walled city), at nung panahon ng mga kastila ay itinuturing bilang ang lungsod ng maynila. ang tawag sa mga distrito sa labas ng pader ay extramuros, na nangangahulugang ""sa labas ng pader"". sinimulan ng pamahalaang kolonyal ng kastila ang pagtatayo ng pader pangdepensa noong huling mga bahagi ng ika-16 siglo upang protektahan ang lungsod mula sa mga mananakop sa ibayo. ang 0.67 km2 na nakapader na lungsod ay orihinal na matatagpuan sa baybayin ng look ng maynila, timog ng pasukan ng ilog pasig. ang fort santiago ang nakatalagang tagabantay ng lungsod, kung saan ang kuta nito ay matatagpuan sa bunganga nig ilog. dahil sa reklamasyon ng lupa na ginawa noong unang mga bahagi ng ika-20 siglo"
news,tl,wikipedia_tl,"si jose marcelo ejercito (ipinanganak 19 abril 1937), na mas kilala bilang joseph ejercito estrada, o erap ang ika-13 pangulo ng pilipinas mula 1998 hanggang 2001. siya ay nahalal na mayor o alkalde ng maynila noong 13 mayo 2013. siya ay isang dating aktor at nagsilbi bilang alkalde ng san juan, senador at pangalawang pangulo bago naging pangulo ng pilipinas noong 1998. siya ay napatalsik sa pagkapangulo noong 2001 matapos akusahan ng korupsiyon na humantong sa impeachment at pagpoprotesta ng mga tao sa tinatawag na ""edsa ii"". siya ay nahatulang nagkasala sa kaso ng pandarambong at nahatulan ng reclusion perpetua. siya ay humiling ng kapatawaran at pinatawad ni gloria arroyo noong 2007. talambuhay si joseph estrada ay ipinanganak noong 19 abril 1937 sa tondo, maynila kina emilio ejercito, sr., na isang inhinyero at maria marcelo. siya ay pinatalsik sa kanyang mga pag-aaral na pang-primarya sa ateneo de manila university at kalaunang pumasok sa kursong inhinyerya sa mapua institute of technology. huminto sa pag-aaral si estrada sa kolehiyo upang pumasok sa larangan ng pelikulang pilipino sa edad na 21. nakagawa siya ng mga humigit kumulang na 120 pelikula, karamihan sa mga ito ay"
news,tl,wikipedia_tl,"ito ay isang talaan ng kasalukuyan at dating pambansang mga lungsod kabisera ng pilipinas, na kinabibilangan ng panahon ng kolonisasyong kastila, ang unang republika ng pilipinas, ang komonwelt ng pilipinas, ang ikalawang republika ng pilipinas (republika ng sponsor na hapon), ang pangatlong republika ng pilipinas, ang ika - apat na republika ng pilipinas at ang kasalukuyang ikalimang republika ng pilipinas. ang kasalukuyang lungsod kabisera, ang maynila, ay ang kabisera ng bansa sa halos buong kasaysayan nito at pinarangalan / itinalagang muli sa pamamagitan ng isang kautusan ng pangulo noong hunyo 24, 1976. kasaysayan noong abril 7, 1521 ay lumapag si ferdinand magellan sa cebu. tinanggap siya ni rajah humabon, na, kasama ang kanyang asawa at mga 800 katutubo, ay binautismuhan ng mga espanyol noong abril 14, 1521 at itinuturing na kauna-unahang katolikong pilipino. gayunman, ay nabigo si magellan na matagumpay na makuha ang pilipinas para sa korona ng espanya, siya ay napatay sa kalapit na isla ng mactan ni datu lapulapu. isang ekspedisyon ng espanya na utos ng mananakop na si miguel lopez de legazpi ay humiling sa pagsakop sa maynila. ang kanyang pangalawang sa kanya, si martín"
news,tl,wikipedia_tl,"ang artikulong ito ay nagbibigay ng isang pangkalahatang-ideya sa mga pinakamahahalagang mga kaganapang nangyari sa taong 2009 sa pilipinas. panunungkulan pangulo: gloria macapagal-arroyo (npc) pangalawang pangulo: noli de castro (independent) kongreso ng pilipinas: ika-14 na kongreso ng pilipinas pangulo ng mataas na kapulungan (senado): juan ponce enrile ispiker ng mababang kapulungan (kapulungan ng mga kinatawan): prospero nograles punong mahistrado ng kataas-taasang hukuman ng pilipinas: reynato puno kaganapan enero enero 1 -- pinarangalan si manny pacquiao bilang ""kampiyon ng mga kampiyon"" ng espn star sports sa singapore matapos makakuha ng higit isang milyong boto. enero 3 -- sa ulat, nangailangan ang gitnang silangan ng mahigit 20, 000 nars na pilipino. enero 4 -- dahil sa umiigting na kuguluhan sa gaza ang mga manggagawang pinoy doon ay inililikas patungong bansang jordan pagkatapos ay lumipad patungo sa pilipinas. enero 5 - ang anak ng kalihim ng agrikultura nasser pangandaman at apat na iba pa ay kinasuhan na may kaugnayan sa panggugulo kay delfin dela paz at sa kanyang 14-taong gulang na anak sa harapan ni pangandaman. enero 6 -- pinarangalan ang labindalawang"
news,tl,wikipedia_tl,"si maría corazón sumulong cojuangco-aquino (ipinanganak bilang maría corazón sumulong cojuangco) (25 enero 1933 – 1 agosto 2009) na lalong mas kilala sa palayaw na cory ay ang ikalabing-isang pangulo ng republika ng pilipinas at kauna-unahang babaeng naluklok sa nasabing pwesto (25 pebrero 1986 – 30 hunyo 1992). tinagurian siyang ina ng demokrasya dahil sa pagsuporta niya sa pagpapanumbalik ng demokrasya sa pilipinas. ipinanganak siya sa tarlac nina jose cojuangco sr. at demetria sumulong. nakapag-aral siya sa estados unidos at nakapagtapos nang may digri sa wikang pranses. siya ay kabiyak ni benigno ""ninoy"" aquino, jr. , ang pinaslang na lider ng oposisyon noong panahon ni dating pangulo na si ferdinand e. marcos. nailuklok siya sa pamamagitan ng isang mapayapang rebolusyon (unang rebolusyon sa edsa) noong 25 pebrero 1986 at ibinalik niya ang demokrasya sa bansa. siya ay ina ng artistang si kris aquino at ng dating pangulo ng pilipinas na si benigno aquino iii. pumanaw siya noong 1 agosto 2009 at inlibing noong 5 agosto. talambuhay si maría corazón ""cory"" sumulong cojuangco ay ipinanganak noong 25 enero 1933 sa paniqui, tarlac at ikaapat na anak nina josé cojuangco, sr. at"
news,tl,wikipedia_tl,"ang senado ng pilipinas ay ang mataas na kapulungan sa dalawang kamara ng tagapagbatas ng pilipinas, ang kongreso ng pilipinas. hindi katulad ng senado ng estados unidos, binubuo ang senado ng pilipinas ng 24 mga senador na hindi kinakatawan ang kahit anong partikular na distritong pang-heograpiya. nagsisilbi ang mga senador sa 6-taong termino, kasama ang kalahati ng mga senador na hinahalal sa bawat 3 taon. sa ganitong paraan, isang katawang nagpapatuloy ang senado. nang mabalik ang senado ng saligang batas ng 1987, nahalal ang 24 mga senador noong 1987 at nagsilbi hanggang 1992. noong 1992, ang mga kandidato nagkamit ng 12 pinakamataas na bilang ng mga boto ang naglingkod hanggang 1998, habang hanggang 1995 lamang ang sumunod na 12. simula noon, nahahalal ang bawat senador sa buong termino na 6 na taon. maliban sa mag-aaral at paggawa ng mga panukalang batas na ipapasa para lagdaan ng pangulo upang maging ganap na batas, ang senado lamang ang kinatawan ng pamahalaan ng pilipinas na maaaring magsabatas ng mga kasunduan sa ibang bansa, at makapaglitis ng mga kasong pagkakatuwalag. kasaysayan nag-ugat ang senado sa philippine commission ng pamahalaang insular. sa ilalim ng"
news,tl,wikipedia_tl,"ang talaang ito ng mga pangunahing lansangan kalakhang maynila ay nagbubuod ng pangunahing mga lansangang bayan at sistemang pamilang (numbering system) na kasalukuyang ipinatutupad sa kalakhang maynila, pilipinas. ang sistema ng daang arteryal ng kalakhang maynila ay binubuo ng mga pambansang daan, ang mga daang palibot, at ang mga daang radyal, gayon din ang ibang mga pangunahing daan na nag-uugnay ng mga lungsod ng maynila, lungsod quezon, hilaga at timog caloocan, valenzuela, malabon, navotas, pasay, parañaque, las piñas, taguig, muntinlupa, marikina, pasig, mandaluyong, makati, pateros, at san juan gayon din mga nakapaligid na lalawigan. sistema ng mga daang arteryal ng kalakhang maynila kasaysayan ang kauna-unahang sistemang pamilang ng mga ruta sa pilipinas ay isinakatuparan noong 1930, sa ilalim ni dating pangulong manuel quezon. ang sistemang ito ay halos magkasingtulad ng sistemang pamilang ng mga lansangan sa estados unidos. ang mga bahagi nito ay 70 mga daan na nakatandang highway 1 - highway 60. ilan sa mga bahagi ng sistemang ito ay ang highway 1 (o bulebar almirante dewey), highway 50 (o calle manila), at highway 54 (o avenida 19 de junio). noong 1945, iprinisinta"
news,tl,wikipedia_tl,"ang panahon ng bagyo sa pasipiko ng 2017, walang nakatalagang hangganan ang panahon ng mga bagyo sa 2017. karamihan ng mga bagyo ay nabubuo sa hilagang-kanluran ng dagat pasipiko mula mayo hanggang nobyembre. ang mga bagyo na nabubuo sa kanlurang pasipiko ay binabansagan ng japan meteorological agency. ito ang international name. kapag pumasok ang bagyo sa lugar na pananagutan ng pilipinas (philippine area of responsibility), ito ay pinapangalanan din ng philippine atmospheric, geophysical and astronomical services administration (pagasa) ang panahon ng bagyo ay medyo hindi matatag, na may mga bagyo na nagwawasak ng karamihan sa kanluran, ang karamihan sa mga bagyo na nakakaapekto sa mainland, bansa at teritoryo, na nagiging sanhi ng partikular na malubhang pinsala sa tsina. , japan, vietnam. mayroong kabuuang 41 tropikal na cyclones kung saan lumalaki ang 27 na bagyo, higit sa kalahati ay pumasok sa south china sea. pana-panahong mga pagtataya buod ng panahon sistema ng mga bagyo 1. bagyong auring (01w) noong enero 7, parehong iniulat ng pagasa at ng jma na ang tropical depression auring ay umunlad sa 400 km (250 mi) sa hilagang-silangan ng davao city sa mindanao, pilipinas. sa"
news,tl,wikipedia_tl,"si maria gloria macapagal-arroyo (ipinanganak bilang maria gloria macaraeg macapagal noong 5 abril 1947) ay ang ika-14 na pangulo ng republika ng pilipinas (20 enero 2001 – 30 hunyo 2010). siya ang ikalawang babaeng pangulo ng bansa, at anak ng dating pangulong si diosdado macapagal. isang propesor ng ekonomiks, si arroyo ay pumasok sa pamahalaan noong 1987, na naglingkod bilang pangalawang kalihim at ilalim-kalihim (undersecretary) ng kagawaran ng kalakalan at industriya sa pag-talaga sa kanya ni pangulong corazon aquino. pagkatapos maglingkod bilang senador mula 1992 hanggang 1998, siya ay nahalal na pangalawang pangulo sa ilalim ni pangulong joseph estrada kahit na ito ay tumakbo sa kalabang partido. pagkatapos maakusahan si estrada ng korupsiyon, nagbitiw siya sa posisyon niya bilang gabinete bilang kalihim ng kagawaran ng kagalingang panlipunan at pagpapaunlad at sumali sa lumalaking bilang ng mga oposisyon sa pangulo, na humarap sa paglilitis. si estrada ay napaalis sa pwesto sa pamamagitan ng tinatawag ng mga tagapagtaguyod nito bilang mga mapayapang demonstrasyon sa lansangan ng edsa, ngunit binansagan namang ng mga kritiko nito bilang pagsasabwatan ng mga elitista sa"
news,tl,wikipedia_tl,"ang pangulo ng senado ng pilipinas (inggles: president of the senate of the philippines) ay ang tagapangulo ng senado ng pilipinas at siya ring pinakamataas ng opisyal ng naturang kapulungan. kasunod ng pangulo at pangalawang pangulo ang pangulo ng senado ang ikatlong pinakamataas na opisyal ng pilipinas, at itinatadhanang gumanap bilang pangulo ng bansa sa panahong wala pang napipili o naging marapat na pangulo o pangalawang pangulo, o sakaling sila ay kapwa mamatay o pamalagiang mabalda. batay sa mga alituntunin ng senado, ang pangulo ng senado gaya ng iba pa nitong opisyal—pangulo ng senado pro tempore, kalihim, at sergeant-at-arms—ay kailangang ihalal ng mayorya ng kabuoang bilang ng senado na nangangahulugang dapat maihalal nang may 13 boto man lang, at di-gaya ng kalihim at sergeant-at-arms ng senado, ang pangulo ng senado ay karaniwang isa sa mga kasapi nito o ay isa ring senador, bagaman hindi ito tuwirang itinatakda sa saligang-batas. ang kasalukuyang pangulo ng senado ay si juan miguel zubiri, na nahalal noong 25 hulyo 2022, sa pagpapatuloy ng ika-19 kongreso. tala ng mga naging pangulo ng senado itinatag ang senado ay nabuo noong 1916 sa pagbabago ng komisyon ng"
news,tl,wikipedia_tl,"ang ikatlong republika ng pilipinas ay tumutukoy sa kasaysayan at pamahalaan ng pilipinas mula hulyo 4, 1946 hanggang setyembre 21, 1972. ito ay ang pinakamatagal na republika sa kasulukuyan, na tumagal ng 26 na taon, tagal na hindi pa narating ng kasalukuyang republika – ang ikalimang republika na 20 taon pa lamang ngayon. nagsimula ito sa isang masayang seremonya sa luneta at natapos sa isang malungkot na pangyayari, na ang patagong pagdedeklara ng batas militar. sa lahat ng naging republika noon, ito lamang ay masasabing malaya sapagkat ito ay opisyal na kinilala ng maraming bansa. bagamat ang unang republika ni emilio aguinaldo ay masasabing malaya sa ibang aspeto, ito'y hindi kinilala ng ibang bansa at gaya na rin ng kay jose p. laurel (ang ikalawang republika) na binuo at kinilala lamang ng alyansang axis (hapon, alemanya, at italy) habang hindi kinilala ng mga ibang bansa. ang ikatlong republika ng pilipinas ay batay sa saligang batas ng 1935 (isinulat noong 1934) at pinagtibay ng komonwelt ng pilipinas (1935–1946). ito'y inspirasyon ng mapanlinlang na ""benevolent assimilation"" na patakaran ng amerika bilang transisyon ng pilipinas mula direktang kolonya patungong"
news,tl,wikipedia_tl,"ang himagsikan ng lakas ng bayan (), na tinatawag ding rebolusyon sa edsa ng 1986 ay isang mapayapang demonstrasyon na nagtagal ng apat na araw sa pilipinas, mula pebrero 22 hanggang pebrero 25 ng taong iyon. nag-ugat ang nasabing rebolusyon sa serye ng mga kilos protesta ng mga tao laban sa diktaduryang pamumuno ni ferdinand marcos, lalo na noong napaslang si ninoy aquino noong 1983. maraming mga tao ang nakilahok dito-mga sibilyan, militar at mga alagad ng simbahan tulad ni jaime cardinal sin. nagdulot ito ng pagbagsak na pamahalaang diktatoryal ni pangulong ferdinand marcos at ang paghalili ni corazon aquino sa posisyong nilisan ni marcos. naganap ang mga demonstrasyon sa edsa (abenida epifanio de los santos), isang mahalagang daan sa kalakhang maynila. kasaysayan ang rehimeng marcos nahalal si ferdinand marcos bilang pangulo ng pilipinas noong 1965, at natalo niya si diosdado macapagal na noon ay kasalukuyang nakaupo bilang pangulo. sa ilalim ng kanyang pamumuno naging aktibo si marcos sa mga proyektong imprastraktura, agrikultura at pampublikong serbisyo na nagdala sa pilipinas sa pinansiyal na kasaganahan. sa kabila ng bali-balita ng dayaan sa eleksiyon, nahalal muli si"
news,tl,wikipedia_tl,"ang edsa (epifanio de los santos avenue; ) na dating highway 54, ay isang mahaba at pakurbang daan na nasasakupan ang anim (6) na lungsod at pangunahing lansangan sa kalakhang maynila sa pilipinas. ito ay isang mahalagang daluyang pantransportasyon sa pagitan ng hilaga at timog na bahagi ng kalungsuran. ang edsa ay nakadugtong sa north luzon expressway (nlex) sa may palitan ng balintawak at south luzon expressway (slex) sa may palitan ng magallanes. inuugnay rin nito ang mga pangunahing distrito pampinansiyal ng makati central business district, lundayang ortigas, at lundayang araneta. ang ikatlong linya ng mrt ay tumatakbo sa kahabaan ng edsa, mula sa kanto ng abenida taft sa pasay hanggang sa sm north edsa sa kanto ng north avenue sa lungsod quezon. ito ang pinakamahaba at pinakamatrapik na daan sa kalakhang maynila na may haba ng 23.8 kilometro (14.8 milya). estruktura ang buong lansangan ay bahagi ng daang palibot blg. 4 (c-4), isang sistema ng mga daan at tulay na nagsisilbing ika-apat na daang palibot (beltway) para sa lungsod ng maynila. isa rin itong bahagi ng pambansang ruta blg. 1 (n1) ng sistema ng lansangang bayan sa pilipinas, at asian highway 26 (ah26) ng sistema ng"
news,tl,wikipedia_tl,"si aquilino martin de la llana pimentel iii o kilala bilang si koko pimentel ay ang ika-28 pangulo ng senado ng pilipinas mula 2016 hanggang 2018.. siya rin ang kasalukuyang pangulo ng partido demokratiko pilipino-lakas ng bayan (pdp–laban). bilang anak ng dating pangulo ng senado ng pilipinas na si aquilino pimentel jr., ito ang unang pagkakataon sa kasaysayan na ang anak ng isang dating pangulo ng senado ay naihalal sa parehong tungkulin. noong 11 agosto 2011, siya ay nanumpa sa tungkulin at ipinahayag bilang ika-12 na senador sa naganap na halalan 2007. talambuhay maagang buhay at edukasyon si aquilino martin de la llana pimentel iii ay isinilang noong 20 enero 1964 sa cagayan de oro, pilipinas. ang kanyang mga magulang ay sina aquilino pimentel, jr. at lourdes de la llana-pimentel. ang kanyang ama ay isang abogado at dean of law sa xavier university sa panahon ng kanyang kapanganakan. naihalal din ang kanyang ama bilang isang senador. nakuha ni pimentel ang kanyang bachelor of science degree sa mathematics mula sa pamantasang ateneo de manila at ang kanyang bachelor of laws mula sa unibersidad ng pilipinas college of law. nanguna siya sa 1990 philippine bar examinations na may"
news,tl,wikipedia_tl,"ang pangulo ng pilipinas (impormal na tinatawag din bilang presidente ng pilipinas) ay ang puno ng estado at ang puno ng pamahalaan ng pilipinas. pinamumunuan ng pangulo ang sangay ng tagapagpaganap ng pamahalaan ng pilipinas at siya rin ang commander-in-chief (literal: punong-kumander) ng sandatahang lakas ng pilipinas. direktang binoboto ng mga tao ang pangulo, at isa ito sa dalawang opisyal na tagapagpaganap na hinahalal ng buong bansa, at ang pangalawang pangulo ng pilipinas ang isa pa. bagaman, may apat na naging pangulo ang hindi nahalal at naupo dahil namatay, nagbitiw o pwersahang pinagbitiw ang nakaupong pangulo. limitado ang pangulo sa isang termino na tatagal lamang hanggang anim na taon. walang sinuman na nagsilbi ng higit sa apat na taon ng isang isang pampangulong termino ang pinapahintulutang tumakbo o magsilbi uli. nagkaroon na ang pilipinas ng labing-anim na mga pangulo. sa kabila ng pagkakaiba sa saligang-batas at ng pamahalaan, itinuturing na walang hinto ang pagkasunod-sunod ng mga pangulo. noong hunyo 30, 2016, nanumpa si rodrigo duterte bilang ang kasalukuyan at ika-16 na pangulo. habang kinikilala ng pilipinas si aguinaldo bilang unang pangulo, hindi siya"
news,tl,wikipedia_tl,"ang kasunduan sa maynila noong 1946, na pormal na kasunduan sa pangkalahatang relasyon at kasunduan, ay isang kasunduan sa mga pangkalahatang ugnayan na nilagdaan noong hulyo 4, 1946 sa maynila, ang kabisera ng pilipinas. pinawalan nito ang soberanya ng us sa pilipinas at kinilala ang kalayaan ng republika ng pilipinas. ang kasunduan ay nilagdaan ng mataas na komisyoner na si paul v. mcnutt bilang kinatawan ng estados unidos at si pangulong manuel roxas bilang kinatawan ng pilipinas. nilagdaan ito ng pangulo ng estados unidos na si harry truman noong agosto 14, 1946, matapos magbigay ng payo at pahintulot ng senado ng estados unidos noong hulyo 31, 1946 sa pamamagitan ng pagpapatibay sa kasunduan. napatunayan ito ng pilipinas noong setyembre 30, 1946. naging epektibo ang kasunduan noong oktubre 22, 1946, nang ipinagpalitan ang pagpapatibay. ang kasunduan ay sinamahan ng isang ""pansamantalang kasunduan hinggil sa mga karatig na relasyon at representasyong diplomatiko at konsulado"" (60 stat. 1800, tias 1539, 6 unts 335) hanggang sa mapagtibay ang kasunduan. ang kasunduan ang mapagpasyang tagumpay ni commodore dewey sa digmaan sa look ng maynila noong mayo 1, 1898 ay nagmarka ng"
news,tl,wikipedia_tl,"ang kataas-taasang, kagalang-galangang katipunan ng mga anak ng bayan o mas kilala bilang katipunan at kkk ay isang lihim na samahan na itinatag sa pilipinas ni andres bonifacio na may layuning palayain ang bansa sa ilalim na ng mga mananakop na espanyol. naitatag ang katipunan noong hulyo 7, 1892, matapos na mahuli at maipatapon si jose rizal na isa sa mga pinuno ng kilusang propaganda at siya ding tagatatag ng la liga filipina, na kung saan miyembro rin si andres bonifacio. ang la liga ay binubuo ng mga panggitnang uri na intelektual o mga ilustrado na nagtataguyod ng mapayapang reporma. ang paghahadlang ng rehimeng espanyol sa la liga ang nagpatunay kay andres bonifacio na walang saysay ang mapayapang reporma sa ilalim ng pamamahala ng espanyol. ito ay binuo sa isang bahay sa kalye azcarraga (ngayon ay abenida claro m. recto) sa tondo, maynila. dahil sa isang pagiging lihim na samahan, isinailalim ang mga kasapi nito sa lubusang paglilihim at inaasahan sila na tumalima sa mga patakarang ipinapairal ng samahan. ang mga nais sumapi sa samahan ay pinadadaan sa seremonya ng pagbunsod upang maging ganap na kasapi. noong una, ang mga kalalakihang pilipino lamang ang tinatanggap,"
news,tl,wikipedia_tl,"si manuel luis quezon y molina (agosto 19, 1878 – agosto 1, 1944), kilala rin sa kanyang inisyal na mlq, ay isang pilipinong sundalo, abogado, at estadista na itinatagurian bilang ikalawang pangulo ng pilipinas, kung saan pinangunahan niya ang amerikanong komonwelt mula noong 1935 hanggang 1944. naging manananggol si quezon sa baler. noong 1906, nahalal siya bilang gobernador ng lalawigan ng tayabas, ngunit nagbitiw upang makapangampanya para sa asambleya ng pilipinas, kung saan nakamit niya ang pagiging pinuno ng asambleya. mula 1909 hanggang 1916, nagsilbi si quezon sa estados unidos bilang naninirahang komisyonero para sa pilipinas. sa panahong ito naipasa ang batas jones (jones act), nagtatanggal sa komisyon sa pilipinas ng estados unidos at nagbibigay ng mas mataas na antas ng pamamahala sa mga pilipino. dahil dito, itinuring na bayani si quezon nang muli siyang magbalik sa pilipinas. sa sumunod na dalawang taon, naglingkod siya bilang pangulo ng senado ng pilipinas. noong 1935, nanalo si manuel l. quezon sa unang halalan ng pagkapangulo ng pilipinas sa ilalim ng bagong komonwelt ng pilipinas, laban kina emilio aguinaldo at obispo gregorio aglipay. muli siyang nahalal noong"
news,tl,wikipedia_tl,"ito ang mga pangyayari ng 2013 sa pilipinas. mga nanunungkulan pangulo: benigno s. aquino iii (liberal) pangalawang pangulo: jejomar c. binay, sr. (pdp-laban) kongreso: pangulo ng mataas na kapulungan (senado): ika-15 na kongreso: juan ponce enrile, sr. (pmp) (nagbitiw noong hunyo 5); jinggoy estrada (acting noong hunyo 5-30) ika-16 na kongreso: franklin m. drilon (liberal) (simula nang magbukas, hulyo 22) ispiker ng mababang kapulungan (kapulungan ng mga kinatawan): ika-15 na kongreso: feliciano r. belmonte, jr. (liberal) (hanggang natapos noong hunyo 30) ika-16 na kongreso: feliciano r. belmonte, jr. (liberal) (nahalal noong hulyo 22) punong mahistrado: maria lourdes p.a. sereno kaganapan pebrero pebrero 12 -- nagpadala si jamalul kiram iii, ang sultan ng sulu, ng 200 mga armadong tagasunod na sinasabing bahagi ng kanyang ""royal army"" ng sultanato ng sulu, na sumalakay sa lahad datu, sabah, upang okupahin ang bahagi ng inaangking estado ng sabah, na nagiging sanhi ng isang hidwaan na sumubok sa ugnayang bilateral ng pilipinas at malaysia. pagkatapos ng 17 araw, ipinahayag ng malaysia noong marso 1, ng pagwawakas sa 17-araw na sagupaang inudyukan ng grupo. marso inantala ng korte"
news,tl,wikipedia_tl,"naganap ang pagbibihag ng isang bus na puno ng mga turistang tsino sa harap ng panoorang quirino (quirino grandstand) sa liwasang rizal, ermita, maynila sa pilipinas noong 23 agosto 2010, kung saan ibinihag ni rolando mendoza, isang dating tagasiyasat sa distritong pampulisya ng maynila ng pambansang pulisya ng pilipinas, ang isang bus na may 25 katao. karamihan sa mga taong nasa loob ng bus ay mga mamamayan ng republikang popular ng tsina na mula hongkong at tumungo sa pilipinas para sa isang paglalakbay. matapos ang halos sampung oras, nakatakas ang pilipinong tsuper ng bus sa pamamagitan ng pagdaan sa bintana ng bus sa tabi niya at nakuhanan sa telebisyon na sumisigaw ng ""patay na ang lahat"" bago pa maihatid papalayo ng mga pulis. napanood ng milyun-milyong katao sa buhay na telebisyon ang sumunod na operasyon sa pagliligtas ng mga bihag ng mga operatiba ng pulis na umabot ng 90 minuto. sa huli, napatay ang walong bihag at si mendoza habang siyam na iba pa ang sugatan. matapos ang nasabing insidente naglabas ang pamahalaan ng hongkong ng ""itim"" na babalang panlakbay (""black"" travel alert) laban sa pilipinas. ang nangyaring paglusob sa bus para sagipin ang mga bihag ay pinuna ng"
news,tl,wikipedia_tl,"ang mga protesta laban kay rodrigo duterte, ang ika-16 na pangulo ng pilipinas, ay nagsimula noong nobyembre 18, 2016 kasunod ng paglilibing sa yumaong pangulo at diktador na si ferdinand marcos, na suportado ni duterte. ang mga serye ng mga protesta, karamihan ay simple at payapa, kadalasang isinasagawa ng mga left-wing group at iba pang mga kalaban na pangunahing sanhi ng nagpapatuloy na giyera kontra droga, pagdeklara ng batas militar sa mindanao, at mga isyu sa trabaho tulad ng kontraktwal na term na inilalapat ng kumpanya at ang inflation dahil sa tax reform for acceleration and inclusion act. mas maraming mga sanhi tulad ng pagtugon ng gobyerno sa covid-19 pandemya sa bansa at sa kalamidad tulad ng bagyo, ang pagpasa ng anti-terrorism act of 2020, at ang pagsasara ng abs-cbn. mga sanhi ng protesta kampanya laban sa iligal na droga at extrajudicial killings mula nang makaupo si duterte bilang pangulo, ipinatupad niya ang giyera laban sa iligal na droga sa bansa, na nangangako na papatayin ang libu-libong taong nasangkot sa kalakal ng droga. ang kampanya ay nagbunsod ng mga pagkondena at pag-aalala sa mga lokal na pulitiko, internasyonal na karapatang pantao at mga"
news,tl,wikipedia_tl,"ang transportasyon sa pilipinas ay hindi pa gaanong maunlad, dahil sa mga sumusunod na dahilan: mga buludunduking lugar sa bansa at mga nakakalat na mga pulo, at ang patuloy na hindi paglalaan ng pondo ng pamahalaan sa mga imprastrakturang pantransportasyon ng bansa. subalit sa mga nakalipas na taon, ang pamahalaan ay sumisikap upang maipaganda ang sistema ng transportasyon sa bansa sa pamamagitan ng mga iba't-ibang proyektong pang-imprastrasktura. ang mga dyipni ay pinakatampok na anyo ng pampublikong transportasyon sa pilipinas, at naging simbolo ang mga ito ng kultura ng bansa. isa pang tampok na anyo ng pampublikong transportasyon ay ang de-motor na traysikel; mas-pangkaraniwan ang mga ito sa mga pook-rural. sa mga nakalipas na taon, nagiging tampok na anyo ng pampublikong transportasyon ang mga daambakal sa bansa, lalo na sa maabalang kalakhan ng kamaynilaan. may tatlong pangunahing sistema ng daambakal sa pilipinas: ang sistema ng light rail transit ng maynila na binubuo ng linya 1 at linya 2, ang sistema ng metro rail transit ng maynila na binubuo ng linya 3, at ang pambansang daambakal ng pilipinas (o pnr). ang dalawang sistema na unang binanggit ay nagsisilbi lamang sa"
news,tl,wikipedia_tl,"ang ikatlong linya o ang linyang dilaw ng sistemang metro rail transit ng maynila (yellow line) at kilala dati bilang linyang bughaw (blue line) ay ang ikatlong linya ng tren sa maynila. sa kasalukuyan binubuo ng labing tatlong estasyon na may 16.95 kilometro. maaring ang mga estasyon ay may riles na nakaangat, maliban sa buendia at ayala na nasa ilalim ng lupa at boni at taft na nasa lupa. katulad ng pinahihiwatig ng pangalan nito, kulay dilaw ang linya sa lahat ng mga mapa ng tren. tumatakbo ang linya sa hilaga-timog na direksiyon, at dumadaan sa mga lungsod ng pasay, makati, lungsod quezon, at mandaluyong. pwedeng lumipat ang mga pasahero sa linyang lunti sa abenida taft, at sa linyang bughaw sa sentrong araneta-cubao. bago ipinalabas ang sistemang panlulan ng matatag na republika, tinawag ang linya na mrt line 3, o metrostar express. subalit, ang bughaw na kulay nito, na ginamit simula nang buksan ito noong 1999, ay ginagamit padin kahit na pinalitan na ang kulay ng linya ng dilaw. naisip noong 1970s at 1980s bilang bahagi ng iba't ibang pagaaral ukol sa posibilidad ng negosyo, ang labintatlong istasyon, 16.9-kilometro (10.5-milya) na linya ay ang pangalawang mabilis na linya"
news,tl,wikipedia_tl,"ang pinuno ng mayorya sa senado ng pilipinas ang lider na inihalal nang partidong mayorya sa senado ng pilipinas na nagsisilbing opisyal na lider nila sa kabuuan ng senado. siya rin ang nangangasiwa sa mga gawain nang mayorya sa senado. sa tradisyon, mas binibigyang prayoridad nang pangulo ng senado o nang kahit sino nagpapaganap ang mayorya sa pagkakuha nang floor sa pagsasalita. siya rin ang kalimitang pinuno ng komitiba sa mga alituntunin (committee on rules). ang kasalukuyang lider nang mayorya sa senado ay si juan miguel zubiri. tala ng mga lider ng mayorya lehislatura ng pilipinas ikaapat na lehislatura 1916-1919 francisco villanueva ikalimang lehislatura 1919-1922 francisco enage ikaanim na lehislatura 1922-1925 francisco enage ikapitong lehislatura 1925-1928 unknown ikawalong lehislatura 1928-1931 jose p. laurel ikasiyam na lehislatura 1931-1934 benigno aquino sr. ikasampung lehislatura 1934-1935 claro m. recto komonwelt ng pilipinas 1945-1946 melecio arranz (ikatlong) republika ng pilipinas unang kongreso 1946-1949 vicente francisco ikalawang kongreso 1950-1952 tomas cabili ikatlong kongreso 1954-1957 cipriano p. primicias, sr. ikaapat na kongreso 1958-1961 cipriano p."
news,tl,wikipedia_tl,"si manuel acuña roxas (1 enero 1892 – 15 abril 1948) ay ang ikalimang pangulo ng republika ng pilipinas (28 mayo 1946 – 15 abril 1948) na makikita sa isandaang pisong papel na isyu ng bangko sentral ng pilipinas. isinilang si roxas noong 1 enero 1892 sa lungsod na ipinangalan sa kanya nang siya ay namatay, ang lalawigang capiz ngayon ay lalawigang roxas. sina gerardo roxas at rosario acuña ang kanyang mga magulang. nagtapos siya ng abogasya sa unibersidad ng pilipinas (university of the philippines) noong 1912 at naging topnotcher sa bar exams. nag-umpisa siya sa pulitika bilang piskal panlalawigan. nagsilbi sa iba't-ibang kapasidad sa ilalim ng pamahalaang komonwelt ni manuel l. quezon. noong 1921, naihalal siya sa house of representatives at sa sumunod na taon ay naging speaker of the house. pagkatapos maitatag ang komonwelt ng pilipinas (1935), naging kasapi si roxas sa national assembly, nagsilbi (1938–1941) bilang kalihim ng pananalapi sa gabinete ni pangulong manuel quezon, at naihalal (1941) sa senado ng pilipinas. noong ikalawang digmaang pandaigdig, binihag siya (1942) ng pwersa ng mananakop na hapon. ngunit sa panahon ng ikalawang digmaang pandaigdig, nanilbihan siya sa"
news,tl,wikipedia_tl,"panahon ng bagyo sa hilagang-kanlurang pasipiko ng 2019 ay isang kaganapan na kung saan tropikal na cyclones nabuo sa pacific northwest sa 2019, higit sa lahat mula mayo hanggang disyembre. ang artikulong ito ay tumutukoy lamang sa mga bagyo na bumubuo sa loob ng pacific sa north hemisphere at ang mga salita meridian 100 hanggang 180 degree. ang tropikal na mga bagyo na nabuo sa buong pacific northwest ay pinangalanan ng japan meteorological agency jma. ang tropical depression ay typhoon warning center ang jtwc track ay magkakaroon ng ""w"" na suffix pagkatapos ng kanilang numero. ang mga tropikal na depresyon na bumubuo o lumipat sa lugar na pilipinas na mga track ay tatawaging din ng philippine astronomical, geophysical and administration department pagasa. iyan ang dahilan kung bakit sa maraming kaso, ang isang bagyo ay may dalawang magkakaibang pangalan. ito rin ang ikalawang magkakasunod na panahon ng bagyo na ang unang atake ay nabuo mula sa mga huling araw ng nakaraang taon (season). ang 2019 hurricane season ay may espesyal na punto na nagsisimula mula sa mga huling araw ng 2018 na may tropical depression na nabuo mula sa mababang presyon sa 31 disyembre 2018 at nagpapatibay"
news,tl,wikipedia_tl,"ito ang mga kaganapan noong 2014 sa pilipinas. mga nanunungkulan pangulo: benigno s. aquino iii (liberal) pangalawang pangulo:jejomar c. binay, sr.(una) kongreso (ika-16): pangulo ng mataas na kapulungan (senado):franklin m. drilon (liberal) ispiker ng mababang kapulungan (kapulungan ng mga kinatawan): feliciano r. belmonte, jr. (liberal) punong mahistrado: maria lourdes p.a. sereno kaganapan enero enero 22 -- inatake di-umano ng isang grupo ng mga tao si vhong navarro sa loob ng isang condominium unit sa fort bonifacio, taguig. enero 25 -- tinapos ng gobyerno at mga tagapamagitan ng milf sa malaysia ang kanilang pakikipag-usap tungkol sa mga detalye ng mga iminungkahing kasunduan sa kapayapaan. pebrero pebrero 15 -- sumali ang higit sa 519,221 miyembro ng iglesia ni cristo sa ""worldwide walk for those affected by typhoon yolanda"" na ginanap sa maynila at sa mga piling lugar sa pilipinas at sa ibang bansa. marso naaresto si delfin lee, isang negosyante at tagapagtatag, pangulo at tagapamahala ng board ng globe asiatique realty holdings corp., sa isang hotel sa pampanga, sa kasong syndicated estafa. marso 22 -- inaresto ng pwersa ng kapulisan ang pinuno ng partido komunista ng"
news,tl,wikipedia_tl,"si kim il-sung (abril 15, 1912 – hulyo 8, 1994), ipinanganak na kim song-ju, ay isang koreanong manghihimagsik at politiko na nagtatag ng hilagang korea at naging unang kataas-taasang pinuno nito. namahala siya mula sa pagkalikha ng bansa noong 1948 hanggang sa kanyang pagkamatay nang 1994, kung kailan hinalinhan siya ng kanyang panganay na anak na si kim jong-il. naglingkod siya bilang unang premiyer at tanging pangulo ng hilagang korea, tagapangulo at pangkalahatang kalihim ng partido manggagawa ng korea, at kataas-taasang komandante ng hukbong bayan ng korea. inilahad niya ang pilosopiyang juche, ang ideolohiyang pang-estado ng hilagang korea na nakabatay sa sosyalismo, pag-aasa sa sarili, at nasyonalismong koreano. isinilang sa isang aktibistang pamilya sa panahon ng paglupig sa korea, naging gerilyang anti-hapones si kim sa kanyang pagkabata. naimpluwensyahan siya ng mga makakaliwang ideolohiya at sumali sa mga organisasyong radikal tulad ng partido komunista ng tsina. matapos mahati ang tangway ay naglingkod siya bilang pinuno ng pamahalaang probisyonal sa sonang sobyetiko at nangasiwa sa pagkatatag ng kasalukuyang estado ng hilagang korea. pinasimuno niya ang pagsalakay sa"
news,tl,wikipedia_tl,"si adolf hitler (20 abril 1889 – 30 abril 1945) ay isang pulitikong aleman na nagsilbing dáting kansilyer ng alemanya mula 1933, at ang führer (""pinúnò"") ng alemanya mula 1934 hanggang sa kaniyang kamatayan. siya ang pinúnò ng partido ng pambansang sosyalistang manggagawang aleman (nationalsozialistische deutsche arbeiterpartei o nsdap), na mas kilalá bílang ang partidong nazi. nakamit ni hitler ang kapangyarihan sa isang alemanyang nahaharap sa krisis matapos ang unang digmaang pandaigdig. sa pamamagitan ng paggamit ng propaganda at maaalindog na mga pananalumpati, nagawa niyang umapela sa pangangailangan ng mga mahihirap at paigtingin ang mga ideya ng nasyonalismo, antisemitismo, at anti-komunismo. sa pagtatatag ng maayos na ekonomiya, pagpapaigting ng militar, at isang rehimeng totalitaryan, gumamit si hitler ng isang agresibong patakarang pandayuhan sa paghahangad na mapalawak ang lebensraum (""puwang na tirahan"") ng mga aleman, na nagpasimula ng ikalawang digmaang pandaigdig nang salakayin ng alemanya ang poland. sa pinakamalaking abot-saklaw nito, sumailalim ang kalakihan ng europa sa kontrol ng alemanya, subalit kasáma ang ibang kapangyarihang aksis, sa huli'y natalo pa rin"
news,tl,wikipedia_tl,"ginanap noong 9 mayo 2022, ikalawang lunes ng buwan ng mayo ang isang halalang pampanguluhan ng pilipinas. inihalal sa araw na ito ang ika-17 pangulo ng pilipinas na hahalili kay rodrigo duterte, na hindi na maaaring tumakbo muli sa naturang katungkulan alinsunod sa saligang batas ng pilipinas ng 1987. ito ang ikalimang halalang sa pagkapangulo at pangalawang pangulo sa ilalim ng 1987 saligang batas ng pilipinas. mga kandidato mga nagdeklara ng pangkandidato ang mga susunod na personalidad ay mga nagdeklara ng pangkandidato sa halalan: lider-manggagawa na si leody de guzman (plm) bilang pangulo at walden bello (plm) bilang pangalawang pangulo. senador panfilo lacson (reporma) para sa pangulo at senador tito sotto (npc) bilang pangalawang pangulo. dating senador bongbong marcos (pfp) bilang pangulo at alkalde ng lungsod ng dabaw sara duterte (hnp) tatakbo bilang pangalawang pangulo. alkalde ng maynila isko moreno (aksyon) bilang pangulo at willie ong (aksyon) bilang pangalawang pangulo. senador manny pacquiao (promdi) bilang pangulo at representante lito atienza (promdi) bilang panglawang pangulo. pangalawang pangulo leni robredo (independyente) bilang pangulo at senador francis"
news,tl,wikipedia_tl,"ang sistemang transportasyon ng kalakhang maynila ay isang pagdadamayan ng masalimuot na mga sistema ng impraestruktura sa pangunahing kalungsuran sa pilipinas. unang dumaan sa lungsod ang mga unang kotse at trambiya sa pilipinas. sa bawat panig ng kalungsuran, magagamit ang sari-saring mga uri ng transportasyon tulad ng mga bus, dyipni, taksi, tren, traysikel, at kalesa na ginagamit lamang ngayon sa mga pangunahing lansangan sa maynila. pinaglilingkuran ang kalakhang maynila ng tatlong magkakaibang ugnayang daambakal: ang sistema ng light rail transit ng maynila (o lrta, na binubuo ng linya 1 at linya 2), ang linya 3, at ang pambansang daambakal ng pilipinas (o pnr, na binubuo ng pnr metro commuter). punong-tanggapan din ang maynila ng pangunahing himpilan ng pambansang daambakal ng pilipinas. pampublikong transportasyon bilang isang pangunahing lungsod, may maraming pagpipiliang opsiyon sa transportasyon ang maynila. ang pinakatanyag sa mga paraang ito ay ang pampublikong dyipni, na ginagamit mula pa noong pagkaraan ng ikalawang digmaang pandaigdig. mga patok na anyo rin ng transportasyon ang mga bus, may-erkon na taksi, at tamaraw fx mini-van. ang mga de-motor na traysikel at"
news,tl,wikipedia_tl,"ang 2021 sa pilipinas ay mga pangyayaring nakatakdang naganap sa pilipinas, taong 2021. ang 2021 sa pilipinas ay ang taon sa loob ng 2000 dekada, sa 21st siglo at 3rd milenyum. matapos ang 2020 sa pilipinas at bago-mag 2022 sa pilipinas. panunungkulan pangulo: rodrigo r. duterte (pdp–laban) pangalawang pangulo: leni g. robredo (liberal) kongreso (ika-18): pangulo ng senado: vicente sotto iii (npc) ispiker ng kapulungan: lord allan velasco (pdp–laban) punong mahistrado: diosdado peralta (hanggang marso 27) estela perlas-bernabe (pansamantala, marso 27–abril 5) alexander gesmundo (simula abril 5) nagpapatuloy na mga kaganapan mga paglilitis: nagwakas ngayong taon: protestang elektoral, marcos vs. robredo nagpatuloy: leila de lima mga alitan: alitang moro rebelyong komunista kampanya laban sa iligal na droga sa pilipinas agawan ng teritoryo sa dagat timog tsina pandemya ng covid-19 sa pilipinas paggunitang kuwinsentenaryo sa pilipinas ng 2021: ipinagdiwang ang ika-500 anibersaryo ng kauna-unahang misa sa bansa, na noo'y idinaos sa linggo ng pagkabúhay, at ng labanan sa mactan. kaganapan pambansa enero enero 1 – kontrobersyal na pagkamatay ni christine dacera, flight attendant sa"
news,tl,wikipedia_tl,"ang pinuno ng minorya ng senado ng pilipinas ay ang lider na inihalal nang minoryang partido nang senado na nagsisilbing opisyal na lider nila sa kabuuan ng senado. siya rin ang nangangasiwa sa mga gawain ng minorya sa senado. inaasahan siyang maging alerto at mapagmatyag, at maging tagapagtanggol nang karapatan ng minorya. responsibilidad niya na punahin ang mga polisiya nang mayorya at gamitin ang parlyamentaryong taktika at matyagan ang mga isinusulong na mga batas. ang kasalukuyang lider ng minorya sa senado ng pilipinas ay si franklin drilon. talaan ng mga lider ng minorya lehislatura ng pilipinas ikasiyam na lehislatura 1931-1934 claro m. recto ikasampung lehislatura 1934-1935 unknown komonwelt ng pilipinas 1942-1946 unknown (ikatlong) republika ng pilipinas unang kongreso 1946-1949 carlos p. garcia ikalawang kongreso 1950-1952 carlos p. garcia ikatlong kongreso 1954-1957 none ikaapat na kongreso 1958-1961 ambrosio padilla ikalimang kongreso 1962-1965 estanislao fernandez ikaanim na kongreso 1966-1969 ambrosio padilla ikapitong kongreso 1970-1973 gerardo roxas (ikalimang) republika ng pilipinas ikawalong kongreso 1987-1991 juan ponce enrile 1991-1992 wigberto tañada ikasiyam"
news,tl,wikipedia_tl,"ang ika-19 (labinsiyam) na dantaon (taon: ad 1801 – 1900),ay isang siglo na nagsimula noong enero 1, 1801, at nagtapos noong disyembre 31, 1900. nagkaroon ng malaking pagbabagong panlipunan ang ika-19 na siglo; binuwag ang pagkaalipin, at ang una at ikalawang rebolusyong industriyal (na sumasanib sa ika-18 at 20 mga siglo, sa ganoong pagkakaayos) na nagdulot sa malawakang urbanisasyon at mataas na antas ng produktibidad, kita at kaunlaran. nabuwag ang islamikong imperyo ng pulbura at dinala ng imperyalismong europa sa pamamayaning kolonyal ang karamihan ng timog asya, timog-silangang asya at halos lahat ng aprika. pangkalahatang tanaw unang lumabas ang elektroniks sa ika-19 na dantaon, kasama ang introduksyon ng electric relay noong 1835, ang telegrapiya at ang protokol nitong kodigong morse noong 1837, ang unang pagtawag sa telepono noong 1876, at ang unang gumaganang bombilya noong 1878. isang panahon ang ika-19 na dantaon ng mabilis na siyentipikong pagtuklas at imbensyon, na may mahahalagang mga ginawa sa mga larangan ng matematika, pisika, kimika, biyolohiya, elektrisidad, metalurhiya na nagbigay daan sa mga pagsulong ng teknolohiya sa ika-20 dantaon. nagsimula ang"
news,tl,wikipedia_tl,"si imelda marcos (ipinanganak na imelda remedios visitacion romualdez noong 2 hulyo 1929) ay isang pilipinong politiko, at naging unang ginang ng pilipinas sa loob ng 21 na taon ng ika-10 pangulo pilipinas na si ferdinand marcos mula 1965 hanggang 1986. si imelda marcos ay kadalasang naaalala sa buong mundo para sa kanyang pagpapasasang pamumuhay noong panunungkulan ng kanyang asawa bilang pangulo.kabilang sa sinasabing magandang pamumuhay ni imelda ay ang kanyang koleksiyon ng higit sa isang libong mga pares ng mga mamahaling sapatos. bukod sa koleksiyon ng mga mamahaling sapatos, kilala rin si imelda dahil sa mga mamahaling alahas nito at mga magagarbong pagdiriwang. kilala rin siya sa mga tanyag na pangalan na o formal and smart. kabataan si imelda ay isinilang noong 2 hulyo 1929 sa ospital ng san juan de dios sa intramuros, maynila. siya ang panganay na anak nina vicente lopez romualdez (apo ng prayle na si don francisco lopez na mula sa granada, españa) at remedios trinidad ng baliwag, ang ikalawang asawa ng nabalo na si vicente. bininyagan siya noong ika-3 ng hulyo 1929, sa simbahan ng san miguel sa maynila. taglay ni imelda ang kanyang opisyal na pangalang remedios na mula"
news,tl,wikipedia_tl,"sukarno (6 hunyo 1901 – 21 hunyo 1970) ay ang unang pangulo ng indonesia, paghahatid sa opisina mula 1945 hanggang 1967. sukarno ay ang pinuno ng kanyang bansa sa pakikibaka para sa pagsasarili mula sa netherlands. siya ay isang kitang-kitang mga lider ng indonesia makabayan kilusan sa panahon ng olandes kolonyal na panahon, at na ginugol ng higit sa isang dekada sa ilalim ng dutch sa pagpigil hanggang sa inilabas sa pamamagitan ng mga panghihimasok sa hapon pwersa. sukarno at ang kanyang mga kapwa nationalists collaborated upang kumamal ng suporta para sa mga pagsisikap digmaan mula sa mga populasyon, sa exchange para sa tulong ng mga hapon sa kumakalat makabayan ng mga ideya. sa hapon na suko, sukarno at mohammad hatta ipinahayag ng indonesian pagsasarili sa 17 agosto 1945, at sukarno ay itinalaga bilang unang pangulo. pinangunahan niya ang mga indonesians sa resisting dutch muling kolonisasyon ng mga pagsusumikap sa pamamagitan ng diplomatiko at militar na paraan hanggang sa ang mga dutch pagkilala ng indonesian pagsasarili sa 1949. may-akda pramoedya ananta sibil sa sandaling na sinulat ni ""sukarno ay ang tanging asian lider ng modernong panahon upang mapag-isa ang mga tao ng"
news,tl,wikipedia_tl,"ang kalakhang maynila na punong rehiyon ng pilipinas, ay isang malaking kalakhang pook na may ilang antas ng mga subdibisyon. administratibong nahahati ang rehiyon sa labimpitong mga pangunahing yunit ng lokal na pamahalaan na may kani-kanilang mga inihahalal na alkalde at mga sangguniang iniuugnay ng pangasiwaan sa pagpapaunlad ng kalakhang maynila, isang pambansang ahensiya ng pamahalaang pinamumunuan ng isang tagapangulong tuwiran na itinalaga ng pangulo ng pilipinas. ang mga lungsod at bayang bumubuo sa mga yunit ng lokal na pamahalaan ng rehiyon ay nahahati pa sa mga barangay (dating tinawag na mga baryo) na pinamumunuan ng isang inihalal na punong barangay at sangguniang barangay. ang kabuoang rehiyon ay heograpikong nahahati sa apat na mga distrito, ang una ay ang kabiserang sentral na lungsod ng maynila, ang ikalawa at ikatlong mga distrito ay nasa silangan at hilaga ng lungsod, alinsunod sa pagkakabanggit, at ang ikaapat na distrito naman ay sumasaklaw sa nalalabing mga lugar sa timog ng lungsod at ng ilog pasig. mga distrito hindi tulad ng ibang mga rehiyong pampangasiwaan sa pilipinas, hindi binubuo ng mga lalawigan ang kalakhang maynila. sa halip, nahahati ang rehiyon"
news,tl,wikipedia_tl,"ang rebolusyon sa edsa ng 2001, o tinatawag na edsa ii (edsa dos), ay isang apatang-araw na pangyayaring pampolitika na naganap noong enero 17-20, 2001, na nagpatalsik sa pangulo ng pilipinas na si joseph estrada at nagluklok kay gloria macapagal-arroyo, na siyang bise-pangulo, bilang maging pangulo ng bansa. ayon sa mga tagasuporta, ang edsa ii ay ""popular"", ngunit binansagan ito ng mga kritiko bilang isang sabwatan sa pagitan ng mga elitistang mga pulitiko at mga negosyante, mga matataas na puno ng militar at ni jaime cardinal sin. ang humalili kay estrada ay si gloria macapagal-arroyo, na nanumpa kay punong mahistrado hilario davide, jr, bandang katanghalian ng enero 20, ilang oras bago ang paglisan ni estrada sa palasyo ng malacañang. ang edsa ay ang daglat sa ingles ng epifanio de los santos avenue (abenida epifanio delos santos), na siyang isang pangunahing daanan na nagkokonekta sa limang lungsod sa kalakhang maynila: ang pasay, makati, mandaluyong, lungsod quezon at caloocan. naganap ang rebolusyon sa distritong pangkalakalan sa ortigas center. hati ang reaksiyon ng mundo sa pangyayaring ito. bagama't agad na kinilala ng estados unidos ang pagkalehitimo ng pagkapangulo ni"
news,tl,wikipedia_tl,"si emilio aguinaldo y famy (marso 22, 1869 – pebrero 6, 1964) ay isang pilipinong heneral, estadista, at manghihimagsik na kinikilala bilang unang pangulo ng pilipinas, kung saan siya namahala mula 1899 hanggang 1901. pinangunahan niya ang mga puwersang pilipino laban sa espanya noong himagsikang pilipino at digmaang espanyol–amerikano, at sa estados unidos noong digmaang pilipino–amerikano. siya ay isa sa mga pinakakilalang pinuno ng pakikibaka laban sa mga kastila, at nang lumáon laban sa mga amerikano, tungo sa kasarinlan ng pilipinas. namuno siya sa isang pag-aalsa laban sa pamahalaang kastila noong taóng 1896. namuno rin siya sa ikalawang pagdigma laban sa sandatahang kastila noong taóng 1898 habang kakampi ang mga amerikano, bilang pinuno ng himagsikan, isinakatuparan niya ang pagpapahayag ng kalayaan ng pilipinas noong 12 hunyo 1898. siya ang itinanghal na unang pangulo ng republika ng pilipinas noong 23 enero 1899. nang malaman ang pagnanais ng estados unidos na sakupin ang pilipinas upang matupad ang kasunduan sa paris (1898) sa pagitan ng estados unidos at espanya ay muling namuno si aguinaldo sa pagtatanggol sa kasarinlan mula taóng 1899 hanggang 1901. noong 23 marso"
news,tl,wikipedia_tl,"ang artikulong ito ay nagbibigay ng isang pangkalahatang-ideya sa mga pinakamahahalagang mga kaganapang nangyari sa taong 2007 sa pilipinas. mga nanunungkulan pangulo: gloria macapagal-arroyo pangalawang pangulo: noli de castro kongreso ng pilipinas: ika-13 na kongreso ng pilipinas (hanggang hunyo 8); ika-14 na kongreso ng pilipinas (simula hulyo 23) pangulo ng mataas na kapulungan (senado): manuel villar ispiker ng mababang kapulungan (kapulungan ng mga kinatawan): jose de venecia jr. punong mahistrado ng kataas-taasang hukuman ng pilipinas: reynato puno kaganapan enero enero 4 - siyam katao ang patay sa dagliang baha sa rehiyon ng eastern visayas. enero 9 - ang malaking karamihan ng mga tao ay naggunita sa quiapo na ito ay ika-400 taon mula nang ang black nautilus ay dumating mula sa mexico. enero 12 - ang mga lider ng mga bansang benepisyaryo ng asean ay nagkasama sa ika-12 asean summit sa lungsod mandaue. enero 17 - sa lungsod iloilo sinugod ng 200 opisyal ng pulisya ang kapitolyo panlalawigan upang matiyak ang paghahain ng isang deposition order laban sa gobernador niel tupas, sr. enero 30 - si francis escudero, miyembro ng kapulungan ng mga kinatawan ng pilipinas para sa"
news,tl,wikipedia_tl,"si loren legarda ay isang pilipinong mamamahayag sa telebisyon, ekolohista, at politiko na naging senador at pangulong pro tempore ng senado ng pilipinas mula 2022. sya ay may lahing bisaya at kilala bilang ang katangi-tanging babaeng nanguna sa dalawang halalan para sa senado (1998 at 2007). noong halalan nong 2004, tumakbo siya sa posisyong pangalawang pangulo bilang isang independyente kasama at katambal ng yumaong fernando poe, jr. noong 2010, siya ay muling tumakbo sa posisyong pangalawang pangulo kasama naman ni manny villar. naging house deputy speaker din si legarda sa kanyang tatlong taong panunungkulan bilang kinatawan ng antique mula 2019 hanggang 2022. karera si legarda ay kilalang nagsusulong ng kaalaman sa pagbabago ng panahon at mayroon siyang maraming parangal sa mga adhikaing pagpapabuti ng lipunan at pagsulong sa karapatang pantao; kabilang ang mga ito sa mga nagawa niya bilang isang mamamahayag. bilang isang mamamahayag, nakakuha siya ng maraming parangal. noong 2008, napili siyang ""united nations international strategy for disaster reduction asia pacific regional champion for disaster risk reduction and climate change adaptation"". kasama siya sa delegasyon ng"
news,tl,wikipedia_tl,"ang kasaysayan ng pilipinas, mula 1965 hanggang 1986, ay sumasaklaw sa pamumuno ni ferdinand marcos. kasama sa panahon ni marcos ang mga huling taon ng ikatlong republika (1965–1972), ang pilipinas sa ilalim ng batas militar (1972–1981), at ang mayorya ng ika-apat na republika (1981–1986). sa pagtatapos ng panahon ng diktadoryang marcos, ang bansa ay dumaranas ng krisis sa utang, matinding kahirapan, at matinding kawalan ng trabaho. ang administrasyon ni ferdinand marcos (1965–1972) unang termino noong 1965, nanalo si ferdinand marcos sa halalan sa pagkapangulo at naging ika-10 pangulo ng pilipinas. ang kanyang unang termino ay minarkahan ng pagtaas ng industriyalisasyon at pagtatayo ng mga imprastraktura sa buong bansa, kabilang ang paglikha ng north luzon expressway at ang pagpapatuloy ng maharlika highway (pan-philippine highway). noong 1968, nagbabala si senador benigno aquino jr. na si marcos ay nasa daan tungo sa pagtatatag ng ""isang garrison state"" sa pamamagitan ng ""baloning the armed forces budget"", saddling the defense establishment with ""overstaying generals"" at ""militarizing our civilian government offices"". ito ay mga prescient na komento sa liwanag ng mga kaganapan"
news,tl,wikipedia_tl,"ang super bagyong yolanda (pagtatalagang pandaigdig: bagyong haiyan), ay ang pinakamalakas na bagyo sa pilipinas na nanalasa sa kabisayaan noong ika 8, nobyembre 2013, na naitala sa kasaysayan ng mundo, ng mag landfall sa kalupaan. ang haiyan, na nangangahulugan na petrel sa wikang intsik (海燕) ay isa sa pinakamalakas na bagyong naitala sa daigdig. at ang ikalawang pinakamalakas na bagyong naitalang tumama sa pilipinas, na kumitil ng 6,300. nagdulot ng malawakang pagkawasak ang bagyo sa pilipinas, lalo na sa pulo ng samar at leyte, kung saan tinaya ng gobernador na hindi bababa 10,000 katao ang nasawi sa lungsod pa lamang ng tacloban. paghahanda pilipinas nagtalaga ang mga kinauukulan ng mga pulis sa kabikulan bilang paghahanda sa bagyo. sa mga lalawigan ng samar at leyte, kinansela ang mga klase, at ang mga mamamayan na naninirahan malapit sa mga mabababang lugar at sa mga lugar na maaaring gumuho ang lupa ay sapilitang inilikas. ang ilang pook na nilindol sa bohol ay dadaanan din ng bagyo. iminungkahi ng pangulo ng pilipinas na magpadala ng mga eroplano at helikopter sa mga rehiyong inaasahang maapektuhan ng bagyo. dahil sa mabilis na pagkilos ng bagyong yolanda, nagtaas ng"
news,tl,wikipedia_tl,"ang pambansang daambakal ng pilipinas (ingles: philippine national railways, dinadaglat bilang pnr) ay isang sistemang daangbakal na may-ari ng estado sa pilipinas, na nasa ilalim ng kagawaran ng transportasyon (dotr) bilang isang kabit na ahensiya. kahit kung itinatag ito noong panahon ng kolonyalismong espanyol, naitatag lamang noong 1984 ang kasalukuyang anyo ng pnr. kasalukuyang nagtatakbo ito ng 479 kilometro ng riles sa pulo ng luzon, kung saan ang mayoriya ng imprastrukturang daangbakal sa pilipinas ay nakapuwesto. dahil sa ito, naging magkasingkahulugan ang pnr sa sistemang daangbakal sa pilipinas. isang bahagi ng lambat-lambat ng pnr, partikular na sa bahagi ng lambat-lambat nito na nakapuwesto sa kalakhang maynila, ay bahagi ng sistemang panlulan ng matatag na republika (srts), at pangkalahatang sistema ng pampublikong transportasyon sa kalakhan. ito ay ang buhay ng lahat ng mga palingkurang riles panrehiyon sa kalakhang maynila, na umaabot sa mga arabal (suburb) nito at sa mga lalawigan tulad ng laguna. gayunpaman, ang layon ng pnr ay hindi lamang bawasan ang antas ng paninikip ng trapiko dahil sa pagtaas ng mga bilang ng mga sasakyan sa kalakhang maynila, kundi ring"
news,tl,wikipedia_tl,"si ferdinand ""bongbong"" romualdez marcos, jr. (ipinanganak noong setyembre 13, 1957) ay isang pilipinong pulitiko na kasalakuyang naninilbihan bílang ika-17 na pangulo ng pilipinas. siya ay dating nanungkulan bilang senador mula 2010 hanggang 2016. siya ang ikalawa at ang tanging lalaking anak ng pangulong ferdinand marcos sr. at ng kleptocrat at dating unang ginang na si imelda romualdez marcos. taong 1980, tumakbo ang 23-taong-gulang na itong si marcos jr. bilang kandidato sa pagka-bise gobernador ng ilocos norte nang walang kalaban at nanalo, sa ilalim ng partidong kilusang bagong lipunan ng kanyang amang namumuno sa buong pilipinas sa ilalim ng batas militar noong panahong iyon. kinalaunan, naging gobernador siya ng ilocos norte noong 1983 at nanatili sa opisina hanggang mapatalsik ng himagsikan ng lakas ng bayan ang kanilang pamilya mula sa kapangyarihan at lumipad papuntang hawaii sa pagkakapatapon noong pebrero 1986. pagkamatay ng kaniyang ama noong 1989, hinayaan ni pangulong corazon aquino na umuwi ng pilipinas ang nalalabi sa pamilya marcos upang humarap sa ilang demanda. pagsapit ng taong 1992, nahalal at naupo siya bilang kinatawan ng ikalawang distrito ng ilocos norte"
news,tl,wikipedia_tl,"ang pamahalaang pamamaraang semi-presidensyal, pamamaraang kalahati-pampanguluhan o sistemang kalahi-pampanguluhan ay isang pamahalaan kung saan ang isang pangulo kasama umiiral ang punong ministro at gabinete na kung saan nananagot sa lehislatura ng isang estado.naiiba ito sa republika pamamaraang parlamentaryo o parliamentary republic system kung saan ang pinuno ng estado ay higit pa sa talinghaga seremonyal, at naiiba rin sa pamamaraang pampanguluhan o sistemang presidensyal,na kung saan ang kasapi ng gabinete bagaman pinangalanan ng pangulo,ay nananagot sa lehislatura,kung saan mapilitan ang kasapi ng gabinete upang magbitiw sa mosyon ng kawalang tiwala. mga pangalawang-uri mayroong dalawang uri ng semi-presidentialism: premier-presidentialism at presidential-parliamentarism. sa ilalim ng sistemang premier-presidential ang punong ministro at gabinete ay nananagot lamang sa parlamento.ang pangulo pumipili ng mga gabinete at punong ministro,ngunit ang parlamento lamang ang mag-papaalis sa kanilang katungkulin na may halalan ng kawalang tiwala. ang pangulo ay walang karapatan ipapaalis ang punong ministro at gabinete. itong pangalawang uri ginagamit sa mga bansang burkina faso,"
news,tl,wikipedia_tl,"si evelio ""bing"" ramos leonardia (ipinanganak noong 10 hulyo 1952) ay isang pilipinong realtor, abogado, at politiko na ika-17, ika-20, at dating ika-22 alkalde ng bacolod . isang miyembro ng pdp laban, siya noon ay nagsilbi bilang ika-17 bise-alkalde ng lungsod ng bacolod mula 1992 hanggang 1995 sa ilalim ni alfredo montelibano, at naging kinatawan ang nag-iisang distrito ng bacolod mula 2013 hanggang 2016. simula si evelio leonardia ay isinilang kina jose tulo leonardia, isang kawani ng hukumang unang dulugan, at kay ester javier ramos, isang maybahay noong hulyo 10, 1952, sa lungsod ng bacolod, negros occidental, sa kanlurang kabisayaan, pilipinas . mayroon siyang siyam na kapatid. edukasyon nagtapos si leonardia ng highschool mula sa la consolacion college-bacolod, at noong 1973 ay nakuha ang kanyang degree na bachelor of science in commerce mula noon sa la salle college-bacolod, ngayon ay university of st. la salle, at nagtapos ng cum laude . noong 1979, natapos niya ang degree na bachelor of laws mula sa unibersidad ng negros occidental - rekoletos at ipinasa ang bar examinations na isinagawa ng korte suprema ng pilipinas na may grado na 81.90% sa parehong taon. maagang"
news,tl,wikipedia_tl,"ewaray-waray gangs ang mga pangkat na waray-waray (kilala rin bilang grupo ng mga waray-waray o waray-waray gang ) ay mga panglahatan na terminong ginagamit sa pilipinas para tukuyin ang mga kriminal na grupo na may lahi na waray. nagmula sila sa mga lalawigan ng leyte at samar kung saan ang karamihan ay mga waray, na kalaunan ay kumalat sa luzon . karamihan sa kanilang mga kriminal na aktibidad ay nagsasangkot ng mga armadong pagnanakaw, ngunit ang iba't ibang mga pangkat ay nauugnay rin sa pagkidnap, carnapping, illegal na pagbeta ng baril, pagpatay, pakikipaglabanan sa ibang grupo, at pagbebenta ng narkotico. ang kanilang mga madugong mga engkwentro sa mga pulis ay nakilala sila sa pilipinas. kasaysayan bagama't ang mga kriminal na nagsasalita ng waray ay naidokumento sa luzon mula noong 1990s, taong 1997 lamang sila nagsimulang tawaging mga waray-waray gang. noong taong iyon, dinukot ng isang waray-waray gang ang chinese-filipino na sina virgilio at christine chua at ang kanilang kasambahay na si analyn simbajon. ang kaso ay binansagan ng movement for restoration of peace and order (mrpo) bilang ang pinakamahabang paglilitis sa kasaysayan ng mga kaso ng kidnap-for-ransom sa"
news,tl,wikipedia_tl,"mga talaan ng opinyon tandaan: ang mga pigura na may nakatalang ""--"" ay nangangahulugang ang tao ay hindi kasama sa pamimilian o hindi umabot sa pinakamataas na posisyon sa talaan. pagkatapos ng pagpasa ng kandidatura ang mga sumusunod na mga ulat ay patungkol lamang sa mga kandidatong kinumpirma ng comelec. halalan sa pagkapangulo halalan sa pagka-pangalawang pangulo mga tala: bago ang pagpasa ng kandidatura pulse asiapulse asia: of the people on this list, whom would you vote for as pangulo of the pilipinas if the elections were held today and they were presidential candidates?notes: sample: 1,200, with 300 each for metro manila, rest of luzon, visayas and mindanao. margin of error: ±3% para sa pambansang bahagdan at ±6% para sa panglokal na bahagdan social weather stationssocial weather stations: under the present constitution, the term of pres. arroyo is only up to the year 2010, and there will be an election for pangulo in mayo 2010. who in your opinion are the good leaders who should succeed pangulo arroyo as pangulo?'' tanda: pinayagang pumili ng hanggang sa tatlong tao ang mga lumahok kaya naman ang mga numero ay lalampas sa 100 bahagdan. hindi na isinama ang mga tugon na"
news,tl,wikipedia_tl,"ang kongreso ng pilipinas () ay ang pangunahing tagapaggawa ng batas ng pilipinas. isa itong lupong bikameral na binubuo ng mataas na kapulungan, ang senado, at ang mababang kapulungan, ang kapulungan ng mga kinatawan. binubuo ng 24 na senador ang senado, ihinahalal ang kalahati nito bawat tatlong taon. sa gayon naglilingkod ang bawat senador sa loob ng anim na taon. ihinahalal ang mga senador ng bawat manghahalal at hindi kumakatawan ng kahit anumang heograpikang distrito. binubuo ang kapulungan ng mga kinatawan ng hindi lalagpas sa 250 mambabatas. may dalawang uri ng mga mambabatas: ang distrito at ang pansektor na mga kinatawan. kinakatawan ng isang distritong mambabatas ang isang partikular na heograpikong distrito ng bansa. binubuo ng isa o higit pa na distritong kongresyunal ang lahat ng mga lalawigan sa bansa. may mga sarili ding mga distritong kongresyunal ang ilang mga lungsod, kasama ang ibang lungsod na may dalawa o higit pa na kinatawan. kinakatawan naman ng pansektor na mambabatas ang minoryang sektor ng populasyon. binibigyan ng pansin ang mga pangkat ng minorya na ito upang magkaroon ng kinatawan sa kongreso, kung sakaling hindi maayos ang kanilang representasyon sa"
news,tl,wikipedia_tl,"ang krisis sa marawi, tinatawag ding labanan sa marawi, o pagkubkob sa marawi, ay ang limang buwang itinagal na bakbakan sa marawi sa pagitan ng puwersa ng pamahalaan ng pilipinas at ang mga kaakibat na militante ng islamikong estado ng irak at ang levant, kabilang ang mga pangkat ng maute at abu sayyaf na nagsimula noong ika-23 ng mayo, 2017. ang labanang ito ay naging pinakamahabang digmaan sa pook na urbano sa makabagong kasaysayan ng pilipinas. inihayag ng pamahalaan ng pilipinas na nagsimula ang mga pag-atake nang inilunsad nila ang opensiba sa lungsod upang hulihin si isnilon hapilon ng grupong abu sayyaf, pagkatapos makatanggap ng mga ulat na si hapilon ay nasa lungsod, maaaring upang makipagkita sa mga militante ng pangkat ng maute. isang madugong bakbakan ang nagsimula nang ang puwersa ni hapilon ay nagpaputok sa pinagsamang hukbo ng militar at pulis at nagpatawag ng dagdag na hukbo mula sa maute, isang armadong pangkat na nanumpa ng pakikipag-alyansa sa islamikong estado at ang mga pinaniniwalaang responsable sa pagsabog sa lungsod ng dabaw noong 2016, ayon sa mga tagapagsalita ng militar. nilusob ng mga bandidong maute ang kampo ranao at inokupa ang ilang mga gusali sa"
news,tl,wikipedia_tl,"ang pilipinas' na maliwanag na panganib sa mga natural na kalamidad ay dahil sa kanyang lokasyon. ang pagiging isang bansa na namamalagi sa pacific ring of fire, ang mga ito ay madalas maapektuhan ng lindol at mga volcanic eruptions o pagputok ng bulkan. sa karagdagan, ang bansa ay napalilibutan ng mga malalaking katawan ng tubig at nakaharap sa pacific ocean kung saan 60% ng bagyo sa buong mundo ay nabubuo. isa sa mga malalakas o malupit na bagyo na tumama sa pilipinas noong 2013 ay ang typhoon haiyan, o ""yolanda"", na pumatay ng higit sa 10,000 mga tao at nakawasak ng higit sa isang trilyong pisong halaga ng mga ari-arian at pinsala sa iba ' t ibang sektor. iba pang mga kapaligiran mga problema na ang mga bansa ay nakaharap isama ang polusyon, ilegal na pagmimina at pagtotroso, deforestation, dinamita sa pangingisda, landslides, coastal pagguho ng lupa, mga hayop pagkalipol, global warming at pagbabago ng klima. ang polusyon sa tubig kahit na ang mga mapagkukunan ng tubig ay naging kakaunti sa ilang mga rehiyon at mga panahon, ang pilipinas bilang isang buo ay higit pa kaysa sa sapat na ibabaw at ilalim ng lupa. gayunpaman, neglecting upang magkaroon ng isang maliwanag na"
news,tl,wikipedia_tl,"ang wikang tagalog (baybayin:ᜏᜒᜃᜅ᜔ ᜆᜄᜎᜓᜄ᜔), o ang tagalog, ay isa sa mga pinakaginagamit na wika ng pilipinas. ito ang nangingibabaw na katutubong wika sa mga lalawigan ng ika-4 na rehiyon ng pilipinas (calabarzon at mimaropa), sa bulacan, nueva ecija at kalakhang maynila. ginagamit din ang tagalog sa hilagang kapuluang mariana kung saan ang mga pilipino ang may pinakamaraming bilang ayon sa lahi at wika. ito ang batayan na ""ayon sa totoong kagawian"", at hindi ""ayon sa batas"" ng pambansang wika ng pilipinas na filipino (tinawag na ""pilipino"" mula taóng 1961 hanggang 1987). madalas na ginagamit ang tagalog bilang pantalastasang wika sa buong bansa at sa mga samahan ng mga pilipino sa labas ng pilipinas. gayon pa man, kung magamit man nang madalas ang tagalog sa talastasan ng kaalaman, lalo na sa labas ng mga kinikilalang paaralan, ay lalong ginagamit ang inglés sa pagsulat ng batas, sa talastasan ng pamahalaan, at sa kalakalan pang-ibang bansa man o sa loob ng pilipinas. minsan ay tinatawag na mananagalog o mananalita ang mga mahusay managalog. ang wikang tagalog ay may pagkakatulad sa ibang mga wika sa pilipinas katulad ng mga wika sa bikol, ilokano, mga wika sa kabisayaan, at"
news,tl,wikipedia_tl,"ang unyong sobyetiko (ruso: , tr. sovietski soyuz), opisyal na unyon ng mga sobyetikong sosyalistang republika at dinadaglat na ussr, ay estadong komunista at bansang transkontinental na sumaklaw sa karamihan ng eurasya sa panahon ng pag-iral nito mula 1922 hanggang 1991. isang pederasyon na binuo ng 15 republika, ito ang naging pinakamalaking bansa sa buong mundo, na sumakop sa mahigit 22,402,200 km2 at labing-isang sona ng oras. ang kabisera at pinakamalaking lungsod nito ay mosku na napasaloob ng republikang sosyalistang pederatibong sobyetiko ng rusya, ang pinakamalaki at pinakamataong republika sa estado. iilan sa ibang mga pangunahing lungsod nito ay leningrado at novosibirsk (rsps ng rusya), kiyeb (rss ng ukranya), minsk (rss ng biyelorusya), taskent (rss ng usbekistan), at alma ata (rss ng kasakistan). sumibol ang bansa sa himagsikang oktubre ng 1917, nang nagwagi ang mga bolshebista sa ilalim ng pamumuno ni vladimir lenin sa pagbagsak ng rusong pamahalaang probisyonal, na siyang nagpatalsik sa nabigong dinastiyang romanov ng imperyong ruso noong himagsikang pebrero. kasunod nito ay naitatag ang republikang sobyetiko ng rusya, ang kauna-unahang konstitusyonal na estadong"
news,tl,wikipedia_tl,"ang pang-senadong halalan sa pilipinas ay isasagawa sa lunes, 10 mayo 2010. ito ay para maghalal ng 12 sa 24 na pwesto sa senado. para sa darating na halalan sa mayo, labingdalawa ang para sa anim na taong termino na magsisimula sa 30 hunyo 2010. ang pang-panguluhang halalan, pang-kinatawan na halalan gayundin ang mga halalang lokal ay magkakasabay na gaganapin sa isang petsa. gumagamit ang pilipinas ng sistemang plurality-at-large na pagboto para sa pwesto sa senado. sa kasalukuyang binubuo ang senado ng mga sumusunod: tig-aapat na kasapi mula sa lakas-kampi-cmd, at partido liberal, tatlo mula sa nacionalista party, dalawa mula sa pwersa ng masang pilipino (pmp) at united opposition (uno), at tig-iisa mula sa bagumbayan-vnp, laban ng demokratikong pilipino (ldp), nationalist people's coalition (npc), people's reform party (prp), at partido demokratiko pilipino-lakas ng bayan (pdp-laban), at apat na independyente. mga magreretiro at may limitadong termino sa pagkakataong ito, tatlong senador ang boluntaryong magreretiro mula sa senado sa pagtatapos ng kanilang kasalukuyang termino. gayundin dalawa pang senador ang magtatapos na ang termino na itinakda ng saligang batas ng"
news,tl,wikipedia_tl,"sa maraming bansa, mas mababa ang bilang ng mga kababaihan na naihalal sa gobyerno at iba't ibang institusyon. ito ay isang kasaysayang trend na hanggang ngayon ay nagpapatuloy, bagaman dumadami na ang mga kababaihang nahalal bilang mga pangulo ng estado at gobyerno. sa kasalukuyan, ang global na rate ng kalahok na kababaihan sa mga parliamento ng bansa ay 24.5% as of october 2019. noong 2013, 8% lang ng mga lider ng bansa ang kababaihan at 2% naman ng mga nasa posisyon na pangulo. bukod pa dito, 75% ng lahat ng mga babaeng prime minister at pangulo ay nagsimula lamang sa nakaraang dalawang dekada. ang mga kababaihan ay maaaring harapin ng ilang hamon na nakaaapekto sa kanilang kakayahan na makilahok sa buhay pampolitika at maging mga lider sa politika. ilan sa mga bansa ay nagsisikap na magpakita ng mga hakbang na makatutulong sa pagtaas ng partisipasyon ng kababaihan sa gobyerno sa lahat ng antas, mula sa lokal hanggang sa pambansa at pandaigdigang antas. ngunit, mas maraming kababaihan ang naghahangad na maabot ang mga posisyong pangliderato sa kasalukuyan. kalagayan ng representasyon ng kababaihan sa pamahalaan mga pangulo at punong ministro ang bilang ng mga babae na"
news,tl,wikipedia_tl,"si elpidio rivera quirino (16 nobyembre 1890 – 29 pebrero 1956) ay ang ika-6 na pangulo ng republika ng pilipinas (17 abril 1948 – 30 disyembre 1953). isinilang si quirino sa vigan, ilocos sur noong 16 nobyembre 1890 kina mariano quirino at gregoria rivera. nagtapos siya ng abogasya sa unibersidad ng pilipinas (university of the philippines) noong 1915. nahalal sa kongreso noong 1919. hinirang na kalihim ng pananalapi ni gob. hen. murphy noong 1934 at naging kasapi ng ""constitutional convention"". naging pangalawang pangulo siya ni manuel roxas noon 1946. at nanumpa bilang pangulo pagkaraang mamatay si roxas noong 17 abril 1948. kinaharap ng administrasyong quirino ang isang malubhang banta ng kilusang komunistang hukbalahap. pinasimulan niya ang kampanya laban sa mga huk. bilang pangulo, muli niyang itinayo ang ekonomiya ng bansa, pinaunlad niya ang pagsasaka, at mga industriya. tinalo ni ramon magsaysay sa kanyang ikawalang pagtakbo bilang pangulo. namatay siya sa atake sa puso noong 29 pebrero 1956 sa gulang na 65. talambuhay maagang buhay si elpidio quirino ay ipinanganak sa vigan, ilocos sur kina don mariano quirino ng caoayan, ilocos sur at doña gregoria mendoza rivera ng"
news,tl,wikipedia_tl,"ang labanan sa maynila noong 1896 ( ; ) ay naganap sa maynila na noo'y kolonya ng espanya na pilipinas noong rebolusyong pilipino. tinangka ng katipunan sa ilalim ni andrés bonifacio na kunin ang lungsod ngunit nabigo ang pagtatangka, at umatras si bonifacio sa labas ng lungsod. ang labanan sa san juan del monte ay sinamahan makalipas ang isang araw nang tangkain ni bonifacio na makuha ang pulbura ng san juan, ngunit nabigo rin ito. ang plano ni bonifacio mula nang magsimula ang rebolusyon, ang lungsod ng maynila, at partikular ang napapaderan nitong sentrong intramuros, ang pangunahing target ni el supremo andres bonifacio at ng kanyang mga katipunero. ang pagkubkob ng intramuros ay isang lohikal na kilos para sa anumang mga pag-aalsa na sinusubukang ibagsak ang kolonyal na rehimeng espanyol sa pilipinas. sa lugar na ito ay ang ayuntamiento (city hall), intendencia, at palacio arzobispal (arsobispo's palace). ang upuan ng gobernador-heneral ay nasa palasyo ng malakanyang, 300 hakbang mula sa intramuros. napakakaunting tropang espanyol ang nagbabantay sa lungsod, dahil karamihan ay naka-garison sa palibot ng kapuluan. naisip ni bonifacio na kapag nakuha na ang lungsod ay malugod"
news,tl,wikipedia_tl,"ang partido liberal ng pilipinas (ingles: liberal party of the philippines) ay isang partido liberal sa pilipinas, itinatag noong nobyembre 24, 1945 sa pamamagitan ng isang paghiwalay mula sa nacionalista party. bilang tulad ng ito ay ang pangalawang-pinakalumang partidong pampolitika sa pilipinas sa mga tuntunin ng pagtatayo, at ang pinakalumang aktibong partidong pampolitika sa pilipinas. ang partido ay pinangungunahan ng mga tao na gusto manuel roxas, elpidio quirino, diosdado macapagal at benigno aquino, jr. ito ay kasalukuyang occupies limang puwesto sa senado ng pilipinas kasama ang benigno aquino iii (panalo sa halalan 2007), karamihan floor leader francis pangilinan ng metro manila (napanalunan noong 2001; muling nahalal sa 2007) at dating hukbong sandatahan chief general at dalawang -time na senador rodolfo biazon ng metro manila at dating trade secretary manuel roxas ii ng capiz, negros, at quezon city, (nanalo sa 2004 halalan). walang magagamit na mga resulta ng huling halalan para sa kapulungan ng mga kinatawan, ngunit ayon sa website ng house, ang partidong humahawak 34 out of 235 upuan (estado ng mga partido, hunyo 2005). ang partido ay, sa panahon ng 2,004 na mga"
news,tl,wikipedia_tl,"ang bagyong paeng, (pagtatalagang pandaigdig: bagyong nalgae) ay isa sa mga malakas na bagyo sa pilipinas ang ika 16 at ika-4 na bagyo sa buwan ng oktubre 2022 sa bansa. ay namataan bilang low pressure area (lpa) na may taglay na lakas ng hangin na aabot sa 30 knots (55 km/h; 35 mph), at bugso na aabot sa 45 knots (85 km/h; 50 mph), ang sistema ay kumikilos sa direksyong pa-kanluran sa bilis na 6 kn (11 km/h; 6.9 mph).higit sa 900 diametro ang lawak ng sistema, at nanalasa sa malaking bahagi ng timog luzon partikular sa kalakhang maynila. unang sinalo ng rehiyong bicol ang bagsik ng bagyo, ay sunod na tinahak ang mga lalawigan sa quezon, marinduque, batangas at laguna, oktubre 30 ng ito ay lumabas ng par sa bahagi ng kanlurang dagat pilipinas at naging isang category typhoon 1 sa bahagi ng timog dagat tsina. kasaysayan ika oktubre 29 ng maging isang ganap na tropikal bagyo ang pinangalanang paeng ng pagasa ay huling namataan sa layong 510 kilometro sa silangan ng borongan, silangang samar na may taglay na lakas ng hangin na aabot sa 65 kilometers per hour (kph) at bugso na umaabot sa 80 kph, at kumikilos sa direksyong kanluran-timog kanluran at tinatahak ang mga rehiyon ng bicol,"
news,tl,wikipedia_tl,"si mauricio macri (; ipinanganak noong 8 pebrero 1959) ay isang inhinyerong sibil, negosyante at politiko, at pinuno ng pamahalaan ng nagsasariling lungsod ng buenos aires. bilang anak ni francisco macri na isang prominenteng negosyanteng italyano sa sector pang-industriya at konstruksyon, siya ang kumatawan sa lungsod ng buenos aires sa mababang kapulungan ng kongreso at nahawakan na niya ang kanyang kasalukuyang tanggapan simula pa noong 10 disyembre 2007. itinuring siyang isang potensyal na kandidato para sa pangkalahatang halalan noong 2011, ngunit kanyang tinanggihan ang pagtakbo bilang pangulo ng bansa at sa halip ay tumakbo para sa muling pagkakahalal bilang alkalde. nakakuha siya ng halos 47% ng boto sa halalang pang-alkalde, na nanguna sa runoff noong ika 31 hulyo 2011, laban sa kandidatong si daniel filmus. noong 22 nobyembre 2015, pagkatapos ng pagiging patas sa unang ronda ng halalang pam-pangulo noong 25 oktubre, nanalo si macri sa unang sistemang two-round sa kasaysayan ng arhentina, na tinalo ang frente para la victoria (kilusan para sa victoria) na kandidatong si daniel scioli at naging halal na pangulo. naluklok siya sa kanyang tanggapan sa 10 disyembre 2015."
news,tl,wikipedia_tl,"pumanaw ang dating pangulo ng pilipinas na si corazon aquino noong 1 agosto 2009 sa edad na 76. nilibing siya noong 5 agosto 2009. tinuturing siyang bayani ng sa ika-5 ng agosto. siya itinuturing na bayani ng rebolusyong edsa ng 1986 na nagbalik sa malayang pamamahala sa pilipinas. bagamat nagsimula sa buhay politika bilang isang ""karaniwang maybahay"", kinikilala na siya ngayon bilang isang simbolo ng demokrasya sa buong daigdig. siya ang biyuda ng martir na si dating senador benigno aquino. inulan siya ng parangal sa pamamagitan ng mga dilaw na laso at konpeti bilang pagkilala sa kanyang dakilang kabayanihan. sakit noong 24 marso 2008, inanunsiyo ng pamilyang aquino na may sakit na kanser sa kolon ang dating pangulong si corazon aquino. binigyan siya ng kimoterapya nang malamang may hanggang tatlong buwan na lamang siya mabubuhay. sa mga pampublikong pahayag, noong 13 mayo 2008, kanyang sinabi na maganda ang resulta ng pagpapaggamot matapos siya suriin ang dugong kinuha sa kanya bagamat nakakaranas ng matinding karamdaman, nanatiling aktibo sa publiko si gng. aquino, at patuloy siyang sumasama sa mga misa hanggang maospital noong mga huling araw ng hunyo 2009. mga huling araw"
news,tl,wikipedia_tl,"ang super bagyong rolly (pagtatalagang pandaigdig: bagyong goni) ay ang pinakamalakas na bagyong dumaan sa pilipinas taong 2020 sa karagatang pasipiko bilang low pressure area 99w sa bahaging kanluran ng marianas ay lumapit sa pilipinas na nanalasa nobyembre 1, 2020, matapos manalasa ang bagyong quinta sa katimugang luzon at bicol. ang bagyo ay ang ika-19 at ang ika-5 na bagyo sa buwan ng oktubre 2020. ito ay huling namataan sa layong 1, 900 kilometro silangan ng baler, aurora ito ay kumikilos sa bilis na 100 kilometro direksyong kanluran-timog kanluran na may layon na tumama sa rehiyon ng bicol at timog katagalugan sa unang araw ng nobyembre matapos at parehong dinaanan ng nakaraang bagyo. si rolly (goni) ay huling namataan sa kanluran ng lubang sa occidental mindoro matapos tawirin ang vicinity area ng cavite-batangas, ito ay lumabas sa bayan ng nasugbu, batangas at huling nag-landfall sa bayan ng lobo, batangas. si bagyong goni ay huling namataan sa layong 50 kilometro timog kanluran ng subic, zambales at patuloy na kumikilos sa bilis na 100 kilometro, patungong vietnam. ito ay isa sa mga pinakamalakas na bagyo. sumunod sa super bagyong yolanda noong 2013. kasaysayan isang low"
news,tl,wikipedia_tl,"ang pamantasan ng lungsod ng maynila (plm), o university of the city of manila sa ingles, ay isang pampublikong pamantasan na pinatatakbo ng pamahalaang lungsod ng maynila. ito ang pinakauna at pinakamalaking pamantasan na pinatatakbo ng lokal na pamahalaan sa buong pilipinas. bukod dito, ito rin ang pinakaunang libreng paaralang pang-kolehiyo sa bansa at siya ring kauna-unahang pamantasan na gumamit ng opisyal na pangalan sa wikang filipino sa buong daigdig. ayon sa commission on higher education (ched), matatawag na sentro ng kahusayan ang marami sa programa at departamento sa plm. itinuturing din ng naturang komisyon ang plm bilang huwaran ng lahat ng mga institusyong pang-edukasyon na pinatatakbo ng lokal na pamahalaan sa bansa. sa pananaw at pagtatala ng professional regulation commission (prc), ang plm ay kabilang sa limang nangugunang pamantasan sa pilipinas sa larangan ng pagsusulit na ibinibigay ng lupon. isa lamang ang plm sa tatlong pampublikong pamantasan na napabilang sa talaan ng nangungunang sampung pamantasan sa parehong kategorya. ang plm ay siya ring pinakabatang pamantasan na napabilang sa nasabing listahan ng mga namamayagpag na pamantasan sa bansa. kamakailan,"
news,tl,wikipedia_tl,"ang ""momo challenge"" ay isang kasinungalingan at lunsod na alamat tungkol sa isang walang humpay na hamon tungkol sa social media na kumakalat sa facebook at iba pang mga media outlet. iniulat na ang mga bata at mga kabataan ay nahihikayat ng isang gumagamit na nagngangalang momo upang magsagawa ng serye ng mga mapanganib na gawain kabilang ang marahas na atake at pagpapakamatay . sa kabila ng mga pahayag sa 2019 na ang kababalaghan ay umabot na sa buong mundo na proporsyon sa hulyo 2018, ang bilang ng mga aktwal na reklamo ay medyo maliit at walang ahensiya sa pagpapatupad ng batas ay nakumpirma na sinuman ay nasaktan bilang direktang resulta nito. ang kamalayan ng pinaghihinalaang hamon ay tumataas noong pebrero 2019 pagkatapos ng police service ng northern ireland na nag- post ng isang babala sa publiko sa facebook at personalidad na si kim kardashian na na- post sa kanyang instagram story na nagsasabing ang youtube ng ""momo"" na video. mga reaksiyon ang momo challenge ay nakakuha ng pansin sa publiko noong hulyo 2018, nang napansin ng isang youtuber na si reignbot. ang pagta-target sa mga tinedyer, ang mga taong nagtatanghal ng kanilang sarili bilang ""momo"" sa mga mensahe ng"
news,tl,wikipedia_tl,"ang pagsabog sa glorietta ng 2007 na naganap sa bahagi ng glorietta 2 ng pamilihang glorietta at ayala center sa lungsod ng makati, kalakhang maynila, sa pilipinas noong 19 oktubre 2007 bandang 1:25 ng hapon, oras sa pilipinas. ayon sa paunang ulat, ang pagsabog ay nanggaling mula sa isang tangke ng lpg na sumabog sa isang kainan sa loob ng pamilihan. ngunit hanggang sa ngayon hindi pa matukoy ng mga otoridad ang tunay na dahilan o pinanggalingan ng pagsabog. ang nasabing pagsabog ay pumatay sa labing-isang katao at mahigit isandaang katao naman ang nasugatan. karamihan sa mga biktima ay sinugod sa makati medical center at ospital ng makati. ang pagsabog ang naganap na pagsabog ang kumitil sa buhay ng labing-isang katao dahilan ng tama ng bubog at 126 naman ang nasugatan. ang pagsabog ay unang naiulat dahil sa tangke ng lpg na aksidenteng lumiyab mula sa luk yuen noodle house. ngunit dahil sa malaking pinsala na naganap sa pagsabog, binalewala na ng pambansang pulisya ng pilipinas ang nasabing senaryo at pinalagay nila na ito ay maaaring dahil sa isang bomba. habang merong indikasyon na ang pangyayaring ito ay maaaring aksidente, ang posibilidad na ito ay isang atake ng terorista"
news,tl,wikipedia_tl,"si maria angelita ressa (ipinanganak bilang maria angelita delfin aycardo noong oktubre 2, 1963) ay isang pilipinong amerikanong mamamahayag and manunulat, co-founder at ceo ng rappler, at ang unang pilipinong nakatanggap ng nobel peace prize. ginugol niya ang halos dalawang dekada bilang isang nangungunang mapang-usisang mamamahayag sa timog-silangang asya para sa cnn noon. si ressa ay kabilang sa isang issue ng time’s person of the year kung saan pinagsama-sama ang mga mamamahayag na lumalaban sa hindi totoong balita sa buong mundo sa taong 2018. noong pebrero 13, 2019, inaresto siya para sa ""cyber libel"" dahil sa mga akusasyon na naglathala ang rappler ng di-totoong balita tungkol kay wilfredo keng, isang negosyante. noong hunyo 15, 2020, nasumpungan ng isang hukuman sa maynila na may sala siya sa cyberlibel. bilang isang tahasang kritika ng pangulo ng pilipinas na si rodrigo duterte, itinuring ang kanyang pag-aresto ng pandaigdigang pamayanan ng mga mamamahayag bilang isang gawaing inudyukan ng pulitika ng gobyerno ni duterte. si ressa ay isa sa 25 na nangungunang pangalan sa information and democracy commission na itinatag ng reporters without borders. siya ay pinangaralan ng"
news,tl,wikipedia_tl,"ang korean broadcasting system (kbs) (, hanguk bangsong gongsa) ay ang pambansang publikong brodkaster ng timog korea. ito ay itinatag noong 1927, at nagpapatakbo ng mga serbisyo sa radyo, telebisyon at online, na isa sa pinakamalaking network ng telebisyon sa south korea. kasaysayan mga simula sa radyo nagsimula ang kbs bilang kyeongseong broadcasting corporation (jodk, 경성 방송국, 京城 放送 局) na itinatag ng gobernador-heneral ng korea noong 16 pebrero 1927. ang pangalawang istasyon ng radyo na ito ay nagsimulang gumamit ng call sign na hlka noong 1947 matapos makuha ang republic of korea ang call sign hl ng international telecommunication union. matapos gawin ang isang pambansang broadcast, ang radyo ay pinalitan ng pangalan ng seoul central broadcasting station noong 1948. 1950s – 1960s - lumipat sa telebisyon ang mga broadcast ng telebisyon sa south korea ay nagsimula noong 12 mayo 1956 sa unang istasyon ng telebisyon na hlkz-tv. nabenta ito sa kbs noong 1961. 1970s - pagpapalawak ang katayuan ng istasyon ng kbs ay binago mula sa gobyerno patungo sa publikong istasyon ng pag-broadcast noong 3 marso 1973. ang konstruksyon ng punong tanggapan ng kbs sa yeouido ay nagsimula noong 1976."
news,tl,wikipedia_tl,"ang sapilitang pagkawala ay ang ilegal at palihim na pag-aresto, ditene, pagdukot o iba pang pagkakait ng kalayaang pantao sa ilalim ng pangungunsinti ng gobyerno. sinusundan ito ng pagtangging ibunyag ang kalagayan o kinaroroonan ng mga sangkot o ang pangyayaring naganap. bukod sa kalayaan, ang mga biktima ay nawawalan ng tamang proteksyon, karapatan legal, at sapat na depensa. kapagdaka’y humanhantong ito sa paglabag sa karapatang pantao, karahasan, pang-aabuso, seksuwal na karahasan, o pagpatay. ayon sa istatuto ng roma ng pandaigdigang hukuman sa krimen, na nagkabisa noong hulyo 1, 2002, kapag ang sapilitang pagkawala ay ginawa bilang bahagi ng malawakang o sistematikong atake na itinuturo sa anumang sibil na populasyon, ito'y itinuturing na isang krimen laban sa sangkatauhan, na hindi sakop ng anumang batas ng limitasyon, sa ilalim ng pandaigdigang batas penal. noong disyembre 20, 2006, tinanggap ng internasyonal na kasunduan para sa proteksyon ng lahat ng tao mula sa pwersahang pagkawala. ang mga biktima ay kadalasan ay mga dinukot, iligal na idetine, at pinapahirapan sa panahon ng interogasyon, huli't huli'y pinapatay, at ang katawan ay itinatapong palihim. ang partido na"
news,tl,wikipedia_tl,"pangkalahatang halalan sa pagkapangulo, mga mambabatas at lokal sa pilipinas ay nakatakdang gawin sa 10 mayo 2010. ang mahahalal na pangulo ang magiging ikalabinglimang pangulo ng pilipinas, susunod kay pangulong gloria macapagal-arroyo, na hindi na maaaring tumakbo muli sa pagkapangulo dahil sa tinatakda ng saligang-batas. kung ang kasalukuyang pangalawang pangulo na si noli de castro ay hindi muling tatakbo para sa nasabing posisyon ang susunod sa kanya ang magiging ikalabinlimang pangalawang pangulo ng pilipinas. ang mga mahahalal na mambabatas sa halalan sa 2010 ay makakasama ang mga senador ng halalan noong 2007 at silang bubuo sa ika-15 kongreso ng pilipinas. pamamahalaan ng komisyon sa halalan ang magaganap na halalan sa 2010 alinsunod sa itinatakda ng batas ng republika 9369, na mas kilala bilang amended computerization act ng 2007. ito ang kauna-unahang pambansang halalan na gagamitan ng mga kompyuter. ang mga lokal na halalan ay gaganapin rin sa lahat ng mga lalawigan, lungsod at bayan. mga pangkalahatang usapin sa isang desisyon noong 2 disyembre 2009, ipinasya ng kataas-taasang hukuman na hindi na kailangang magbitiw sa pwesto ng mga nakaupong opisyal na naghain ng"
news,tl,wikipedia_tl,"ginanap noong 9 mayo 2016, ikalawang lunes ng buwan ng mayo ang isang halalang pampanguluhan ng pilipinas. ihahalal sa araw na ito ang ika-16 pangulo ng pilipinas na hahalili kay benigno aquino iii, na hindi na maaaring tumakbo muli sa naturang katungkulan alinsunod sa saligang batas ng pilipinas ng 1987. ito ang ikalimang halalang sa pagkapangulo at pangalawang pangulo sa ilalim ng 1987 saligang batas. inihayag ng komisyon sa halalan ang mga opisyal na kandidato sa pagka-pangulo at pangalawang pangulo noong 15 pebrero 2016. ito'y makaraang suyurin ang 130 kandidatura sa pagka-pangulo at 19 naman sa pagka-pangalawang pangulo. ang mga pinayagan ng komisyon na tumakbo sa pagka-pangulo ay sina jejomar binay ng united nationalist alliance, miriam defensor santiago ng people's reform party, rodrigo duterte ng pdp–laban, grace poe na isang independiyente, mar roxas ng partido liberal, at roy señeres ng partido ng manggagawa at magsasaka. bago pa naisapinal ang listahan, na nabinbin ng dalawang buwan, nauna nang iniatras ni roy señeres ang kaniyang kandidatura noong 5 pebrero dahil sa kaniyang lumalalang kalusugan, na humantong naman kaniyang pagpanaw noong 8 pebrero. sa kabila nito,"
news,tl,wikipedia_tl,"ang pamahalaan ng pilipinas ay ang pambansang pamahalaan ng pilipinas. pinamamahalaan ito bilang isang unitaryong estado sa ilalim ng sistemang presidensyal kinakatawan at demokratiko at isang republikang konstitusyunal kung saan ang pangulo ang nagsisilbing kapwang puno ng estado at puno ng pamahalaan ng bansa sa loob ng isang sistemang multi-partidista. ang pamahalaan ay may tatlong magkakaugnay na sangay: ang sangay ng tagapagbatas, sangay ng tagapagpaganap, at ang sangay ng tagahukom. ang kapangyarihan ng bawat sangay ay ibinibigay ng saligang batas ng pilipinas ayon sa sumusunod: kapangyarihan na magsagawa ng batas ay ibinibigay sa dalawang kapulungan, ang kongreso ng pilipinas-ang senado ang bumubuo sa mataas na kapulungan at ang kapulungan ng mga kinatawan ang bumubuo sa mababang kapulungan. ang kapangyarihan ng tagapagpaganap ay ibinibigay sa pamumuno ng pangulo. ang kapangyarihan sa tagahukom ay ibinibigay sa mga korte kung saan ang kataas-taasang hukuman ng pilipinas ang pinakamataas na katawang panghukom ng bansa. kapangyarihang tagapagbatas ang kapangyarihan sa pagbatas ay ibinibigay sa kongreso ng pilipinas na binubuo ng senado ng pilipinas at ang kapulungan ng mga"
news,tl,wikipedia_tl,"ang super bagyong karding, (pagtatalagang pandaigdig: super bagyong noru) ay isang malakas na bagyo na tumama sa luzon, pilipinas, ang ika-11 na bagyo sa buwan ng setyembre 2022 sa pilipinas, ay unang namataan bilang isang tropikal depresyon sa loob ng par ng jma, binigyang pananda naman ng jtwc bilang 95w habang low pressure area (lpa), ilang oras ang lumipas, ang jtwc ay naglabas ng isyu na itaas ang kategorya sa bagyo, ika-22 ng setyembre ng binigyang pangalan ng pagasa bilang karding at ng jma bilang noru sa internasyonal na pangalan nito. kasaysayan ika-23 ng setyembre ng bahagyang lumakas at umakyat sa kategoryang bagyo na si karding sa layong 556 nmi (1,030 km; 640 mi) timog timog-silangan ng kadena air base na may taglay na lakas ng hangin na aabot sa 40 knots (75 km/h; 45 mph) at bugso na 60 knots (110 km/h; 70 mph).ika-25 ng setyembre nang mag bago ang track sa direksyong west south-west ito ay unang nag-landfall sa burdeos, quezon, pangalawang landfall ay sa general nakar sa lalawigan ng quezon at lalabas sa vicinity area sa masinloc, zambales ika-26-27 ng setyembre.setyembre 26, 8am ng umaga ay namataan ang sentro ng bagyo sa layong 664 nmi (1,230 km; 764 milya)"
news,tl,wikipedia_tl,"ang punong ministro ng bangladesh ay ang pinakamakapangyarihang posisyong pampolitika sa bangladesh. itinuturing na mas mataas ang pangulo ng bangladesh sa punong ministro, subalit ang kanyang papel ay seremonyal lamang. ang punong ministro ang may epektibong kontrol sa tagapagpaganap na sangay ng pamahalaan, at nangunguna sa gabinete ng bansa. paghirang sa punong ministro ang punong ministro ay hinihirang ng pangulo batay sa sitwasyon sa jatiya sangsad(ang parlamentong bangladeshi). ang punong ministro ay karaniwang pinuno ng pinakamalaking partido (o koalisyon) sa jatiya sangsad at dapat mayroong kompiyansa sa jatiya sangsad na mamahala. ang gabinete ay binubuo ng mga ministrong pinili ng punong ministro at hinirang ng pangulo. hindi dapat bababa sa 90 bahagdan ng mga ministro ang mps. ang iba pang 10 bahagdan ay maaaring di-ekspertong mp o ""technocrats"" na hindi diskuwalipikado sa pagiging piniling mps. ayon sa saligang batas, maaring buwagin ng pangulo ang parlamento ayon sa nakasulat na kahilingan ng punong ministro. nagkaroon na debate kung sino ang dapat na tawaging punong ministro. namahala si mashiur rahman sa ilalim ng katawaganga ""senior minister"". maliban sa mga lider"
news,tl,wikipedia_tl,"ang kapulungang pambansa ng pilipinas (espanyol: asamblea nacional de filipinas, ingles: national assembly of the philippines) ay ang naging lehislatura ng komonwelt ng pilipinas mula 1935 hanggang 1941 at ng ikalawang republika ng pilipinas. ang kapulungang pambansa noong komonwelt ay itinatag sa ilalim ng konstitusyon ng 1935, na nagsilbing saligang-batas ng bansa upang maihanda ito sa napipinto nitong kasarinlan mula sa estados unidos. subalit nang umabot ang ikalawang digmaang pandaigdig sa pasipiko, nagdestiyero sa estados unidos ang pamahalaang komonwelt nang matanto nito na masasakop ng hapon ang bansa. naiwan ang mangilan-ilang kawanihan ng pamahalaan na inudyok ng mga hapones na bumuo ng pamahalaan sa kanilang pagdating. itinatag ng mga hapones ang isang naturingang malayang republika ng pilipinas sa ilalim ng konstitusyon ng 1943, na nagtakda ng isang kapulungang pambansa na magsisilbing lehislatura nito. ang republikang itinatag sa ilalim ng mga hapones ay halos kinilala lamang ng mga alyansang axis. pagtatag bago ang 1935, ang kapuluang pilipinas, isang insular area ng estados unidos ay may dalawang-kapulungang lehislaturang pilipino na nagsilbing sangay tagapagbatas"
news,tl,wikipedia_tl,"nagsimula ang talang kasaysayan ng mga hudyo sa pilipinas noong panahong kastila. panahong kastila ang kasaysayan ng mga hudyo sa maynila ay nagmula noong ingkuwisisyong kastila ng ika-16 dantaon, kung kailan marami sa mga hudyo ng ispanya, na sapilitang bininyagan sa kristiyanismo at patago na pinanatili ang kanilang buhay hudyo, ay nabunyag at nilitis, nahatulan, at pinalayas sa ispanya dahil sa kanilang erehiya o heresy. kilala bilang mga marano o ""bagong kristiyano"", sinamahan ng mga kripto-hudyong ito ang mga kastilang kongkistador na nagmulang nanirahan sa mga daungan sa malayong silangan, kasama na ang maynila. dumating sa pilipinas noong dekada 1590 ang dalawang ""bagong kristiyanong"" magkakapatid na sina jorge at domingo rodríguez. pagka-1593 nalitis at nahatulan ang dalawa sa isang auto da fe sa lungsod ng mehiko dahil walang nagsasariling tribunal ang ingkuwisisyon sa pilipinas. itinapon ng ingkuwisisyon ang mga rodríguez sa bilangguan ang hinatulan din ang walo o higit pang mga ""bagong kristiyano"" sa pilipinas. ito ang mapanganip na kalagayan ng mga hudyo sa pilipinas. nanatiling maliit at di-organisado ang pamayanang hudyo sa mga susunod na dantaon ng pamamahalang"
news,tl,wikipedia_tl,"ang pambansang korporasyon sa elektrisidad (napocor o npc; ingles: national power corporation) ay isang korporasyong pag-aari ng pamahalaan na naglilingkod bilang pinakamalaking tagapagbigay at tagapaglikha ng elektrisidad sa pilipinas. ito rin ang pangunahing tagapagbigay ng kuryente para sa meralco, ang natatanging tagapamahagi ng kuryente sa kalakhang maynila at mga karatig na mga lalawigan. nagsilbi din ang npc bilang tagapamahala at may-ari ng grid ng kuryente sa pilipinas at mga kaugnay nitong pasilidad at ari-arian mula sa paglikha nito noong nobyembre 3, 1936 (sa pamamagitan ng batas komonwelt blg. 120 na ipinasa ni pangulong manuel l. quezon) hanggang sa paglipat ng operasyon, pagpapanatili, at pagmamay-ari ng grid sa ibang korporasyong pagmamay-ari ng gobyerno, ang pambansang korporasyon sa transmisyon (national transmission corporation o transco), noong marso 1, 2003. dating pinakamalaking korporasyon sa bansa ang napocor sa larangan ng kita. suliranin sa pagkakaroon ng kita ang pangunahing alalahanin nito dahil ang negosyo nito ay misyonaryong elektripikasyon na nagbibigay ng kuryente sa liblib, at malayo sa grid na lugar at pulo na nakasubsidiya. bilang isang"
news,tl,wikipedia_tl,"si sun yat-sen (; 12 nobyembre 1866 – 12 marso 1925) ay isang intsik na manggagamot at rebolusyonaryo, ang unang pangulo at ang founding father ng republika ng tsina. bilang ang nangunguna sa lahat ng mga tagapanguna ng republika ng tsina, si sun ay tinaguriang ""ama ng bansa"" sa republika ng tsina (roc), hong kong at macau, at ang ""hudyat ng demokratikong rebolusyon"" sa republikang bayan ng tsina (prc). ito ay dahil sa kanyang makasaysayang papel na nakatulong sa pagbagsak ng kapangyarihan ng dinastiyang qing sa mga panahon na humahantong sa rebolusyong xinhai. siya ay itinalaga upang maglingkod bilang pansamantalang pangulo ng bagong tatag na republika ng tsina noong 1912. siya rin ay kasama sa mga nagtatag ng makabayang samahan ng tsina, kung saan siya ang itinalagang unang pinuno nito. si sun ay naging simbolo ng pagkakaisa sa post-imperyal na tsina, at siya ay nananatiling kahanga-hangang tsinong politiko sa loob ng ika-20 siglo, kung saan pinupuri siya ng magkabilang panig sa taiwan strait. kahit na si sun ay itinuturing na isa sa mga pinakadakilang lider ng modernong tsina, ang kanyang pampulitikang buhay ay puno ng pakikibaka at madalas na pagpapatapon. matapos ang tagumpay"
news,tl,wikipedia_tl,"ang mga bagyo sa pilipinas ay napapalitan kada 4 taon (pagitan) kapag mas mataas ang pinsala nito, naayon ito sa japan meteorological agency o (jma), (jtwc), kapag ang isang bagyo ay nasa labas nang pilipinas hindi ito maipapangalan bagamat ito ay nanatiling mayroon pangalan sa labas nang philippine area of responsibility,sa bawat ahensya ay parehas rin rito pilipinas, itinatag ito noong 1963 (pagasa), may mga klase nang bagyo, dipende sa lakas nang bagyo, tropical depression, tropical storm, severe tropical storm, typhoon at super typhoon (super bagyo), inaalis any pangalan nang isang bagyo kapag ito ay nakapaminsala nang imprasraktura, istraktura, bilang ng patay na tao, sugatan, sira-sirang ari-arian. kategorya ng bagyo super bagyo super bagyo 3 bagyo 2 bagyo 1 bagyo severe tropikal bagyo tropikal bagyo pre 2000s talaan ng mga tinangal na pangalan bagyo sa pilipinas 2000-10s 2000s 2010s simula noong 2010 ang bagyong juan ang lubos na nakapinsala sa hilagang luzon, inalis ito sa is a mga listahan nang bagyo umabot ito sa kategoryang 5 nagiwan into nang 8.22 bilyon nang lumapag into as probinsya nang isabela, sumunod ang mga bagyong mina, sendong, pablo, yolanda, glenda, lando at"
news,tl,wikipedia_tl,"bagyo sa pilipinas, ang mga bagyo sa pilipinas natural lamang na tumama sa mga bansang napapaligiran nang karagatang pasipiko, nagsisimula ito sa mga buwan maaga pa mayo at kalimitan na nag tatapos sa mga buwan nang disyembre sa kasalukuyan lumalakas pa ang mga ito sa buwan nang hulyo hanggang nobyembre. nabubuo ang mga bagyo sa madalas sa karagatang pasipiko at dinaraan nang mga ito ang mga bansang taiwan, tsina, timog korea, japan, pilipinas, carolina isla at vietnam, lumalakas rin ang mga ito dahil sa habagat na nang gagaling sa mga bansang indonesia at india. mga bagyo ang super bagyong yolanda ay isa sa mga hindi makakaligtaang bagyo sa kasaysayan nang pilipinas dahil nagdulot ito nang malawakang pagkasira sa buong bisayas kasama na rito ang ilang probinsya sa luzon, nanalasa si yolanda noong ika nobyembre 8, 2013 sa silangang samar at leyte, maituturing ring si yolanda na isang delubyo, isa na rin rito si super bagyong lawin na nagpadapa sa mga ilang lugar sa isabela, cagayan at rehiyon ng ilokos, si bagyong ondoy na nag palubog sa ilang bahagi ng luzon at kamaynilaan noong ika setyembre 26, 2009, matinding pinuruhan nito ang mga rizal, marikina, pasig at ilan pang mga"
news,tl,wikipedia_tl,"ang super bagyong rosita, (pagtatalagang pandaigdig: bagyong yutu) ay isang malakas na bagyo na kasalukuyang bumabanta sa pulo ng luzon. ito ang pinakamalakas na bagyong tumama sa hilagang kapuluang mariana, at ikalawa sa buong estados unidos, sa nakatalang kasaysayan nito. namataan ang bagyo noong 21 oktubre 2018 sa karagatang pasipiko — ang ika-25 bagyo, ika-12 bagyong may pangalan, at ika-7 superbagyo ng taong 2018 — noong bumuo ito mula sa isang lugar ng mababang presyon, at kamakailan ay naging isang depresyong tropikal. nang bumuo ang depresyon, binigyan ang bagyo ng joint typhoon warning center (jtwc) ng identipikador na 31w. tuluyan itong lumakas sa loob ng ilang oras hanggang sa naging itong ganap na bagyo, at binansagan itong ""yutu"" ng japan meteorological agency (jma). makatapos ito, mabilis ang naging paglakas nito dahil sa mga kondisyong pabor dito, hanggang sa naging superbagyo ito noong 24 oktubre. noong 25 oktubre, tumama ang bagyong yutu sa tinian at sa katimugang bahagi ng saipan sa hilagang kapuluang mariana. sa pantheon na tumama ito, ito ang naging pinakamalakas na bagyo ng 2018, kung saan may lakas na hangin na aabot sa 180 km/o (pamantayang 10-minuto), at"
news,tl,wikipedia_tl,"ang panahon ng bagyo sa pasipiko ng 2013, walang nakatalagang hangganan ang panahon ng mga bagyo sa 2013. karamihan ng mga bagyo ay nabubuo sa hilagang-kanluran ng dagat pasipiko mula mayo hanggang nobyembre. epekto mga sistema nasa loob ng sakop na responsibilidad ng pilipinas 1. bagyong auring (sonamu) 2. depresyong bising 3. bagyong crising (shanshan) 4. bagyong dante (yagi) 5. bagyong emong (leepi) 6. bagyong fabian (bebinca) 7. bagyong gorio (rumbia) =8. bagyong huaning (soulik) 9. bagyong isang (cimaron) 10. bagyong jolina (jebi) 11. bagyong kiko (mangkhut) 12. bagyong labuyo (utor) ang bagyong labuyo ay ay isang napakalakas na bagyo na tumama as gitnang luzon noong ika agosto 2013 sa lalawigan nang aurora tinumbok nito ang bayan nang casiguran, aurora at maging sa lalawigan nang quirino namataan ang sentro nang bagyo na ito sa bayan nang diffun, quirino. ito at nakataas sa kategoryang #4. lokasyon ito ay namataan sa silangang bahagi nang casiguran, aurora nag land-fall ito sa nasabing bayan. at ilang lalawigan ang dinaanan lumabas ang bagyo sa lalawigan nang la union. ito ay nag landfall sa dilasag, aurora. 14. bagyong maring (trami) 17. bagyong nando (kong-rey) 22. bagyong"
news,tl,wikipedia_tl,"ang philippine news agency (pna) ay ang opisyal na ahensya ng balita ng gobyerno ng pilipinas. ang pna ay nasa ilalim ng pangangasiwa at kontrol ng news and information bureau, isang kalakip na ahensya ng presidential communications operations office. ito ay itinatag noong marso 1, 1973 ni pangulong ferdinand marcos, at kasalukuyang may punong-tanggapan sa quezon city. kasaysayan philippine news service ang philippine news service (pns) ay inorganisa noong 1950 bilang isang kooperatiba sa pangangalap ng balita ng mga tagapaglathala noon ng mga nangungunang pambansang pahayagan: ang manila times-mirror-taliba, manila chronicle, manila bulletin, philippines herald, evening news, bagong buhay, at the fookien times. ang pangunahing tungkulin nito noon ay ang pagbibigay ng pang-araw-araw na balita at mga larawan mula sa mga lalawigan para sa mga pahayagang naroon gayundin sa mga taong nakatira sa probinsiya. ginamit din ng mga istasyon ng radyo at telebisyon ang mga kwento ng pns para sa isang nakapirming buwanang bayad o subscription. ang mga dayuhang ahensya ng balita, gaya ng associated press, united press international, reuters, at agence france-presse, at ilang pribadong entity ay"
news,tl,wikipedia_tl,"benigno simeon cojuangco aquino, iii (8 pebrero 1960 – 24 hunyo 2021) higit na kilalá sa paláyaw na noynoy aquino o sa tawag na p-noy, ay naglingkod bilang ang ika-15 pangulo ng republika ng pilipinas (30 hunyo 2010 – 30 hunyo 2016). talambuhay ipinanganak sa maynila, natapos ni aquino ang kaniyang batsilyer sa sining na dalubhasa sa ekonomiks mula sa pamantasang ateneo de manila noong 1981, at sumáma sa kaniyang pamilya nang ipatapon ng pamahalaang marcos ang mga ito sa estados unidos. bumalik siya sa pilipinas noong 1983 pagkatapos ang pagpaslang sa kaniyang ama at humawak ng ilang mga posisyon sa pribadong sektor. noong 1998, nahalal siya bílang kinatawan ng ika-2 distrito ng lalawigan ng tarlac. siya ang ikaapat na henerasyon ng mga politiko sa kanilang pamilya: ang kaniyang lolo sa tuhod, si servillano ""mianong"" aquino, ay naglingkod bílang delegado sa kapulungan ng malolos; ang kaniyang lolo, si benigno aquino, sr., ay naglingkod bílang tagapagsalita ng mababang kapulungan ng mga kinatawan ng pilipinas mula noong 1943 hanggang 1944; at ang kanyang mga magulang na sina dating pangulong corazon aquino at senador benigno ""ninoy"" aquino, jr. kasapi si aquino ng partido liberal"
news,tl,wikipedia_tl,"ang lungsod ay isang yunit ng pamahalaang lokal sa pilipinas. nakasaad sa kodigo ng pamahalaang lokal ng 1991 ang istrukturang administratibo at kapangyarihan ng mga lungsod. binigbigyan ang mga lungsod ng mas malaking bahagi sa internal revenue allotment (ira) kaysa sa mga munisipalidad. mas nabibigyan din ng awtonomiya ang mga lungsod kaysa sa mga munisipalidad. ang lungsod ay pinamumunuan ng isang alkalde na hinahalal sa eleksyon. ang bise alkalde naman ang umuupong pinuno ng sangguniang panlungsod. mayroon ding iba't ibang departamento ang lungsod upang mas mapaglinkuran nila ang kanilang nasasakupan. gaya ng mga munisipalidad, nahahati rin ang mga lungsod sa mga barangay. may ibang lungsod naman na nahahati rin sa mga distrito. mga lungsod lahat ng mga lungsod sa pilipinas ay mga nakakartang lungsod (ingles: chartered city). ayon sa legal na klasipikasyon, inuuri ang mga lungsod sa tatlo, nakapaloob na lungsod, malayang nakapaloob na lungsod at lubos na urbanisadong lungsod. ayon sa pinakahuling senso, ang lungsod quezon sa kalakhang maynila ang pinakamataong lungsod sa pilipinas na may mahigit sa 2,000,000 residente. ang lungsod ng palayan naman sa nueva ecija ang may"
news,tl,wikipedia_tl,"si datu hadji kamlon, kilala rin bilang maas kamlon, ay isang tausug na lumaban noong ikalawang digmaang pandaigdig at pagkatapos ay nagsimula siya ng pag-aalsa laban sa pamahalaan ng pilipinas sa ilalim ni pangulong elpidio quirino at pangulong ramon magsaysay. siya ay kilala bilang isang bayani sa mga tausug. personal na buhay ang pangala ng ama ni kamlon ay hadji angsa at ang pangalan naman ng kanyang asawa ay si mora hadjuria. hindi na nagkaroon pa ng maraming mga asawa si kamlon sapagkat sinabi niya na kontento na daw siya sa isa. matapos ng ikalawang digmaang pandaigdig, siya ay nagsimulang mamirata sa karagatang sulu. sinasabi na binibigay niya sa mga mahihirap ang kanilang mga nanakaw galing sa mga mayayaman. pag-aalsa bago maganap ang pag-aalsa, kilala siya sa mga awtoridad ng gobyerno bilang isang ""basag-ulero"", kaya'y siya ay sumuko sa mg awtoridad noong 1947 bago siya magsimula ng pag-aalsa sa sulu noong 1948. noong kalagitnaan ng 1948, magsisimula kasama ang 25 niyang mga kamiyembro, sinimulan na ni kamlon ang kanyang paghihimagsik upang klaruhin ang mga suliranin sa reporma ng lupa, pagpapatalsik sa pamahalaang pilipino, at ang paggiit ng kasarinlan ng sultanato ng"
news,tl,wikipedia_tl,"ayon sa kataas-taasang hukuman ng pilipinas, tinuturing na tagong yaman ng pamilyang marcos ang anumang pagma-may-ari na lampas sa halagang idineklara nila ferdinand at imelda marcos sa kanilang pahayag ng mga pag-aari, liabilidad, at kabuuang yaman nung panahon ng pagkapangulo ni ferdinand marcos mula 1965 hanggang 1986. tinatantiyang mula us $ 5 bilyon hanggang 13 bilyon ang halagang nakuha ng mga marcos sa loob pa lamang sa mga huling taon ng administrasyong marcos. walang tukoy na numero para sa kabuoang halaga ng tagong yaman na ito sa buong 21 taon ng pamamahala ni marcos, ngunit sa tantiya ng ekonomistang si jesus estanislao ay maaaring umabot ang halaga nito hanggang us $ 30 bilyon. ang suweldo ni marcos bilang presidente ay umaabot lamang sa us$13,500.00. ayon sa korte suprema, ang halagang ito ay dapat mabawi at maisauli sa gobyerno, o di kaya'y maipamahagi sa mga biktima ng mga paglabag sa karapatang pantao noong panahon ng rehimeng marcos. maraming iba ibang kataga ang ginamit na ng mga awtoridad at institusyon para tukuyin ang yamang ito ng mga marcos. kasama na dito ang mga katagang ""tagong-yaman"" (hidden wealth), ""nakaw na yaman"" (ill-gotten o stolen wealth), o"
news,tl,wikipedia_tl,"ang untv news and rescue ay ang punong istasyon ng telebisyon ng telebisyon ng pilipinas ng progressive broadcasting corporation (pbc), kasama ang breakthrough and milestones productions international, inc. (bmpi), ang tagabigay ng nilalaman ng network at braso sa pagmemerkado. ang dwao-tv ay isa sa napakakaunting mga istasyon ng ntsc-system m sa buong mundo na nagpo-broadcast sa ultra high frequency (uhf) channel 37. ang mga studio ay matatagpuan sa untv building, 907 brgy. philam, edsa quezon city at transmitter na matatagpuan sa emerald hills, sumulong highway, antipolo city. ang 16-palapag na untv broadcast center sa kahabaan ng edsa philam ay kasalukuyang itinatayo upang magsilbing bagong punong tanggapan nitong 2018. kilala ito sa pagsasahimpapawid ng ang dating daan (add), ang pinakahihintay na programa ng relihiyon sa pilipinas, na pinamamahalaan ng ebanghelista sa radio at tv na si bro. si eli soriano, ang pangkalahatang lingkod sa members church of god international (mcgi). ang mga programang pampublikong serbisyo ng untv at mga libreng serbisyo ay pinamamahalaan ng chairman at ceo ng bmpi na ""kuya"" (ingles: kapatid) na si daniel razon. si razon ay katulong sa"
news,tl,wikipedia_tl,"ang pagpupulong sa pamamahala ng internet o internet governance forum (igf) sa ingles ay isang pagpulong at pagtatagpo ng mga iba’t ibang usapan ukol sa pamamahala ng internet (internet governance). ito ay pormal na pinahayag at tinatag ng pangkalahatang kahilim ng united nations united nations noong hulyo 2006 at sinimulan noong oktubre o nobyembre ng taong din yun. estruktura at tungkulin ang pagbuo ng pagpulong sa pamamahala ng internet o “internet governance forum” ay unang inirekomenda sa isang ulat ng working group on internet governance pagkatapos ng maraming seryeng pagpahayag at pagtanong sa mga nauukol. ang ulat na ito ay isa sa mga lagom sa ikalawang bahagi ng sanlibutang pagtipon para sa lipunan ng teknolohiyang impormasyon world summit on the information society na ginanap sa tunis noong 2005, na naging daan din para pormal na likhain ang igf at ilapat ang itong pahayag. pagkatapos ng hayag na pulong na ginanap noong pebrero 2006, ang pangkalahatang kalihim ng un ay nagbuo ng isang pangpayuhang grupo na tinawag na mag at pangungunahan ng kalihim (o tinatawag na “secretariat”) na maging pangunang pasanayan na bubuo sa igf. ang mga paghahati sa itong organisasyon ay"
news,tl,wikipedia_tl,"ang abs-cbn (isang daglat para sa dating pangalan nito, ang alto broadcasting system - chronicle broadcasting network) ay isang pilipinong himpilang pankomersiyal (commercial broadcast network) (na binubuo ng himpilang pantelebisyon sa pamamagitan ng terestriyal, telebisyong kable o telebisyong pansetalyt, radyo at bagong midya sa pamamagitan ng streaming media, internet o onlayn) at sindikasyon, tagapamahagi ng programa, at kumpanya ng produksyon (sa ilalim ng abs-cbn entertainment), na siyang pagmamay-ari ng abs-cbn corporation, isang kompanya sa ilalim ng lopez group. nakahimpil ang kalambatan sa abs-cbn broadcasting center sa lungsod quezon, na may mga dating tanggapan at mga pasilidad sa 25 pangunahing lungsod sa pilipinas, kabilang ang baguio, naga, bacolod, iloilo, cebu, at dabaw. angipasilidad para sa mga produksyon ng abs-cbn ay matatagpuan sa horizon it park sa san jose del monte, bulacan na nagbukas taong 2018. pormal na tinutukoy ang abs-cbn bilang ""the kapamilya network"", na unang inilunsad noong 1999 at ginawang opisyal noong 2003 sa pagdiriwang ng ika-50 anibersaryo nito. na ginamit hanggang sa paglisan nito sa ere noong mayo 5, 2020. sa kalagitnaan nito, pinalitan"
news,tl,wikipedia_tl,"ang tv5 network inc., na dating kilala bilang abc development corporation at associated broadcasting company, ay isang kumpanya ng media ng filipino na nakabase sa mandaluyong city. ito ay pagmamay-ari ng mediaquest holdings, isang namuhunan ng kumpanya ng higanteng telecommunication ng pilipinas na pldt, sa pamamagitan ng benecicial trust fund, at pinamumunuan ng mga tauhan ng negosyo na si manuel v. pangilinan. kabilang sa mga pag-aari nito ay ang mga broadcast television network (5 at 5 plus), ang pambansang istasyon ng radyo (radyo5 92.3 news fm) ang regional radio network (radyo5), mga satellite telebisyon sa telebisyon (mga kulay, one sports, one news, one ph, sari-sari channel, at pba rush) nagpapatakbo din ito ng mga international channel sa telebisyon (kapatid channel at aksyontv international) pati na rin digital at online portal (digital5, tv5.com.ph, espn5.com, at news5 digital). kasaysayan pinagmulan si joaquin ""chino"" roces, na may-ari ng the manila times, ay binigyan ng isang radio-tv franchise mula sa kongreso sa ilalim ng republic act 2945 noong 1 marso 1960. pagkatapos ay itinatag niya ang associated broadcasting corporation at ang channel na ""abc 5"" na may tawag"
news,tl,wikipedia_tl,"si jill tracy biden (née jacobs, dating stevenson; born june 3, 1951) ay isang amerikanong tagapagturo na pangalawang ginang ng estados unidos mula 2009 hanggang 2017. siya ay ikinasal kay joe biden, ang hinirang na pangulo ng estados unidos, na nakatakdang ipasinaya sa enero 20, 2021, sa oras na iyon ay siya ay magiging unang ginang. ipinanganak sa hammonton, new jersey, lumaki siya sa willow grove, pennsylvania. ikinasal siya kay joe biden noong 1977, na naging stepmother nina beau at hunter, ang kanyang dalawang anak na lalaki mula sa kanyang unang kasal. si biden at ang kanyang asawa ay mayroon ding isang anak na babae na magkasama, si ashley, na ipinanganak noong 1981. mayroon siyang degree na bachelor's at isang degree na doktor mula sa university of delaware, pati na rin mga degree na master mula sa west chester university at villanova university. nagturo siya ng ingles at pagbabasa sa mga high school sa loob ng 13 taon at nagturo sa mga kabataan na may kapansanan sa emosyonal sa isang psychiatric hospital. mula 1993 hanggang 2008, si biden ay isang instruktor sa ingles at pagsusulat sa delaware technical & community college. mula noong 2009, siya ay naging isang propesor"
news,tl,wikipedia_tl,"ang 2010 (mmx) ay isang karaniwang taon na nagsisimula sa biyernes sa kalendaryong gregoryano. ito ang ika-2010 na taon ng mga pagtatalagang anno domini o karaniwang panahon; ang ika-10 taon ng ikatlong milenyo at ang ika-21 dantaon; at ang unang taon ng dekada 2010. kaganapan enero enero 1 pinasa ang pagmamangasiwa ng pagkapangulo ng konseho ng unyong europeo of the council of the european union mula sa sweden tungo sa espanya. hindi bababa sa 95 patay at higit sa 100 ang sugatan sa pagtitiwakal na pagsasabog sa isang laro ng balibol sa pakistan. enero 3 – isinara ang mga embahada ng estados unidos at reino unido sa yemen dahil sa patuloy na banta sa seguridad mula sa grupo ng teroristang al-qaeda. enero 4 – opisyal na binuksan ang burj khalifa sa dubai, united arab emirates, ang pinakamataas na gusali at istrukturang gawa ng tao sa buong mundo, sa kasalukuyan. enero 12 pamamaril sa habikino sa hapon niyanig ng 7.0-magnitud na lindol ang haiti, na puminsala sa kabisera ng bansa, ang port-au-prince. nasa 316,000 ang kumpirmadong nasawi. enero 14 – idineklara ng yemen ang bukas na digmaan sa al-qaeda sa tangway ng arabia. enero 15 – isang taunang eklipsa ay naganap. enero 24 –"
news,tl,wikipedia_tl,"ang estados unidos (ingles: united states), opisyal na estados unidos ng amerika, dinadaglat na eu/eua (ingles: us/usa), at karaniwang tinatawag na amerika (ingles: america), ay isang bansang transkontinental na pangunahing matatagpuan sa hilagang amerika. hinahangganan ang 48 estado at tanging distritong pederal ng kanada sa hilaga at mehiko sa timog. makikita ang alaska sa sukdulang hilagang-kanluran ng hilagang amerika na katabi ng kanada sa silangan at nahihiwalay sa rusya sa kanluran sa kipot ng bering; ang hawai ay isang kapuluang polinesyo na nasasagitna sa karagatang pasipiko at ang tanging estado na wala sa kaamerikahan. nagbabahagi ang bansa ng mga limitasyong maritimo sa bahamas, kuba, rusya, reyno unido, republikang dominikano, kapuluang cook, samoa, at niue. sumasaklaw ng mahigit 9,833,520 kilometrong kuwadrado (3,531,905 milyang kuwadrado) at mayroong higit 331 milyong naninirahan, ito ang ikaapat na pinamalaking bansa ayon sa panlupaing lawak, ikalima ayon sa magkaratig na lawak, at ikatlo ayon sa kabuuang lawak at populasyon. itinatagurian na panlusaw na palayok ng mga kalinangan at etnisidad, hinubog ang populasyon nito ng ilang siglo ng imigrasyon. mayroon itong"
news,tl,wikipedia_tl,"ang partido ng pambansang sosyalistang manggagawang aleman (, pinaikling nsdap), na mas kilala bilang partidong nazi o nazi, ay isang pampolitika na partido sa alemanya mula 1920 hanggang 1945. ang partidong ito ay itinatag mula sa kasalukuyang (nang mga panahong ito) malayong-kanan (far-right) at rasistang (racist) kilusang alemang völkisch nasyonalista at ang marahas na anti-komunistang freikorps paramilitar na kultura na lumaban sa pag-aalsa ng mga rebolusyonaryong komunista sa alemanya pagkatapos ng unang digmaang pandaigdig. ang partidong ito ay nilikha ni anton drexler bilang paraan upang hatakin ang mga manggagawa papalayo sa komunismo at patungo sa nasyonalismong völkisch. sa simula, ang pampolitika na stratehiya ng nazi ay nakatutok sa laban-sa malalaking negosyo, anti-bourgeois, at anti-kapitalistang mga retoriko bagaman ang mga aspetong ito ay nawalan ng kahalagaan pagdating nang mga 1930 upang makamit ang suporta para sa nazi ng mga may ari ng mga industriya. ang pokus ay lumipat naman sa anti-semitiko at anti-marxistang mga tema. ang huling pinuno ng partidong ito si adolf hitler na hinirang na kansilyer ng alemanya ng pangulong si paul von hindenburg noong 1933."
news,tl,wikipedia_tl,"si bagyong auring, kilala rin sa pangalang internasyonal nito na dujuan, ay isang mahinang bagyong unang nabuo noong ika-16 ng pebrero 2021. ito ang unang bagyong nabuo sa loob ng sakop na responsibilidad ng pilipinas para sa panahon ng 2021. tumama ito sa isla ng batag sa bayan ng laoang, hilagang samar noong ika-22 ng pebrero 2021 bilang isang mahinang depresyon, at tuluyang nalusaw makalipas ng ilang oras. bagamat mahina, nagdulot ang bagyo ng pagbaha sa kabisayaan at mindanao, lalo na sa lungsod ng tandag, surigao del sur. ayon sa ndrrmc, di bababa sa 121,000 katao ang naapektuhan ng bagyo. isa ang naiulat na namatay, habang dalawa naman ang nawawala. kasaysayan noong 8:00 n.g. ng ika-16 ng pebrero 2021, iniulat ng japan meteorological agency (jma) ang isang bagong depresyon malapit sa ""kapuluan ng caroline"". naglabas kalaunan ng babala ang joint typhoon warning center (jtwc), dalawang oras pagkatapos. bandang 5:00 n.u. ng ika-17 ng pebrero, idineklara ito ng pagasa bilang isang depresyon. gumalaw ang bagyo pakanluran sa bilis na 20 kilometro kada oras. pumasok ang sistema sa sakop na responsibilidad ng pilipinas noong 8:00 n.u., na nagbigay-hudyat sa pagasa para ibigay ang"
news,tl,wikipedia_tl,"si vladimir vladimirovič putin (siriliko/ruso: владимир владимирович путин; ipinanganak oktubre 7, 1952) ay isang rusong pulitiko at dating intelligence officer na ngayo'y ang kasalukuyang pangulo ng rusya, puwestong kaniyang kinaluluklukan mula pang 2012, at mula rin noong 2000 hanggang 2008. siya rin ang naging punong ministro mula 1999-2000 at noon ding mula 2008-2012. si putin ang ikalawang pinakamatagal-na-nanunungkulang pangulong europeo sunod kay alexander lukashenko ng belarus. nagtrabaho siya bilang isang foreign intelligence officer sa kgb, kung saan naipataas niya ang kaniyang ranggo sa pagiging tenyente-koronel, bago magbitiw sa trabaho noong 1991 upang simulan ang kaniyang karera pulitikal sa san petersburgo. lumipat siya ng mosku noong 1996 upang pakiisahan ang administrasyon ni pangulong boris yeltsin. nanilbihan siya bilang direktor ng serbisyo seguridad pederal at kalihim ng konseho ng seguridad bago maatasan bilang punong ministro noong 1999. matapos ang pagbitiw ni yeltsin, si putin ang naging nanunungkulang-pangulo at direktamenteng nahalal para sa kaniyang unang termino bilang pangulo pagkalipas ng 'di-lalabis sa apat na buwan, at muli noong 2004. dahil hindi"
news,tl,wikipedia_tl,"ang katedral-basilika ng maynila (opisyal na pangalan: metropolitánong katedral ng maynilà–basílika ng kalinís-linisang paglilihî; o katedral ng maynila), ay ang tanyág na simbahang katolika na matatagpuan sa maynila, pilipinas, bilang pagpaparangal sa pinagpalang birhen maria bilang kalinis-linisang paglilihi, ang punong pintakasì ng republika ng pilipinas. itinatag noong 1578, sa kautusan ni papa gregorio viii, na matatagpuan sa kalye andrés soriano, jr. (dating kalye aduana), intramuros, maynila. ang katedral ay mismong parehong naghatid bilang punong basilika ng pilipinas at ang pinakamataas na luklukan ng arsobispo sa bansa. ang katedral ay ilang beses na napinsala at nawasak dahil ang orihinal na katedral ay itinayo sa 1581. ang ikawalo at kasalukuyang pagkakatawang-tao ng katedral ay nakumpleto noong 1958. bilang si maria ang punong pintakasi ng pilipinas, ang katedral ng maynila ang siyang sentro ng pananampalatayang katoliko, ito ay sa pamamagitan ng pagdedeklara ni papa juan pablo ii mula sa kanyang papal bull na quod ipsum, sa katedral bilang opisyal na basilika menor o tinatawag na basilika menor ng kalinis-linisang paglilihi, sa pamamagitan ng kanyang sariling motu"
news,tl,wikipedia_tl,"ang kuwarentenang pampamayanan ng covid-19 sa pilipinas () ay sukatin ang limitadong pag kalat ng covid-19 (coronavirus disease 2019) sa pilipinas ay opisyal na i-lockdown ang karakteristik bilang ""kuwarentenang pampamayanan"" mula sa gobyerno sa naiibang mahigpit at maipataw ang bilang ng mga nag kakaroon ng kaso sa pilipinas, ang (ecq) enchance community quarantine, ay ang mahigpit na kategoryang pag susukat, ang malaking sukat at bilang ay ang ""kuwarentenang pampamayanan sa luzon"". background ang lockdown at quarantine ay ang mga pag susukat na nag sasabi na ang isang lugar at komunidad ay nag karoon na nang mga bilang ng kaso, ang lockdown ay ang kategoryang isasara at ihaharang ang isang lugar kapag idineklara na nag karron nang kaso, at ang quarantine ay ang ikukuwarantina ang mga sibilyan sa isang lugar na malapit na nag karoon ng kaso, papatawan na ang lockdown ang sa lungsod/bayan, probinsya hanggang sa buong rehiyon kapag dumarami ang bilang nang kaso, nag deklara ang presidente rodrigo duterte noong marso 15, 2020 hanggang sa kasalukuyan bunsod ng peste (covid-19) nang bumaba (arrive) ang sakit noong enero 23, enero 30, 2020 nang i-anunsyo sa bansa na ang ""covid-19"" ay"
news,tl,wikipedia_tl,"ang inisyatibong pambayan (o ""people's initiative"") ay isang pangkaraniwang pang-akit sa pilipinas na tumutukoy sa alinman sa isang pamamaraan para sa susog pangkonstitusyonal na ibinigay ng 1987 philippine constitution o sa gawa ng pagtutulak ng isang inisyatibo (nasyonal o lokal) na pinapayagan ng philippine initiative and referendum act ng 1987. ang apela ay tumutukoy din sa produkto ng alinman sa mga inisyatibo. ang paglalaan sa 1987 constitution ng pilipinas na nagpapahintulot sa isang ""inisyatibo ng mga tao"" bilang isa sa mga pamamaraan para sa susog pangkonstitusyonal ay tinawag na ""sugnay ng inisyatibong pambayan."" ang iba pang mga pamamaraan na pinapayagan ng saligang batas ay nagsasangkot ng isang asamblea ng mga nasasakupan (o ""con-ass"") o isang kumbensyong konstitusyonal (o ""con-con""), na kapwa pinapayagan din ang isang kabuuang pagbabago sa charter. ang apela (kilala rin bilang ""inisyatibong pambayan"") ay tumutukoy din sa batas-na binibigyang karapatan na sambayanangpilipino — na direktang nagsisimula ng mga batas o pagtatawag para sa mga reperendo sa antas ng pambansa at lokal na pamahalaan. mga inisyatibo sa pagbabago sa konstitusyon ang proseso ng pagsusug sa 1987"
news,tl,wikipedia_tl,"papa juan xxiii (25 nobyembre 1881 – 3 hunyo 1963) at papa juan pablo ii (18 mayo 1920 – 2 abril 2005) ay namahala bilang mga papa ng simbahang katoliko romano at pinakamataas na pinuno ng lungsod ng vaticano. si papa juan xxiii ay naging papa mula 1958 hanggang 1963, at si papa juan pablo ii naman ay namuno mula 1978 hanggang 2005. ang pagtatanghal sa kanila bilang santo ay naganap noong 27 abril 2014. ang opisyal na desisyon upang sila ay itanghal bilang santo ay pinangunahan ni papa francisco noong 5 hulyo 2013 kasunod ng pagkilala sa mga himalang maiiugnay na pinamagitan ni juan pablo ii, samantalang ang pagtatanghal bilang santo kay juan xxiii ay ayon mga katangian sa pagtatatag ng pangalawang konseho ng vatican. ang petsa ng pagtatanghal ay iginawad noong 30 setyembre 2013. ang misa ng pagtatanghal ay ipinagdiwang ni papa francisco kasama si papa emeritus papa benedicto xvi noong linggo, 27 abril 2014, sa tapat ng basilika ni san pedro sa roma noong linggo ng banal na awa ang pangalawang linggo ng pasko ng pagkabuhay at ang pagtatapos ng oktaba ng pagkabuhay ni papa juan ii. dumalo ang 150 cardinal at 1,000 obispo sa pagdiriwang, at dinaluhan din mga diboto. mga kilalang tao"
news,tl,wikipedia_tl,"ang bagyong egay, (pagtatalagang pandaigdig: super bagyong doksuri) ay ang isang napakalakas na bagyo na nanalasa sa pilipinas at tsina, ay ang ikalimang bagyo sa pilipinas sa taong 2023, ay nanalasa sa parteng hilagang luzon noong ika 25, hulyo 2023 ng umaga. naglandfall ang bagyo sa isla ng camiguin sa aparri, cagayan dakong 10pm ng gabi at ika 26 hulyo, 8am ng umaga sa isla ng babuyan claro sa lalawigan pa rin ng cagayan. huling namataan ang bagyo sa layong 260 kilometro hilagang kanluran ng laoag , ilocos norte pa tungo sa lungsod ng xiamen sa tsina. banta ika hulyo 19 sa layong higit 300 kilometro silangan ng hinatuan, surigao del sur sa mindanao ay mayroong namataang sama ng panahon bilang si invest 98 w na pinangalanan ng jtwc ng america at jma ng japan ayon sa ecwf ng european kompyuter models ay magulo ang track ng bagyo dahil sa umiirial high pressure area sa itaas bahagi nito sa bandang isla sa okinawa sa japan. ika hulyo 22 ng maging isang ganap na tropikal bagyo na pinangalanan sa internasyonal bilang doksuri at sa pagasa na pinangalanan bilang egay sa pilipinas. paghahanda pilipinas nakahanda ang lokal ng bawat ahensya partikular sa rehiyong lambak ng cagayan na"
news,tl,wikipedia_tl,"isa itong talaan ng mga palabas sa telebisyon na ginawa sa pilipinas. # 100% pinoy 24 oras a aalog-alog adyenda a rosy life abangan ang susunod na kabanata all star k! atlantika asap aksyon all about you all together now anatomy of a disaster ang dating daan ang iglesia ni cristo ang tamang daan ang pagbubunyag ang probinsyano art angel art jam asian treasures assignment at home ka dito at your service atbp ayon sa biblia alakdana b bahay mo ba `to bakekang balita ala-una balita alas singko ng umaga balitaan balitang amianan balitang balita balitang bisdak balitanghali balitanghali iloilo balitanghali cebu balitanghali davao balita ngayon balita sa ibc balita sa ibc huling ulat balita sa tanghali bandila bitag bitoy's funniest videos biyaheng langit basta sports basta't kasama kita bible guide biblically speaking bida si mister, bida si misis bubble gang buhay pinoy c carmina case unclosed celebrity bluff celebrity duets celebritv celebrity turns cielo de angelina click captain barbell cnn philippines balitaan cnn philippines newsroom cuore d daddy di do du daisy siete debate with mare at pare digital lg quiz dong puno live darna doraemon dragonball dwarfina e eat bulaga! eateria"
news,tl,wikipedia_tl,"si carlos polestico garcia (4 nobyembre 1896 – 14 hunyo 1971) ay isang pilipinong makata at politiko at ang ikawalong pangulo ng republika ng pilipinas (18 marso 1957–30 disyembre 1961). naging pangalawang pangulo at miyembro ng gabinete ni ramon magsaysay si garcia. nanumpa siya bilang pangulo nang mamatay si magsaysay. kilala si garcia sa kanyang pagpapatupad ng patakarang ""pilipino muna"" (""filipino first""). talambuhay maagang buhay isinilang si garcia noong 4 nobyembre 1896 sa bayan ng talibon, bohol. ang kaniyang mga magulang ay sina policronio garcia at ambrosia polestico. nag-aral siya sa pamantasang silliman sa lungsod ng dumaguete, at kinalaunan nagtapos din siya ng abogasya sa philippine law school at nakapasok sa bar noong 1923 sa maynila. iniwan niya ang pagsasanay ng abugasya at naging guro ng highschool. kapulungan ng mga kinatawan una niyang pinasok ang politika noong 1926 bilang kaanib sa kapulungan ng mga kinatawan at naglingkod hanggang 1932. gobernador ng bohol nagsilbi si garcia bilang gobernador ng bohol mula 1932 hanggang 1941. senado nahalal siya sa senado ng pilipinas noong 1941 ngunit hindi nakapaglingkod dahil sa pananakop ng mga hapones noong disyembre"
news,tl,wikipedia_tl,"idedetalye ng 2006 sa pilipinas ang mga mahahalagang kaganapan na nangyari sa pilipinas noong taong 2006. mga nanungkulan pangulo: gloria macapagal-arroyo pangalawang pangulo: noli de castro kongreso ng pilipinas: ika-13 na kongreso ng pilipinas pangulo ng mataas na kapulungan (senado): manuel villar ispiker ng mababang kapulungan (kapulungan ng mga kinatawan): jose de venecia jr. punong mahistrado ng kataas-taasang hukuman ng pilipinas: artemio panganiban kaganapan enero enero 21 - tinalo ng boksingerong si manny pacquiao si erik morales ng mexico sa ika-sampung round sa pamamagitan ng technical knockout sa thomas & mack center, las vegas, estados unidos. enero 27 - si marine captain nicanor faeldon, na nakatakas mula sa punong-himpilan ng hukbong katihan ng pilipinas noong disyembre 14, 2005, ay muling nahuli ng sandatahang lakas ng pilipinas (afp). pebrero pebrero 4 -- naganap ang isang stampede sa philsports complex, tinuguriang wowowee stampede, na nagiging sanhi ng pagkamatay ng 74 katao. pebrero 17—pagguho ng putik sa southern leyte. pebrero 22—initaas bilang kardinal ng simbahang romano katoliko si gaudencio rosales, ang arsobispo ng maynila. pebrero 24—ipinahayag ang"
news,tl,wikipedia_tl,"si rodrigo ""rody"" roa duterte (ipinanganak noong 28 marso 1945), kilalá rin sa kanyang bansag na digong, ay isang pilipinong abogado at politiko na naninilbihan bílang ika-16 na pangulo ng pilipinas. siya ang unang naging pangulo na mula sa mindanao. siya rin ay ang pinakamatandang naging pangulo ng ating bansa si duterte ay isa sa mga pinakamatagal na nanilbihang alkalde sa pilipinas at naging alkalde ng lungsod ng davao, isang urbanisadong lungsod sa kapuluan ng mindanao nang pitóng termino o mahigit 22 taon. nagsilbi rin siyang bise-alkalde at kongresista ng lungsod. noong oktubre 2021, inihayag ni rodrigo duterte na hindi siya tumatakbo sa pagka-bise presidente noong 2022 at magretiro sa buhay pampulitika. nakaposisyon siya pabor sa ferdinand marcos na bigyang-kahulugan ang kanyang pamahalaan bilang kabayanihan. unang bahagi ng buhay si duterte ay isinilang noong 28 marso 1945, sa maasin (na ngayon ay kabesera ng timog leyte ngunit dati ay bahagi ng insular na lalawigan ng leyte sa komonwelt ng pilipinas). ang ama niya na si vicente g. duterte ay isang abogadong cebuano at ang kaniyang ina na si soledad roa, isang katutubo ng cabadbaran, agusan, ay isang guro at civic leader"
news,tl,wikipedia_tl,"ang digmaan sa donbas ay isang digmaan na kasalukuyang nangyayari sa rehiyon ng donbass sa ukraine. sa pagsisimula ng marso 2014, kabi-kabilang demonstrasyon ng mga taong panig sa rusya ang naganap sa mga oblast ng donetsk at luhansk na tinatawag ding ""donbass"" kasunod ng rebolusyong ukranyano na nagpatalsik kay viktor yanukovych. ang mga demonstrasyon na ito ay humantong sa digmaan sa pagitan ng mga separatista ng donetsk at luhansk people's republic at ng pamahalaan ng ukraine. sa pagitan ng 22–25 agosto 2014, pumasok sa teritoryo ng ukraine ang mga tropa ng rusya nang walang pahintulot sa gobyerno ng ukraine. ang mga pagpasok na ito ay naganap sa mga teritoryong hawak ng mga separatista. tinawag naman ng mga opisyal na ukranyano at ng mga bansa sa kanluran ang ginawa ng rusya bilang ""lihim na pananakop"" sa ukraine. dahil dito, nabawi ng mga separatista ang mga teritoryong nawala sa nakalipas na mga opensiba ng mga puwersa ng gobyerno. para magkaroon ng tigil-putukan, nilagdaan ng magkabilang kampo ang minsk protocol noong 5 setyembre 2014. tuluyang nawala ang tigil-putukan noong enero 2015, nang nagsimula muli ang labanan ng magkabilang kampo. isang bagong kasunduang"
news,tl,wikipedia_tl,"si antonio de morga sánchez garay (29 nobyembre 1559 - 21 hulyo 1636) ay isang abogadong espanyol at isang may mataas na ranggo ng kolonyal na opisyal sa loob ng 43 taon, sa pilipinas (1594 hanggang 1604), new spain at peru, kung saan naging pangulo siya ng audiencia sa loob ng 20 taon. isa rin siyang mananalaysay. matapos siyang muling maitalaga sa mexico, inilathala niya ang aklat na sucesos de las islas filipinas noong 1609, na itinuturing na isa sa pinakamahalagang gawa sa unang kasaysayan ng kolonisasyong espanyol ng pilipinas. bilang deputadong gobernador sa pilipinas, ibinalik niya ang audencia. kinuha niya ang tungkulin bilang hukom o oidor . kinuha rin niya ang tungkuling bilang komandante ng mga barkong espanyol noong 1600 na labanan ng hukbo laban sa mga piratang ng olandes, ngunit nakaranas ng pagkatalo at siya ay bahagyang nakaligtas. ang kanyang kasaysayan ay unang nai-lathala sa ingles noong 1868; maraming mga edisyon na nai-limbag sa ingles, kabilang ang isang edisyon ng 1907 na nasa online sa gutenberg project . na-limbag din ito sa espanyol at iba pang mga wika. edukasyon at serbisyo sa pilipinas si antonio de morga sánchez garay ay ipinanganak sa seville ."
news,tl,wikipedia_tl,"ang 2020 (mmxx) ay isang taong bisyesto na nagsisimula sa miyerkules sa kalendaryong gregoryano, ang ika-2020 taon sa mga pagtatalagang karaniwang panahon at anno domini (ad), ang ika-20 taon ng ika-3 milenyo, ang ika-20 taon ng ika-20 dantaon, at ang unang taon ng dekada 2020. mabigat na nabibigyan kahulugan ang 2020 ng pandemyang covid-19, na nagdulot ng pandaigdigang paggambala sa lipunan at ekonomiya, ang maramihang pagkansela at pagbinbin ng mga kaganapan, at ang pinakamalaking ekonomikong resesyon simula noong dakilang depresyon ng dekada 1930. tinawag din ng geospatial world ito bilang ""ang pinakamalalang taon ayon sa pagbabago ng klima na bahagiang dahil sa pangunahing mga sakuna sa buong mundo, kabilang ang mga malaking sunog sa kagubatan ng australya at sa kanlurang estados unidos, gayon din ang matinding aktibidad ng mga tropikal na bagyo na nakaapekto sa malaking bahagi ng hilagang amerika. ipinahawatag ng isang progresong ulat na nilathala ng mga nagkakaisang bansa noong disyembre 2020 na walang natamo sa mga layunin ng napapanatiling pag-unlad para sa 2020. idineklera ang 2020 bilang ang ""internasyunal na taon ng kalusugan ng halaman"" ng mga nagkakaisang bansa at"
news,tl,wikipedia_tl,"ang kasaysayan ng militar ng pilipinas ay nailalarawan sa pamamagitan ng mga digmaan sa pagitan ng mga kaharian ng pilipinas at ng mga kapitbahay nito sa panahon ng precolonial at pagkatapos ay isang panahon ng pakikibaka laban sa mga kolonyal na kapangyarihan tulad ng espanya at estados unidos, pananakop ng imperyo ng japan noong ikalawang digmaang pandaigdig at pakikilahok sa mga salungatan sa asya pagkatapos ng ikalawang digmaang pandaigdig tulad ng korean war at vietnam war . nakipaglaban din ang pilipinas sa isang komunistang insurhensiya at isang secessionist na kilusan ng mga muslim sa katimugang bahagi ng bansa. prehistorikong tiempo (bago 1000 bc – 900 ad) ang mga negrito ay kabilang sa mga pinakaunang naninirahan sa kapuluan, mga inapo ng unang paglilipat ng mga tao sa labas ng africa sa pamamagitan ng rutang baybayin sa kahabaan ng timog asya hanggang sa lumubog na ngayong mga lupain ng sundaland at lugar ng sahul sa paligid ng 48,000 hanggang 5000 bc. ang mga unang austronesian ay nakarating sa pilipinas noong mga 2200 bc, na nanirahan sa batanes islands at hilagang luzon. mula doon, mabilis silang kumalat pababa sa iba pang mga isla ng pilipinas. inasimilasyon nila"
news,tl,wikipedia_tl,"ang roma () ay ang punong-lungsod ng bansang italya at isang espesyal na komuna ng bansa (pinangalanang comune di roma capitale, ""ang komuna ng punong lungsod ng roma""). nagsisilbi rin itong punong-lungsod ng rehiyon ng lazio. tatlong milenyo nang tinitirahan ito ng mga tao, simula noong unang itinatag ito, ayon sa tradisyon, noong 753 . matatagpuan ito sa mga ilog tiber at aniene, malapit sa dagat mediteraneo. makikita sa loob nito ang lungsod ng vaticano, isang malayang bansang kinikilala ng mundo, at nagsisilbing punong himpilan ng simbahang katolika at ang tirahan ng santo papa. ang roma ay ang pinakamalaking lungsod sa italya at isa rin sa mga pinakamalalaki sa europa, na may lawak na 1,285 kilometro kuwadrado (496.1 mi kuw). ito ang sentro ng kalakhang lungsod ng roma, na may populasyon ng 4,355,725 (2020) naninirahan, at may katayuan bilang ang pinakamataong kalakhang lungsod sa italya. may kgk ito ng €75 bilyon—higit na mataas pa sa bagong zeeland at katumbas ng singapore—noong taong 2001. ibinubunga ng bayan ng roma ang 6.5% ng pangkalahatang kgk ng italya, ang pinakamalaking halaga sa lahat ng lungsod ng bansa. umaabot ang kasaysayan ng lungsod nang 2,800 taon, kung"
news,tl,wikipedia_tl,"ang pang-panguluhang halalan sa pilipinas, 2010 ang pang-panguluhang halalan sa pilipinas, na ginanap sa lunes, 10 mayo 2010. ang kasalukuyang pangulo gloria macapagal-arroyo ay hindi na maaaring tumakbo alinsunod sa saligang batas ng pilipinas. kaya naman ang mahahalal na pangulo ang magiging ika-labinlimang pangulo ng pilipinas. ang kasalukuyang pangalawang pangulo noli de castro ay maaari pang tumakbo muli sa pagka-pangalawang pangulo at maaari rin siyang tumakbo bilang pangulo. kung yun huli ang kanyang gagawin ang susunod sa kanya ang magiging ikalabinlimang pangalawang pangulo ng pilipinas ang halalang ito ang kauna-unahang pagkakataon na gagamitan ng komisyon sa halalan ng awtomatikong halalan, alinsunod sa batas ng republika blg. 9369. mga talaan ng opinyon tingnan ang talaan ng opinyon para sa halalan para sa pagkapangulo ng pilipinas, 2010. kinalabasan narito ang mga resulta ng halalan para sa pagkapangulo at pagka-pangalawang pangulo sa pilipinas. ito ay ayon sa opisyal na bilang ng kapulungan ng mga kinatawan ng pilipinas. pangulo pangalawang pangulo mga sanggunian mga kawing panlabas official website of the commission on elections adam carr's election archive portal"
news,tl,wikipedia_tl,"ang ika-14 na kongreso ng pilipinas ang kasalukuyang pulong ng pambansang lehislatura ng pilipinas, binubuo ng senado ng pilipinas at kapulungan ng mga kinatawan ng pilipinas. ang pagkakabuo ng ika-14 na konggreso ay sumunod sa pangkalahatang halalan sa pilipinas, 2007, na magpapalit sa kalahati ng mga kasapi ng senado at ng kabuuan ng kapulungan ng mga kinatawan ng pilipinas. mga sesyon unang regular na sesyon: hulyo 23, 2007–hunyo 13, 2008 ikalawang regular na sesyon: hulyo 28, 2008–hunyo 5, 2009 ikatlong regular na sesyon: hulyo 27, 2009–hunyo 2010 pamamahala senado pangulo ng senado juan ponce enrile (pmp) pro-tempore ng pangulo ng senado jose e. estrada (pmp) pinuno ng mayorya francis n. pangilinan (liberal) pinuno ng minorya aquilino q. pimentel, jr. (pdp-laban) kapulungan ng mga kinatawan ispiker ng kapulungan ng mga kinatawan prospero c. nograles (lakas-cmd, unang distrito ng lungsod ng davao) mga tagapagsalita luzon: arnulfo p. fuentebella (npc, ikatlong distrito ng camarines sur) central luzon: eric d. singson (lakas-cmd, ikalawang distrito ng ilocos sur) visayas: raul v. del mar (lakas-cmd/bo-pk, unang distrito ng lungsod ng cebu) central visayas: pablo p. garcia"
news,tl,newsph,"sa pagsisimula ng panibagong school year, naging maulan at masikip sa ilang bahagi ng metro manila nitong lunes ng umaga. ayon kay philippine atmospheric geophysical and astronomical services administration forecaster jun galang, maasahan ang pag-ulan sa ilang bahagi ng southern luzon, kabilang na ang metro manila. ""sa ilang panig may ulan sa metro manila, palawan, mindoro, at section ng southern luzon,"" ani galang sa panayam ng dzbb radio. ayon kay galang, inaasahang maging ""light to moderate"" ang pag-ulan sa metro manila, na dulot ng southwest moonsoon na mas pinalakas ng typhoon ambo (mawar). naging mahigpit naman ang pagbabantay ng mga pulis sa mga mag-aaral simula pa kaninang 6 ng umaga. sa quezon city, 900 pulis ang nakatalagang magbantay sa mga mag-aaral ng elementary at high school ngayong simula ng klase, ayon sa ulat ni allan gatus para sa dzbb radio. ayon sa ulat, naging maayos ang simula ng pasukan sapagkat napanatili ang koordinasyon ng mga pulis at village officials sa mga pulis sa loob at labas ng mga paaralan. samantala, mahigit 10,000 mag-aaral naman ang nagsiksikan sa kanilang mga silid-aralan sa commonwealth elementary school, dagdag ng ulat. ayon sa ulat,"
news,tl,wikipedia_tl,"ang ika-13 na kongreso ng pilipinas ang kasalukuyang pulong ng pambansang lehislatura ng pilipinas, binubuo ng senado ng pilipinas at kapulungan ng mga kinatawan ng pilipinas. ang pagkakabuo ng ika-13 na konggreso ay sumunod sa pangkalahatang halalan sa pilipinas noong 2004, na magpapalit sa kalahati ng mga kasapi ng senado at ng kabuuan ng kapulungan ng mga kinatawan ng pilipinas. mga sesyon unang regular na sesyon: 26 hulyo 2004–7 hunyo 2005 unang espesyal na sesyon: 5–10 pebrero 2005 ikalawang espesyal na sesyon: 1 marso–1 abril 2005 ikalawang regular na sesyon: 25 hulyo 2005–5 hunyo 2006 ikatlong regular na sesyon: 24 hulyo 2006–8 hunyo 2007 ikatlong espesyal na sesyon: 19–20 pebrero 2007 espesyal na sesyong pang-sentenaryo: 7 hunyo 2007 pamamahala senado pangulo ng senado franklin drilon (liberal) manny villar (nacionalista), nahalal noong 24 hulyo 2006 pro-tempore ng pangulo ng senado juan m. flavier (lakas-cmd) pinuno ng mayorya francis n. pangilinan (liberal) pinuno ng minorya aquilino pimentel, jr. (pdp-laban) kapulungan ng mga kinatawan ispiker ng kapulungan ng mga kinatawan jose de venecia, jr. (lakas-cmd, ikaapat na distrito ng pangasinan) mga tagapagsalita luzon:"
news,tl,wikipedia_tl,"si bagyong vicky, kilala sa labas ng pilipinas bilang bagyong krovanh, ay isang mahinang bagyo na nanalasa sa mindanao at kabisayaan noong kalagitnaan ng disyembre 2020. ito ang ika-22 bagyong pumasok sa pilipinas sa taóng iyon, at ang una matapos ng lagpas isang buwang pananahimik ng rehiyon matapos mabuo at manalasa si bagyong ulysses noong kalagitnaan ng nobyembre. unang tumama si bagyong vicky sa baganga, davao oriental ang bagyo noong ika-18 ng disyembre, at sa lungsod ng puerto princesa, palawan naman noong gabi ng ika-19 ng disyembre. nagpaulan ito sa malaking bahagi ng mindanao at kabisayaan, kung saan di bababa sa 8 ang kumpirmadong namatay dahil sa bagyo. kasaysayan noong ika-17 ng disyembre, inulat ng pagasa ang isang sistemang nabuo sa silangan ng mindanao. nakita ito sa layong 260 kilometro silangang timog-silangan mula sa lungsod ng davao. naging isa itong depresyon noong 2:00 n.u. kinabukasan, ika-18 ng disyembre, at binigyan ng pagasa ng pangalang ""vicky,"" ang ika-22 bagyong pumasok sa pilipinas ng taóng 2020. itinaas rin ng jma ang antas nito nung ding araw na iyon. bandang 2:00 n.h. ng araw ding iyon, tumama sa baganga, davao oriental ang bagyo. tinahak nito ang"
news,tl,wikipedia_tl,"ang bagyong fabian, (pagtatalagang pandaigdig: bagyong in-fa) ay isang maulang bagyo sa pilipinas ay ang ika-anim na bagyong pumasok sa philippine area of responsibility (par) na siyang nag papaigting sa hanging habagat. noong hulyo 14 ang jtwc ay naka monitor sa isang namuong low pressure area sa kanluran hilagang-kanluran ng guam ay nakita sa lokasyong pi naboran sa mainit na temperatura, ang sistema ay nadebelop sa katamtamang wind shear, hulyo 16 ang pagasa ay sinabi na nag upgrade ang isang low pressure at naging isang ganap na tropikal depresyon na pumasok sa philippine area of responsibility at ipinangalang fabian ang ika anim na bagyong pumasok sa border ng pilipinas. ito ay namataan sa dulong sulok ng hilagang silangang philippine area of responsibility at kumikilos sa direksyong kanluran, hilagang-kanluran at may tyansang tawirin ang silangang dagat tsina at tumama sa lungsod ng shanghai sa tsina sa hulyo 19, 2021. kasaysayang meteorolohikal sa kategoryang 2 sa loob ng tatlong araw sa pilipinas ay nakaranas ang malawakang bansa sa walang tigil na pag ulan at nagdulot ng mga matinding pag baha dulot ng bagyong in-fa o fabian dahil sa pinaigting na hanging habagat kasama"
news,tl,wikipedia_tl,"ang panukalang batas ay isang batas na nasa ilalim ng pagsasaalang-alang ng tagapagbatas ng isang bansa o estado gaya ng mga estado ng estados unidos pagpapakilala ng panukalang-batas ang isang panukalang-batas ay ipinakikilala ng isang miyembro ng lehislatura. sa sistemang britaniko/westminster na ang tagapagpaganap ang namumuno sa pamahalaan na partidong pampolitika na may pinakamaraming puwesto sa mababang kapulungan ng parlamento, ang karamihan sa mga panukalang batas ay ipinakikilala ng tagapagpaganap. sa prinsipyo, ang tagapagbatas (o mga miyembro ng parlamento) ay nagpupulong upang isaalang-alang ang mga hinihingi ng tagapagpaganap na inilatag sa talumpati mula sa trono (speech from the throne). sa sistema ng estados unidos kung saan ang tagapagpaganap ng pamahalaan ay hiwalay sa tagapagbatas, ang lahat ng panukalang batas ay dapat magmula sa tagapagbatas. pagbasa ng panukalang batas ang mga panukalang batas ay isinaalang-alang ng tagapagbatas sa pamamagitan ng mga pagbasa na binubuo ng pagdedebate at pagboto ng mga miyembro ng lehislatura. sa sistemang britaniko/westminster, ang isang panukalang batas ay binabasa sa unang pagkakataon kung ito ay ipinakilala. ito ay"
news,tl,wikipedia_tl,"ang 2001 sa pilipinas ay ang mga detalye ng mga pangyayari na naganap sa pilipinas noong taong 2001. panunungkulan pangulo: joseph estrada (lammp) (hanggang enero 20), gloria macapagal arroyo (lakas) (mula enero 20) pangalawang pangulo: gloria macapagal-arroyo (lakas) (hanggang enero 20), teofisto guingona (lakas) (mula enero 20) pangulo ng senado: aquilino pimentel (hanggang hunyo 30); franklin drilon (mula hunyo 30) ispiker ng kapulungan: arnulfo fuentebella (hanggang enero 20), feliciano belmonte, jr. (enero 20-hunyo 30), jose c. de venecia, jr. (mula hunyo 30) punong mahistrado: hilario davide, jr. kongreso ng pilipinas: ika-11 kongreso ng pilipinas (hanggang hunyo 8), ika-12 kongreso ng pilipinas (hanggang hulyo 23) kaganapan pangunahing kaganapan kaganapan: [tingnan ang kronolohiya] kamatayan: [tingnan ang kamatayan] mga armadong alitan: himagsikang komunista, himagsikang moro halalan: [tingnan ang kronolohiya] paglilitis: [tingnan ang kronolohiya] kronolohiya enero 16 - matapos bumoto ang 11 senador na huwag buksan ang pangalawang sobre, na naglalaman ng mga dokumento laban kay pangulo estrada, lumakad paalis ang mga taga-usig. enero 17-20 – ikalawang rebolusyon sa edsa ay"
news,tl,wikipedia_tl,"ang sangguniang panghukuman at pang-abogasya ( o jbc) ng pilipinas ay isang lupon na nilikha ng konstitusyon na nagrerekomenda ng mga hinirang para sa pagkabakante na maaring mangyari sa komposisyon ng kataas-taasang hukuman, ibang mga mas mababang hukuman, at ang lupon ng edukasyong legal, at ang mga tanggapan ng tanodbayan, diputadong tanodbayan, at ang natatanging tagausig. komposisyon binubuo ang sanggunian ng isang kinatawan sa pinagsamang abogasya, isang propersor ng batas, isang retiradong kasapi ng kataas-taasang hukuman, at isang kinatawan ng pribadong sektor. sila ang mga kasaping ""regular"", taliwas sa kalihim ng katarungan at sa isang kinatawan ng kongreso na mga kasaping ex officio. ang punong mahistrado ng kataas-taasang hukuman ang tagapangulong ex officio, habang magsisilbi ang klerk ng kataas-taasang hukuman bilang kalihim na ex officio. manonomina ang mga kasaping regular ng pangulo na may pagpayag ng komisyon sa paghirang para sa terminong apat na taon. bagaman, yayamang magiging pasalit-salit ang mga termino, ang unang pangkat ng kasapi ay iba ang haba ng serbisyo; magsisilbi ng apat na taon ang kinatawan ng pinagsamang abogasya, tatlong taon sa propesor ng"
news,tl,wikipedia_tl,"ang pambansang ruta blg. 170 (n170) o rutang 170 ay isang pambansang daang sekundarya ng sistema ng lansangang bayan sa pilipinas. dumadaan ito sa hilagang bahagi ng kalakhang maynila, sa mga lungsod ng lungsod quezon, maynila, at pasay. paglalarawan ng ruta malaking bahagi ng ruta sa hilaga ay sinusundan ang pagkakalinya ng daang radyal blg. 7 (r-7) ng sistema ng mga lansangang arteryal ng kalakhang maynila. alinsunod sa pagtatakda ng kagawaran ng mga pagawain at lansangang bayan (dpwh), binubuo ang n170 ng mga sumusunod na bahagi, mula hilaga papuntang timog: sa lungsod quezon nagsisimula ang n170 sa sangandaan nito sa n127 sa pook ng novaliches, lungsod quezon bilang abenida commonwealth. ito ay isang pangunahing lansangan na may anim hanggang labingwalong mga landas, kung kaya ito ay ang pinakamalawak na lansangang bayan sa pilipinas. ngunit dahil sa mataas na pagkalaganap ng mga sakuna sa nabanggit na lansangan (lalo na yaong mga may kaugnayan sa overspeeding), nakuha nito ang kalait-lait na palayaw na ""killer highway."" upang mabawasan ang mataas na bilang ng mga sakuna, ipinatutupad sa abenida ang 60 km/h (37 mph) na takdang tulin. simula noong 2016, itinatayo ang ikapitong"
news,tl,wikipedia_tl,"ang 2022 sa pilipinas ay mga pangyayaring nakatakdang maganap sa pilipinas sa taong 2022. ang 2022 sa pilipinas ay ang taon sa loob ng 2000 dekada, sa 21st siglo at 3rd milenyum. matapos ang 2021 sa pilipinas at bago mag 2023 sa pilipinas. panunungkulan pangulo: rodrigo r. duterte (pdp–laban) (hanggang hunyo 30) ferdinand r. marcos jr. (pfp) (simula hunyo 30) pangalawang pangulo: leni g. robredo (liberal) (hanggang hunyo 30) sara z. duterte-carpio (lakas–cmd) (simula hunyo 30) kongreso: pangulo ng senado: (ika-18): vicente sotto iii (npc) (hanggang hulyo 1) (ika-19): migz zubiri (independent) (simula hulyo 25) ispiker ng kapulungan: (ika-18): lord allan velasco (pdp–laban) (hanggang hulyo 1) (ika-19): martin romualdez (lakas–cmd) (simula hulyo 25) punong mahistrado: alexander gesmundo nagpapatuloy na mga kaganapan paglilitis: nagpatuloy: leila de lima mga alitan: alitang moro rebelyong komunista kampanya laban sa iligal na droga sa pilipinas agawan ng teritoryo sa dagat timog tsina pandemya ng covid-19 sa pilipinas kaganapan pambansa enero enero 6 – nilagdaan ni pangulo rodrigo duterte bilang batas ang panukalang magbabawal sa pagkasal sa menor-de-edad, na ang lalabag ay maaaring"
news,tl,wikipedia_tl,"ang lungsod quezon (ingles: quezon city, pinaikling qc) o lungsod ng quezon ay ang dating kabisera at ang pinakamataong lungsod sa pilipinas. matatagpuan sa pulo ng luzon, isa ang lungsod quezon sa mga lungsod at munisipalidad na binubuo ng kalakhang maynila, ang pambansang punong rehiyon. ipinangalan ang lungsod kay manuel l. quezon, ang dating pangulo ng komonwelt ng pilipinas na siya rin nagtatag ng lungsod at isinulong upang palitan ang maynila bilang kabisera ng bansa. hindi ito matatagpuan at hindi rin dapat ipagkamali ang lungsod na ito sa lalawigan ng quezon, na ipinangalan din sa dating pangulo. bilang dating kabisera, maraming opisina ng pamahalaan ang matatagpuan dito, kabilang ang batasang pambansa, ang upuan ng kapulungan ng mga kinatawan ng pilipinas, na siyang mababang kapulungan sa kongreso ng pilipinas. matatagpuan din dito ang pangunahing kampus ng unibersidad ng pilipinas at ng mataas na paaralang pang-agham ng pilipinas sa diliman. paki-tingnan rin ang rshs-ncr. makikita rin sa lungsod quezon ang maraming malalawak na liwasan, nakahilerang puno sa mga daan, at maraming mga pook pang-komersyo na popular sa mga mamimili sa buong kalakhan. karamihang binubuo ng"
news,tl,wikipedia_tl,"luzones ( ; pwede ding luzones sa espanyol ) ay isang demonym na ginamit ng mga portuguese na mandaragat sa malaysia noong unang bahagi ng ika 1500s, na tumutukoy sa mga kapampangan at tagalog na naninirahan sa manila bay, na noon ay tinatawag na lusong ( kapampangan : lusung, ). ginamit din ang termino para sa mga tagalog na naninirahan sa rehiyon ng timog katagalugan, sa islas ng luzon. sa kalaunan, ang terminong ""luzones"" ay tumutukoy sa mga naninirahan sa isla ng luzon, at sa kalaunan, ay magiging eksklusibo sa mga tao sa gitnang lugar ng luzon (ngayon ay central luzon ) na nasa hilagang bahagi ng pilipinas. wala sa mga portuges na manunulat na unang gumamit ng termino noong unang bahagi ng 1500s ang pumunta mismo sa lusong, kaya ang termino ay partikular na ginamit upang ilarawan ang mga marino na nanirahan o nakipagkalakalan sa malay archipelago noong panahong iyon. ang huling kilalang paggamit ng terminong portuges sa mga natitirang tala ay noong unang bahagi ng 1520s, nang ang mga miyembro ng ekspedisyon ni ferdinand magellan, lalo na sina antonio pigafetta, at rodrigo de aganduru moriz ay gumamit ng termino upang ilarawan ang mga marino mula sa lusong na kanilang"
news,tl,wikipedia_tl,"ang abs-cbn corporation, na karaniwang kilala bilang abs-cbn, ay isang pilipinong konglomerante ng aliwan at midya na nakahimpil sa lungsod quezon. ito ang pinakamalaking konglomerante ng naturang industriya sa pilipinas ayon sa pangkalahatang kita, kita sa pagpapatakbo ng negosyo, netong kita, ari-arian, ekidad, kapitalisasyon, at bilang ng mga empleyado. binuo ang abs-cbn sa pagsanib ng alto broadcasting system (abs) at chronicle broadcasting network (cbn). itinatag ang abs noong 1946 ng amerikanong si james lindenberg, isang inhinyerong elektriko, bilang bolinao electronics corporation (bec). noong 1952, pinalitan ng bec ang alto broadcasting system (abs) matapos bilhin ni hukom antonio quirino, kapatid ni pangulong elpidio quirino, ang kumpanya. kalauna'y isinanib ang kompanya sa abs upang mabuo ang abs-cbn ay itinatag noong 1956 bilang chronicle broadcasting network (cbn) sa pamamagitan ng dyaryo na si mogut eugenio lopez sr. at ang kanyang kapatid na si fernando lopez, na noon ay ang bise presidente ng pilipinas. ang dalawang kumpanya ay pinagsama at isinama bilang abs-cbn broadcasting corporation noong 1 pebrero 1967, at pinalitan ang pangalan ng abs-cbn corporation noong"
news,tl,wikipedia_tl,"si jose maria sison (pebrero 8, 1939 – disyembre 16, 2022), mas kilala sa kanyang palayaw na joma, ay isang manunulat, dalubguro, politiko, at rebolusyonaryo na nagtatag ng partido komunista ng pilipinas, bagong hukbong bayan, at pambansang demokratikong hanay. nagdagdag ng pilosopiyang maoismo sa mga ideolohiya nito. simula agosto 2002, binansagan ng estados unidos si sison bilang na ""taong sumusuporta sa terorismo"". nagbaba ng kapasiyahan ang ikalawang pinakamataas na hukuman ng european union na tanggalin siya sa talaan ng ""taong sumusuporta sa terorismo"" at sinaliwa ang mga kapasiyahan ng mga kasaping pamahalaan na i-freeze ang mga asset ni sison. kasalukuyan siyang pinaghahanap ng awtoridad dahil sa patong-patong na kasong isinampa laban sa kanya. naglalayong papanagutin siya sa terorismong kanyang inihasik na mula noo’t hanggang ngayon ay kinauugatan ng pag-aalay ng buhay. ang hatol sa kanya ay mahuling buhay o patay (dead or alive). mga unang taon ipinanganak si sison noong 8 pebrero 1939 sa cabugao sa isang kilalang pamilyang nagmamay-ari ng lupa na may ninuno mula sa mga mestizong espanyol-mexicano-malay at mula sa fujian, tsina at may mga koneksyon sa iba pang kilalang"
news,tl,wikipedia_tl,"ang halalan sa pagkapangulo, mga mambabatas at lokal na opisyal sa pilipinas ay na ginawa noong mayo 11 taong 1992. ito ang kauna-unahang pangkalahatang halalan sa ilalim ng saligang batas 1987 ng pilipinas. may tinatayang 80,000 kandidato ang tumakbo para sa 17,000 posisyon mula sa pangulo hanggang sa konsehal ng bayan. kahit pa pinapahintulutan ng saligang batas ng pilipinas, si pangulong corazon aquino ay hindi tumakbo sa pagka-pangulo. nanalo ang retiradong heneral na si fidel v. ramos ng lakas-nucd bilang pangulo. ang halalang naganap noong 1992 na ang nanalong pangulo at pangalawang pangulo ay galing sa magkaibang partido. ang aktor na si senador joseph estrada ang nanalo sa pagiging pangalawang pangulo. ayon sa mga probisyong pangtransisyon ng saligang batas ng pilipinas, 24 na senador ang inihalal sa halalan. ang unang 12 senador na nakakuha ng pinakamataas na bilang ng boto ay magkakaroon ng anim na taong termino samantalang ang susunod na 12 senador ay magkakaroon lamang ng tatlong taong termino. ang aktor at pangalawang-punong-bayan ng lungsod ng quezon na si vicente sotto iii (kilala rin bilang tito sotto) ang nakakuha ng pinakamataas na bilang ng boto sa"
laws,tl,wikipedia_tl,"hindi kumpletong talaan ng mga batas na naipasa ng ika-13 na kongreso ng pilipinas: batas republika bilang 9333 — autonomous region in muslim mindanao elections resetting batas republika bilang 9334 — increase of excise tax on alcohol and tobacco products batas republika bilang 9335 —attrition act of 2005 batas republika bilang 9336 — general appropriations act of 2005 batas republika bilang 9337 — expanded value-added tax law batas republika bilang 9338 — mahmoud a.m. asfour citizenship batas republika bilang 9339 — visayan electric company franchise amendment batas republika bilang 9340 — barangay election resetting batas republika bilang 9341 —rent control act of 2005 batas republika bilang 9342 — end time mission broadcasting, inc. franchise batas republika bilang 9343 — special purpose vehicle act of 2002 amendments batas republika bilang 9344 —juvenile justice and welfare act of 2006 batas republika bilang 9345 — conversion of panglao island circumferential road batas republika bilang 9346 — death penalty abolition batas republika bilang 9347 — rationalizing the composition and functions of the national labor relations commission batas republika bilang 9348 — conversion of"
laws,tl,wikipedia_tl,"ang kalayaan sa panorama (, dinaglat na fop) ay isang tadhana sa mga batas ng karapatang-ari ng maraming mga hurisdiksiyon na nagpapahintulot sa pagkuha ng mga retrato at bidyo at paglikha ng ibang mga larawan (tulad ng mga pinta) ng mga gusali at kung minsan mga lilok at ibang mga gawang sining na palagiang matatagpuan sa isang pampublikong lugar nang hindi lumalabag sa anumang karapatang-sipi na maaaring manatili sa gayong mga gawa, at ang paglalathala ng gayong mga larawan. nililimitahan ng mga batas o kaso ng batas ng kalayaan sa panorama ang mga mayhawak ng karapatang-sipi sa paggawa ng ligal na hakbang dahil sa paglabag ng karapatang-sipi laban sa mga tagalikha o tagapamahagi ng gayong mga larawan. isa itong kataliwasan sa karaniwang alituntunin na ang mayhawak ng karapatang-sipi ay may tanging karapatan sa pagbibigay ng kapangyarihan sa paglikha at pamamahagi ng mga hinangong likha (derivative works). hango ang parirala sa salitang aleman na (""kalayaan sa panorama"" o ""panorama freedom"" sa ingles). mga pinagmulan ipinagbawal nang husto ang potograpiya at ibang mga paraan ng pagsasalarawan ng pampublikong espasyo noong nakaraan, sa mga kadahilanang hindi kaugnay sa karapatan"
laws,tl,wikipedia_tl,"ang demanda o habla o paghahabla (sa ingles ay lawsuit) ay isang sibil na aksiyon na dinadala sa isang korte ng batas kung saan ang nagsasakdal(plaintiff) na partidong nang-aangkin na nagkamit ng pinsala o kawalan(loss) bilang resulta ng aksiyon(o kagagawan) ng isinasakdal(defendant), ay humihiling ng legal na makatarungan at walang kinikilingang lunas. ang nasasakdal(defendant) ay kailangang tumugon sa reklamo ng nagsasakdal(plaintiff). kung ang nagsasakdal ay nagtagumpay, ang hatol ay ibibigay sa panig ng nagsasakdal at ang iba ibang mga atas ng korte ay ipalalabas upang magpatupad ng karapatan, magkaloob ng mga danyos(damages) o magpataw ng temporaryo o permanenteng inhunksiyon upang magpigil o magpilit ng isang akto(pag-aasal). ang isang deklaratoryong hatol ay maaaring ilabas upang pigilan ang mga hinaharap na alitang legal. bagaman hindi karaniwan, ang demanda ay maaari ring tumukoy sa kriminal na aksiyon, pamamarang kriminal o pag-aangking kriminal. pag-usad ng isang demanda pagsamo(pleading) ang isang demanda ay nagsisimula kung ang isang reklamo ay isinampa(filed) sa korte. ang nagrereklamong ito ay magsasaad na ang isa o maraming mga nagsasakdal(plaintiff) ay naghahagad"
laws,tl,wikipedia_tl,"ang saligang batas ng pilipinas o konstitusyon ng pilipinas ay ang kataas-taasang batas ng pilipinas. ang kasalukuyang saligang batas ng pilipinas ang saligang batas ng pilipinas ng 1987 na pinagtibay noong 2 pebrero 1987 sa ilalim ni corazon aquino sa isang plebisito kung saan ang higit sa 3/4 o 76.37% ng mga humalal (17,059,495) ang sumang-ayon dito, laban sa 22.65% (5,058,714) na bumutong tutol sa pagpapatibay nito. ito ang pumalit sa saligang batas ng pilipinas ng 1973 na pinagtibay sa ilalim ni ferdinand marcos. panimula ito ang panimula ng kasalukuyang saligang batas ng 1987: panimula mga naunang saligang batas ng pilipinas saligang batas ng la liga filipina ang isang maikling buhay na saligang batas na hinanda ng makabayang si jose rizal para sa samahang la liga filipina ngunit nabuwag nang si rizal ay ipinatapon sa dapitan. saligang batas ng biak-na-bato (1897) ang himagsikang katipunan ay nagdulot ng pagpupulong tejeros kung saan ang unang pampangulo at pang ikalawang pangulong mga halalan ay isinagawa noong 22 marso 1897 sa san francisco de malabon, kabite. gayunpaman, tanging mga kasapi lamang ng katipunan ang nakalahok at hindi ang buong mamamayan. ang kalaunang"
laws,tl,wikipedia_tl,"ang reyno unido (ingles: united kingdom), opisyal na reyno unido ng dakilang britanya at hilagang irlanda, karaniwang tinatawag na britanya (ingles: britain), at dinadaglat bilang ru (ingles: uk), ay bansang kapuluan na pangunahing matatagpuan sa hilagang-kanlurang europang kontinental. pinapaligiran ito ng karagatang atlantiko sa hilaga't kanluran, dagat hilaga sa silangan, dagat irlandes sa kanluran, at bambang ng inglatera sa timog, nagbabahagi rin ito ng limitasyong lupain sa republika ng irlanda. sumasaklaw ng halos 242,495 km2, ito ang pinakamalaking bansa sa europa at kanlurang emisperyo. mayroon itong populasyon ng mahigit 67 milyong tao. ang kabisera at pinakamalaking lungsod nito ay londres. ang uk ay isang kahariang may saligang-batas na may pambatasang pamamaraan. ang pununglunsod nito ay londres. ito ay binubuo ng apat na danay: inglatera, eskosya, gales, at hilagang irlanda. ang huling tatlo ay may mga kinatawang pangasiwaan, na may kanya-kanyang kapangyarihan, sa kani-kanilang mga pununglunsod, edimburgo, cardiff, at belfast. mayroong tatlong sakupbayan ng kaputungan ang uk. ito ay ang guernsey, jersey, at ang pulo ng man. ngunit ang mga ito ay hindi bahagi ng uk"
laws,tl,wikipedia_tl,"ang kahigpunuan o soberanya (nagmula kastila soberaniya, mula sa gitnang latin na superanus 'sa itaas', 'nakahihigit'), ay may pakahulugan na ""kataas-taasang kapangyarihan"" o ""dakilang kapangyarihan"" at ""paghahari"". ang kahigpunuan ay nangangailangan ng pamununuan sa loob ng estado, gayundin ang panlabas na awtonomiya para sa mga estado. sa anumang himansaan o estado, ang kahigpunuan ay natatalaga sa tao, kinatawan, o katatagan na may pinakamataas na karapatan sa ibang tao upang magtatag ng batas o baguhin ang mga umiiral na batas. sa kaisipang pampulitika, ang kahigpunuan ay isang mahalagang salita na nagtatalaga ng pinakamataas na lehitimong awtoridad sa isang pangkat. sa pandaigdigang batas, ang kahigpunuan ay ang paggamit ng kapangyarihan ng isang estado. ang kahigpunuang de jure ay tumutukoy sa pambatas na karapatang gawin ito; ang kahigpunuang de facto ay tumutukoy sa makatotohanang kakayahang gawin ito. ito ay maaaring maging isang paksa ng natatanging pagkabahala sa pagkabigo ng karaniwang pagaasam na ang de jure at de facto na kahigpunuan na umiiral sa lugar at panahon ng pagkabalisa, at naninirahan sa loob ng parehong katatagan. ang kahigpunuan ay ang kapangyarihan ng"
laws,tl,wikipedia_tl,"ang sosyalistang saligang batas ng republikang bayang demokratiko ng korea (koreano: , mr. chosŏn minjujuŭi inmin konghwaguk sahoe) ay ang naglilingkod bilang saligang batas ng hilagang korea. inaprubahan ito ng ika-6 na asembleyang bayang kataas-taasan sa unang sesyon nito noong 27 disyembre 1972, at dinagdaga't sinusog noong 1998, 2009, 2012, 2013, 2016 at 2019. pinalitan nito ang unang saligang batas ng bansa na inaprubahan noong 1948. kasalukuyan itong binubuo ng pitong kabanata at 172 artikulo na naglalahad ng mga prinsipyong pangunahin ng hilagang korea sa politika, ekonomiya, kalinangan, simbolo't tanggulang pambansa, karapatan at tungkuling pangunahin ng mga mamamayan, at organisasyon ng pamahalaan. pinamamahalaan din ang bansa ng sampung prinsipyo para sa pagkakatatag ng isang sistemang ideolohikong monolitiko, na sinasabi ng ilan na pumalit sa saligang batas at sa praktika'y pinakamataas na batas ng bansa. kasaysayan sinimulan ng hilagang korea na magburador ng unang saligang batas nito kasunod ng kumbensyon ng interim asembleyang tagapagbatas ng timog korea noong 12 disyembre 1946, na nagsimulang bumalangkas ng interim saligang batas para sa timog korea at pagkabigo na"
laws,tl,wikipedia_tl,"ang mga karapatang pantao sa bhutan ay ang mga nakabalangkas sa ikapitong artikulo ng saligang batas ng bansa ang makaharing pamahalaan ng bhutan ay nagpatibay sa pangako nito sa ""kasiyahan ng lahat ng mga karapatan ng tao"" bilang mahalaga sa katagumpayan ng 'pambansang kabuuang kaligayahan' (pkk); ang mga natatanging mga prinsipyo na kung saan nagsusumikap ang bhutan, bilang laban sa pananalapi batay sa mga panukala tulad ng gdp. sa pagsasagawa, ang mga karapatang pantao ng bhutan record ay natanggap ng pamimintas para sa pakikitungo sa mga taong lhotshampa, na marami'y naging refugee sa nepal, pati na rin ang para sa kabiguan upang mapanghawakan ang kalayaan ng relihiyon. balangkas na alinsunod sa batas mga karapatan sa ilalim ng saligang-batas ang saligang batas ng bhutan ay pinagtibayan noong 2008 at nagpabago sa bansa mula sa isang ganap na monarkiya tungo sa isang demokratikong monarkiya na sang-ayon sa batas. ang ikapitong artikulo ng saligang-batas ay nagpatatag ng maraming mga karapatan, kabilang na ang ""marami sa mga pangunahing karapatang pantaong idinambana sa pagtitipong sandaigidigan"", na kung saan ay sinabi na maging ""napakahalaga para sa pag-unlad ng pagkatao ng"
laws,tl,wikipedia_tl,"ang batas, sa politika at hurisprudensiya, ay ang mga kumpol ng alituntunin sa pag-aasal na naguutos o nagbabawal (o pareho) sa isang natukoy na pakikipagugnayan sa pagitan ng mga tao at kapisanan. kasama rin dito ang mga kaparusahan sa mga hindi sumusunod sa mga nakatatag na alituntunin sa pag-aasal. mga sakop ang lahat ng mga sistemang batas ay tumutungkol sa parehong mga pangunahing isyu bagaman ang mga hurisdiksiyon ay umuuri at tumutukoy sa mga paksang legal ng mga ito sa iba't ibang paraan. ang karaniwang distinksiyon ang sa pagitan ng ""publikong batas""(public law) na terminong malapit na kaugnay sa estado kabilang ang konstitusyonal, administratibo at kriminal na batas at ng ""pribadong batas""(private law) na sumasakop sa mga kontrata, tort at pag-aari. sa mga sistemang sibil na batas, ang kontrata at tort ay nahuhulog sa pangkalahatang batas ng mga obligasyon samantalang ang mga batas tiwala(trust law) ay tinatalakay sa ilalim ng mga statyutoryong rehimen o mga internasyonal na konbensiyon. batas internasyonal ang batas internasyonal ay maaaring tumukoy sa tatlong bagay: publikong internasyonal na batas, pribadong internasyonal na batas o alitan ng mga batas at ang batas ng"
laws,tl,wikipedia_tl,"ang binagong kodigo penal ay naglalaman ng mga pangkahalatang batas parusa ng pilipinas. unang itinalaga noong 1930 (isang-libo-siyamnapung-daan-at-tatlongpu), nanatiling itong epektibo hangang ngayon, sa kabila ng maraming susog dito. hindi ito binubuo ng isang malawakang saklaw kompendyum ng lahat ng mga batas parusa ng pilipinas. ang binagong kodigo penal ay isinabatas bilang batas blg. 3815 (tatlopung-libo-walongpung-daan-at-isangput-lima), at ilang mga batas kriminal sa pilipinas ay naisabatas sa labas ng bagong kodigo penal bilang magkakahiwalay na batas republika. karanasan ng kasaysayan ang binagong kodigo penal ay humalili sa kodigo penal ng espanya, na kong saan ay may bisa pa sa pilipinas (pagkatapos ay isang kolonya ng imperyo kastila hangang 1898) mula sa 1886 hangang 1930. ang bagong kodigo ay nai-krokis nang isang pangangasera na nilikha noong 1927 (isang-libo-siyamnapung-daan-at-dalawangpung-pito), pinamunuan ni hukom anacleto diaz, na kalaunan ay maglilingkod sa korte suprema. mga susog ang kodigo na ito ay nabago at nabura nang maraming beses: batas komonwelt blg. 616 - an act to punish espionage and other offenses against the national security (isang batas upang"
laws,tl,wikipedia_tl,"ang wikang pambansa ay isang wika na may ilang koneksyon- de facto o de jure - kasama ang mga tao at ang teritoryo na sakop nila. may kaunting pagkakapare-pareho sa paggamit ng salitang ito. ang isa o higit pang mga wika na sinasalita bilang unang wika sa teritoryo ng isang bansa ay maaaring tumutukoy sa impormal o itinatalaga sa batas bilang pambansang wika ng bansa. ang mga pambansa o pambansang wika ay binabanggit sa mahigit 150 saligang mundo. si cmb brann, na may partikular na sanggunian sa india, ay nagpapahiwatig na mayroong ""apat na natatanging mga kahulugan"" para sa pambansang wika sa isang pamahalaan: ""teritoryal na wika"" (chthonolect), na minsan ay kilala bilang chtonolect) ng isang partikular na tao "" wikang rehiyonal "" ( choralect ) ""wika-sa-karaniwan o wikang pangkomunidad"" (demolect) na ginagamit sa buong bansa ""sentral na wika"" (politolect) na ginagamit ng pamahalaan at marahil ay may simbolikong halaga. ang huling ay karaniwang binibigyan ng pamagat na opisyal na wika. ang mga batayang wika, gaya ng standard german, standard french, at standard spanish, ay maaaring maglingkod bilang pambansang (wika-sa-karaniwan), rehiyonal at internasyonal na mga wika. opisyal na"
laws,tl,wikipedia_tl,"ang peminismo sa pilipinas ay mayaman sa kasaysayan, nagsimula ito noong panahon ng pre-kolonyal kung saan mayroong matriarchal system ang mga katutubo at mahalaga ang mga babae sa lipunan dahil sa kanilang kontribusyon peminismo sa pilipinas noong ika-16 siglo: enero 1, 1501 - disyembre 31, 1600 ang pag-iral ng mga perminista sa pilipinas mula enero 1, 1501 hanggang disyembre 31, 1600 ay hindi pa naitatala dahil sa kakulangan ng mga kasulatan noong panahong iyon. ngunit, marami sa mga kababaihan sa panahong iyon ang nagpakita ng katapangan at liderato sa kanilang mga komunidad. sa mga tribong tagalog, ang mga babaylan o spiritual leaders ay kinilala bilang mga lider at tagapagdala ng kaalaman sa kanilang mga kababaihan. sa kabila ng pagdating ng mga mananakop na espanyol, patuloy na ipinaglaban ng mga kababaihan ang kanilang mga karapatan at papel sa lipunan. peminismo sa pilipinas noong ika-17 siglo: enero 1, 1601 - disyembre 31, 1700 hindi nakatala ang anumang opisyal na feminist events o kilusan sa pilipinas mula enero 1, 1601 hanggang disyembre 31, 1700 dahil sa katayuan ng lipunan sa panahong iyon kung saan ang mga kababaihan ay hindi binibigyan ng sapat na pagkilala at"
laws,tl,wikipedia_tl,"pagpapakamatay (latin suicidium, mula sa sui caedere, ""patayin ang sarili"") ay pagkilos ng sinasadyang pagsasagawa ng sariling ikamamatay. ang pagpapakamatay ay madalas na ginagawa dahil sa kawalan ng pag-asa, ang sanhi nito ay madalas na inuugnay sa sakit sa pag-iisip tulad ng depresyon, bipolar disorder, schizophrenia, pagkalulong sa alak, o pagkalulon sa droga. ang mga salik ng stress na tulad ng problemang pinansiyal o mga problema sa mga interpersonal relationship o pakikipag-ugnayan sa kapwa ang madalas na inuugnay dito. kasama sa mga pagsisikap para maiwasan ang pagpapakamatay ang paglilimita ng pagkakaroon ng baril, paggamot sa mga pangkaisipang karamdaman at pagkakalulong sa droga, at pagpapahusay ng pag-unlad ng ekonomiya. ang pinaka-karaniwang pamamaraang ginagamit sa pagpapakamatay ay nag-iiba ayon sa bansa at bahagyang nauugnay sa pagkakaroon nito. kasama sa mga karaniwang pamamaraan ang: pagbigti, pag-inom ng pestisidiyo, at mga baril. ang humigit-kumulang na 800,000 hanggang sa isang milyong tao ang namamatay sa pamamagitan ng pagpapakamatay taun-taon, na siyang dahilan kaya ito ang ika-10 sa mga pangunahing sanhi ng pagkamatay sa buong mundo. ang mga bilang ay mas"
laws,tl,wikipedia_tl,"ang saligang batas o konstitusyon ay isang pangkat ng mga prinsipyong saligan o pundamental o nailunsad at naitatag na mga pamarisan na pinagbabatayan o inaalinsunuran kung paano pinamamahalaan ang isang estado o iba pang organisasyon. ang pinagsama-samang mga alituntuning ito ang bumubuo (kaya't tinawag na ""konstitusyon"", mula sa ingles na constitute na may kahulugang ""bumubuo"") sa kung ano ang entidad). kapag naisulat na ang mga prinsipyong ito upang maging isang kalipunan o pangkat ng mga kasulatang pambatas, ang mga dokumentong ito ay masasabing bumubuo ng isang ""nasusulat"" na saligang batas. ang saligang batas ay nakatuon sa iba't ibang mga antas ng mga organisasyon, mula sa mga estadong nagsasarili magpahanggang sa mga kumpanya at mga asosasyong hindi inkorporado. ang isang tratado na naglulunsad ng isang organisasyong internasyunal ay ang saligang batas din nito, dahil bibigyang kahulugan nito ang kung paano nabuo ang samahan iyon. sa loob ng mga estado, maging nagsasarili man o pederado, binibigyang kahulugan ng isang saligang batas ang mga prinsipyong pinagbabatayan ng estado, ang mga hakbang na sinusunod sa paggawa ng mga batas at ng kung sino. ang ilang mga saligang"
laws,tl,wikipedia_tl,"ang bangko sentral ng pilipinas (bsp) ay isang bangko sentral ng republika ng pilipinas. isinaayos muli ang karta ng bangkong ito noong 3 hulyo 1993, alinsunod sa mga panustos ng 1987 saligang-batas ng pilipinas at ang bagong batas ng bangko sentral ng 1993. itinatag ang bsp noong 3 enero 1949, bilang pangasiwaan ng sentrong pananalapi ng bansa.itinuturing na bangko ng mga bangko ang bangko sentral ng pilipinas dahil sinusubaybayan nito ang lahat ng institusyon sa pananalapi. ang mga sumusunod ay mga pangunahing tungkulin ng bsp: mga gawain at tungkulin batay sa takda ng bagong batas ng bangko sentral ng 1993, ang mga pangunahing gawain ng bangko sentral ay: tagapamahala sa mga bayaran, sa pamamagitan ng pagpopormula at pagsasakatuparan ng patakarang pananalapi na humahantong sa pang-uudyok ng paglalaan ng salapi, matatag sa mga pangunahing layunin sa pagpapanatili ng katatagan ng presyo, paglabas ng pananalapi; ang bsp ay may pantanging kapangyarihan na magpalabas ng panbansang pananalapi. lahat ng mga salaping papel at barya na inilabas ng bsp ay lubos na ginagarantiya ng pamahalaan at ito'y isinasaalang-alang bilang salaping umiiral (legal tender) para sa mga utang pansarili at"
laws,tl,wikipedia_tl,"ayon sa ikawalong kapitulo ng konstitusyong 1987: ang kagarawang panghukuman (the judicial branch) seksiyon 1. dapat masalalay ang kapangyarihang panghukuman sa isang kataastaasang hukuman at sa mga nakakababang hukuman na maaaring itatag ng batas. saklaw ng kapangyarihang panghukuman ang tungkulin ng mga hukuman ng katarungan na ayusin ang nangyayaring mga sigalot na kinakasangkutan ng mga karapatang nararapat hingin at ipatupad nang naaayon sa batas at pasyang kung mayroon o walang naganap na lubhang pagsasamantala sa direksiyon na humantong sa kawalan o kalabisan sa hurisdiksiyon sa panig ng alin mang sangay o instrumentalidad ng pamahalaan. seksiyon 2. ang kongreso ay dapat may kapangyarihang tumiyak, magtakda, at mag-ayaw-ayaw ng hurisdiksiyon ng iba't ibang hukuman datapwat hindi maaaring alisan ang kataastaasang hukuman ng hurisdiksiyon sa mga usaping iniisaisa sa sekyon 7 rito. hindi dapat magpatibay ng ano mang batas na nagbabagong-tatag sa mga hukuman kung ito'y magpapabuway sa kaseguruhan ng takdang panahon ng panunungkulan ng mga kagawad nito. seksiyon 3. dapat magtamasa ng pasasarili sa pananalapi ang mga hukuman. ang mga laang-gugulin para sa mga hukuman ay hindi"
laws,tl,wikipedia_tl,"ang saligang batas ng estados unidos o konstitusyon ng estados unidos ang pangunahin o naghaharing batas ng estados unidos. ito ay pumalit sa mga artikulo ng konpederasyon na unang saligang batas ng estados unidos. ito ay orihinal na binubuo ng pitong mga artikulo na nagbibigay linaw sa pambansang balangkas ng pamahalaan ng estados unidos. ang unang tatlong artikulo nito ay kumakatawan sa doktrina ng paghihiwalay ng simbahan at estado kung saan ang pederal na pamahalaan ng estados unidos ay nahahati sa tatlong mga sangay: lehislatibo(tagapaggawa ng mga batas) na binubuo ng dalawang kamarang kongreso ng estados unidos(artikulong una ng saligang batas ng estados unidos), ang sangay na ehekutibo (tagapagpaganap) na binubuo ng pangulo ng estados unidos at mga subordinadong opisyal nito (artikulong ikalawa ng saligang batas ng estados unidos), at ang hudisyaryo na binubuo ng korte suprema ng estados unidos at iba pang mga hukumang pederal ng estados unidos (artikulong ikatlo ng saligang batas ng estados unidos). ang artikulong ikaapat ng saligang batas ng estados unidos, artikulong ikalima ng saligang batas ng estados unidos at artikulong ikaanim ng saligang batas ng estados unidos ay"
laws,tl,wikipedia_tl,"sa batas, ang paglilitis (sa ingles ay ""trial"") ay nangyayari kung ang mga partido sa isang alitan ay naghaharap upang magpresenta ng mga impormasyon sa anyo ng ebidensiya sa isang tribunal na isang pormal na lugar na may kapangyarihan upang pakinggan at ayusin ang mga pag-aangkin o alitan. ang isang uri ng tribunal ang korte. ang tribunal na maaaring mangyari sa harap ng isang hukom(judge), jury o ibang itinakdang tagalitis ay naglalayon na makamit ang isang resolusyon sa isang alitan. kung ang paglilitis ay isinasagawa sa harap ng grupo ng mga hurado(jury) na miyembro ng komunidad, ito ay tinatawag na jury trial. kung ang paglilitis ay inasagawa sa harap ng hukom lamang, ito ay tinatawag na bench trial. mga uri paglilitis kriminal ang isang paglilitis kriminal(criminal trial) ay nilikha upang ayusin ang mga akusasyon na karaniwan ay ng gobyerno laban sa isang taong inakusahan ng krimen. sa mga karaniwang sistema ng batas, ang karamihan sa mga kriminal na nasasakdal(defendant) ay may karapatan na magkaroon ng paglilitis sa harap ng isang hurado(jury). dahil sa ang estado ay nagtatangkang gamitin ang kapangyarihan nito upang alisin sa akusado ang buhay, kalayaan at pag-aari, ang"
laws,tl,wikipedia_tl,"ang pandaigdig na pagpapahayag ng mga karapatan ng tao (ingles: o udhr) ay isang makasaysayang dokumento na pinagtibay ng pangkalahatang kapulungan ng mga nagkakaisang bansa sa kanyang ikatlong pulong noong 10 disyembre 1948 bilang resolusyon 217 sa palais de chaillot sa paris, pransya. sa 58 miyembro ng mga nagkakaisang bansa noon, 48 ang bumuto nang pabor, walang kumontra, walo ang di-lumahok, dalawa ang hindi bumoto. binubuo ang pahayag ng 30 artikulo na nagpapatibay ng mga karapatan ng indibiduwal na kahit hindi legal na mabisa mismo, ay pinainam sa mga kasunod na pandaigdigang kasunduan, ekonomikang paglilipat, instrumento ng panrehiyong karapatang pantao, pambansang saligang batas, at iba pang mga batas. ang pahayag ang naging unang hakbang sa proseso ng pagbubuo ng pandaigdigang panukalang batas ng karapatang pantao na nakumpleto noong 1966, at nagkabisa noong 1976, matapos maipatibay ang mga ito ng mga sapat na bansa. ipinangangatuwiran ng iilang iskolar-legal na dahil palaging nananawagan ang pahayag ng mga bansa nang mahigit sa 50 taon, nagkabisa ito bilang bahagi ng nakaugaliang pandaigdigang batas. gayunman, sa estados unidos, hininuha ng kataas-taasang hukuman ng"
laws,tl,wikipedia_tl,"ang ehekutibong sangay, tagapagpaganap o sangay na tagapagpatupad (ingles: executive branch) ng isang pamahalaan ang bahagi ng pamahalaan na may nag-iisang kapangyarihan o responsibilidad sa pang-araw araw na pangangasiwa ng burokrasya ng estado. ang paghahati o dibisyon ng kapangyarihan sa magkakahiwalay na mga sangay ng pamahalaan ang sentral na ideya sa separasyon ng mga kapangyarihan. ang sistema ng separasyon ng mga kapangyarihan ay nilikha upang ipamahagi ang kapangyarihan mula sa ehekutibong sangay na isang pagtatangka upang maingatan ang indibidwal na kalayaan bilang tugon sa isang pamumunong malupit sa buong kasaysayan. ang opiser na ehekutibo ay hindi nararapat gumawa ng batas na isang tungkulin ng lehislatura o pakahulugan ang mga batas na tungkulin ng hudikatura. ang tungkulin ng ehekutibo ay ipatupad ang batas gaya ng isinulat ng lehislatura at pinakahulugan ng hudikatura. ang mga tungkulin ng pinakamataas na pinuno ng ehekutibong sangay ay kinabibilangan ng: pagiging pinuno ng pamahalaan na nagpapalakad ng katungkulan ng estado, pangangasiwa ng burokrasya at pagpapasya kung paano ipatutupad ang batas. kalihim pandayuhan na nangangasiwa sa mga embahador ng estado,"
laws,tl,wikipedia_tl,"ang simbahang katoliko romano, na kilala rin bilang iglesya katolika apostolika romana, simbahang romano katoliko ay ang pinakamalaking kristiyanong simbahan na pinamumunuan ng obispo ng roma ang pamamahala nito ay naka-sentro sa lungsod ng vaticano. pangalan ang griyegong salita na καθολικός (katholikos), kung saan nagmula ang salitang; katoliko, ay may kahulugang unibersal. ang terminong katoliko ay unang ginamit ni san ignacio sa kanyang liham sa mga taga-smyrna noong 110 ce. ang m mga tagasunod ng simbahang romano katoliko ay tinatawag na romano katoliko upang itangi ito sa kasapi ng ibang mga denominasyon ng kristiyanismo na nag-aangking sila ay katoliko rin gaya ng simbahang silangang ortodokso(na ang pangalang opisyal ay simbahang katolikong ortodokso), asiryong simbahan ng silangan(na ang pangalang opisyal ay banal an apostolikong katolikong asiryong simbahan ng silangan), simbahang ortodoksong oriental at simbahan ng silangan. ang salitang katoliko ay matatagpuan sa kredong niceno na pinagkasunduan ng ilang mga obispo sa unang konseho ng nicaea noong 325 ce nang tipunin ito ni emperador dakilang constantino upang pagkaisaihin ang mga magkakatunggaling sekta ng"
laws,tl,wikipedia_tl,"ang kalayaan ng pananampalataya sa singapore ay pinapangako sa ilalim ng saligang-batas. gayumpaman, ang pamahalaan ng singapore ay bumabawal sa mga karapatan sa ilang mga pangyayari. ang pamahalaan ay humihigpit sa mga saksi ni jehova at ipinagbabawal ang simbahang pagkakaisa. ang pamahalaan ay hindi tiisin sa mga salita o mga gawi na sa palagay nito ay maaaring matinding makakadamay sa kaisahan ng mga pangkat na panlahi o pampananampalataya. demograpiya ng pananampalataya ang singapore ay isang lugar ng at ng isang kabuuang populasyon ng 5.31 milyong (bilang ng hunyo 2013), ng kanino 3.6 milyong mamamayan o permanenteng residente. ayon sa isang 2000 survey ng pamahalaan, 85 porsiyento ng mga mamamayan at mga permanenteng residente magpahayag ng paniniwala sa ilang mga relihiyon na pananampalataya. sa pangkat na ito, 51 porsiyento pagsasanay ng budismo, taoism, ninuno pagsamba, o iba pang mga relihiyon na kasanayan ayon sa kaugalian na nauugnay sa mga katutubo populasyon. humigit-kumulang sa 15 porsiyento ng populasyon ay mga muslim, ang 15 porsiyento ng mga kristiyano, at 4 porsiyento hindu. ang natitira ay binubuo ng mga atheists, agnostics, at ang mga tagasunod ng iba pang"
laws,tl,wikipedia_tl,"ang kaharian ng espanya (kastila: reino de españa) ay isang soberanyang estado o bansang matatagpuan sa tangway ng iberya sa timog-kanlurang europa. ang pangunahing lupain ay hinahangganan sa timog at silangan ng dagat mediteraneo maliban na lamang sa maliit na mga hangganang lupa ng gibraltar; sa hilaga at hilangang-silangan, ng pransiya, ng maliit na prinsipado ng andorra, at ng look ng vizcaya; at sa kanluran at hilagang-kanluran naman, ng portugal at ng karagatang atlantiko. kasama ng pransiya at maruekos, isa lamang sila sa tatlong bansa na may baybaying atlantiko at mediteraneo. ang 1,214 km (754 mi) na hangganan ng espanya sa portugal ay ang pinakamahabang tuluy-tuloy na hangganan sa buong unyong europeo. kasama rin sa nasasakupan ng espanya ang mga pulo ng baleares sa mediteraneo, ang canarias sa karagatang atlantiko sa labas ng baybayin ng aprika, ang tatlong teritoryo sa hilagang aprika, ceuta, melilla at peñón de vélez de la gomera na hinahangganan ang maruekos, at mga pulo at peñones (mga bato) ng alborán, chafarinas, alhucemas, at perejil. sa lawak na 505,992 km2 (195,365 sq mi), ang espanya ang ikalawang pinakamalaking bansa sa kanlurang europa at sa unyong europeo,"
laws,tl,wikipedia_tl,"ang hukuman (ingles: court) ay sinumang tao o institusyon, kadalasan bilang isang institusyon ng pamahalaan, na may awtoridad na humatol sa mga legal na hindi pagkakaunawaan sa pagitan ng mga partido at magsagawa ng pangangasiwa ng hustisya sa mga usaping sibil, kriminal, at administratibo alinsunod sa tuntunin ng batas. sa parehong karaniwang batas at batas sibil mula sa legal na sistema, ang mga korte ang pangunahing paraan para sa paglutas ng hindi pagkakaunawaan, at sa pangkalahatan ay nauunawaan na ang lahat ng tao ay may kakayahang dalhin ang kanilang mga akusasyon sa harap ng hukuman. katulad nito, kasama sa mga karapatan ng mga akusado ng isang krimen ang karapatang magharap ng depensa sa harap ng korte. ang sistema ng mga hukuman na nagpapakahulugan at naglalapat ng batas ay sama-samang kilala bilang hudikatura . ang lugar kung saan nakaupo ang korte ay kilala bilang lugar ng pagkakitaan.ang silid kung saan nagaganap ang mga paglilitis sa hukuman ay kilala bilang isang silid ng hukuman, at ang gusali bilang isang bahay-hukuman ; ang mga pasilidad ng hukuman ay mula sa simple at napakaliit na pasilidad sa mga komunidad na kanayunan hanggang sa malalaking kumplikadong"
laws,tl,wikipedia_tl,"ang paseguruhan ng mga manggagawa sa pribadong sektor o social security system (sss, literal: sistema ng paseguruhang panlipunan) ay isang ahensiya ng pamahalaan ng pilipinas na( naglilikom ng mga pondo na salapi bilang mga seguro mula sa ambag sa pamamagitan ng pagkakaltas ng mga kita nang ilang bahagi ng mga manggagawa mula sa pribadong sektor). ang larawang-isip ng paseguruhang panlipunan ay gumitaw mula sa lumang sugasig ng tao bilang kandili laban sa karukhaan, na naghahalimhim ng mga maluming panlipunang sakit na hindi lamang nagbabanta sa pagpapanatili kundi naglulugso ng kanyang pakiwari ng sanghayang pantao. samakatuwid ito ay nagiging tungkulin at pananagutan ng estado na magbisa ng mekanismo na maglalaan ng itong proteksiyon sa mga tao nito. kasaysayan noong 26 enero 1948, gumawa si pangulong manuel a. roxas ng panukalang-batas na nagtatamong magtatag ng isang sistema ng paseguruhang panlipunan para sa mga nag-iipon ng suweldo at mga manggagawang may mababang sahod. ito ay iminungkahi sa konggreso sa kanyang talumpati sa kalagayan ng bansa. pagkatapos ng kamatayan ni pangulong roxas, nilikha ni pangulong elpidio quirino ang komisyon sa pag-aaral ng paseguruhang"
laws,tl,wikipedia_tl,"ang saligang batas ng pilipinas ng 1973 ang saligang batas ng pilipinas na pinagtibay noong panahon ni ferdinand marcos. ito ay pumalit sa saligang batas ng pilipinas ng 1935. ito ay pinalitan ng saligang batas ng pilipinas ng 1987 pagkatapos mapatalsik ni marcos sa kapangyarihan sa ilalim ni pangulong corazon aquino. iminungkahi ang pagpapalit ng saligang batas ng pilipinas ng 1935 sa kadahilanang binuo ito habang ang pilipinas ay kolonya pa ng estados unidos at kaya ay gawa ng impluwensiyang amerikano at hindi na napapanahon ang mga tadhana nito sa paglutas ng mga suliranin at pagtugon sa mga pangangailangan ng mga mamamayan. pinagtibay ng kongreso noong 24 agosto 1970 ang batas republika bilang 6132 na nanawagan para sa isang kumbensiyong konstitusyonal sa taong 1971 at ginanap noong 10 nobyembre 1970 ang halalan ng 320 delegado sa kumbensiyong konstitusyonal. ang kumbensiyong konstitusyonal ay nagtipun-tipon noong unang araw ng hunyo 1971 ngunit bago matapos ang kumbensiyon ay idineklara ni marcos ang batas militar noong setyembre 1972 at ipinabilanggo ang ilang mga delegadong laban kay marcos. noong mayo 19, 1972, binunyag ng delegadong si eduardo quintero (na dating"
laws,tl,wikipedia_tl,"ang hukuman ng pag-aapela sa buwis o hukuman ng apelasyon sa buwis (ingles: court of tax appeals) isy isang espesyal na korte na may limitadog hurisdiksyon na katulad ng hukuman ng pag-aapela. ito ay binubuo ng namumuning mahsitrado at walong kasamang mahistrado. ang hukuman ng pag-aapela sa buwis ay matatagpuan sa agham road, diliman, lungsod quezon, maynila. kasaysayan ang hukuman ng pag-aapela sa buwis ay orihinal na nilikha sa bisa ng batas republika 1125 na pinagtibay noong hunyo 16, 1954, na binubuo ng tatlong hukom kasama si mariano b. nable bilang unang namumunong hukom. sa pagpasa ng batas republika bilang 9282 (r.a. 9282) noong abril 23, 2004, ang hab ay naging isang korteng apelasyon, na katumbas ng ranggo ng hukuman ng pag-aapela. sa ilalim ng seksyon 1 ng bagong batas, ang korte ay pinamumunuan ng isang namumunong mahistrado at tinutulungan ng limang kasamang mahistrado. dapat silang magkaroon ng parehong mga kuwalipikasyon, ranggo, kategorya, suweldo, emolyumento at iba pang mga pribilehiyo, sasailalim sa parehong mga inhibitsyon at diskuwalipikasyon at magtamasa ng parehong pagreretiro at iba pang mga benepisyo tulad ng itinatadhana sa ilalim ng mga umiiral na batas"
laws,tl,wikipedia_tl,"nagsimula ang panahon ng kamakura noong taong 1185. panahon ito sa kasaysayan ng hapon na kung saan nagsimula ang mga sugun. opisyal itong itinatag ng unang sugun na si minamoto no yoritomo noong taong 1192. maituturing din itong simula ng panahong pyudal. natapos ang panahon ng kamakura noong taong 1333 nang maibalik ang kapangyarihan sa trono ng krisantemo sa ilalim ni takaharu o mas kilala bilang emperador go-daigo sa tulong nila ashikaga takauji, nitta yoshisada at kusunoki masashige. ang bakufu at ang haliling pamumuno ng mga hojo ang panahon ng kamakura ay isang panahon ng pagbabago na kung saang ang tradisyunal na pamahalaan, ang korte at ang emperador ng hapon ay naging mga tau-tauhan na lamang sa mga tunay na humahawak na kapangyarihan, ang uring mandirigma. sila ang may hawak ng kapangyarihang sibil, militar at hudikatura. ang terminong pyudal sa panahong ito sa hapon ay parehas din ng mga kaganapang pyudal sa europa. parehong nakabatay ang kanilang mga ekonomiya sa mga lupa at sakahan. dating nakasentro ang mga pamumuno sa monarkiya pero nahatak ito ng mga uring mandirigma dahil sa kanilang mas abanteng mga teknolohiya at istratehiya sa pakikipaglaban. ang mga panginoon"
laws,tl,wikipedia_tl,"si jose manuel tadeo icasiano ""chel"" diokno ( , ipinanganak noong pebrero 23, 1961) ay isang pilipinong abogado, tagapagturo, at tagapagtaguyod ng karapatang pantao. siya ay nagsisilbing chairman ng free legal assistance group (flag) at ang founding dean ng de la salle (dlsu) college of law. siya ay nagsilbi bilang isang espesyal na tagapayo ng komiteng blue ribbon ng senado. maagang buhay at edukasyon si diokno ay isinilang noong pebrero 23, 1961 sa pasay city bilang ikawalo sa sampung anak ng human rights lawyer na si jose w. diokno, na kalaunan ay naging senador, at carmen ""nena"" icasiano. siya ay apo sa tuhod ni ananías diokno, ang pinuno ng mga bisaya noong digmaang pilipino–amerikano, at apo ni ramón diokno, isang nasyonalista na nagsilbi bilang senador at supreme court associate justice. natapos ni diokno ang kanyang elementarya at sekondaryang edukasyon sa la salle green hills . pagkatapos, noong 1982, nakakuha siya ng bachelor of arts degree in philosophy sa university of the philippines diliman, nag-aral ng bachelor of laws sa unibersidad ng pilipinas sa loob ng isang taon hanggang 1983 at pagkatapos ay nag-aral ng abogasya sa unibersidad ng northern illinois (niu) sa"
laws,tl,wikipedia_tl,"ang myanmar ay karamihang isang kamamayananang naniniwala sa pananampalatayang buddhism. ang mga muslim sa myanmar ay ang mga kaapu-apuhang mga dayuhang muslim mula sa india (kabilang ang kung ano ang ngayo'y bangladesh) at china (ang ninuno ng mga muslim na taga-china sa myanmar ay dumating mula sa lalawigang yunnan), pati na rin ang mga kaapu-apuhan ng mas maagang arabo at ang kinikilala kamein at ang mga rohingya, na nakipagkasal-kasalan sa mga lokal na katutubo ng myanmar. ayon sa human rights watch ang pamahalaang myanmar ay tinanggihan ng pagkamamamayan sa anumang mga rohingya na hindi maaaring patunayan ang kanilang mga ninuno na nanirahan sa bansa bago 1823, ang simula ng pananakop ng mga kung ano ngayong rakhine (kilala rin bilang arakan). kasaysayan ang mga muslim ay nakatira sa burma mula noong ika-11 siglo ce. ang unang muslim na dokumentado sa burmese kasaysayan (naitala sa hmannan yazawin o glass palasyo salaysay) ay byat wi sa panahon ng paghari ng mon, isang hari ng thaton, na humigit kumulang nasa 1050 ce. ang dalawang anak ng byat wi, ang kapatid na lalaki byat ta, na kilala bilang shwe byin kapatid na lalaki, ay pinapatay bilang mga anak sa alinman dahil sa"
laws,tl,wikipedia_tl,"sa maraming mga mitolohiya at tradisyong panrelihiyon, ang impiyerno ay isang lugar ng paghihirap at kaparusahang nasa kabilang buhay, kalimitang nasa mundong ilalim. kalimitang nilalarawan ng mga pananampalatayang may tuwirang kasaysayan ng kabanalan ang impiyerno bilang walang kawakasan. sa mga relihiyong may reinkarnasyon o kasaysayang painug-inog, pabalik-balik, o paulit-ulit, kalimitang nilalarawan ang impiyerno bilang isang panahong pansamantala na nasa pagitan ng mga muling pagsilang ng kaluluwa sa ibang katauhan. paglalarawan ng impiyerno sa mga mitolohiya ang impiyerno ay lumilitaw sa ilang mga mitolohiya at relihiyon. ito ay karaniwang inilalarawan bilang tinatahanan ng mga demonyo at mga kaluluwa ng mga namatay na tao partikular na ang mga taong ""masama"". sa mga relihiyong kristiyanismo at islam, ang impiyerno ay tradisyonal na pinaniniwalaan bilang ""maapoy"" at puno ng paghihirap, kirot, at pagdurusa. sa ibang mga tradisyon, ang impiyerno ay pinaniniwalaang malamig. ang mga paglalarawang budista partikular na ang mga budistang tibetano ay nagtatanghal ng magkatumbas na bilang ng mga ""mainit"" at ""malamig"" na impiyerno. sa apocalipsis ni pablo na mula ika-3 siglo ce, ang"
laws,tl,wikipedia_tl,"si renato corona, ang ika-23 punong mahistrado ng kataas-taasang hukuman ng pilipinas ay nilitis ng kapulungan ng mga kinatawan noong 12 disyembre 2011. mayo 188 kinatawan ang lumagda sa reklamong impeachment ni renato corona na mahigit sa kinakailangang 95 boto o isang-katlo (⅓) ng lahat ng kagawad ng kapulungan na bumibilang sa 285. inakusahan si corona ng pagkakanulo sa pagtitiwala ng bayan, tandisang paglabag sa konstitusyon, at pagnanakaw at katiwalian na ipinaloob sa walong kaso. nagsimula ang paglilitis ng punong mahistrado sa senado noong 16 enero 2012 at nagtapos noong 29 mayo 2012 nang tuluyan nang napatalsik si corona. mga artikulo ng impeachment nakapaloob sa walong artikulo ng impeachment ang mga isinampang reklamo laban kay corona na siyang mga sumusunod: mga panig panig ng tagapag-usig tinanghal ng prosekusyon sina romero quimbo (liberal, 2d marikina), lorenzo tañada iii (liberal, 4d quezon) at juan edgardo angara (ldp, td aurora) bilang tagapagsalita nito. panig ng tagapagtanggol binubuo ng labindalawang abogado ang grupong dedepensa kay corona sa pangunguna ni dating kasamang mahistrado ng korte suprema at kalihim ng katarungan ni estrada na si serafin cuevas. si"
laws,tl,wikipedia_tl,"ang punong ministro ng pilipinas ang pinuno ng pamahalaan ng pilipinas. ang posisyong ito ay umiral sa pilipinas mula 1978 hanggang 1986. ang presidente del consejos de gobierno ng pilipinas ay sinasabing isang limitadong bersiyon ng posisyong ito na temporaryong umiral noong 1899. saligang batas ng pilipinas ng 1973 iminungkahi ang pagpapalit ng saligang batas ng pilipinas ng 1935 sa kadahilanang binuo ito habang ang pilipinas ay kolonya pa ng estados unidos at kaya ay gawa ng impluwensiyang amerikano at hindi na napapanahon ang mga tadhana nito sa paglutas ng mga suliranin at pagtugon sa mga pangangailangan ng mga mamamayan. pinagtibay ng kongreso noong 24 agosto 1970 ang batas republika bilang 6132 na nanawagan para sa isang kumbensiyong konstitusyonal sa taong 1971 at ginanap noong 10 nobyembre 1970 ang halalan ng 320 delegado sa kumbensiyong konstitusyonal. ang kumbensiyong konstitusyonal ay nagtipun-tipon noong unang araw ng hunyo 1971 ngunit bago matapos ang kumbensiyon ay idineklara ni marcos ang batas militar noong setyembre 1972 at ipinabilanggo ang ilang mga delegadong laban kay marcos. noong mayo 19, 1972, binunyag ng delegadong si eduardo quintero (na dating embahador"
laws,tl,wikipedia_tl,"ang unyong europeo (ue), na kilala rin bilang samahang europeo o kaisahang europeo ( o eu) ay isang supranasyonal at intergubernamental na unyon ng 28 malaya at demokratikong bansang-kasapi. ang unyong europeo ay ang pinakamalaking kompederasyon ng mga malayang estado, na itinatag sa ilalim ng pangalang iyon noong 1992 ng kasunduan sa pagkakaisa ng europa (ang tratado ng maastricht). subali't, maraming mga aspekto ng unyon ay namalagi na bago ng araw na iyon sa pamamagitan ng isang serye ng mga sinundang relasyon na bumabalik sa 1951. ang unyon sa kasalukuyan ay may isang karaniwang nag-iisang kalakalan na binubuo ng isang unyong pang-adwana, isang nag-iisang salapi na pinamamahala ng europeong bangko sentral (sa ngayon ay inaangkin ng 13 ng 28 mga estadong-kasapi), isang karaniwang patakarang pansaka, isang karaniwang patakarang pang-kalakalan, at ng isang karaniwang patakarang pampalaisdaan. isang karaniwang patakarang panlabas at panseguridad ay itinatag rin bilang ikalawa sa mga tatlong haligi ng unyong europeo. ang kasunduang schengen ay nagpaalis ng mga kontrol sa pasaporte para sa ilang mga estadong-kasapi, at ang pagsusuring pang-adwana ay inalis rin sa maraming mga"
laws,tl,wikipedia_tl,"sa batas, ang hudikatura, tagapaghukom, o sistemang panghukuman (ingles: judiciary, judicature, justice system, o judicial system) ay ang sistema ng mga hukuman na namamahala sa hustisya sa ngalan ng soberanya ng estado, isang mekanismo upang maayos ang mga hindi pagkakasunduan, sigalot o gulo. binubuo ito ng kataastaasang hukuman, hukuman ng mga apela (apeal)at iba pang mababang hukuman. sa ilalim ng doktrina ng paghihiwalay ng mga kapangyarihan, ang hudikatura ay hindi maaaring gumawa o magpatupad ng batas, na nasa pananagutan ng tagapagbatas at tagapagpaganap, tagapaghukom, ngunit sa halip, kung mayroon isang pagtatalo, binibigyan ito ng kahulugan at nilalapat ang batas sa mga katotohanan ng bawat kaso. ang salita ay ginagamit din pantawag sa mga hukom, mahistrado at iba pang bumubuo sa sangay ng hudikatura, pati na rin ang mga taong nasa likod nito na nagpapanatili na maging maayos ang takbo ng sistema. iba't ibang tungkulin sa karaniwang batas ng hurisdiksiyon o probinsiya, binibigyan ng kahulugan ang batas ng mga korte na binubuo ng mga konstitusyon, kautusan, at regulasyon. habang binibigyan ng kahulugan ng mga mahistrado ang batas, hindi sila inaasahang na ibatay ang"
laws,tl,wikipedia_tl,"ang mga karapatang pantao ay mga pamantayang moral o kaugalian na naglalarawan ng mga tiyak na pamantayan ng paggawi ng tao at palaging protektado bilang mga karapatang likas at legal sa batas-munisipyo at batas-pandaigdigan. karaniwang nauunawaan sila bilang mga di-matututulan at pangunahing karapatan ""na nararapat matanggap ng isang tao dahil lamang sa pagiging tao niya"" at ""na likas sa lahat ng mga tao"", anuman ang kanilang edad, etnikong pinagmulan, lokasyon, wika, relihiyon, lahi, o anumang iba pang kalagayan. angkop sila saanman at kailanman sa diwa ng pagiging pansansinukob, at sila ay pantay-pantay sa diwa ng pagiging kasingpantay ito sa lahat. itinuturing ang mga ito bilang nangangailangan ng empatiya at pamamahala ng batas at nagpapataw ng obligasyon sa mga tao na respetuhin ang mga karapatang panto ng iba, at karaniwang itinuturing na hindi dapat bawiin ang mga ito maliban kung resulta ng nararapat na proseso batay sa mga tiyak na pangyayari; halimbawa, maaaring kabilang sa karapatang pantao ang pagiging malaya sa ilegal na pag-aresto, pagpapahirap, at pagbitay. naging napakamaimpluwensya ang doktrina ng karapatang pantao sa larangan ng pandaigdigang batas at sa loob ng"
laws,tl,wikipedia_tl,"si enrique fernando (25 hulyo 1915 – 13 oktubre 2004) ay naglingkod bilang punong mahistrado ng kataas-taasang hukuman ng pilipinas. kataas-taasang hukuman noong 1966, fernando ay itinalaga bilang presidential legal counsel ni ferdinand marcos. ang mga sumusunod na taon, siya ay pinangalanan bilang isang associate justice ng kataas-taasang hukuman ng marcos hinirang. kung hindi para sa kamatayan ng chief justice fred ruiz castro sa 1979, fernando ay nagkaroon ng pagkakataon upang maging ang chief justice lamang sa 1984, pagkatapos castro naabot ang ipinag-uutos na pagreretiro edad ng 70, at paghahatid para sa 1 taon lamang hanggang sa kanyang sariling pagreretiro. gayunpaman, namatay castro biglang ng isang atake ng puso noong 19 abril 1979, at fernando, sa pamamagitan ng pagkatapos ay ang pinaka-senior ng associate justices, ay na-promote sa pamamagitan ng marcos bilang chief justice. hurisprudensiya sa panahon ng kanyang appointment sa korte, fernando ay kinikilala bilang isa sa mga nangungunang awtoridad ng bansa sa konstitusyunal na batas, at ng isang masigasig sibil libertarian at aktibong miyembro ng civil kalayaan union itinatag sa pamamagitan ng kanyang mga kasamahan sa"
laws,tl,wikipedia_tl,"ito ang listahan ng mga larangan o akademikong disiplina. ang larangan ay ang bahagi ng kaalaman na itinuturo at sinasaliksik sa mga kolehiyo at pamantasan. binibigyang-kahulugan ang mga larangan ng mga akademikong dyornal, kung saan inilalathala madalas ang mga pananaliksik, at sa lipunang may-alam at kagawarang pang-akademiko o faculty sa loob ng mga kolehiyo at pamantasan. hinahati ang mga larangan sa dalawa: araling pantao (wika, sining, at araling pangkultura) at larangang pang-agham (pisika, kimika, biyolohiya); itinuturing minsan ang agham panlipunan bilang isa pang kategorya nito. maraming larangan ang ganap na may saklaw (hal. biolohiya, pisika), samantalang may iilan na suportado at ginagamit lang ng iilang pamantasan, maaaring dahil sa pagiging bago ng naturang larangan o baka dahil sa hirap o malabo ang saklaw nito. bukod rito, maaaring magkaroon ng mga larang o subdisiplina ang mga larangan, lalo na yung mga malalawak ang saklaw, tulad ng sining at panitikan. likas na agham astronomiya astropisika kosmogoniya biyolohiya aerobiyolohiya anatomiya anatomiyang hinambing antomiya ng tao pakikipagtalastasan ng mga hayop biyokimika biyoimpormatika biyopisika botanika"
laws,tl,wikipedia_tl,"ang pilipinas ay dumaranas ng talamak at malawakang korupsiyon sa pamahalaan nito. kabilang sa mga paraan ng korupsiyon na isinasagawa sa pilipinas ang graft, panunuhol, paglustay ng salapi, mga kasunduan sa likurang pintuan, nepotismo, padrino. ito ay mula sa mga nakaraang pangulo ng pilipinas hanggang sa mga lokal na unit ng pamahalaan. ayon sa ombudsman’s finance and management information office, ang kabuuang 3,852 kaso ay inihain laban sa mga opisyal ng lokal na pamahalaan noong 2011. sa mga ito, ang 633 ay inihain sa luzon, 600 sa visayas at 544 sa mindano. ang philippine national police (pnp) ang ikalawa sa dami ng mga kasong inihain laban dito sa ombudsman noong 2011. kabilang sa mga kasong inihain laban sa mga sumusunod na kagawaran ng pamahalaan noong 2011: department of education (562 kaso), philippine information agency (490 kaso), bureau of internal revenue (416 kaso), armed forces of the philippines (304 kaso), bureau of customs (177 kaso), department of environment and natural resources (155 kaso), department of social welfare and development (148 kaso), department of justice (98 kaso). noong 2012, ang pilipinas ay may ranggong 105 na may 3.4 cpi sa talaan ng"
laws,tl,wikipedia_tl,"sa rabinikong hudaismo, ang pambibig na torah o torah na mula sa bibig o batas na galing sa bibig''' (hebrew: תורה שבעל פה‎, torah she-be-`al peh, ingles: oral torah) ay mga batas, mga kautusan, at mga legal na interpretasyon ng pentateuch na tinatawag na ""isinulat na torah"" o ""isinulat na batas""(hebreo: תורה שבכתב‎, torah she-bi-khtav, literal na ""isinulat na batas). ito ay itinuturing na preskriptibo at ibinigay sa parehong panahon ng isinulat na torah. ang pambibig na torah ay kinabibilangan ng mga ritwal, mga anyo ng pagsamba, interpersonal na ugnayan ng diyos at tao, mga batas ng kosher, shabbat, pagmamasid ng mga pista, mga ugnayan sa pag-aasawa, mga pagsasanay sa agrikultura, at mga pag-aangkin na sibil at mga sa mga pinsala. ayon sa rabinikong hudaismo, ang pambibig na torah ay ibinigay nang walang patid sa bawat henerasyon sa pasimula pa nito hanggang sa ito ay wakas na isinulat pagkatapos ng pagkakawasak ng ikalawang templo sa herusalem noong 70 ce nang maharap ang kabihasnang hudyo sa paglaho sa pag-iral nito sa birtud ng pagkakalat ng mga hudyo iba't ibang lugar. mga sangkap ng pambibig na torah ayon sa ensiklopedyang hudyo, ang pambibig na torah ay mahhaati sa walong"
laws,tl,wikipedia_tl,"sa mga hurisdiksiyon ng karaniwang batas, ang pamiminsalang sinadya (ingles: tort) ay isang pagkakamaling sibil. ang batas sa sinadyang pamiminsala ay humaharap sa mga pagkakataon kung saan ang isang kaasalan ng tao ay hindi patas na nakapagdulot sa isa pang tao na makaranas ng kawalan o kapinsalaan. ang isang pamiminsalang sinadya ay hindi maaaring isang kilos na hindi makabatas subalit nakakasanhi ng kapinsalaan. pinapahintulutan ng batas ang sinumang napinsala na maipanumbalik ang nawala sa kanila. ang batas sa pamiminsalang sinadya ay kaiba mula sa batas na pangkrimen na humaharap sa mga kalagayan kung saan ang mga kilos ng isang tao ay nakapagdulot ng pinsala sa lipunan sa pangkalahatan. ang isang pagsasakdal ng pamiminsalang sinadya ay maaaring iharap ng sinuman na nagdusa ng kawalan pagkaraan ng isang pagsasakdal na pangbatas na sibil. ang kasong pangkrimen ay may gawi na iharap ng estado, bagaman maaari rin ang mga prosekusyong pribado (pag-uusig na pribado). ipinagkakaiba rin ang batas sa pamiminsalang sinadya magmula sa karampatan (ekwidad), kung saan ang isang nagpepetisyon ay nagrereklamo ng isang paglabag sa ilang mga karapatan. ang isang nagsagawa ng isang kilos na"
laws,tl,wikipedia_tl,"ang free legal assistance group o flag ay isang karapatang pantao na kumpanya ng batas na itinatag noong 1974 pagkatapos lumaya si sen. jose w. diokno sa fort bonifacio sa panahon ng batas militar ng diktadura ni ferdinand marcos. ang flag ay ang pinakamalaking kumpanya na kung saan nakatutok ang kanilang adbokasiya sa karapatang pantao at ang mga kasong may torture at abuso sa karapatang pantao. ang tagapangulo mula noong 2003 ay si dean chel diokno ng tañada-diokno school of law. ang flag din ang nagpasikat ng developmental legal aid sa pilipinas, kung saan isinabatas ang community legal aid service na patakaran dahil sa kanilang kontribusyon sa pagtataguyod nito. ang flag ay nanalo ng maraming gantimpala, katulad ng concerned woman of the philippines (cwp) human rights awards sa dekada 80, at ang chino roces award noong 2002 galing kay pangulong gloria arroyo. kasaysayan pinanggalingan itinayo ang flag ni jose w. diokno, ang kilalang ama ng karapatang pantao, kasama ni lorenzo tañada, joker arroyo, j.b.l. reyes, at iba pang mga kilalang abugado ng karapatang pantao noong 1974, pagkatapos lumaya si diokno sa fort bonifacio. sila ang naghawak ng halos lahat ng mga kaso sa abuso"
laws,tl,wikipedia_tl,"ang batas tydings–mcduffie (opisyal na pangalan: batas sa kalayaan ng pilipinas; pampublikong batas blg. 73-127) na inaprubahan noong ika-24 ng marso taong 1934 ay isang pederal na batas ng estados unidos na nagkaloob ng nagsasariling pamahalaan ng pilipinas at ng kalayaan nito (mula sa estados unidos) pagkatapos ng sampung taon. noong 1934, pinamunuan ng pilipinong politikong si manuel l. quezon ang ""misyong pang-kalayaan ng pilipinas"" sa washington, d.c. na nagtagumpay sa pagpapatibay ng kongreso sa batas na ito.kabilang sa mga probisyong tinutulan ng misyong pangkalayaan ni manuel l. quezon ang pananatili ng base militar sa pilipinas;ang walang katiyakang kapangyarihang taglay ng high commissioner na itatalaga sa pilipinas; at ang limitasyon kaugnay sa pagpasok ng mga pilipino sa u.s.a.. kasaysayan nagpunta si manuel l. quezon sa washington dc nang hindi maaprubahan ang batas hare–hawes–cutting. nahikayat niyang bumuo muli ang kongreso ng amerika ng isang batas para sa kalayaan ng pilipinas. ito ay ang batas tydings–mcduffie na sinulat nina senador millard tydings at congressman john mcduffie. noong 24 marso 1934, nilagdaan ni pangulong franklin roosevelt ang batas na ito."
laws,tl,wikipedia_tl,"sa ekonomika, ang batas ni okun ay isang empirikal na kaugnayan ng kawalang-trabaho at pagkalugi sa produksyon ng isang bansa. ipinangalanan ito kay arthur melvin okun, ang unang nagmungkahi ng kaugnayan noong 1962. binabanggit ng ""bersyong paagwat"" () na sa bawat 1% pagsulong sa antas ng kawalang-trabaho, ang gdp ng isang bansa ay magiging mas mababa nang halos 2% kumpara sa potensyal na gdp nito. inilalarawan ng bersyong pakaibhan () ang kaugnayan ng pagbabago ng kawalang-trabaho kada tatlong buwan at pagbabago sa gdp real kada tatlong buwan. pinagtatalunan ang katatagan at kapakinabangan ng batas na ito. di-perpektong kaugnayan maaaring mas tumpak tawaging ""alituntunin ni okun"" ang batas ni okun dahil isa itong pagtatantya batay sa empirikal na obserbasyon sa halip ng resultang hango sa teorya. aproksimado ang batas ni okun dahil nakaaapekto sa awtput ang mga ibang salik sa halip ng kawalang-trabaho, tulad ng produktibidad. sa orihinal na pahayag ni okun ukol sa kanyang batas, ang 2% pagsulong sa awtput ay naaayon sa 1% pagbaba sa antas ng siklikal na kawalang-trabaho; 0.5% pagtaas sa pakikilahok ng lakas-paggawa; 0.5% pagtaas sa pinagtrabahuang oras ng bawat empleyado; at 1%"
laws,tl,wikipedia_tl,"ang pananakop ng estados unidos sa pilipinas, na nangangahulugang ang pilipinas ay itinuring na isang teritoryo ng estados unidos ay magmula 1898 hanggang 1946. bukod sa ilang mga retensiyonista o mga tao na nais panatilihin ang pilipinas bilang isang nasasakupan ng estados unidos, ang balak ng mga naging pangulo ng estados at ng mga kinatawan (representatibo) ng estados unidos hinggil sa kanilang misyon ng pangongolonya ay ang pag-iiwi (tutelahe, o pangangasiwa ng kapuluan ng pilipinas hanggang sa maabot na nito ang ganap na gulang o tamang panahon ng pagpapalaya), na naaayon sa kung kailan at sa anong mga katayuan at mga kasunduan. unang yugto (1898-1935) unang tumuntong sa kapuluan ng pilipinas ang mga sundalo ng estados unidos noong 1898, subalit ang unang hakbang sa kanilang pamumuno sa pilipinas ay nagsimula noong 1899, nang itinalaga ng pangulo ng estados unidos na si william mckinley ang unang komisyon na pang-pilipinas o komisyon ni schurman (first philippine commission o schurman commission) noong 20 enero 1899, na nasundan ng iba pang mga komisyon. unang komisyon (1899) ang komisyon ni schurman o unang komisyon ng estados sa pilipinas ay isang komisyon na binubuo ng"
laws,tl,wikipedia_tl,"ang pilosopiyang pampolitika ay ang pag-aaral ng mga paksang katulad ng politika, kalayaan, katarungan, pag-aari (ari-arian), karapatan, batas, at ang pagpapatupad ng mga kodigong pambatas na may kapangyarihan: kung ano ang mga ito, kung bakit (o maging ang kung kailangan ba) ang mga ito, kung ano, kung anuman, ang bumubuo sa pagiging lehitimong pamahalaan, kung anong mga karapatan at mga kalayaan ang dapat nitong prutektahan at pangalagaan at kung bakit, kung anong porma o anyo ang dapat itong akuin at kung bakit, kung ano batas, at anu-anong mga gampanin o katungkulan ang dapat na gampanan o gawin ng mga mamamayan para sa isang tunay o taal na pamahalaan, kung mayroon man, at kung kailan dapat balibatin o alisin sa tungkulin ang isang pamahalaan, kung kinakailangan. sa diwang bernakular, ang katagang ""pilosopiyang pampolitika"" ay kadalasang tumutukoy sa isang pangkalahatang pananaw, o tiyak na paniniwala o kaugaliang pang-etika o pampolitika, hinggil sa politika na hindi talaga nasa piling o hindi tunay na kabahagi ng teknikal na disiplina ng pilosopiya. ang pilosopiyang pampolitika ay maaari ring unawain sa pamamagitan ng pagsusuri rito sa pamamagitan ng mga perspektibo ng"
laws,tl,wikipedia_tl,"sa maraming hurisdiksyon ng karaniwang batas, ang pangkalahatang abogado (sa ingles: attorney-general) ang pangunahing legal na tagapayo ng pamahalaan, at sa ilang mga hurisdiksyon ay may tungkulin ng pagpapatupad ng batas, prosekusyon o kahit sa pangkalahatang ugnayang legal. naging kasanayan, na ang hanganan kung saan nagbibigay ng personal na payong legal ang pangkalatang abogado ay nagiiba sa pagitan ng mga hurisdiksyon, at maging sa pagitan ng mga indibiduwal na may hawak ng opisina sa loob ng parehong hurisdiksyon, na kadalasang nakabatay sa antas at nature ng legal na karanasan ng opisyal. orihinal na ginamit ang termino upang tukuyin ang sinumang tao na may hawak na pangkalahatang kapangyarihan ng manananggol na kumakatawan bilang isang prinsipal sa lahat ng bagay. sa tradisyon ng karaniwang batas, sinumang kumakatawan sa estado, lalong-lalo na sa mga prosekyusyong kriminal, ay siyang pangkalahatang abogado. bagama't maaring magtalaga ang gobyerno ng isang opisyal bilang permanenteng pangkalahatang abogado, ang sinumang kakatawan sa estado sa parehong paraan ay, noon, maaring tawaging pangkalahatang abogado. ngunit sa kasalukuyan madalas na ginagamit ang termino sa mga"
laws,tl,wikipedia_tl,"ang komisyon sa serbisyo sibil (csc, kilala rin bilang komisyon sa serbisyong sibil; inggles: civil service commission) ay isang pantauhang sentral na ahensiya ng pamahalaan ng pilipinas. isa sa mga tatlong malalayang komisyong konstitusyonal na may pinagpapasiyahang tungkulin sa kabuuan ng pambansang pamahalaan, ito'y ipinapagawa upang harapin ang pinakahuling pagsasaayos sa pagtatalo at aksiyong pantauhan sa pangyayari ng serbisyo sibil. mga inatasang gawain sa ilalim ng ng kautusang tagapagpaganap blg. 292, ang komisyon sa serbisyo sibil ay dapat gampanan ang mga sumusunod na gawain: mamahala at ipairal ang mga konstitusyonal at isinabatas na panustos sa sistemang merito para sa lahat ng mga antas at ranggo sa serbisyo sibil; magtakda, susugin at ipairal ang mga tuntunin at alintuntunin ukol sa pagkakaroon ng bisa ang mga panustos ng mga batas sa serbisyo sibil at iba pang angkop na batas; magpahayag sa madla ang mga patakaran, batayan at mga tagubilin ukol sa serbisyo sibil at magkandili ng mga plano at programa upang iangat ang matipid, matalaba at mabisang pamamahalang pantauhan sa pamahalaan; gumawa ng mga patakaran at alintuntunin para sa pamamahala, pagpapanatili at"
laws,tl,wikipedia_tl,"ang mehiko, opisyal na mehikanong estados unidos ( estados unidos mexicanos; nahuatl: mexika sentik wexteyowalko) o higit na kilala bilang mehiko, ay isang bansa sa hilagang amerika na hinahanggan sa hilaga ng estados unidos at sa timog-silangan ng guwatemala, belize at dagat ng karibe; at sa silangan ng look ng mehiko. sumasakop ang mehiko ng mahigit sa 2 milyon kilometro parisukat (mahigit 760,000 sq mi), kaya ito ang naging ikalimang pinakamalaking bansa sa amerika ayon sa kabuuang sukat nito, at ika-14 sa buong mundo. may tinatayang 111 milyon ang populasyon nito,, kaya ito ang ika-11 pinakamataong bansang sa buong mundo, at pinakamalaking bansa na nagsasalita ng wikang kastila o espanyol. ang mehiko ay isang bansang pederal na binubuo ng tatlumpu't isang estado at isang distritong pederal, ang lungsod ng mehiko, na nagsisilbi rin bilang kabiserang-lungsod. nagsimula ang pagdating ng mga unang tao sa mehiko mahigit 30,000 taon na ang nakararaan. makalipas ang ilang libong taon ng pag-unlad ng mga kalinangan, umusbong sa mga lupain ng bansa ang mga kulturang mesoamerikano, aridoamerikano at oasisamerikano. matapos ang halos 300 taon ng pananaig ng mga kastila, sinimulan ng mga"
laws,tl,wikipedia_tl,"ang salaping kripto (, , o ) ay isang dihital na asset na idinisenyo na gumana bilang daluyan ng palitan () kung saan ang indibidwal na pagmamay-ari ng barya ay nakaimbak sa isang ledyer na umiiral sa anyo ng komputerisadong database na gumagamit ng matibay na kriptograpiya upang maprotektahan ang mga tala ng transaksiyon, kontrolin ang paglikha ng mga karagdagang barya, at patunayan ang paglipat ng pagmamay-ari ng barya. kadalasan, hindi ito umiiral sa pisikal na anyo (gaya ng perang papel) at karaniwang hindi ito iniisyu ng isang sentral na awtoridad. karaniwang gumagamit ang mga salaping kripto ng desentralisadong kontrol sa halip ng sentralisadong salaping dihital at mga sistema ng mga bangko sentral. kapag nagagawa o nalilikha ang isang salaping kripto bago ang pag-iisyu o iniisyu ng iisang taga-isyu, kadalasan itinuturing ito na sentralisado. kapag ipinatupad na may desentralisadong kontrol, gumagana ang bawat salaping kripto sa pamamagitan ng teknolohiya ng nakapamahaging ledyer (), kadalasan isang blockchain, na nagsisilbi bilang as a pampublikong at pinansiyal na database ng transaksiyon. ang bitcoin, unang inilabas bilang noong 2009, ay ang unang desentralisadong"
laws,tl,wikipedia_tl,"ang batas jones o ang philippine autonomy act ay ang batas na nagbibigay sa mga pilipino ng kalayaang magsarili at pangako ng pagkakaloob ng kasarinlan sa pilipinas sa lalong madaling panahon kapag nagkaroon na ang bayan ng isang matatag na pamahalaan. ito ang pinakamahalaga at pinakamataas na batas ng pilipinas simula nang 1916 hanggang 1935 nang pagtibayin ang saligang batas ng pilipinas. ang philippine autonomy act of 1916 na lalong kilala sa tawag na batas jones ay pinanukala ni kinatawan william atkinson jones ng virginia, u.s.a. at nasabatas noong ika-29 ng agosto, 1916.ayon sa preamble ng batas jones,babawiin ng usa ang soberanya nito sa pilipinas at kilalanin ang kalayaan ng mga pilipino makaraang magkaroon ang pilipinas ang isang matatag na pamahalaan. isa pang mahalagang probisyon ng batas jones ang pagtatag ng lehislatura na may dalawang kapulungan,ang senado at ang kapulungan ng mga kinatawan.ang senado ay bubioinng 24 na kasaping inihal at 80 naman sa kapulungan ng kinatawan.may dalawang senador naman ang itinalaga ng gobernador-heneral upang magsilbing kinatawan ng mga pilipinong hindi kristiyano.bagama't batas jones ang unang batas na nagbigay ng pangakong kalayaan"
laws,tl,wikipedia_tl,"si maria leonor gerona robredo (santo tomas gerona noong dalaga; isinilang abril 23, 1965), mas kilala bilang si leni robredo, ay isang pilipinong abogado, pulitiko, at aktibista na nanungkulan bilang ang ika-14 na pangalawang pangulo ng pilipinas. siya ang asawa ng dating kalihim ng interyor at pamahalaang lokal na si jesse robredo. bago siya maging pangalawang pangulo ng bansa, nanunungkulan si robredo bilang kinatawan ng ikatlong distrito ng lalawigan ng camarines sur mula 2013 hanggang 2016. pagkatapos nito, tumakbo siya bilang pangalawang pangulo sa ilalim ng partido liberal, kasama si mar roxas bilang katambalan niya. dito, natalo niya si bongbong marcos nang lagpas 270,000 boto lamang. siya ang ikalawang babaeng pangalawang pangulo ng pilipinas, pagkatapos ni gloria macapagal arroyo noong 1998, at ang unang taga-bikol na umupo sa naturang puwesto. isa siya sa mga tumatakbo bilang susunod na pangulo ng pilipinas sa halalan 2022. kabataan at edukasyon isinilang si maria leonor santo tomas gerona noong abril 23, 1965 sa naga, camarines sur. siya ang panganay sa tatlong anak nina antonio gerona, isang retiradong hukom, at salvacion sto. tomas. sa universidad de sta. isabel sa"
laws,tl,wikipedia_tl,"si king gutierrez (ipinanganak noong 16 nobyembre 1955) ay isang artista mula sa pilipinas na kilala bilang kontrabida sa mga pelikulang aksiyon. dahil siya'y nagpakalbo, tinaguriang bilang si king ""abdul"" gutierrez. madalas maging kontrabida ni fernando poe, jr. sa mga pelikula gaya ng sierra madre, roman rapido, isang bala ka lang, ang padrino, kapag buhay ang inutang, umpisahan mo... tatapusin ko, sigaw ng katarungan, partida, at iyo ang tondo, kanya ang cavite. naging kontrabida rin siya ng kanyang kaibigan na si bong revilla, jr. kabilang sa mga pelikula niya. ilan lamang sa pelikula niya ang sa dibdib ng sierra madre, celeste gang, boboy tibayan, isusumpa mo ang araw nang isilang ka, anak ng supremo at marami pang iba. siya ay panganay na kapatid ng mamamayahag na manlalarong si nap gutierrez at artistang si mia gutierrez. pilmograpiya pelikula mga basang sisiw (1981) sierra madre (1981) kamaong asero(1981) isang bala ka lang (1983) ang padrino (1983)pieta (1983)sigaw ng katarungan (1983)basag ang pula (1984)somewhere (1984)ulo ng gapo (1985)sa dibdib ng sierra madre (1985)baun gang (1985)celeste gang (1985)diary of a killer (1985)anak ng tondo (1985)partida (1985)boboy"
laws,tl,wikipedia_tl,"ang kombensyon sa mga karapatan ng bata ng mga nagkakaisang bansa (ingles: convention on the rights of the child; karaniwang pinapaikli bilang crc o uncrc) ay isang kasunduan sa karapatang pantao na nagtatakda ng karapatang sibil, pampulitika, pang-ekonomiya, panlipunan, pangkalusugan at pangkultura ng mga bata. binigyang-kahulugan ng kombensyon ang bata bilang sinumang taong wala pang labingwalong taon, maliban kung nakakamit ang pagtanda ng karamihan nang mas maaga sa ilalim ng pambansang batas. sumasailalim ang mga bansang nagpapatibay sa kombensyon na ito sa pandaigdigang batas. sinusubaybayan ang pagsunod dito ng komite ng mga karapatan ng bata ng un na binubuo ng mga miyembro mula sa mga iba't ibang bansa sa buong mundo. minsan sa isang taon, nagsusumite ang komite ng ulat sa ikatlong komite ng pangkalahatang kapulungan ng mga nagkakaisang bansa na pinakikinggan din ang pahayag mula sa tagapangulo ng crc, at nagpapatupad ang kapulungan ng pagpapasiya sa mga karapatan ng bata. ang mga pamahalaan ng mga bansang nagpatibay ng kombensyon ay pana-panahong kinakailangan na mag-ulat, at magpakita bago ang komite ng mga karapatan ng bata ng mga nagkakaisang bansa na susuriin sa"
laws,tl,wikipedia_tl,"ang demokrasya (, dēmokratiā, mula sa dēmos 'mga tao' at kratos 'pamamahalaan') ay isang uri ng pamamahala kung saan may awtoridad ang mga tao upang piliin ang kanilang namamahalang lehislasyon. kung sinu-sino ang mga tao at kung paano hinahati ang awtoridad ang mga pangunahing suliranin para sa teorya, pagsusulong, at saligang batas ng demokrasya. kabilang sa pundasyon ng mga suliraning ito ang kalayaang magtipon-tipon at magsalita, inklusibidad at pagkakapantay-pantay, pagkamamamayan, pagsasang-ayon, pagboboto, karapatang mabuhay at mga karapatan ng minorya. sa pangkalahatan, mayroong dalawang uri ng demokrasya: tuwiran at kinatawan. sa tuwirang demokrasya, pinag-uusapan at pinagpapasiyahan ng mga tao mismo ang lehislatura. sa kinatawang demokrasya, inihahalal ng mga tao ang mga kinatawan upang pag-usapan at pagpasiyahan ang lehislatura, tulad sa parlamentong o pampanguluhang demokrasya. pinagsasama ng likidong demokrasya ang mga elemento nitong dalawang saligang uri. gayunpaman, sa paglipas ng panahon, pinababago ang pangngalang ""demokrasya"" ng higit sa 3,500 pang-uri na nagmumungkahi na mayroon itong mga uri na nakaiiwas sa at nakaliligta ng dualidad na ito. ang naging"
laws,tl,wikipedia_tl,"si jose wright diokno , o mas kilala sa kanyang palayaw na ka pepe, ay isang abugado at estadista sa pilipinas. siya ay tinatawag na ""ang ama ng karapatang pantao"". si diokno ay ang nagsimuno ng free legal assistance group o flag, ang pinakamalaking grupo ng abugadong may paglilingkod sa karapatang pantao sa bansa. si diokno rin ay ang nagsimuno ng komisyon ng karapatang pantao (chr) sa pilipinas, na kung saan ang kanyang rebulto ay makikita sa harap ng gusali ng chr. isa siyang senador, abugado, aktibista, manunulat, ama, direktor ng philippine tuberculosis society, inc., kontador, at iba pa. si diokno ay ang pinuno na naglaban sa diktatura ni ferdinand marcos at ang mga militar ng amerikano sa himpilan ng hukbong pandagat ng subic, zambales at sa clark air base, pampanga. sa wakas ay umalis si marcos sa kanyang pusisyon noong people power revolution ng 1986 at ang mga amerikanong militar noong 1992. si diokno rin ay ang ama ng karapatang pantao sa asya, at siya ay nagsulat ng ''declaration of the basic duties of asean peoples and governments"" kasama ng regional council of human rights in asia noong 1983, ang unang deklarasyon ng karapatang pantao sa buong kontinente ng asya."
laws,tl,wikipedia_tl,"tungkol ito sa katiwalian. para sa tauhan sa komiks, pumunta sa corruptor. ang korupsiyon, korapsiyon, katiwalian o pangungurakot (ingles: corruption) ay tumutukoy sa kawalan ng integridad at katapatan. ito ay karaniwang tumutukoy sa pampolitika na korupsiyon na nangyayari kapag ang isang indibidwal na nasa posisyon sa pamahalaan o isang empleyado ng pamahalaan ay umaasal sa kanyang kapasidad bilang opisyal ng pamahalaan para sa hindi nararapat na sariling kapakinabangan. sa pilosopikal, teolohikal, o moral na talakayan, ito ay tumutukoy sa espiritwal o moral na kawalang puridad at paglihis sa anumang kanais nais na pag-aasal. mga gawaing pangungurakot pang-aabuso sa kapangyarihan ang pang-aabuso sa diskresyon ay ang hindi angkop na paggamit ng kapangyarihan ng isang tao at mga pasilidad ng paggawa ng desisyon. ang mga halimbawa ay kinabibilangan ng isang hukom na hindi angkop na nagtakwil ng isang kasong kriminal o isang isang opisyal ng kustom na gumagamit ng kanilang diskresyon sa pagpayag ng isang ipinagbabawal na substansiya sa pagpasok sa isang puerto. ang paglalako ng impluwensiya ang ilegal na kasanayan ng paggamit ng impluwensiya ng isang tao sa pamahalaan o mga"
laws,tl,wikipedia_tl,"sa legal o makabatas na kahulugan, ang mga kalayaang sibil, kilala rin bilang mga kalayaang pangmamamayan, mga kalayaan ng mga mamamayan, mga kalayaan pangsibilyano at mga kalayaan ng sibilyan, ay ang payak na kalayaan ng isang tao, katulad ng kalayaan sa pagsasalita at pagtitipun-tipon, at ang proteksiyon ng mga karapatang ito laban sa pakikialam ng pamahalaan. kasama sa iba pang pangkaraniwang mga kalayaang sibil ang karapatan ng mga tao, kalayaan sa relihiyon, karapatan sa nakalaang proseso, karapatan sa patas na paglilitis, karapatan na magkaroon ng pag-aari, at karapatan sa pribasidad. kasama ng mga karapatang sibil, o ang mga garantiya sa pamamagitan ng batas ng patas na pagtrato at pagkakataong patas para sa lahat ng mga tao, isa ang mga kalayaang sibil sa mga kalayaan, mga proteksiyon, at benepiso na ginagarantiyahan para sa mga tao sa pamamagitan ng batas at ng tradisyon o kaugalian. estados unidos sa estados unidos, ang ""gulugod"" ng mga kalayaang sibil ay ang sampung mga pagbabago o susog sa batas na ginawa sa konstitusyon ng estados unidos. tinatawaga ng mga sampung mga pababagong pangkonstitustyon na ito bilang panukalang batas ng mga karapatan, na nagtatala ng payak"
laws,tl,wikipedia_tl,"ang diborsiyo (kilala din bilang disolusyon ng kasal o pagkabuwag ng kasal) ay ang proseso ng pagwakas ng isang kasal o unyong marital. kadalasang kinakailangan sa diborsiyo ang pagkansela o muling pag-organisa ng mga legal na tungkulin at responsibilidad ng kasal, kaya, binubuwag ang mga bigkis ng matrimonya sa pagitan ng isang mag-asawang kasal sa ilalim ng patakaran ng batas ng partikular na bansa o estado. maaring sabihin na ito ang isang legal na pagbubuwag ng isang kasal ng isang korte o ibang ahensiyang may kakayahan. isa itong prosesong legal ng pagwawakas ng kasal. sa buong mundo, ang malta ang huling bansa na ginawang legal ang diborsiyo nang nagdesisyon ang mga mamamayan nito sa isang reperendum noong 2011. kaya dito, tanging ang pilipinas na lamang, bukod sa lungsod batikano, ang nagtuturing sa diborsiyo bilang ilegal. bagaman, pinapahintulot ng personal na kodigong muslim ang pagdiborsiyo ng mag-asawa sa pilipinas na kinasal sa pamamagitan ng ritong islamiko sa ilalim ng partikular na kalagayan. kaya sa mga hindi kasal sa ritong islamiko, ang annulment o pagpapawalang-bisa ng kasal ay ang tanging legal na paraan para umalis sa estadong kasal sa pilipinas. maari din na"
laws,tl,wikipedia_tl,"ang batas militar ay kakaibang kapangyarihan ng estado na karaniwang ipinatutupad nang panandalian ng isang pamahalaan kapag hindi na nito maayos magampananan ang pamamahala gamit ang sibilyan nitong kapangyarihan (e.g. pagpapanatili ng kaayusan at katiwasayan, o magbigay ng mga unang serbisyo). sa isang ganap na batas militar, ang pinakamataas na opisyal ng militar ang namumuno, o naitatalaga bilang tagapamahala o puno ng pamahalaan, kasabay ng pagbuwag o pagtanggal ng lahat ng kapangyarihan ng mga sangay ng pamahalaan mula tagapagpaganap, tagapagbatas, hanggang panghukuman. maaaring ipatupad ng pamahalaan ang batas militar upang manaig ang kanilang kapangyarihan sa sambayanan. ang ilang insidente ng pagpapatupad ng batas militar ay nangyayari matapos ang isang kudeta (gaya sa thailand noong 2006 at 2014); kapag may banta ng malawakang protesta laban sa pamahalaan (tsina sa tiananmen square noong 1989); upang supilin ang oposisyong politikal (poland noong 1981); sugpuin ang napipintong pag-aalsa (canada, october crisis noong 1970). nagdedeklara rin ng batas militar tuwing may matinding sakuna; ngunit, ang ilang bansa ay gumagamit ng ibang legal na konstruksiyon, gaya ng estado ng"
laws,tl,wikipedia_tl,"ang kataas-taasang hukuman ng pilipinas (o korte suprema ng pilipinas) ay ang pinakamataas na hukuman sa pilipinas, gayon din bilang huling sandigan ng pilipinas. pinamumunuan ito ng punong mahistrado at biinubuo ang hukuman ng 15 na kasamang mahistrado, kabilang ang punong mahistrado. alinsunod sa saligang batas ng 1987, ang kataas-taasang hukuman ang tagapamahala ng lahat ng mga hukuman at lahat ng mga tauhan nito. ang tanggapan ng kataas-taasang hukuman, na dating bahagi ng unibersidad ng pilipinas-maynila, ay matatagpuan sa panulukan ng kalye padre faura at abenida taft sa maynila, at ang pangunahing gusali nito ay nakatapat sa ospital heneral ng pilipinas (pgh). kasaysayan sa mga taong bago maitatag ang opisyal na kataas-taasang hukuman, mayroon ng mga institusyon na nagsasanay ng kapangyarihang panghukuman. bago dumating ang mga kastila, ang kapangyarihan na panghukom ay nasa kamay ng mga pinuno ng barangay. noong unang mga taon ng pamahalaang kastila, ang kapangyarihang ito ay ibinigay kay miguel lópez de legazpi, ang pinakaunang gobernador-heneral ng pilipinas. pinamunuan niya ang hukumang sibil at kriminal sa ilalim ng kautusan real noong agosto 14, 1569. ang kasalukuyang"
laws,tl,wikipedia_tl,"ang panahon ng asuka ay kinilala sa maraming pagbabago sa larangan ng sining, panlipunan at pampolitika na nagsimula sa huling bahagi ng panahon ng kofun. ang pangalang asuka ay galing sa isang rehiyon (timog ng presenteng nara) na kung saan maraming mga pansamantalang kapitolyo ng bansa ang itinayo. sa panahong asuka din sinimulang gamitin ang pangalang nihon o dai nippon para tawagin ang buong bansa ng japan. sa panahong ito, lalo pang umusbong ang estado ng yamato at ang kanyang imperyal na korte. ipinamalas ng korteng ito ang kanyang kontrol sa mga angkang-tribo na nasa kyushu at honshu. nagpataw ito ng mga maharlikang titulo na namamana sa mga pinuno ng mga tribo dito. kapag binanggit ang pangalang yamato noong unang panahon ang ibig sabihin din nito ay kasing kahulugan ng bansang japan. kinilala ang kapangyarihang imperyal ng yamato dahil sa pagpuksa at pagkubkob nila sa iba't ibang angkan at lupain. halaw sa modelo ng sinaunang tsina ang kanilang istrukturang pampolitika. gumawa sila ng isang sentralisadong pamumuno at ng isang maharlikang korte na kinuha nila sa mga pinuno ng mga angkang kanilang sinakop. bagaman sentralisado ang pumunuan hindi sila nagtatag ng isang"
laws,tl,wikipedia_tl,"ang sumusunod na balangkas ay ay paglalahad ng at paksaang gabay sa sinaunang roma: ang sinaunang roma – dating sibilisasyon na namulaklak sa tangway ng italya mula noong ika-8 siglo bc. matatagpuan sa kahabaan ng dagat mediteraneo at nakasentro sa lungsod ng roma, lumago ito upang maging isa sa pinakamalaking imperyo sa sinaunang kasaysayan. esensiya ng sinaunang roma sibilisasyon sinaunang klasiko klasikong roma mundong greco-romano heograpiya ng sinaunang roma mga heograpong romano mga lalawigan ng roma achaea africa asia asiria romanong britanya romanong pananakop ng britain mga gobernador ng roman britain romanong kalsada mula sa silchester papuntang bath mga romanong pook sa gran britanya cappadocia dalmatia dardania romanong ehipto galacia romanong galo romanong gresya hispania insulae romanong judaea romanong herusalem macedonia mesopotamia sicilia mga lungsod na itinatag ng mga romano klima ng sinaunang roma demograpiya ng imperyo ng roma topograpiya ng sinaunang roma lexicon topographicum urbis romae (1993-2000) pamahalaan at politika ng sinaunang roma curia forum cursus honorum kolehiyalidad emperor legatus dux officium praefectus princeps senatus populares vicarius"
laws,tl,wikipedia_tl,"ang termodinamika (mula sa griyegong thermos, init, at dunamis, kapangyarihan; lakas) o initsigan ay sanga ng pisika na nag-aaral sa epekto ng pagbabago sa temperatura, presyon, at buok (volume) sa mga sistemang pisikal sa sukat makroskopyo sa pagsusuri ng kolektibong (o pinagsamang) kilos ng kanilang ng mga partikula sa pamamagitan ng estadistika. sa madaling salita, ang init ay “enerhiyang gumagalaw” at ang dinamika ay tumutukoy sa “paggalaw” nito, kaya sinasabi na ang termodinamika ay nag-aaral sa paggalaw ng enerhiya at kung papaano nakapagpapagalaw ang enerhiya. noong una, umunlad ang termodinamika dahil sa pangangailangang mapainam ang takbo ng mga unang makinang gumagamit ng kulong singaw ng tubig (mga makinang pinasisingawan). pananaw ang unang tinatalakay sa pag-aaral ng termodinamika ay ng mga batas nito na naglilinaw na ang enerhiya ay mapagpapalit sa pagitan ng mga sistemang pisikal bilang init o gawa. naglilinaw din ito sa pag-inog ng kantidad na tinatawag na entropiya na maitatakda sa anumang sistema. sa termodinamika, ang pagniniig ng malalaking kalipunan ng bagay ay mapag-aaralan at maisasaayos. sentral dito ang konsepto ng ‘sistema’ at ‘paligid’. ang isang"
laws,tl,wikipedia_tl,"ang abogado, manananggol o tagapagsanggalang (sa ingles ay lawyer, attorney o defender) ay isang taong pinagkalooban ng lisensiya upang makapagbigay ng payong legal, at para kumatawan sa isang kliyente sa loob ng hukuman o korte. isa itong taong maalam at nag-aral ng batas, kinatawan o taong kumakatawan sa batas (attorney at law sa ingles), tagapagtanggol o tagapayo (konseho), o solisitor (punong opisyal na pambatas), at isang taong may lisensiya upang magkasakatuparan ng batas. ang batas ay isang sistema ng mga panuntunan ng kaasalang inilunsdad ng namumunong pamahalaan ng isang lipunan upang magwasto ng mga kamalian, magpanatili ng katatagan, at magdala ng katarungan. kasama sa hanapbuhay ng pagiging isang manananggol ang kapaki-pakinabang na paggamit at pagpapairal ng abstraktong (baliwag o basal) mga teoriyang legal at kaalaman upang matugunan ang isang tinutukoy na mga suliraning pang-isang tao, o pasulungin ang mga kanaisan ng nagpapanatili o umuupa ng mga abogado upang magsakatuparan ng mga tungkulin o serbisyong pambatas o nasa batas. sa ilang partikular na mga bansa, katulad ng sa hapon, sri lanka, at sa estados unidos, opisyal na pangalan, katawagan, o pamagat sa wikang"
laws,tl,wikipedia_tl,"ang saligang batas ng pilipinas ng 1987 ang kasalukuyang saligang batas ng pilipinas na pinagtibay sa ilalim ng pamamahala ni pangulong corazon aquino. ito ang pumalit sa saligang batas ng pilipinas ng 1973 na pinagtibay noong panahon ni ferdinand marcos. kasunod ng rebolusyong edsa ng 1986 na nagpatalsik kay ferdinand marcos at kasunod ng kaniyang pasinaya, ipinahayag ni aquino ang proklamasyon blg. 3 noong marso 1986 na nagdedeklara ng pambansang patakaran upang ipatupad ang mga repormang ipinanukala ng mga tao, mangangalaga ng kanilang mga pangunahing karapatan, pagtanggap ng isang pansamantalang saligang batas at pagbibigay ng maayos na salin sa isang pamahalaang nasa ilalim ng bagong saligang batas. proklamasyon blg. 9 na lumilikha ng isang komisyong konstitusyonal (na pinaikling ""con-com"") upang ibalangkas ang isang bagong saligang batas na magpapalit sa saligang batas ng 1973 na ipinatupad noong panahon ng batas militar sa ilalim ng rehimeng marcos. humirang si aquino ng 50 kasapi sa komisyon. hinugot ang mga kasapi nito mula sa iba't ibang mga larangan kabilang ang ilang mga dating mambabatas, ang dating punong mahistrado ng kataas-taasang hukuman ng pilipinas na si"
laws,tl,wikipedia_tl,"isinagawa ang isang plebisito noong 2 pebrero 1987 para sa pagpapatibay ng isang bagong saligang batas ng pilipinas. ang plebisitong ito ay umaayon sa proklamasyon blg. 3, na inihayag ni dating pangulong corazon aquino noong 25 marso 1986 na nagbubuwag sa tanggapan ng punong ministro at sa regular na batasang pambansa bilang mga susog sa saligang batas ng 1973. kasaysayan noong 1986, kasunod ng rebolusyong edsa ng 1986 na nagpatalsik kay ferdinand marcos bilang pangulo ng bansa at kasunod ng kanyang inaugurasyon bilang pangulo, si corazon aquino ay nagpahayag ng prokalamasyon blg. 3, na nagdedeklara ng pambansang patakaran upang ipatupad ang mga repormang minandato ng mga tao, magprotetka ng kanilang mga pangunahing karapatan, pagtanggap ng isang probisyonal na konstitusyon at pagbibigay ng maayos na salin sa isang pamahalaang nasa ilalim ng bagong konstitusyon. kalaunan ay nag-isyu si pangulong corazon aquino ng proklamasyon blg. 9 na lumilikha ng isang komisyong konstitusyonal (na pinaikling ""concom"") upang ibalangkas ang isang bagong saligang batas na magpapalit sa saligang batas ng pilipinas ng 1973 na ipinatupad noong panahon ng batas militar. humirang si aquino ng 50 kasapi"
laws,tl,wikipedia_tl,"si josé paciano laurel y garcía (marso 9, 1891 – nobyembre 6, 1959) ay pilipinong politiko, abogado, at hukom na itinatagurian bilang ikatlong pangulo ng pilipinas. pinamahalaan niya ang ikalawang republika ng bansa, isang estadong papet ng imperyong hapones noong ikalawang digmaang pandaigdig, mula 1943 hanggang 1945. isinilang si laurel sa tanauan, batangas noong 9 marso 1891 anak nina sotera laurel at jacob garcia. nagtapos siya ng abogasya sa u.p. noong 1915. pagkatapos ay, hinirang na kalihim panloob ni gob. hen. wood noong 1923 at naging associate justice noong 1935. nanungkulan siya bilang pangulo ng kataas-taasang hukuman nang sumiklab ang ikalawang digmaang pandaigdig at itinalaga siyang kalihim ng katarungan ni quezon bago lumisan. pinili si laurel ng mga hapon upang magsilbing pangulo ng ikalawang republika ng pilipinas. pinangalagaan niya ang kapakanan ng bansa sa gitna ng mga kalupitan ng mga hapon. ibinilanggo siya bilang ""collaborator"" pagkaraan ng digmaan ngunit pinalaya ni pangulong roxas noong 1948. noong 6 nobyembre 1959, namatay si laurel sa grabeng atake sa puso at istroke. talambuhay maagang buhay si josé paciano laurel y garcía ay ipinanganak noong 9 marso"
laws,tl,wikipedia_tl,"ang rehiyong awtonomo ng bangsamoro (ingles: bangsamoro autonomous region arabo: منطقة بانجسامورو ذاتية الحكم munṭiqah banjisāmūrū dhātiyyah al-ḥukm), kilala sa opisyal na pangalang rehiyong awtonomo ng bangsamoro sa muslim mindanao (ingles: bangsamoro autonomous region in muslim mindanao) (barmm) at kilala rin bilang simpleng bangsamoro, o sa iba ay moroland, ay isang autonomous na rehiyon sa loob ng pilipinas. ito ay bahagi ng framework agreement sa bangsamoro, isang paunang kasunduan sa kapayapaan na pinirmahan sa pagitan ng moro islamic liberation front at ng pamahalaan. nang si rodrigo duterte ay nanalo bilang pangulo ng pilipinas noong 2016, inihayag ng kanyang administrasyon na ang bill ng bangsamoro basic law (bbl) ay liliko sa halip na makuha ng 17th congress of the philippines. gayunpaman, noong 2018, ang panukalang ito ay binuhay muli bilang organic law para sa bangsamoro autonomous region sa muslim mindanao (barmm) o bangsamoro organic law, isang binagong bersyon ng bbl. pagkatapos ma-ratify ng kongreso, ang panukalang batas ay nilagdaan. ang pinalitan ng umiiral na awtonomong rehiyon sa muslim mindanao (armm), ang bangsamoro autonomous region ay nabuo matapos magpasya"
laws,tl,wikipedia_tl,"panunungkulan pangulo: benigno aquino iii (liberal) pangalawang pangulo: jejomar binay (pdp-laban) kongreso ng pilipinas: ika-15 na kongreso ng pilipinas pangulo ng mataas na kapulungan (senado): juan ponce enrile ispiker ng mababang kapulungan (kapulungan ng mga kinatawan): feliciano belmonte, jr. punong mahistrado: renato corona (hanggang mayo 29); antonio carpio (mayo 29-agosto 24); maria lourdes sereno (simula agosto 24) kaganapan enero enero 5 -- ang pagguho ng lupa sa minahan ng ginto sa lambak ng compostela na ikinasawi ng higit sa 30-katao at mahigit isandaan pa ang nawawala. enero 13 -- ibinalik ng estados unidos sa pilipinas ang isang daang libong dolyar na halaga na nakumpiska sa mga anak ni dating mgen. carlos garcia. enero 16 -- nagsimula ang impeachment trial kay punong mahistrado renato corona kaugnay sa umano'y kabiguan niyang ibunyag ang lahat ng kanyang kayamanan sa kanyang statement of assets, liabilities and net worth (saln). pebrero pebrero 6 -- nasa mga 50 katao ang namatay sa isang 6.7-magnitude na lindol malapit sa pulo ng negros. marso marso 1 inayudahan ang paglikas ng mga pilipino sa siria inayudahan. kinasuhan ang 22 kasapi ng kapatirang lambdha rho sa"
laws,tl,wikipedia_tl,"ang banal na imperyong romano o imperyo romanong banal ( o hre; , ) ay isang unyon ng mga teritoryo sa gitnang europa noong gitnang panahon sa ilalim ng pamumuno ng banal na emperador romano. nabuo ang imperyo noong ika-10 siglo buhat sa sangay ng pamilyang carolingian at dinastiyang otto. si otto i ang unang banal na romanong emperador noong 962 ad. galing ang pangalan nito, banal na imperyong romano mula sa paniniwala ng pamunuan nito noong gitnang panahon patungkol sa pagiging banal, sa desisyong ito ay ang pagpapatuloy ng pamamayagpag ng imperyong romano at ang pagpapatupad ng kagustuhan ng diyos sa pamamaraang kristiyano. unang ginamit ang pariralang sacrum imperium noong 1157, sa panahon ni frederick barbarossa (1122-1190) habang ang sacrum imperium romanum naman ay lumitaw lamang 1184, at may kaukulang pamantayan na gagamitin lamang hanggang 1254. nadagdag lamang ang bahaging nationis germanicae (bansang aleman) noong ika-15 siglo. sa pagtagal ng panahon, lumawak ang nasasakupan ng imperyo kung saan napabilang ang maraming bansa sa gitna at katimugang europa, gaya ng kaharian ng alemanya, sa kaharian ng italya, at sa kaharian ng borgonya; mga teritoryong hawak ng"
laws,tl,wikipedia_tl,"huwag itong ikalito sa aestetika. etika o palaasalan ang pangkalahatang termino na madalas inilalarawan na ""agham ng moralidad"". sa pilosopiya, ang etikal na pag-uugali ay ang ""kabutihan"". ito ang isa sa tatlong pangunahing paksa ng pagsasaliksik sa pilosopiya, kasama ang metapisika at lohika. 'ang layunin ng teoriya ng etika ay ang timbangin kung ano ang mabuti, para sa bawat isa at para sa buong lipunan. iba-iba ang paninindigan ng mga pilosopo sa kanilang pagbibigay-kahulugan sa kung ano ang kabutihan, sa kung paano tatalakayin ang nagsasalungatang pampersonal na prayoridad laban sa panlahat, sa mga pangsanglahat na prinsipyong pang-etika laban sa ""etikang pangsitwasyon"" na nagsasabing batay sa sitwasyon ang pagiging mabuti at hindi dahil sa isang pangkalahatang batas, at kung batay sa bunga ng isang kilos ang kabutihan o batay sa uri ng pamamaraan kung paanong narating ang isang resulta.' (jennifer p. tanabe, contemplating unification thought) kasaysayan ng etika nagsimula sa mga sinaunang griego, at ng mga sumunod na mga romano, ang pormal na pag-aaral ng etika sa isang seryoso at analitikong pamamaraan. kabilang sa mga mahahalagang etisistang griego ang mga sopista"
laws,tl,wikipedia_tl,"ang unang susog ng saligang batas ng estados unidos ay nagpipigil sa gobyerno ng estados unidos sa paggawa ng mga batas na nangangasiwa sa pagtatatag ng isang relihiyon o nagpipigil sa malayang pagsasanay ng relihiyon o nag-aalis sa kalayaan ng pagsasalita, kalayaan ng press(media), kalayaan ng pagpupulong o karapatan na himukin ang pamahalaan sa paglutas ng mga pagkasiphayo. ito ay nilikha noong disyembre 15, 1791 bilang isa sa mga 10 susog na bumubuo sa katipunan ng mga karapatan. ang katipunan ng mga karapatan ay isinulong upang papayapain ang pagtutol ng mga anti-pederalista sa ratipisayon ng saligang batas ng estados unidos. sa simula, ang unang susog ay nilalapat lamang sa mga batas na ipinasa ng kongreso ng estados unidos at ang karamihan sa mga probisyon nito ay pinakahulugan sa mas makitid na paraan kesa sa kasalukuyang panahon. sa everson v. board of education (1947), ang korte suprema ng estados unidos ay humango sa liham ni thomas jefferson na tumatawag para sa ""isang pader ng paghihiwalay ng simbahan at estado"" bagaman ang tiyak na hangganan nito ay nanatiling pinagtatalunan. ang mga karapatan sa paagsasalita ay malawakang pinalawig sa mga sunod sunod na desisyon ng"
laws,tl,wikipedia_tl,"si bernardito cleopas auza ay isang pilipinong prelado ng simbahang katolika. siya ay kasalukuyang apostolikong nunsyo sa espanya, itinalaga sa posisyon na iyon noong 1 oktubre 2019. bago ito, siya'y nagsilbi siya sa ilalim ng serbisyong diplomatiko ng banal na luklukan, pati na rin ang pagiging palagiang tagamasid ng banal na luklukan sa mga nagkakaisang bansa mula 2014 hanggang 2019. unang bahagi ng talambuhay isinilang si auza noong 10 hunyo 1959 sa balintawak, talibon, bohol, pilipinas, ikawalo sa mga labindalawang anak nina meliton garcia auza at magdalena polestico cleopas. pagkatapos ng paunang edukasyon sa talibon, siya'y pumasok sa seminaryo ng kalinis-linisang puso ni maria sa lungsod ng tacloban. pagkatapos pumasok siya sa pamantasan ng santo tomas, maynila, na nakamit niya ng kanyang lisensyado sa pilosopiya noong 1981, lisensyado sa teolohiya noong 1986, at pantas sa edukasyon noong 1986 din. inordenan si auza bilang isang pari ni obispo daniel francis walsh ng katolikong romanong diyosesis ng santa rosa sa california noong 29 hunyo 1985. sa pamantasang pampuntipika ng santo tomas aquino (angelicum), nakamit niya ang lisensyado sa batas-kanon noong 1989 at paham sa"
laws,tl,wikipedia_tl,"ang himno ng bangsamoro ay ang pangrehiyong himno ng rehiyong awtonomo ng bangsamoro sa muslim mindanao na isang rehiyong maaaring gumabay sa sarili sa katimugang pilipinas . pangyayari sa ilalim ng batayang batas para sa bangsamoro , ang karta ng rehiyong awtonomo ng bangsamoro sa muslim mindanao (ingles: bangsamoro autonomous region in muslim mindanao; barmm) na pumapalit sa dating rehiyong awtonomo ng muslim mindanao (ingles: autonomous region in muslim mindanao; armm) ay may karapatang magkaroon ng sariling panrehiyong himno . bago ang pagpapatibay ng batayang batas para sa bangsamoro, ang bangsamoro na mayroon nang sariling panrehiyong himno ay pinagdedebatihan. ang kinatawan ng buhay partylist na si lito atienza ay nagsasabi na ang isang hiwalay na ""awit"" para sa rehiyon ng bangsamoro ay hindi naghihikayat sa pambansang pagkakaisa at kung ang awit ay katulad ng mga himno na ginagamit ng ibang mga yunit ng pamahalaang lokal, iginiit niya ang pagmungkahi ng isang batas na malinaw na nagsasaad ng ""himno"" sa halip na ""awit. "". noong pebrero 2019, ang bangsamoro transition authority ay naglunsad ng kumpetisyon para sa pagbuo ng isang bagong himno para sa bangsamoro, kasama rin sa"
laws,tl,wikipedia_tl,"ang 2000 sa pilipinas ay dinidetalye ang mga pangyayari na may kahalagaan na nangyari sa pilipinas noong taong 2000. panunungkulan pangulo: joseph estrada (pmp) pangalawang pangulo: gloria macapagal-arroyo (lakas) pangulo ng senado: blas ople (hanggang hulyo 12); franklin drilon (hulyo 12-nobyembre 13); aquilino pimentel, jr. (mula nobyembre 13) ispiker ng kapulungan: manuel villar punong mahistrado: hilario davide kongreso ng pilipinas: ika-11 kongreso ng pilipinas kaganapan kronolohiya enero 1 – ipinagdiriwang ng pilipinas ang bagong 2000 milenyo sa buong bansa. marso 15 – ipinahayag ni pangulong estrada ang ""all-out-war"" laban sa moro islamic liberation front (milf). abril 19 – bumagsak ang air philippines flight 541 boeing 737-2h4 sa island garden city of samal, davao del norte, ikinasawi ng 131, ang pinakamalalang aksidente sa himpapawid sa kasaysayan ng pilipinas. mayo 3 – binihag ng mga teroristang abu sayyaf ang 21 katao, kabilang ang 10 mga turista at 11 mga manggagawa sa resort, sa isla ng sipadan, malaysia. ang krisis sa pagbihag ay tumagal ng apat na buwan. mayo 4 – agham at teknolohiya. matapos magmula sa pilipinas, ang iloveyou computer virus, ay mabilis na kumalat"
laws,tl,wikipedia_tl,"ang hukuman ng pag-aapela () ay isang kalipunan ng hukuman sa pag-aapela sa pilipinas. binubuo ang hukuman ng pag-aapela ng isang namumunong mahistrado at animnapu't walong kasamang mahistrado. alinsunod sa saligang batas, ang hukuman ng pag-aapela ay ""hindi lamang nirerepaso ang mga pasya ng mga panrehiyong hukuman sa paglilitis, mga gawad, mga husga, huling kautusan o resolusyon ng, o inawtorisa ng mga ahensyang administratibo na ginanap ang tungkuling kuwasi-hudisyal na binabanggit sa patakaran 43 ng mga patakaran ng pamamaraang sibil (rules of civil procedure) ng 1997, dagdag pa dito ang pambasang komisyon sa amnestiya (pampangulong proklamasyon blg. 347 ng 1994) at ang tanggapan ng tanodbayan."" sa ilalim ng batas republika blg. 9282, na itinaas ang hukuman ng pag-aapela sa buwis sa parehong antas ng hukuman ng pag-aapela, sumasailalim ang pasyang en banc ng hukuman ng pag-aapela sa buwis sa pagrepaso ng kataas-taasang hukuman sa halip ng hukuman ng pag-aapela (taliwas sa kung ano ang kasalukuyang binigay sa seksyon 1, patakaran 43 ng mga patakaran ng hukuman). dinagdag sa mabigat na listahan ang mga desisyon at resolution ng pambansang komisyon ng ugnayan sa paggawa na"
laws,tl,wikipedia_tl,"ang creative commons (cc) ay isang organisasyong hindi naglalayong kumita. pangunahing layunin ng organisasyong ito ang mapayabong ang antas ng malilikhaing katha, gawa, komposisyon o intekwal na pagaari na maaring ibahagi sa iba ng legal. ang pamamahagi sa ilalim ng prinsipyong ito ay nakasalalay sa ibat ibang kondisyong inilatag ng mag-akda o katha sa kaniyang gawa. ang layunin ang huwebsayt (website) ng creative commons ay nagbibigay ng kakayahan sa mga nagmamayari ng karapatang ari o copyrights na bigyan ang publiko ng mga karapatan, habang pinanatili ng sarili niyang karapatan at pagkilala. ang karapatang kaniyang ibinabahagi sa iba ay nakapaloob sa lisensiya. ilang sa mga karapatan na ito ay ang maipamahagi sa iba ang katha, mabago ito, o mapagkakitaan. gayumpaman, sa ibang lisensiya, limitado ang mga karapatan na ito. pinapayuhan ang publiko na basahing maigi ang nilalaman ng lisensiya. masasabing ang panunahing intensiyon sa likod ng cc ay ang maiwasan ang suliranin hingil sa kasalukuyang batas patungkol sa karapatang ari. kasaysayan ang kasaysayan ng mga lisensiyang cc ay maaring ibalik sa panahon pa ng open public license o opl at ng gnu free documentation license o"
laws,tl,wikipedia_tl,"huwag itong ikalito sa deuterokanoniko. ang aklat ng deuteronomio ay ang ika-lima at ang huling aklat ng torah o pentateuco. nangangahulugang ""ikalawang batas"" ang salitang deuteronomio, ngunit hindi nakalahad sa librong ito ang isang bagong batas, bagkus isang pag-uulit at pagbubuo lang ng batas mula sa diyos sa bundok ng sinai. itinuturing na buod lamang ito ng mga kaganapang nangyari na sa iba pang mga aklat ng pentateuco, kaya't isa lamang itong huling habilin ni moises para sa bayang israel, bago siya sumakabilang-buhay sa edad na 120. kaugnayan sa bagong tipan gumamit ng ilang mga bahagi rito si hesus, katulad ng sa mga sinabi niya laban kay satanas sa ebanghelyo ni mateo (mt 4; dt 6, 13), at maging ang mga binanggit niya sa isang manananggol hinggil sa unang utos ng diyos, na matatagpuan rin sa ebanghelyo ni mateo (mt 22, 35-39; dt 6, 4). komposisyon kasaysayan ng pagkakasulat simula ng ebidensiyang iminungkahi ni w.m.l de wette noong 1805, tinanggap ng mga modernong skolar na ang kaibuturan ng deuteronomio ay nilikha sa herusalem noong ika-7 siglo bce sa konteksto ng mga repormang relihiyosong isinulong ng haring si josias (na sinasabing naghari noong 641-609 bce). ang"
laws,tl,wikipedia_tl,"si aida fulleros santos-maranan ay isang makabuluhang personalidad sa pilipinas bilang isang peminista, aktibista, makata, at guro na nakatuon sa mga isyu ng karapatang pantao at kababaihan. ipinakita niya ang kanyang dedikasyon sa pagsulong ng mga layunin ng mga kababaihan sa pamamagitan ng pagtatag ng center for women's studies foundation inc. (cwsfi), isang organisasyon na naglalayong magbigay ng proteksyon at pagtatanggol sa karapatan ng mga kababaihan sa pamamagitan ng pananaliksik, pagsasanay, at edukasyon. sa ilalim ng kanyang liderato, nakamit ng mga kasapi ng cwsfi ang mas malawak na kaalaman at paglahok sa mga panlipunang gawain. si santos ay isang kilalang personalidad sa pilipinas dahil sa kanyang mga kontribusyon sa mga isyu ng karapatang pantao at ng kababaihan. isa siya sa mga nagtatag ng center for women's studies foundation inc. (cwsfi), isang organisasyon na naglalayong magbigay ng proteksyon at pagtatanggol sa karapatan ng mga kababaihan sa pamamagitan ng pananaliksik, pagsasanay, at edukasyon. bilang propesor emeritus sa unibersidad ng pilipinas diliman, nagturo si santos ng mga kurso tungkol sa kababaihan at literatura. siya rin ay isang makata at manunulat ng"
laws,tl,wikipedia_tl,"ang pisika (; mula sa ) ay isang natural na agham na sumasangkot sa pag-aaral ng materya at mosyon nito sa espasyo-panahon kasama ng mga kaugnay na konseptong gaya ng enerhiya at pwersa. sa malawak na paglalarawan, ito ang pangkalahatang analisis o pagsisiyasat ng kalikasan na isinasagawa upang maunawaan kung paano umaasal ang sansinukob. ang sugnayan ang isa sa mga pinakamatandang disiplinang pantalisikan na marahil ang pinakamatanda sa pamamamagitan nito ng dalubtalaan. sa paglipas ng mga huling milenya, ang sugnayan ang kabahagi ng natural na pilosopiya kasama ng kemika, ilang mga sangay ng matematika, at biolohiya ngunit noong himagsikang siyentipiko noong ika-16 siglo, ang mga natural na agham ay lumitaw bilang walang katulad na mga programang pagsasaliksik sa kanilang sarili. ang sugnayan ay bumabagtas sa maraming mga interdisiplinaryong mga area ng pagsasaliksik gaya ng biopisika at kemikang kwantum at ang mga hangganan ng sugnayan ay hindi mahigpit na inilalarawan. ang mga ideya sa sunayan ay kadalasang nagpapaliwanag ng mga pundamental na mekanismo ng ibang mga agham habang nagbubukas ng mga bagong pamamaraan ng pagsasaliksik sa mga sakop gaya ng matematika at pilosopiya."
laws,tl,wikipedia_tl,"si moises () ay itinuturing na pinakamahalagang propeta sa hudaismo at isa sa pinakamahalagang mga propeta sa kristiyanismo, islam, ang pananampalataya ni druze, ang baháʼí faith at iba pang relihiyong abrahamiko. ayon sa bibliya at quran, si moises ang pinuno ng mga israelita at tagapagbigay ng batas kung kanino may-akda, o ""pagkuha mula sa langit"", ng torah (ang unang limang aklat ng bibliya) ay iniuugnay. ayon sa aklat ng exodo, si moises ay isinilang sa panahon na ang kanyang mga tao, ang mga israelita, isang inaaliping minorya, ay dumarami ang populasyon at, bilang resulta, ang egyptian pharaoh nag-aalala na baka sila ay makipagkampi sa mga kaaway ng ehipto. hebreo na ina ni moises, jocebed, lihim siyang itinago nang utusan ni paraon na patayin ang lahat ng bagong silang na batang lalaki na hebreo upang mabawasan ang populasyon ng mga israelita. sa pamamagitan ng anak na babae ni paraon (nakilala bilang reyna bithia sa midrash), ang bata ay inampon bilang foundling mula sa nile at lumaki kasama ng egyptian maharlikang pamilya. matapos patayin ang isang panginoong alipin na ehipsiyo na bumubugbog sa isang hebreo, si moises ay tumakas sa red sea patungo sa midian, kung saan"
laws,tl,wikipedia_tl,"ang israel at opisyal na kilala bilang estado ng israel (hebreo: מְדִינַת יִשְׂרָאֵל, medīnat yisrā'el; arabiko: دَوْلَة إِسْرَائِيل, dawlat isrāʼīl) ay isang republikang parlamento sa gitnang silangan sa katimugang silangang baybayin ng dagat mediterraneo. ito ay nahahangganan ng mga bansang lebanon sa hilaga, syria sa hilagang silangan, jordan at west bank sa silangan, ehipto at gaza strip sa timog kanluran at golpo ng aqaba sa dagat pula sa timog. kasunod ng pagtanggap ng isang resolusyon ng united nations general assembly noong 29 nobyembre 1947 na nagrerekomiyenda ng pagtanggap at implementasyon ng planong paghahati ng mandatoryong palestina ng united nations, idineklara ni david ben-gurion na ehekutibong puno ng organisasyong zionista ng daigdig at presidente ng ahensiyang hudyo para sa palestina ""ang pagkakatatag ng estadong hudyo sa eretz israel na kikilalanin bilang estado ng israel"" noong 14 mayo 1948. ang mga kapitbahay na estadong arabo ay sumakop sa israel nang sumunod na araw bilang pagsuporta sa mga arabong palestino. mula nito, ang israel ay nakipagdigmaan sa mga kapitbahay na estadong arabo na sa kurso nito ay sumakop sa west bank, peninsulang sinai (sa pagitan ng"
laws,tl,wikipedia_tl,"ang homoseksuwalidad o homosekswalidad ay romantikong atraksiyon, atraksiyong seksuwal o gawaing seksuwal sa mga kasapi ng magkatulad na kasarian. ito ay bahagi ng katangian o katauhan ng isang tao. bilang isang seksuwal na orientasyon, tumutukoy ang homoseksuwalidad sa ""permanenteng pagnanais na makaranas ng seksuwal, magiliw, o romantikong atraksiyon"" pangunahin o natatangi sa mga taong katulad na kasarian. ""tumutukoy din ito sa pagkakakilanlang pampersonal o panlipunan batay sa mga nabanggit na atraksiyon, mga kilos na ipinapakita nila, at sa pagsanib sa komunidad kung saan sila kabahagi."" isa ang homoseksuwalidad sa tatlong pangunahing kaurian ng oryentasyong seksuwal, kasama nang biseksuwalidad at heteroseksuwalidad. ayon sa mga siyentipiko at sa pagkakaunawang medikal, ang oryentasyong seksuwal ay hindi pinipili, bagkus ay isang komplikadong pagsasama ng mga dahilang biolohikal at pangkapaligiran. bagamat mayroon pa rin naniniwala na ang mga gawaing homoseksuwal ay ""hindi natural"" o ""dispunksiyunal"", ipinapakita ng mga pagsasaliksik na ang homoseksuwalidad ay isang halimbawa ng normal at natural na kaurian ng seksuwalidad ng tao at hindi ng isang epekto ng negatibong"
laws,tl,wikipedia_tl,"ang ay salitang nihonggo na nangangahulugang ""pagbabago"" o ""taliwas sa karaniwan"" na ginagamit sa biyolohiya na pang-tukoy sa metamorposis. bagaman, sa kolokyal na gamit, tumutukoy ito sa mga ""pagiging mahalay"" at ginagamit sa labas ng bansang hapon at sa kalakha ng mga kanluraning bansa at sa mga bansang nagsasalita ng wikang ingles bilang tumutukoy sa anime, manga, mga larong pang-kompyuter, na may hayag na sekswal o pornograpikong nilalaman. sa hapon, ang salitang hentai ay isang kanji na tinatambalan ng 変 (hen kahulugan ""kaibahan"" ""kalituhan"" o ""iba"") at 態 (tai kahulugan ""pag-uugali"" o ""panlabas""). sa salitang balbal, ang 変 态 (hentai) ay ginagamit bilang isang ma-insultong kahulugan na tinatayang ""masamang tao"" o ""wirdi"". ang kataga ay hindi madalas na ginagamit sa pornograpiya sa hapon. sa halip, ang mga kataga tulad ng 18-kin (18禁, literal ""18-prohibited"") na ibig sabihin ay ""ipinagbabawal sa mga hindi pa 18 taong gulang"", at seijin manga (成人漫画""adult manga"") ay ginagamit kapag tumutukoy sa pornograpiya. ang mga titik ingles av ay ginagamit din, na nakatayo para sa mga matatandang palabas. h, o ecchi ang ingles na paggamit ng ""hentai"" ay mas katulad sa paraan na ang ginagamit"
laws,tl,wikipedia_tl,"ang kasunlaran o ebolusyon ay ang pagbabago sa mga namamanang katangian ng mga populasyon ng organismo sa loob ng mga sunod-sunod na henerasyon sa paglipas ng mahabang panahon. ang kasunlaran ang paliwanag na tinatanggap sa agham ng paglitaw ng mga magkakaiba ngunit magkakaugnay na mga anyo ng buhay sa mundo. ang sentral na ideya ng kasunlarang biyolohikal ay ang lahat ng mga anyo ng buhay sa mundo ay nagsasalo ng isang pinagmulang karaniwang ninuno. ito ay nangangahulugang ang mga organismo mula sa mga tao, ibon, mga balyena at hanggang sa mga halaman ay mga magkakamag-anak. ang karaniwang ninuno na ito ay nagsanga o naghiwalay sa iba't ibang mga species(espesye) sa pangyayaring tinatawag na speciation. sa paglipas ng mahabang panahon, ang kasunlaran ay lumikha at kasalukuyan pa ring lumilikha ng mga pagbabago at mga iba't ibang espesye sanhi ng mga pagbabagong pangkasunlaran na natural na seleksiyon, mutasyon, daloy ng gene, at genetic drift. si charles darwin ang unang bumuo ng argumentong siyentipiko para sa teoriya ng kasunlaran sa pamamagitan ng natural na seleksiyon. ang kasunlaran sa pamamagitan ng natural na seleksiyon ay hinahango mula sa tatlong mga katotohanan tungkol"
laws,tl,wikipedia_tl,"ang pananaig ng batas () ay ang konseptong legal kung saan ang panuntunan ng batas ang nangingibabaw o nasusunod at di-dahil sa ito'y sadyang kapasiyahan o kagustuhan lamang ng opisyal ng pamahalaan. pangunahing tinutukoy nito ang impluwensiya at awtoridad ng batas sa isang lipunan, partikular na bilang limitasyon na rin sa pag-aasal ng mga opisyal ng pamahalaan. unang ginamit ang naturang parirala noong mga ika-16 na dantaon, at pinasikat noong ika-19 na dantaon ng isang briton na jurist na si a. v. dicey. pamilyar na ang konsepto sa mga sinaunang pilosopo gaya ni aristotle, na nagsulát na ang ""batas ang dapat mamahala"". ipinahihiwatig ng pananaig ng batas na ang bawat mamamayan ay saklaw nito, pati na rin ang gumagawa ng batas. sa ganitong dahilan, naitatangì ito sa isang awtokrasya, kolektibong pamumuno, diktadura, oligarkiya, na kung saan hindi karaniwang nasasaklaw ng batas ang mga namamahala (hindi nangangahulugan, ngunit tipikal lamang). ang kawalan ng pananaig ng batas ay makikita sa mga demokrasya at diktadura, at maaaring mangyari dahil sa kapabayaan o kamangmangan sa batas, katiwalian, o kawalan ng mekanismo upang maituwid ang pang-aabuso sa pamamahala, gaya ng: isang"
laws,tl,wikipedia_tl,"ang aklat ng mga hukom o mga hukom ay ang ika-pitong aklat sa nevi'im ng tanakh at sa lumang tipan ng bibliya. dito nakatitik ang kasaysayan ng ""labindalawang bayani"" ng bayang israel, ang mga isinugo ng diyos para maging mga pinuno ng mga hukbo sa kapanahunan ng pakikidigma at mga tagapagdaos ng katarungan kung panahon naman ng kapayapaan. panahon sumasakop ang kapanahunan ng aklat na ito mula sa pagsakabilang-buhay ni josue magpahanggang pagtatatag ng kaharian (mga 13 bk hanggang 11 bk). tinatalakay rin sa mga pahina ng librong ito ang kasaysayan ng anim na pangunahing mga hukom: sina otoniel, ehud, barac, gideon, jefte, at samson. layunin ipinapakita sa aklat ng mga hukom na nababatay sa pagsunod at di-pagsunod ng mga mamamayang israelita sa batas ng diyos ang katayuan ng kanilang katiwasayan. kapag nagkakamit sila ng kasalanan, nagagapi sila ng mga kalaban; samantalang kapag nagsisipagsisi sila, napapadalhan sila ng mga hukom, ang mga tagapagligtas nila mula sa anumang panganib. mga bahagi binubuo ng tatlong mga bahagi ang aklat ng mga hukom: ang palestina pagkamatay ni josue (1, 1-3, 6)kasaysayan ng mga hukom (3, 7-16, 31)ang mga lipi nina dan at benjamin sa kapanahunan ng"
laws,tl,wikipedia_tl,"ang mga karapatan sa yamang isip sa mga retrato ay protektado ng mga batas na tumatakda sa karapatang-ari at mga karapatang moral sa iba't ibang mga hurisdiksiyon. sa ilang mga kaso, maaring restriktado ng batas sibil o batas kriminal ang potograpiya. ang paglathala ng ilang mga retrato ay maaring nililimitahan ng pribasidad o ibang mga batas. pangkalahatang nililimitahan ang potograpiya alang-alang sa kapakanan ng pampublikong moralidad at ng proteksiyon ng mga bata. samu't sari ang mga tugon sa lipunan hinggil sa potograpiya. kahit na walang opisyal na mga hangganan sa potograpiya, may mga pagtutol sa pagkuha ng mga retrato ng mga tao o pook. iba't iba ang mga tugon, mula sa mga reklamo hanggang sa karahasan sa potograpiya na hindi namang iligal. pilipinas mayroong isang pagtatalo sa pagitan ng mga retratistang filipino at mga nangangasiwa ng mga establisimiyento sa pilipinas. noong hunyo 12, 2013, araw ng kalayaan, naglunsad ang bawal mag-shoot dito, isang samahang maka-potograpiya, ng isang protestang tinawag na freedom to shoot day sa luneta. iprinotesta ng pangkat ang kanilang karapatan para kumuha ng mga retrato sa makasaysayan at pampublikong mga lugar, lalo na sa luneta"
laws,tl,wikipedia_tl,"ang hangganang inglatera-eskosya sa pagitan ng inglatera at eskosya ay tumatakbo para sa 96 milya (154 km) sa pagitan ng marshall meadows bay sa silangan baybayin at ang solway firth sa kanluran. ito ay hangganan ng lupain lamang ng scotland sa ibang bansa, at isa sa england na dalawa (ang iba ay nasa gales ). ang firth of forth ay ang hangganan sa pagitan ng picto- gaelic kingdom of alba at ang anglian kingdom of northumbria noong unang bahagi ng ika-10 siglo. ito ang naging unang hangganan ng inglatera at eskosya sa pagsasanib ng northumbria ng anglo-sahon inglatera noong kalagitnaan ng ika-10 siglo. noong 973, si kenneth, hari ng mga eskoses ay dumalo sa ingles na hari, si edgar ang mapayapang , sa kanyang konseho sa chester . matapos tanggapin si kenneth, iginawad ni edgar si kenneth sa pamamagitan ng pagbibigay sa kanya ng lothian . sa kabila ng transaksyon na ito, ang kontrol ng lothian ay hindi natapos sa wakas at ang rehiyon ay kinuha ng mga eskoses sa labanan sa carham noong 1018 at ang ilog tweed ay naging de facto na hangganang inglatera-eskosya. ang linya ng solway-tweed ay legal na itinatag noong 1237 ng kasunduan sa york sa pagitan ng inglatera at eskosya. ito ay"
laws,tl,wikipedia_tl,"ang pamahalaan ng estados unidos ay ang pamahalaang pederal ng republikang konstitusyonal ng mga limampung mga estado na bumubuo ng estados unidos gayundin ang isang distritong kapitolyo at ilang mga iba pang teritoryo. ang pamahalaang pederal ng estados unidos ay binubuo ng mga tatlong natatanging sangay: ang lehislatibo, ehekutibo at hudikatura na mga kapangyarihang ipinagkaloob ng saligang batas ng estados unidos ng respektibo sa kongreso ng estados unidos, pangulo ng estados unidos at mga hukumang pederal ng estados unidos. ang mga kapangyarihan at katungkulan ng mga sangay na ito ay karagdagan pang inilalarawan ng mga akto ng kongreso kabilang ang paglikha ng mga kagawarang ehekutibo at mga hukumang mas mababa sa kataas-taasang hukuman ng estados unidos. ang buong pangalan ng republika ay ""the united states of america"". walang ibang pangalan ang lumilitaw sa saligang batas at ang pangalang ito ang lumilitaw sa mga salapi, mga kasunduan at sa mga kasong pambatas na ito ay isang partido (e.g., charles t. schenck v. united states). ang mga katagang ""government of the united states of america"" o ""united states government"" ay kadalasang ginagamit sa mga opisyal na dokumento upang"
laws,tl,wikipedia_tl,"ang mga panukalang batas sa reproduktibong kalusugan(ingles: reproductive health bills na kilala bilang rh bill) ang mga panukalang-batas na inihain sa lehislatura ng pilipinas na naglalayon na siguruhin ang pangkalahatang paglapit sa mga paraan at impormasyon sa pagkontrol ng panganganak at pangangalagang pang-ina. ang mga panukalang batas na ito ay naging sentro ng pambansang talakayan. sa kasalukuyan ay mayroong dalawang mga panukalang-batas na may parehong mga layuin: panukalang batas ng kapulungan bilang 4244(house bill no. 4244) o ""an act providing for a comprehensive policy on responsible parenthood, reproductive health, and population and development, and for other purposes""(ang aktong nagbibigay ng komprehensibong patakaran tungkol sa responsable pagiging magulan, reproduktibong kalusugan, at populasyon at pag-unlad, at para sa iba pang mga layunin) na ipinakilala ng representatibong si edcel lagman ng unang distrito ng albay. panukalang batas ng senado bilang 2378(senate bill no. 2378) ""an act providing for a national policy on reproductive health and population and development""(ang aktong nagbibigay ng pambansang patakaran tungkol sa reproduktibong kalusugan at"
laws,tl,wikipedia_tl,"si aurora javate de dios ay isang kilalang lider ng kababaihan sa pilipinas. siya ay isang guro, manunulat, aktibista, at kritiko ng lipunan na nakapag-ambag ng malaki sa pagkakamit ng mga karapatan ng kababaihan sa bansa. siya rin ay naging tagapagsalita at nanguna sa ilang mga organisasyon ng kababaihan sa pilipinas. si aurora ay ipinanganak noong ika-6 ng disyembre, 1946 sa pangasinan. siya ay nagtapos ng bachelor of arts in english sa university of the philippines at naging guro sa isang paaralan sa manila. sa kanyang pagtuturo, nakita niya ang mga suliraning kinakaharap ng kanyang mga estudyante, lalo na ang mga kababaihan. dahil dito, nagsimula siyang makilahok sa mga aktibidad ng mga organisasyon ng kababaihan sa pilipinas. noong panahon ng diktadurya ni pangulong ferdinand marcos, naging aktibong miyembro si aurora ng mga organisasyon na nagtutulungan upang mapabagsak ang rehimeng marcos. kasama ng kanyang mga kasama sa kilusang progresibo, nakibaka siya para sa mga karapatan ng mga mahihirap, mga manggagawa, mga magsasaka, at mga kababaihan. nang magtatag ang mga kababaihan ng organisasyong gabriela noong 1984, naging aktibong miyembro si aurora ng nasabing organisasyon."
laws,tl,wikipedia_tl,"ang movement of concerned citizens for civil liberties (mcccl) ay isang koalisyon na may adbokasiya sa pilipinas na unang binuo sa pamumuno ni jose w. diokno noong 1971, bilang tugon sa pagsususpinde ng habeas corpus sa panahon ng pagbomba sa plaza miranda. naging kilala ito sa serye ng mga rali na inorganisa nito mula 1971–72, lalo na ang pinakamalakas noong setyembre 21, 1972, ilang oras bago ang pagpataw ng batas militar ng diktadurang marcos. ang koalisyon ay muling pinagsama noong ika-21 na siglo, at patuloy itong gumagawa ng adbokasiya at namumuno sa demokratikong kilusan sa pilipinas ngayon. 1971 pagtatatag dahil ang constitutional convention ay sumasakop sa kanilang atensyon mula 1971 hanggang 1973, ang mga estadista at pulitiko na sumasalungat sa lalong higit na awtoritaryan na administrasyon ni ferdinand marcos ay kadalasang nakatuon ang kanilang mga pagsisikap sa mga pagsisikap sa pulitika mula sa loob ng mga bulwagan ng kapangyarihan. ang lahat ng ito ay nagbago, gayunpaman, sa plaza miranda sa liberal party miting de avance noong agosto 21, 1971. sinisi ni ferdinand marcos ang mga komunista sa pambobomba, at ginamit ito bilang dahilan para suspindihin ang writ of"
laws,tl,wikipedia_tl,"ang irlanda (ingles: ireland ( o ), irlandes: éire, ), kilala rin bilang republika ng irlanda (irlandes: poblacht na héireann) ay isang soberanya-estado o bansa sa kanlurang europa na sumasakop sa limang-kaanim (five-sixths) ng pulo ng irlanda. ang kabisera at pinakamalaking lungsod nito ay ang dublin, na matatagpuan sa silangang bahagi ng pulo, kung saan ang pook ng punong-lungsod (metropolitan area) nito ay tahanan ng halos isang-kapat ng 4.6 na milyong nananahan sa bansa. kabahagi ng estado sa tanging hangganang lupa nito ang hilagang irlanda, na bahagi ng nagkakaisang kaharian (united kingdom). pinaliligiran ito ng karagatang atlantiko, na sa timog nito ay ang dagat celtico, ang saint george's channel sa timog-silangan, at ang dagat irlandes naman sa silangan. isa itong unitaryo at parlamentaryong republika na may inihao. ang pinuno ng pamahalaan, ang taoiseach, ay nominado ng mababang kapulungan ng parlamento, ang dáil éireann. kasunod ng digmaang irlandes para sa kasarinlan at ng sumunod nitong kasunduan anglo-irlandes, natamo nang tuluyan ng irlanda ang kalayaan mula sa nagkakaisang kaharian bilang isang malayang estadong irlandes nong 1922. pinili naman ng hilagang irlanda"
laws,tl,wikipedia_tl,"ang filipinang peminisita na alice guillermo guerrero ay isang tanyag na abogado, aktibista, manunulat, kritiko ng sining, at tagapagtanggol ng karapatang pantao. sa kabila ng mga hamon at pagsubok na kinakaharap ng mga feministang pilipina, si alice guerrero ay isa sa mga nagbigay ng malaking kontribusyon sa pag-angat ng mga kababaihan sa lipunan. ang kanyang pagtitiyaga sa pagtatanggol ng karapatang pantao ay nagpakita ng kanyang dedikasyon sa pagkamit ng pantay na karapatan para sa lahat ng tao. edukasyon si alice guillermo guerrero, isang filipinang peminisista, ay isang tanyag na abogado, aktibista, manunulat, kritiko ng sining, at tagapagtanggol ng karapatang pantao. nagsimula ang kanyang pag-aaral sa dalubhasaang espiritu santo sa manila at nakapagtapos ng batas sa university of the philippines noong 1954. pinalad siya na maging iskolar ng pamahalaan ng pransiya sa université d'aix-marseille. . nakamit niya ang kanyang doctoral degree sa philippine studies mula sa unibersidad ng pilipinas (up). noong 1976, nanalo siya ng art criticism award mula sa samahan ng sining sa pilipinas. nagpatuloy siya sa pag-aaral sa bansang hapon mula 1995 hanggang 1996 bilang isang japan"
laws,tl,wikipedia_tl,"ang panahong heian ang pinakahuling bahagi ng klasikong kasaysayan ng hapon na nagsimula sa taong 794 haggang sa taong 1159. sinasabing pinakarurok ng korte ng imperyong hapones ang panahong ito at maraming mga magagaling na panulaan at panitikan ang nabuo dito. sa panahon ding ito isinulat ang pambansang awit ng mga hapones ang kimi ga yo (o mamuno ka nawa magpakailanman) ang ibig sabihin ng heian sa salitang hapon ay “kapayapaan”. maraming hapones ang tumitingin ng may paghanga sa panahong heian dahil ito ang pinakarurok ng kanilang kultura. maliban sa panitikan dito din nabuo sa panahong ito umusbong ang uring samurai na sa pagdating ng panahon ay magdodomina at magsisimula ng panahong pyudal sa kasaysayan ng hapon. kasaysayan sinundan ng panahong heian ang panahong nara. nagsimula ang panahong ito noong taong 794 ng ilipat ng ika-50 emperador ng hapon na si yamabe o mas kilala bilang emperador kammu ang kanyang kapitolyo sa heiankyo (na ngayo’y kyoto) mula sa lumang kapitolyo ng nara na halos 26 na kilometro ang layo. ang mga emperador sa panahong ito ang maituturing na pinuno. pero ang tunay na kapangyarihan ay nasa kamay ng mga angkang fujiwara, maituturing na isang"
laws,tl,wikipedia_tl,"ang isang rido ay tinutukoy na mga matinding uri ng isang salungatan tulad ng mga kaso ng blood feud, vendetta, faida, clan war, gang war, o pribadong giyera, ay isang matagal na pagtatalo o pakikipaglaban, nailalarawan sa pamamagitan ng silakbo ng paghihiganti ng karahasan sa pagitan ng mga pamilya o angkan at mga kamag-anak na grupo pati na rin sa pagitan ng mga komunidad. nagsisimula ang mga pag-aaway dahil ang isang partido (tama o hindi tama) ay nakikita ang sarili na na-atake, ininsulto, mali, o kung hindi man nasugatan ng iba. ang matinding damdamin ng sama ng loob ay nag- uudyok sa paghahanap ng hustisya, na nagiging sanhi ng pakiramdam ng kabilang partido na sila ay naagrabyado angkinakailangan ang paghihiganti . ang hindi pagkakaunawaan ay nagiging isang matagal na ikot ng paghihiganti ng karahasan . ang patuloy na pag-ikot ng paghihikayat at paghihiganti ay napakahirap na tapusin ng matahimik at payapa. ang mga pag-aalsa ay madalas na nagsasangkot sa mga orihinal na miyembro ng pamilya o mga kasama, maaaring tumagal ng mga henerasyon, at maaaring magresulta ng matinding karahasan . maaari itong bigyang kahulugan bilang isang labis na paglaki ng mga ugnayang panlipunan"
laws,tl,wikipedia_tl,"simula noong enero 22, 2018, ang tsina at estados unidos ay nakikibahagi sa isang digmaang pangkalakalan na kinasasangkutan ng magkaparehong paglalagay ng mga taripa sa isa't isa. ipinahayag ng pangulo ng estados unidos na si donald trump sa kanyang kampanya na ayusin ang ""matagal nang pang-aabuso ng tsina sa sirang sistemang pang-internasyunal at di-makatarungang mga gawi"". noong abril 2018, nag-file ang estados unidos ng kahilingan para sa konsultasyon sa world trade organization tungkol sa mga alalahanin na lumalabag ang tsina sa mga karapatan sa intelektwal na ari-arian. sa pagdaragdag ng iba't ibang mga taripa, ang us administration ay umaasang bahagyang sa seksiyon 301 ng trade act of 1974 upang maiwasan ang tinatawag na di-patas na gawi sa kalakalan at pagnanakaw ng intelektwal na ari-arian. nagbibigay ito sa presidente ng awtoridad na unilateral na magpataw ng mga multa o iba pang mga parusa sa isang kasosyo sa pangangalakal kung ito ay itinuturing na hindi makatarungang pumipinsala sa mga interes ng negosyo ng us, lalo na kung nilalabag nito ang mga internasyunal na kasunduan sa kalakalan. ang resulta ay ang pag-angkin ng us na mga batas ng china na nagpapahina sa mga"
laws,tl,wikipedia_tl,"si martin luther ay isang aleman na paring katoliko, propesor ng teolohiya at ikonikong pigura ng repormasyong protestante. kanyang matinding tinutulan ang pag-aangkin ng katolisismo na ang kalayaan mula sa parusa ng diyos sa kasalanan ay mabibili ng salapi. kanyang kinompronta ang tagpagtinda ng indulhensiya na si johann tetzel sa kanyang ninety-five theses noong 1517. ang kanyang pagtanggi sa pagbawi ng lahat ng kanyang mga ginawa sa kahilingan ni papa leo x noong 1520 at ng emperador ng banal na imperyo romano na si charles v sa diet of worms noong 1521 ay humantong sa kanyang pagkakatiwalag ng papa at kondemnasyon ng emperador bilang tagalabag ng batas. itinuro ni luther na ang kaligtasan ay hindi makikita sa pamamagitan ng mga mabubuting gawa ngunit matatanggap lamang bilang isang libreng kaloob mula sa biyaya ng diyos sa pamamagitan ng pananampalataya kay hesus. ang kanyang teolohiya ay humamon sa kapangyarihan ng papa ng romano katoliko sa pamamagitan ng pagtuturo na ang bibliya lamang ang tanging pinagmumulan ng inihayag ng diyos na kaalaman. kanyang tinutulan ang kaparian ng katoliko sa pamamagitan ng pagturing sa lahat ng bautisadong kristiyano bilang banal na kaparian."
laws,tl,wikipedia_tl,"ang islam (arabiko: الإسلام; al-islām), ""pagsunod sa kalooban ng diyos"", ay isang pananampalatayang monoteismo at ang ikalawang pinakamalaking relihiyon sa mundo. ito ay isang abrahamikong relihiyon kasama ng kristiyanismo at hudaismo kaya't malapit na kamag-anak ng mga pananampalatayang ito. naniniwala ang mga tagasunod ng islam na kilala bilang mga muslim na ipinahayag ng diyos (allah) ang kanyang banal na salita sa sangkatauhan sa pamamagitan ng maraming mga naunang mga propeta, at ni muhammad na siyang huling propeta ng islam. kahulugan pinakapayak na kahulugan ng islam ang ""pagtanggap at pagpapasailalim o pagsuko sa kagustuhan ni allah."" maaari rin itong mangahulugang ""pagtutuon"" o ""paglalaan"" (dedikasyon) sa diyos. kasaysayan tagapagtatag si muhammad (محمد) ang nagtatag ng islam at tinuturing ng mga muslim bilang isang sugo(messenger) at propeta ng diyos ( الله allah) at ang huling tagapagdala ng batas sa magkakasunod na mga propetang islamiko. dahil dito, si muhammad ay itinuturing ng mga muslim na tagapagpanumbalik ng hindi nalikong(uncorrupted) orihinal na monteistikong pananampalataya (islām) ni adan, noe, abraham, moises, hesus at iba pang mga propeta. siya ay"
laws,tl,wikipedia_tl,"ang hurisprudensiya o palabatasan ay ang teoriya, pilosopiya, kaisipan, o diwa ng mga batas. ang mga dalubhasa sa palabatasan ay umaasang makakamit ng mas malalim na pag-unawa sa kalikasan ng batas, ng pangangatuwirang legal, mga sistemang legal, at ng mga institusyong legal. may tatlong pangunahing aspeto ang palabatasan: ang batas na likas, ang hurisprudensiyang analitiko (palabatasang mapanuri), at ang hurisprudensiyang normatibo (palabatasang makapamantayan). ang makabagong palabatasan o modernong hurisprudensiya ay nagsimula noong ika-18 daangtaon at nakatuon sa unang mga prinsipyo ng likas na batas, ng batas na sibil, at ng batas ng mga bansa (batas ng mga nasyon). mga sanggunian batas"
laws,tl,wikipedia_tl,"ang reclusión perpetua (kastila mula sa latin na reclusio perpetua na nangangahulugang ""permanenteng pagkakabilanggo"") ay isang partikular na hatol ng pagkakabilanggo sa pilipinas, argentina at iba pang mga bansa. sa pilipinas sa pilipinas, ito ang isa sa dalawang hatol, na ang isa rito ay habang buhay na pagkabilanggo na nilikha upang palitan ang parusang kamatayan at sa legal na parlance ay halos ka-sinonimo ng habang buhay na pagkabilanggo. gayunpaman, may mga ilang mahalagang pagkakakilanlan sa pagitan ng dalawang termino: ang reclusion perpetua ay inaatas sa mga krimeng mapaparusahan ng binagong kodigo ng pagpaparusa samantalang ang habang buhay na pagkabilanggo ay itinakda sa mga kasalanang mapaparusahan ng mga espesyal na batas. ang reclusion perpetua ay nagdadala ng mga parusang aksesoriya na inilalarawan sa batas ng pilipinas na ang nagkasalang mga partido ay magdaranas ng habang buhay na paghaharang sa paghawak ng isang opisinang pampolitika. ang habang buhay na pagkabilanggo ay hindi nagdadala ng gayong parusa. hindi tulad ng habang buhay na pagkabilanggo, ang haba ng hatol para sa reclusion perpetua ay isang hindi mahahating parusa ng 40 taon at hindi maaaring mabago"
laws,tl,wikipedia_tl,"ang kagawaran ng repormang pansakahan ng pilipinas (ingles: department of agrarian reform, o dar) ay isang kagawarang tagapagpaganap ng pamahalaan ng pilipinas na itinakdang magsagawa ng lahat ng mga programang reporma sa lupa (partikular ang repormang pansakahan) sa bansa, na may layuning itaguyod ang katarungang panlipunan at industriyalisasyon. kasaysayan nagtapos ang reporma sa lupa sa pilipinas noong 1963 nang kinailangang likhain ang pangasiwaan sa lupa dahil sa seksiyon 49 ng batas republika blg. 3544, o ang kodigo sa pansakang reporma sa lupa (agricultural land reform code). tinakdaan ang ahensiyang ito ng gawaing ipatupad ang mga panuntunan na nakalahad sa batas republika blg. 3844 at nilikha noong 8 agosto 1963. binago ng batas republika blg. 3844 ang kahanayan ng mga ahensiyang kaugnay sa mga takdang gawain na pang-reporma sa lupa at itinuwid ang kanilang mga kaatasan tungo sa pagkakamit ng mga karaniwang layunin ng programang pang-reporma sa lupa. noong 10 setyembre 1971, nilagdaan ng dating pangulong ferdinand e. marcos ang batas republika blg. 6389 bilang batas, na kilala rin sa tawag na kodigo ng repormang pansakahan ng pilipinas (code of agrarian reform of the"
laws,tl,wikipedia_tl,"ang batas ni coulomb o batas na kabaligtarang kwadrado ni coulomb ay isang batas ng pisika na naglalarawan ng elektrostatikong interaksiyon sa pagitan ng mga partikulong may kargang elektriko. ito ay unang inilimbag noong 1785 ng pisikong pranses na si charles augustin de coulomb at mahalaga sa pagpapaunlad ng teoriya ng elektromagnetismo. ang batas na ito ay nagsasaad na ""ang pwersa ng atraksiyon o repulsiyon sa pagitan ng dalawang mga puntong karga ay direktang proporsiyonal sa produkto ng magnituto ng bawat karga at hindi direktang proporsiyal sa kwadrado ng distansiya sa pagitan ng mga ito."" ang batas ni coulomb ay mabigat na nasubukan at ang lahat ng mga obserbasyon ay umaayon sa batas na ito. ang batas ang batas ni coulomb ay nagsasaad na ang magnitudo ng pwersang elektrostatika ng interaksiyon sa pagitan ng dalawang mga puntong karga ay direktang proporsiyonal sa skalar na multiplikasyon ng mga magnitudo ng mga karga at kabaligtarang proporsiyonal sa kwadrado ng mga distansiya sa pagitan ng mga ito. kung ang dalawang mga karga ay may parehong senyas o sign, ang pwersang elektrostatiko sa pagitan ng mga ito ay repulsibo o magtataboy sa bawat isa. kung ang mga ito ay may"
laws,tl,wikipedia_tl,"ang parusang kamatayan sa singapore ay isang legal na parusa. ang mga pagbitay sa singapore ay isinasagawa sa pamamagitan ng mahabang drop hanging, at karaniwan itong nagaganap sa madaling araw. tatlumpu't tatlong pagkakasala—kabilang ang pagpatay, pagtutulak ng droga, terorismo, paggamit ng mga baril at pagkidnap—ay nagbibigay ng garantiya ng parusang kamatayan sa ilalim ng batas ng singapore. noong 2012, binago ng singapore ang mga batas nito para ma-exempt ang ilang mga pagkakasala sa mandatoryong hatol na kamatayan. sa isang survey na ginawa noong 2005 ng the straits times, 95% ng mga singaporean ay naniniwala na dapat panatilihin ng kanilang bansa ang parusang kamatayan. ang suporta ay patuloy na bumagsak sa buong taon dahil sa dumaraming liberal na mga opinyon ng lipunan. sa kabila ng pagbaba, ang malaking mayorya ng publiko ay nananatiling sumusuporta sa paggamit ng parusang kamatayan, kung saan higit sa 80% ng mga singaporean ang naniniwala na dapat panatilihin ng kanilang bansa ang parusang kamatayan sa 2021. ang pinakahuling pagbitay na isinagawa sa singapore ay noong abril 26, 2023, nang ang 46-taong-gulang na singaporean na lalaki na si tangaraju suppiah, na nahatulan"
laws,tl,wikipedia_tl,"si jose callangan calida (ipinanganak noong 7 hulyo 1950) ay isang pilipinong abogado na kasalukuyang nagsisilbing taga-usig panlahat ng pilipinas. nanumpa siya sa panunungkulan noong 30 hunyo 2016 bilang kapalit ni florin hilbay. dati siyang nagsilbi sa administrasyong arroyo bilang katuwang na kalihim (undersecretary) ng kagawaran ng katarungan at direktor tagapagpaganap ng lupon sa mapanganib na droga. buhay at edukasyon ipinanganak si calida sa nuevo iloco, lalawigan ng dabaw, na sa ngayon ay ang bayan ng mawab, davao de oro. isang kristiyanong protestanteng muling isinilang (born-again), nagpakasal siya kay milagros parantar ordaneza na taga-dabaw din, at kung saan mayroon silang tatlong anak. may hawak na batsilyer sa ingles si calida mula sa pamantasang ateneo de davao na iginawad noong 1969. nag-aral siya ng batas sa paaralan ng batas ng pamantasang ateneo de manila kung saan naitala siya sa tala ng dekano. nagsitapos siya noong 1973 at tinanggap sa abogasya sa susunod na taon na may pangkalahatang promedyo na 83.25 porsiyento (na may pinakamataas na marka sa batas kriminal na 100 porsiyento, at 90 porsiyento naman sa batas sibil at palabuwisan) sa pagsusulit sa abogasya"
laws,tl,wikipedia_tl,"si anna leah sarabia ay isa sa mga kilalang babaeng aktibista at feministang pilipino. siya ay isinilang noong 1928 sa bayan ng jaro, iloilo. siya ay lumaki sa isang pamilyang may mataas na antas ng edukasyon, at nakatapos ng kursong bachelor of arts sa university of the philippines. pagkatapos ng kanyang pag-aaral, nagsimula siyang magtrabaho bilang isang guro sa high school sa kanyang hometown. sa panahon ng kanyang pagiging guro, naranasan ni sarabia ang kawalan ng pantay na karapatan at kawalan ng katarungan sa sistema ng edukasyon. dahil dito, nagsimula siyang maging aktibo sa mga kampanya at mga protesta laban sa mga hindi makatarungang patakaran ng gobyerno. sa mga panahong ito, nakilala niya ang kanyang mga kasamahan sa kilusang pangkababaihan, at nagpakasal siya kay leandro alejandro, na isa rin sa mga aktibistang kasama niya sa kilusan. si sarabia ay isang mahusay na manunulat, at nagsimula siyang sumulat ng mga artikulo tungkol sa kanyang mga pananaw at karanasan sa kilusan. nagtrabaho siya bilang editor sa iba't ibang pahayagan, tulad ng philippine collegian, philippine graphic, at woman's outlook. isinulat niya ang mga akda tulad ng ""hulagway ng babaeng"
laws,tl,wikipedia_tl,"nahahati ang rusya sa ilang uri at antas ng mga subdibisyon. mga kasakupang pederal mula marso 18, 2014, binubuo ang pederasyon ng rusya ng walumpu't limang kasakupang pederal na manghahalal na miyembro () ng pederasyon. gayunman, dalawa nitong mga kasakupang pederal—ang republika ng crimea at ang pederal na lungsod ng sevastopol—ay internasyonal na kinikilala bilang bahagi ng ukranya. pantay-pantay ang pederal na karapatan ng lahat ng mga kasakupang pederal sa diwa na pantay-pantay ang kani-kanilang representasyon—tig-dadalawang delegado—sa konseho ng pederasyon (mataas na kapulungan ng kapulungang pederal). gayunpaman, iba-iba ang kanilang ikinagagalak na antas ng awtonomiya. mayroong 6 uri ng kasakupang pederal—22 republika, 9 krai, 46 oblast, 3 pederal na lungsod, 1 awtonomong oblast, at 4 awtonomong okrug. ang mga awtonomong okrug lamang ang may kakaibang katayuan ng pagiging pederal na kasakupan sa sari-sariling pamamaraan nila, subalit kasabay nito, itinuturing din ang mga ito bilang mga dibisyong administratibo ng mga iba pang kasakupang pederal (awtonomong okrug ng chukotka ang tanging pagbubukod dito). pagsasanib ng crimea ng 2014 noong ika-18 ng marso, 2014, bilang"
laws,tl,wikipedia_tl,"ang museo pambata ay isang museo para sa mga bata sa distrito ng ermita ng maynila, malapit sa liwasang rizal, sa pilipinas. matatagpuan ito sa dating elks club building, na itinayo noong 1910, sa bulebar roxas sa sulok ng south drive. konteksto ang museo pambata ay isang interaktibong museo para sa mga bata. hindi tulad ng mga tradisyonal na museo kung saan nakatago ang bagay sa likod ng salamin at lubhang pinagbabawalan ang paghawak, inaanyayahan ng museo pambata ang mga bisita na matutunan sa mga eksibit sa pamamagitan ng paggamit ng kanilang kabuuang mga pandama. itinuturing ang kanyang sarili bilang museo ng pagtuklas at lunduyang mapagkukunan na nagtataguyod ng pandaigdigang kultura ng pilipino, mga programa sa pagtataguyod ng mga bata, at mga malikhaing programang pang-edukasyon na may kaugnayan sa mga mga pandaigdigang komunidad. mayroon ding mga regular na programa at kaganapan ang museo para sa iba't ibang sektor. kasaysayan binuksan noong 1994, pangarap na natupad ang museo pambata kay nina lim-yuson, isang tagapagturo ng maagang pagkabata at ina ng apat, na nagdala ng kanyang mga anak sa museo pambata ng boston sa amerika. talagang kinawiwilihan sila sa mga mahahawak"
laws,tl,wikipedia_tl,"si luiz inácio lula da silva ( ; ipinanganak si luiz inácio da silva ; 27 oktubre 1945), na kilala bilang lula, ay isang brasilyanong politiko at unyonistang manggagawa na nagsilbi bilang ika-39 na pangulo ng brazil mula noong 1 enero 2023. isang miyembro ng partido para sa manggagawa, siya ay dating ika-35 na pangulo mula 2003 hanggang 2010. siya ang kauna-unahang pangulo ng brazil na nahalal sa ikatlong termino at ang unang nakatalo sa isang kasalukuyang pangulo sa isang halalan. sa edad na 77, siya ang pinakamatandang pangulo ng brazil sa panahon ng kanyang inagurasyon. kabilang sa mga uring-manggagawa, lumipat siya bilang isang bata mula sa pernambuco patungong são paulo kasama ang kanyang pamilya. sinimulan niya ang kanyang karera bilang isang manggagawang metal at kalakalang unyonista. sa panahon ng diktadurang militar sa brazil, pinamunuan niya ang mga pangunahing welga ng manggagawa sa pagitan ng 1978 at 1980, at tumulong sa pagsisimula ng partido para sa mga manggagawa noong 1980, sa pagbubukas ng pulitika ng brazil. si lula ay isa sa mga pangunahing pinuno ng kilusang diretas já na humihiling ng pagsasagawa ng mga demokratikong halalan. noong halalang lehislatibo ng"
laws,tl,wikipedia_tl,"ang australya (), opisyal na sampamahalaan ng australia, ay bansang binubuo ang kontinenteng sabulbul, kapuluang tasmanya, at iilang maliliit na isla. sumasaklaw ng lawak na 7,741,220 km2, ito ang pinakamalaking bansa sa oseanya. ang populasyon nito sa halos 50 milyon, kung saan lubos na urbanisado at nakakonsentra ito sa silangang babayin. hinahangganan ang bansa ng katimugang karagatan sa timog, karagatang indiko sa hilaga't kanluran, at karagatang pasipiko sa silangan. bilang karagdagan, nakikibahagi ito ng limitasyong maritimo sa silangang timor, indonesya, at papua nueva guinea sa timog, at bagong silandiya, sa new zealand, kapuluang solomon, at bagong caledonia sa silangan. ang kabisera nito ay canberra, habang ang pinakamataong lungsod at sentrong pinansiyal nito'y sidney. sa loob ng di-bababa sa 40,000 taon bago ang unang pananahan ng mga ingles sa huling bahagi ng ika-18 siglo, ang australia ay pinaninirahan ng mga katutubong awstralyano, na nagsasalita ng mga wikang nakapangkat sa humigit-kumulang 250 grupo ng mga lengguwahe. matapos matuklasan ng mga europeo ang kontinente sa pamamagitan ng mga manlalayag na olandes noong 1606, ang silangang bahagi ng australia ay"
laws,tl,wikipedia_tl,"ang panahon ng muromachi ay nagsimula sa taong 1336 hanggang sa taong 1573. kinilala din itong bilang muromachi bakufu, panahong ashikaga, at bakufu ng ashikaga. dito sa panahong ito nagsimula ang kasugunang ashikaga ng sa pagkakaluklok ni takauji ashikaga bilang sugun. natapos ang panahong ito ng itaboy ni nobunaga oda ang ika-15 sugun ng ashikaga na si yoshiaki paalis sa kyoto noong taong 1573. hinati ang panahong muromachi ng dalawang bahagi. ang unang bahagi mula taong 1336 hanggang 1392 ay tinaguriang nanbokuchou o panahon ng mga korte sa hilaga at silangan. ang ikalawang bahagi ay pagkaraan ng taong 1467 hanggang sa katapusan ng panahong muromachi. ito ay tinawag na sengoku jidai o panahon ng naglalaban-laban ang bansa. ang pangalang muromachi ay hinalaw mula sa isang lugar na kung saan itinayo ni yoshimitsu ashikaga, ang ikatlong sugun ng kasugunang ashikaga, ang kanyang tahanan noong taong 1378. ang malaking pinagkaiba ng kasugunang muromachi sa kasugunang kamakura ay sa pagpapatakbo ng gubyerno. ang mga kasugunang kamakura ay pantay ang turing sa kapangyarihan sa mga nasa korte ng imperyo sa kyoto, samantalang ang mga kasugunang ashikaga ang tuwirang namamahala sa buong"
laws,tl,wikipedia_tl,"para sa pelikula, tingnan ang dekada '70 (pelikula). ang dekada '70 (dekada '70: ang orihinal at kumpletong edisyon), ay isang nobelang pilipino na isinatitik ni lualhati bautista. ito ay isang pagsasalaysay ng mga pangyayari sa buhay ng isang pamilyang nahagip sa kalagitnaan ng mga magulong dekada ng 1970. tinatalakay nito kung paano nakibaka ang isang mag-anak na nasa gitnang antas ng lipunan, at kung paano nila hinarap ang mga pagbabago na nagbigay ng kapangyarihan upang bumangon laban sa pamahalaang marcos. naganap ang sunud-sunod na mga pangyayari matapos ang pagbomba ng plasa miranda noong 1971, ang pagkitil sa batas ng habeas corpus, ang pagpapatupad ng batas militar at ang walang anu-anong pagdakip sa mga bilanggong pampolitika. nawalan ng katiwasayan ang mga mamamayan dahil sa paniniil ng rehimeng marcos. napagmasdan ng babaeng katauhan na si amanda bartolome ang mg pagbabagong ito na humubog sa dekada. ina ng limang anak na lalaki si amanda bartolome. habang nagsisilaki at nagkaroon ng sari-sariling mga paniniwala, pananaw at buhay ang mga anak na lalaki ni amanda, itinaguyod naman ni amanda ang kaniyang pagkakakilanlan bilang isang mamamayang pilipino, ina at babae."
laws,tl,wikipedia_tl,"si caesar flavius valerius aurelius constantinus augustus (27 pebrero c. 272 – 22 mayo 337), karaniwang kilala bilang constantino i, dakilang constantino, constantino ang dakila, o (sa silanganing simbahang ortodokso, koptikong ortodoksong simbahan ng alehandriya, ortodoksiyang oriental at simbahang katoliko mga kristiyano) san constantino, ay gumanap na emperador romano mula 306 ad, at siyang walang kumalabang tagapaghawak ng tanggapan mula 324 hanggang kanyang kamatayan noong 337 ad. kilalang-kilala dahil sa kanyang pagiging unang kristiyanong romanong emperador, binaligtad o tinanggal ni constantino i ang mga pag-uusig na isinagawa ng kanyang pinalitang emperador na si diocleciano, at naglabas ng (kapanalig ang kanyang kasamang emperador din na si licinius) ang edikto ng milano noong 313, na nagpahayag at nagdeklara ng tolerasyon ng relihiyon sa kabuoan ng imperyo. nakatala sina constantino i at ang kanyang inang si helena ng konstantinople bilang mga santo sa bisantinong kalendaryong liturhikal, na sinusunod sa ritong bisantino ng silanganing simbahang ortodokso at ng silanganing mga simbahang katoliko. bagaman hindi siya kabilang sa talaan ng mga santo ng simbahang latin (sa"
laws,tl,wikipedia_tl,"ang mga sumusunod ang mga kaso ng pang-aabusong seksuwal sa simbahang katoliko romano ayon sa bansa. ang ilan sa mga ito ay inamin ng mga akusado, inareglo ng romano katoliko at hiningan ng patawad. aprika kenya noong 2009, ilang tao ang lumabas upang aksusahan ng pang-momolestiya ang isang italyanong pari na nagtatrabaho sa bansang ito. ang simbahang katoliko ay nagbigay ng kasiguraduhan ng isang imbestigasyon ngunit ito ay hindi nangyari. sinabi naman ng kapulisan sa kenya na walang ebidensiya na ito ay nangyari at naniniwala silang si sesana ay inosente. noong 2010, isang kabataang babae ay nag-akusana ang isang katolikong pari ay nagsagawa ng hindi angkop na gawaing seksuwal laban sa kanyang kagustuhan ngunit ang mga autoridad ng simbahang katoliko at kapulisan ay nabigong asikasuhin ang mga alegasyong ito. noong 2011, isang obispong dutch ay iniulat na nasa ilalim ng imbestigasyon dahil sa pang-aabusong seksuwal. ang obispo ay inakusahan ng pang-aabuso sa isang menor de edad nang ito ay magsilbi bilang isang pari sa diyoses na ngong mga ilang 18 taon bago ang ulat na ito. tanzania st michael's catholic boarding school, soni, tanzania ang isang kilalang nagkakaisang kahariang"
laws,tl,wikipedia_tl,"ang moralidad, kalinisan ng ugali, kalinisang-asal, o kasanlingan ay ang pagkakakilala ng tao sa kung alin ang tama at mali. ito ang pamantayan ng pag-uugali at magandang asal, lalo na kapag inuugnay sa delikadesa at tamang pag-iisip hinggil sa pagtatalik. bilang aral, ito ang leksiyon o turo sa tama, wasto, o angkop na kaasalan o pag-uugali, o nauukol sa mabuti at matuwid na kaugalian o asal, katulad ng nilalaman ng sa isang kuwentong may aral. kinasasangkutan ito ng mga prinsipyo ng akma o nararapat na kilos o pakikitungo sa kapwa tao ang dapat tingnan. kabaligtaran nito ang imoralidad. sa pilosopiya moralidad at etika ang etika (na kilala rin bilang moral na pilosopiya) ang sangay ng pilosopiya na sumasagot sa mga katanungan tungkol sa moralidad. ang salitang etika ay karaniwang salitang ginagamit kapalit ng salitang moralidad upang ipakahulugan ang paksang bagay ng pag-aaral na ito at minsan ay ginagamit sa makitid na kahulugan upang pakahulugan ang mga prinsipyong moral ng isang partikular na tradisyon, pangkat o mga indibidwal. gayundin, ang ilang mga uri ng teoriyang etikal lalo na ang etikang deontolohikal ay minsan kumikilala sa pagkakaiba ng etika at mga moral: bagaman"
laws,tl,wikipedia_tl,"ang imperyong kastila () ay isa sa pinakamalalaking mga imperyo sa mundo at naging ang unang pandaigdigang imperyo sa kasaysayan ng mundo. ang espanya ang sentro ng isa sa unang imperyong kolonyal. pinamamahalaan ng espanya ang kanyang malawak na overseas empire hanggang ika-19 na siglo. ayon kay henry kamen, nilikha ng imperyo ang espanya, sa halip na ang imperyo ang nilikha ng espanya. imperyong kastila isa sa pinakamalawak na imperyo ang imperyong espanyol sa kasaysayan at isa sa mga unang imperyong pandaidigan. noong ika-15 at 16 na dantaon, ang espanya ang taga-pagtaguyod ng pagdaigdigan ekplorasyon at pananakop ng europa. binuksan ng espanya ang kalakalan sa mga karagatan - sa karagatang atlantiko sa pagitan ng espanya at amerika, at sa karagatang pasipiko sa pagitan ng asya-pasipiko at mehiko sa pamamagitan ng pilipinas. ibinagsak ng mga conquistador ang kabihasnang azteca, inca at maya at malaya nitong inangkin ang malawak na lupalop ng timog at hilagang amerika. may isang panahong nasa tugatog ito sa pangingibabaw ng lakas nito sa mga karagatan dahil sa kanyang hukbong pandagat at pangingibabaw ng hukbong sandatahang tercios nito sa larangan ng mga sagupaan sa europa."
laws,tl,wikipedia_tl,"ang lungsod ng bagong york (pinapaikling lby) ay ang pinakamakataong lungsod sa estados unidos. sa tinantyang 2018 na populasyon na 8,398,748 na ipinamamahagi sa isang lupain na lugar na halos 302.6 square milya (784 km2), ang bagong york din ang pinaka-makapal na populasyon na pangunahing lungsod sa estados unidos. matatagpuan sa timog na dulo ng estado ng new york, ang lungsod ay ang sentro ng kalakhang bagong york, ang pinakamalaking kalakhang pook sa mundo ng mga lunsod o bayan na bayan at isa sa pinakapopular na megacities sa mundo, na may tinatayang 19,979,477 katao sa 2018 na metropolitan statistical area at 22,679,948 residente sa pinagsamang statistics area. ang isang pandaigdigang lungsod ng kapangyarihan, ang lungsod ng bagong york ay inilarawan bilang kultural, pinansiyal, at kapital ng media ng mundo, at may malaking epekto sa komersyo, libangan, pananaliksik, teknolohiya, edukasyon, politika, turismo, sining, fashion, at isport. ang mabilis na bilis ng lungsod ay nagbigay inspirasyon sa salita ng bagong york minuto. ang tahanan sa punong tanggapan ng united nations, ang bagong york ay isang mahalagang sentro para sa internasyonal na diplomasya. matatagpuan sa isa sa"
laws,tl,wikipedia_tl,"ang hukom o huwes (sa ingles ay judge) ang taong nangagasiwa sa paglilitis sa hukuman na mag-isa o bilang bahagi ng lupon ng mga hukom. ang kapangyarihan, tungkulin, paraan ng pagkakahirang, disiplina at pagsasanay ng mga hukom ay iba iba sa iba't ibang mga hurisdiksiyon. ang isang hukom ay inaasahang magsasagawa ng paglilitis sa isang patas at walang kinikilingang paraan sa isang bukas na korte. ang hukom ay dumidinig ng lahat ng mga saksi at mga ebidensiya na inilatag ng mga partido(nagsasakdal at isinasakdal) sa kaso, sumusuri ng kredibilidad at mga argumento ng mga partido at naglalabas ng mga hatol batay sa interpretasyon nito ng batas o ayon sa sariling paghatol nito. sa ibang hurisdiksiyon, ang kapangyarihan ng hukom ay ibinabahagi sa isang hurado (jury). batas mga propesyon"
laws,tl,wikipedia_tl,"ang batas cooper o mas kilala sa tawag na batas ng pilipinas ng 1903 (english: philippine bill of 1902 o philippine organic act (2013)) ay isang batas na ipinatupad ng estados unidos sa pilipinas noong 1903. ipinagtibay ito noong 2 hulyo 1902. ito ay nagtakda ng pagbibigay ng mga karapatan sa malayang pananalita at pagpapahayag, kalayaang huwag mabilanggo dahil sa pagkakautang,pagiging pantay-pantay sa harap ng batas at kalayaan mula sa pagkaalipin.ayon din sa katipunan ng karapatan, dalawang pilipino na kasapi sa komisyon ang maaaring ipadala bilang kinatawan ng pilipinas sa kongreso ng estados unidos. sa bisa ng batas na ito, itinatag ang asamblea o batasan ng pilipinas. noong hulyo 30,1907 ginanap ang halalan at ang pagpapasinaya ay ginanap noong oktubre 16,1907 sa grand opera house. naging speaker si sergio osmeña at si manuel l. quezon naman ang pinuno ng higit na nakararaming kasapi. nahirang din sina benito legarda, sr. at pablo ocampo bilang kinatawan ng pilipinas sa kongreso ng estados unidos. nagsilbi itong saligang batas sa pilipinas sa ilalim ng pananakop ng estados unidos hanggang sa mapalitan ito ng batas jones noong 1916. pamahalaan ng pilipinas kasaysayan ng"
laws,tl,wikipedia_tl,"ang batas ni boyle, na tinutukoy din bilang batas nina boyle–mariotte, o batas ni mariotte (lalo na sa pransya), ay isang pang-eksperimentong batas ng gas na naglalarawan ng ugnayan sa pagitan ng presyon at dami ng isang nakakulong na gas . ang batas ni boyle ay nakasaad bilang: ang presyong ganap na ibinibigay ng isang binigay na masa ng isang ideal na gas ay kabaligtarang proportional sa volume na sinasakop nito kung ang temperatura at dami ng gas ay mananatiling hindi nagbabago sa loob ng isang saradong sistema . sa usapang matematikal, ang batas ni boyle ay maaaring isaad bilang: o kung saan ang ay ang presyon ng gas, ang ay ang dami ng gas, at ang ay ang pagkapare-pareho nila. ang batas ni boyle ay nagsasaad na kapag ang temperatura ng isang naibigay na masa ng nakakulong na gas ay may magkaparehas, ang produkto ng presyon at dami nito ay magkaparehas din. kapag inihambing ang parehong substansya sa ilalim ng dalawang magkaibang hanay ng mga kundisyon, ang batas ay maaaring ipahayag bilang: na nagpapakita na habang tumataas ang bolyum, bumababa nang proporsyonal ang presyon ng isang gas, gayundin kung sila ay pinagbaliktad. ang batas ni boyle ay ipinangalan kay robert boyle,"
laws,tl,wikipedia_tl,"ang batas ng pangangalakal ay kabuuan ng mga batas na nalalapat sa mga karapatan, relasiyon, at pag-uugali ng mga tao at negosyong kasangkot sa komersyo, merchandising, pangangalakal, at pagbebenta. ito ay madalas na itinuturing na sangay ng batas sibil at nakikilahok sa mga isyu ng pribadong at pampublikong batas. sakop sa batas na ito ang mga titulo katulad ng prinsipal at ahente; pagpapadala sa pamamagitan ng lupa o dagat; pagpapadala ng mga kalakal; garantiya; pagseseguro sa pagbabapor, apoy at buhay; salaping papel at pagkakasosyo. pwede din itong unawaan upang ayusin ang kontratang samahan, praktis sa pagtatanggap, at ang paggawa at pagbebenta ng kalakal. maraming bansa ang gumagamit ng mga alituntuning sibil na may komprehensibong pahayag ng kanilang batas ng pangangalakal. sa estados unidos, ang batas na ito ay responsibilidad ng kongreso, batay sa kakayahan nitong mamahala sa komersyo ng mga estado, at ang mga estado ng bansa, batay sa kapangyarihan nilang mamahala. pinagsikapan ang paglikha ng pinag-isang katawan ng batas ng pangangalakal sa estados unidos; ang pinakamaunlad na tangka ay nagresulta sa laganap na paggamit ng uniform commercial code, na ginagamit sa"
laws,tl,wikipedia_tl,"ang isang beto(sa ingles ay veto na mula sa latin na ""aking pinagbabawalan"") ang kapangyarihan ng isang opisyal ng estado gaya ng pangulo o gobernador ng estado na pigilan ang isang opisyal na aksiyon lalo na ang pagpasa ng isang panukalang-batas(bill). sa kasanayan, ang beto ay maaaring absoluto, gaya halimbawa ng sa konseho ng seguridad ng mga bansang nagkakaisa na ang mga permanenteng mga miyembro nitong tsina, united kingdom, pransiya, russia, at estados unidos ay may kapangyarihang harangin ang anumang resolusyon. ito ay maaari ring limitado gaya ng sa prosesong lehislatibo ng estados unidos kung saan ang 2/3 ng boto sa mababang kapulungan(house of representatives) at mataas na kapulungan(senado) ay maaaring manaig sa pag-beto(""overriding a veto"") ng pangulo sa isang panukalang batas. sa estados unidos sa estados unidos, ang panukalang-batas(bill) ay dapat pumasa sa parehong kapulungan(kapulungan ng mga representatibo at senado) ng kongreso sa isang mayoridad na boto bago ipadala sa pangulo. ang pinadalang panukalang batas sa isang pangulo ay dapat malagdaan sa loob ng 10 araw. kung nagpasya ang pangulo na i-beto(pigilan) ang panukalang-batas, ang lehislatura ay may"
laws,tl,wikipedia_tl,"ang mga karapatang sibil at pampolitika ay isang uri ng mga karapatan at mga kalayaan na nagsasanggalang o nabibigay ng proteksiyon sa mga indibiduwal mula sa hindi kinakailangang kilos ng pamahalaan at nagbibigay katiyakan o kasiguruhan sa kakayanan ng isang taong makiiisa sa buhay sibil at pampolitika ng estado na walang diskriminasyon o paniniil. kabilang din dito ang paniniguro sa pagkakaroon ng proteksiyon ng tao ukol sa kanyang pisikal na integridad, pagiging patas sa pagpapatupad ng proseso ng batas; proteksiyon mula sa diskriminasyon batay sa kasarian, relihiyon, lahi, oryentasyong seksuwal; kabilang pa rin ang kalayaang pampananampalatay o pananalig ng isang tao, sa pagpapahayag ng mga pananalita, ng pakikiisa sa ibang tao, kalayaan sa pamamahayag; at partisipasyong pampolitika. sa ibang mga pakahulugan, maaaring tumukoy din ang karapatang sibil sa ilang iba't ibang mga bagay-bagay: mga karapatang legal o mga karapatang ibinibigay ng mga nasyon sa mga nasa loob ng kanilang hurisdiksiyon; minsan silang tinatawag na karapatang sibil sa mga hurisdiksiyon ng karaniwang batas. kaiba ito sa mga karapatang likas o natural o karapatang pangtao, na itinuturing ng maraming mga"
laws,tl,wikipedia_tl,"si amy coney barrett (ipinanganak noong 28 enero 1972 bilang amy vivian coney) ay isang amerikanang abogada, hurada, dating propesora at isa sa mga kasalukuyang hukom sa kataas-taasang hukuman ng estados unidos. pinili siyang maging huwes para sa amerikanong korte suprema ni pangulong donald trump at nag-umpisa siya magsilbi mula 27 oktubre 2020. nagturo siya bilang isang propesor ng batas sa notre dame law school, kung saan siya nagturo ng pamamalakad sibil, batas ng konstitusyon, at interpretasyon ng batas. bago siya naging parte ng korte suprema, ipinili siya ni trump na maging huwes sa seventh circuit at kinumpirahin siya ng senado ng estados unidos noong 31 oktubre 2017. noong 26 setyembre 2020, inanunsyo ni trump ang kanyang balak na ipiliin si barrett para maging kalapit ni ruth bader ginsburg sa korte suprema ng estados unidos. sa sumunod na buwan, bumuto ang senado ng estados unidos 52-48 upang ikumpirmahin ang kanyang nominasyon. sinusuportahan niya ang orihinalistang interpretasyon ng konstitusyon. kabataan at edukasyon ipinanganak si barrett sa new orleans, louisiana, panganay sa pitong kapatid. may lahing irlandes at pranses siya at relihiyosong katoliko ang kanyang"
laws,tl,wikipedia_tl,"si hammurabi (c. 1810 bk - 1750 bk) ang ikaanim na hari ng unang dinastiyang babilonyo mula 1792 bk hanggang 1750 bk, ayon sa gitnang kronolohiya. sinundan niya ang kanyang amang si sin-muballit na nagbitiw dahil sa kanyang humihinang kalusugan. kanyang pinalawig ang kontrol ng babilonya sa mesopotamya sa pamamagitan ng mga kampanyang militar. si hammurabi ay kilala para sa kodigo ni hammurabi, isa sa mga pinakamaaagang nabubuhay na mga kodigo ng batas sa naitalang kasaysayan. ang pangalan na hammurabi ay nanggagaling sa amoreong termino na ʻammurāpi (""ang kamag-anak ay isang manggagamot"") mula sa ʻammu, (""pang-amang kamag-anak"") at rāpi, (""manggagamot""). pamamahala at mga pananakop si hammurabi ay dating unang dinastiyang amoreong hari ng lungsod-estado ng babilonya, at nagmana ng kapangyarihan mula sa kanyang amang si sin-muballit, noong c. 1792 bk. kodigo ni hammurabi si hammurabi ay mahusay na kilala sa kanyang pagpapakilala ng isang bagong kodigo ng batas na babilonio na tinatawag na kodigo ni hammurabi. ito ang isa sa mga pinakaunang isinulat na batas sa kasaysayan at isinulat sa isang stela at inilagay sa lugar na pampubliko upang mabasa ng lahat. ang stela na ito ay"
laws,tl,wikipedia_tl,"ang batas ng kalakhang berlin (), opisyal na batas hinggil sa paglikha ng bagong munisipyo ng berlin (), ay isang batas na ipinasa ng pamahalaang estatal ng prusya noong 1920, na lubos na nagpalawak ng laki ng prusya at aleman na kabesera ng berlin. kasaysayan ang berlin ay naging bahagi ng lalawigan ng brandeburgo mula noong 1815. noong abril 1, 1881, ang lungsod ay naging stadtkreis berlin, isang distrito ng lungsod na hiwalay sa brandeburgo. ang batas ng kalakhang berlin ay ipinasa ng parlamento ng prusya noong abril 27, 1920 at nagkabisa noong oktubre 1 ng parehong taon. ang bagong lalawigang pruso na tinawag na kalakhang berlin ay nakakuha ng mga teritoryo mula sa lalawigan ng brandeburgo at binubuo ng mga sumusunod: ang lungsod ng berlin (alt-berlin); 7 bayan na nakapalibot sa berlin: charlottenburg, köpenick, lichtenberg, neukölln/rixdorf, schöneberg, spandau, at wilmersdorf; 59 rural na komunidad at 27 estate na distrtio mula sa mga nakapalibot na distrito ng niederbarnim, osthavelland, at teltow; at ang bakuran ng berliner stadtschloss, na kakaibang bumuo ng estate na distrito sa sarili nitong karapatan. dinagdagan ng batas ang lugar ng berlin ng 13 beses mula sa hanggang"
laws,tl,wikipedia_tl,"ang kasalan ng magkaparehong kasarian (o homosekswal na kasalan) ay kasalan sa pagitan ng dalawang tao na magkapareho ang kasarian at/o pagkakakilanlang sekswal. minsang tinatawag na pantay na kasalan ang legal na pagkilala sa homosekswal na kasalan ng mga sumusuporta dito. terminolohiya unang ipinahintulot sa batas ang homosekswal na kasal sa modernong panahon noong naunang dekada ng ika-21 siglo. pinapayagan ang mga homosekswal na kasalan sa labing anim na bansa (argentina, belgium, brazil, canada, denmark, france, iceland, netherlands, new zealand, norway, portugal, spain, south africa, sweden, united kingdom, uruguay) at ilang mga pambansang awtoridad (bahagi ng mexico at us). sa enero 2015 naman maipapatupad ang batas ukol sa homosekswal na kasalan sa luxembourg. nagpapakita rin na may pagtaas ng suporta para sa legal na pagkilala dito mula sa lahi, edad, relihiyon at estado ng buhay. sari-sari ang pagpapakilala sa mga batas ukol sa kasal ng magkaparehong kasarian batay sa hatol, ito ay naipapatupad sa pamamagitan ng lehislatibong pagbago sa batas ng pag-aasawa, sa pasya ng korte batay sa konstitusyonal na akda o sa pamamagitan ng boto ng karamihan. politikal, pansosyal,"
laws,tl,wikipedia_tl,"ang pagkakahiwalay ng simbahan at ng estado ay isang konseptong legal at politikal, kung saan ang mga institusyon ng estado at ng simbahan ay pinapanatiling magkahiwalay sa bawat aspekto ng pagtugon sa mga isyu ng kanilang mga institusyon nang walang pamamagitan o pakikialam ng bawat isa. sa konseptong ito nasusukat ang kalayaan ng pananampalataya ng bawat mamayan. ang terminong ito ay supling ng pariralang ""pader na naghihiwalay sa pagitan ng simbahan at estado"" na nakasulat sa liham ni thomas jefferson sa danbury baptist association (samahang bautista ng danbury) noong 1802. ang orihinal na teksto ay mababasang: ""aking pinagnilayan na may soberanyang paggalang ang akto ng buong mga mamamayang amerikano na nagdedeklarang ang kanilang tagapagbatas ay hindi dapat gumawa ng batas na rumirespeto sa pagtatag ng relihiyon o nagbabawal sa malayang pagsasanay nito. ang pariralang ito ay unang sinipi ng kataas-taasang hukuman ng estados unidos noong 1878 at sa mga sunod sunod na kasong mula noong 1947. ang pariralang ""paghihiwalay ng simbahan at estado"" ay hindi mismong makikita sa saligang batas ng estados unidos. ang unang susog sa saligang batas ng estados unidos ay nagsasaad na ang"
laws,tl,wikipedia_tl,"ang house of lords ay ang mataas na kapulungan ng parlamento ng united kingdom. tulad ng house of commons, ito ay nagpupulong sa palasyo ng westminster. ang house of lords ay malaya at bumubuo sa gawain ng house of commons. ang mga lords ay nagsasalo ng responsibilidad sa paggawa ng mga batas at pagsisiyasat ng mga hakbang ng pamahalaan ng united kingdom. ang mga panukalang batas ay maaaring ihain alinman sa house of lords o house of commons. ang mga kasapi ng house of lords ay maaaring gumanap ng tungkulin bilang ministro ng pamahalaan. ang house of lords ay may sarili nitong suportang serbisyon na hiwalay mula sa commons kabilang ang kapulungan ng mga aklatan ng mga panginoon. hindi tulad ng hinahalal na kasapi ng kapulungan ng mga karaniwan, ang karamihan ng mga bagong kasapi ng kapulungan ng mga panginoon ay hinihirang. ang mga kasapi ng kapulungan ng mga panginoon ay binubuo ng mga panginoong espiritwal at mga panginoong temporal. sa kasalukuyan ay may mga 26 panginoong espiritwal na umuupo sa kapulungan ng mga panginoon dahil sa kanilang papel na eklesiastikal sa itinatag na simbahan ng inglatera. ang mga panginoong temporal ay bumubuo ng natitirang mga kasapi nito. sa mga"
laws,tl,wikipedia_tl,"ang mga distritong pambatas ng lalawigan ng timog cotabato, una at ikalawa ang mga kinatawan ng lalawigan ng timog cotabato at ng mataas na urbanisadong lungsod ng heneral santos sa mababang kapulungan ng pilipinas. kasaysayan ang kasalukuyang nasasakupan ng timog cotabato ay dating kinakatawan ng departamento ng mindanao at sulu (1917–1935) at ng dating lalawigan ng cotabato (1935–1967). sa pamamagitan ng batas pambansa blg. 4849 na naaprubahan noong hunyo 18, 1966, hiniwalay ang mga timog na munisipalidad ng cotabato upang buuin ang timog cotabato. ayon sa seksiyon 5 ng batas, unang naghalal ng kinatawan ang solong distrito ng lalawigan noong 1967 at nanilbihan sa kalahati ng ikaanim na kongreso. nang ginawang lungsod ang heneral santos sa bisa ng batas pambansa blg. 5412 na naaprubahan noong hunyo 15, 1968, nanatili itong kinakatawan ng lalawigan. bahagi ito ng kinakatawan ng rehiyon xi sa pansamantalang batasang pambansa, mula 1978 hanggang 1984. mula 1984 hanggang 1986, nagpadala ng tatlong assemblymen at-large ang lalawigan sa regular batasang pambansa. sa ilalim ng bagong konstitusyon, hinati sa tatlong distritong pambatas ang lalawigan noong 1987. sa bisa ng batas pambansa"
laws,tl,wikipedia_tl,"ang batas ng ideyal na gas (ingles, ideal gas law) ay ang tumbasan ng estado (equation of state) ng isang hipotetikal na ideyal na gas. mainam itong gamitin sa maraming mga uri ng gas sa iba-ibang kondisyon ngunit mayroon pa rin itong mga limitasyon. una itong isinaad ni émile clapeyron noong 1834 bilang isang kumbinasyon ng mga empirikal na batas ni boyle, batas ni charles, at batas ni avogadro. kadalasang isinusulat ang batas na ito bilang kung saan ang: ay ang presyon ng gas, ay ang bolyum ng gas, ay ang dami ng gas (sa mole), ay ang ideal na konstant ng gas, ay ang ganap na temperatura ng gas. maaari ring makuha ang batas ng ideyal na gas mula sa teoryang kinetiko ng gas, na nagawa nang hiwalay nina august krönig noong 1856 at rudolf clausius noong 1857. tumbasan ang estado ng isang dami ng gas ay natutukoy sa pamamagitan ng presyon, bolyum, at temperatura nito. ang mga makabagog anyo ng tumbasang ito ay inuugnay ang mga ito sa dalawang anyo. ganap na temperatura ang ginagamit sa tumbasang ideal gas; kelvin ang naaangkop na yunit ng si. anyong karaniwan ang pinakamadalas na ipinakilalang anyo ay kung saan ang: ay ang presyon ng gas, ay ang bolyum ng gas, ay ang dami ng gas (sa"
laws,tl,wikipedia_tl,"ang watawat ng bangsamoro ay ang watawat na kumakatawan sa rehiyong awtonomo ng bangsamoro sa muslim mindanao (barmm), isang rehiyong awtonomo ng pilipinas. kasaysayan sa ilalim ng bangsamoro organic law, ang batayang batas ng rehiyong awtonomo ng bangsamoro sa muslim mindanao (barmm) na pumalit sa rehiyong awtonomo ng muslim mindanao (armm) may karapatan magkaroon ang rehiyon ng sariling watawat at sagisag. nagkaroon din ang armm ng sariling watawat. bago pa ang ratipikasyon ng bangsamoro organic law, may tumututol sa pagkakaroon ng sariling watawat ang bangsamoro. ayon sa philippine constitution association at ang kinatawan sa kapulungan ng buhay partylist na si lito atienza na labag sa saligang batas ang pagkakaroon ng hiwalay na watawat para sa bangsamoro. giniit pa ni atienza na ang isang hiwalay na watawat ay taliwas sa pambansang pagkakaisa. bilang tugon, sinasbi ng tanggapan ng pampanguluhang tagapayo sa prosesong pangkapayapaan na ang rehiyong bangsamoro bilang isang katawan ng pambansang pamahalaan ng pilipinas ay pinahihintulutang magkaroon ng sariling watawat sa ilalim ng kodigong pang-watawat at heraldiko (batas republika blg. 8491). noong pebrero 2019, naglunsad ang"
laws,tl,wikipedia_tl,"ang peminismo ay pagtitipon ng mga kilusan at mga kaisipan na layunin ang magtakda, magtatag, at maipagtanggol ang pantay na pampulitika, pangkabuhayan, pangkultural, at panlipunang mga karapatan para sa mga kababaihan. nabibilang dito ang pagtatatag ng pantay na mga pagkakataon para sa mga kababaihan sa edukasyon at sa paghahanap-buhay. ang isang peminista ay tumataguyod o sumusuporta sa mga karapatan at sa pagkakapantay-pantay ng mga kababaihan. ang peministang teorya, na lumitaw mula sa mga peministang kilusan, ay lumalayong maunawaan ang pinagmulan ng hindi pagkakapantay-pantay ng kasarian sa pamamagitan ng pagsuri sa mga panlipunang tungkulin at natamong karanasan ng isang babae; ito ay mga teorya sa samu’t saring mga sangay upang matugunan ang mga suliranin tulad ng panlipunang konstruksiyon ng kasarian. ilan sa mga naunang anyo ng peminismo ay pinuna dahil sa pagsasaalang-alang lamang sa mga puti, nakaririwasa, at nakapag-aaral. humantong ito sa pagkakabuo ng tiyak na pang-etniko o multiculturalist na mga anyo ng peminismo. ang mga peministang aktibista ay nagkakampanya para sa mga karapatan ng mga kababaihan – tulad ng sa contract law, sa pag-ari, at sa pagboto – habang"
laws,tl,wikipedia_tl,"ang komisyon sa audit o komisyon sa pagsusuri (coa; inggles: commission on audit), opisyal na baybay bilang komisyon sa awdit, ay isang makapangyarihang institusyon sa pagtutuos ng pilipinas. ipinapahayag ng saligang-batas ng pilipinas ang kalayaang ito bilang tanggapang konstitusyonal, ipinagkakaloob ng mga kapangyarihang ito na magtuos ang lahat ng mga katuusan na sumasaklaw sa lahat ng mga rentas at gastos ng pamahalaan/mga gamit ng ari-arian ng pamahalaan at upang magtakda ng pagtutuos at mga tuntunin sa pagtutuos, ibinibigay ang pantanging kapangyarihan upang mapaliwanag ang sakop at mga pamamaraan ukol sa mga tuos nito, at ipinagbabawal ang mga nasa tagapagbatas ng anumang batas na magsasagawa ng hangganan ng sakop ng pagtutuos. mga inatasang gawain ito ang nangangalaga sa pondo ng bayan sa pamamagitan ng pagtiyak na ginagamit ito ng mga opisyal ng pamahalaan at mga kawani sa tunay at kapaki-pakinabang na layunin. ito ang namamahala sa lahat ng kinikita at ginagastos ng pamahalaan. ang komisyon sa audit ay may kapangyarihan, namamahala, at tungkulin na magsuri, mag-audit, at magsaayos ng lahat ng mga katuusan hinggil sa rentas at mga resibo ng, at mga gastos o gamit ng mga"
laws,tl,wikipedia_tl,"noong 22 mayo, 2014, nilunsad ng maharlikang hukbo ng thailand sa pamumuno ni heneral prayuth chan-ocha, komandante ng maharlikang hukbo ng taylandya (rta) ang kudeta laban sa pamahalaang katiwala ng taylandya, kasunod ng anim na buwan ng krisis pampolitika. nagtatag ng militar ng junta na tinatawag na ""national council of peace and order"" (pambansang konseho ng kapayapaan at kaayusan, ncpo) para pamunuan ang bansa. matapos na buwagin ang pamahalaan at ang senado, iginawad ng ncpo ang kapangyarihang ehekutibo at lehislatibo sa kanilang mga puno at pinag-utos ang sangay hukuman na mamahala ayon sa kanilang pinag-uutos. dagdag pa nito, bahagya nitong winalang-saysay ang saligang batas 2007, nagdeklara ng batas militar at kurpyo sa buong bansa, pinagbawal ang pagtitipong pampolitika, pinadakip at piapiit ang mga pulitiko at mga aktibista kontra kudeta, naglagay ng pagsensura sa internet at kinontrol ang midya. karanasan noong halalan ng 2011, nanalo si yingluck shinawatra at ang pheu thai party (ptp) matapos makakuha ng landslide victory at bumuo ng pamahalaan kung saan naging punong ministro si yingluck. nagsimula ang kilos protesta kontra pamahalaan na pinamunuan ni suthep"
laws,tl,wikipedia_tl,"si felipe calderon ay isang abogado at edukador na nagkaroon ng mahalagang papel sa kasaysayan ng bansa. siya ang awtor ng konstitusyon ng unang republika ng pilipinas lalong kilala sa tawag na konstitusyon ng malolos. siya ay isinilang sa santa cruz de malabon (ngayon ay tanza, cavite) noong 4 abril 1868. pangalawa siya sa anim na anak nina jose calderon at manuela roca, isang mestisang kastila-filipina na taga-santa ana, maynila. ang pinakamatanda niyang kapatid ay si fernando calderon na isang doctor, naging direktor ng ospital heneral ng pilipinas at naging dekano pa rin ng kolehiyo ng medisina sa unibersidad ng pilipinas. nagtapos si felipe ng elementarya sa isang pribadong paaralan. sa kabila ng kanilang kahirapan ay ipinagpatuloy niya ang kanyang pag-aaral. naglalakad siya sa pagpasok araw-araw nang nakapaa. kipkip niya ang kanyang tsinelas at saka lamang niya ito isinusuot pagdating sa paaralan. dahil sa kanyang angking talino ay malugod sa kanya ang mga·paring hesuita kava siya ay binigyan ng iskolarsyip na pati ang tirahan at pagkain ay libre. natapos niya ang kursong bachiller en artes sa ateneo de manila. nais ng kanyang ina na siya ay maging pari subalit ang nais niya"
laws,tl,wikipedia_tl,"ang kodigo ni hammurabi o code of hammurabi ay isang batas kodigo na nilikha noong ca 1772 bce (gitnang kronolohiya) sa sinaunang babilonya ng ikaanim na hari ng babilonyang si hammurabi. iisa lamang ang halimbawa ng kodigo ang nananatili at nasagip sa kasalukuyan, na nakaukit sa isang pitong talampakan, apat na pulgada ang habang basalto na nasa wikang akkadian na nasa panitik na kuneiporma. ang kodigo ni hammurabi ang isa sa mga pinakaunang isinulat na batas sa kasaysayan at isinulat sa isang stela at inilagay sa lugar na pampubliko upang mabasa ng lahat. ang stela na ito ay kalaunang kinuha ng mga taga-elam at inalis sa kabisera nitong susa. ito ay muling natuklasan noong 1901 at nakalagak ngayon sa louvre museum sa paris. ito ay naglalaman ng 282 batas na isinulat ng mga skriba sa 12 tableta. hindi tulad ng mas maagang mga batas, ito ay isinulat sa wikang akkadian na pang-araw araw na wika ng babilonya at kaya ay mababasa ng sinumang nakakabasang tao sa siyudad. sinasabing ang mga kaparusahan nito ay napakabagsik sa mga modernong pamantayan na ang maraming mga kasalanan ay nagreresulta sa kamatayan, pananakit o paggamit ng pilosopiyang ""mata sa mata"". ang kodigo ni hammurabi"
laws,tl,wikipedia_tl,"ang pagkakapantay-pantay ng mga kasarian (kilala rin bilang gender equity, gender egalitarianism, o sekswal na pagkakapantay-pantay) ay ang layunin ng pagkakapantay-pantay ng mga kasarian o ng mga seks, na nagmumula sa paniniwala sa kawalan ng katarungan na may iba't ibang anyo ng hindi pagkakapantay-pantay sa kasarian. konsepto ang kilusang naglalayon ng pagkakapantay-pantay ng kasarian, lalo na sa mga kanluraning bansa, ay nagsimula sa mga kilusang suffragette noong huling ika-19 siglo. nagresulta ito ng pagbabago na may kinalaman sa karapatan ng mga kababaihan sa pagmamay-ari pagkatapos ikasal. (tingnan ang halimbawa, married women's property act 1882.) noong 1960s, nabuo ang isang mas pangkalahatang kilusan para sa pagkakapantay-pantay ng kasarian batay sa peminismo at sa pagkakaroon ng kalayaan para sa kababaihan. gayunman, ang aktwal na mga pagbabago sa mga pananaw ay patuloy na tumutok sa mga partikular na mga isyu. ang kilusan ay nagdulot ng mga pagbabago sa mga batas na may kaugnayan sa isang partikular na isyu o mga batas na anti-seks na nagreresulta ng hindi pagkakapantay-pantay. sa larangan ng edukasyon, nagkaroon ng kultural na pagbabago sa pagtingin sa"
laws,tl,wikipedia_tl,"ang mga orden at mga dekorasyon na ipinagkaloob sa mga sibilyan at mga tauhan ng militar sa republika ng pilipinas, ay nakalista sa pamamagitan ng pagkakasunud-sunod ng karapatan sa pangunguna. ang unang listahan ay ng mga parangal ng sibilyan, na nangunguna sa mga parangal ng militar. ang susunod na listahan ay ng mga parangal na ipinagkaloob sa militar o dating mga yunit ng militar. ang mga sibilyang orden at dekorasyon ng pilipinas ay ipinagkaloob ng pangulo ng pilipinas, sa kanyang katungkulan bilang pinuno ng estado. sa ilang pagkakataon, ang paggawad ng ilang orden at dekorasyon ay nangangailangan ng pagsang-ayon ng kongreso ng pilipinas. mga dekorasyong pansibilyan ang pansibilyan na karapatan sa pangunguna, na itinalaga ng kodigo ng pagpaparangal ng pilipinas (eo blg. 236) ay ang mga sumusunod: ranggo ng unang klase krus ng paglilingkod ni quezon ranggo ng ikalawang klase orden ni lakandula orden ni sikatuna lehiyong pandangal ng pilipinas ranggo ng ikatlong klase orden ni gabriela silang ranggo ng ikaapat na klase orden ng mga pambansang alagad ng sining orden ng mga pambansang alagad ng agham orden ng mga pambansang alagad ng agham panlipunan gawad sa manlilikha ng bayan"
laws,tl,wikipedia_tl,"ang deontolohiya (mula sa sinaunang griyego: ""katungkulan"" + ""-lohiya"") ay paraan ng etika na humahatol sa isang moralidad ng isang aksiyon batay sa isang serye ng mga patakaran at prinsipyo. ang mga deontolohiya ay nag-aaral ng mga patakaran at katungkulan sa kanilang sariling karapatan, imbes na batay sa mga resulta ng aksiyon. kalimitang itinatangi ang deontolohiya mula sa konsekwensiyalismo, utilitarismo, etikang birtud, at pragmatikong etika. sa itong terminolohiya, ang isang aksiyon ay mas mahalaga kaysa sa kaniyang mga konsekwensiya. sa ingles, ang terminong ay munang ginamit para ilarawan ang kasalukuyang, espesipikong katuturan ni c. d. broad sa kaniyang aklat ng 1930, (). ang isang mas lumang paggamit ng termino ay nahahanap sa jeremy bentham, kung sino nag-imbento ito bago 1816 bilang isang sinonimo ng o (kumbaga, etika batay sa husga o hutol). ang mas pangkalahatang kahulugan ng salita ay pinananatili sa pranses, lalo na sa terminong (etikal na kodigo) sa konteksto ng etikang pamprupesyon. depende sa sistema ng deontolohikal na etika na iniisip, maaaring lumitaw ang isang obligasyong moral mula sa isang panlabas o panloob na pinagmulan, tulad ng isang pangkat ng mga"
laws,tl,wikipedia_tl,"ang imperyo ng mga romano (ingles: roman empire) (latin: ) ang tawag sa imperyalistang paghahari ng mga romano sa malaking bahagi ng europa, asya at hilagang aprika, na may autokratikong porma ng pamahalaan. sumunod ang panahon ng imperyong romano sa 500-taong republika romana (510 bc – siglo 1 bc) na pinahina ng alitan sa pagitan ng mga heneral katulad ni gaius marius at sulla, at ng digmaang sibil ni julio cesar (julius caesar) laban kay pompey. maraming petsa ang iminungkahi kung kailan ito naging imperyo mula sa republika. kasama rito ang pagtatakda kay julio cesar bilang habang-buhay diktador o diktador perpetuidad (44 bc), ang pagwawagi ni octavio (na tagapagmana ni caesar), sa labanan sa actium (ika-2 ng setyembre 31 bc), at paggagawad ng senadong romano kay octavio ng kagalang-galang na pangalang augusto (ika-16 ng enero 27 bc). ang katagang imperium romanum (imperyong romano) ang pinakilalang katagang latin kung saan ang salitang imperium ay nangangahulugan ng isang teritoryo sa isang bahagi ng mundo na nasa ilalim ng pamamahalang romano. mula sa panahon ni augusto hanggang sa pagbagsak ng kanlurang imperyo, naghari ang roma sa mga sumusunod: sa inglatera at galia"
laws,tl,wikipedia_tl,"si crisanto evangelista (1 nobyembre 1888 – 2 hunyo 1942) ay isang pilipinong komunista ng unang bahagi ng ika-20 siglo. siya ang pangunahing tagapagtatag at namuno ng (lumang) partido komunista ng pilipinas noong 7 nobyembre 1930, sa araw ng 13 taon ng rebolusyong oktubre ng russia. kinulong siya sa bandang huli ng dekada ngunit pinalaya ng gobyerno para lumaban sa mananakop na hapon. tinanggap niya ang malupit na kamatayan sa duguang mga kamay ng pasistang hapones noong 2 hunyo 1942. kabataan at pag-aasawa si crisanto evangelista ay isnilang noong 1 nobyembre 1888 sa maliit na nayon ng malhacan, meycauayan, bulacan. sina florencio evangelista at feliciana abano ang kanyang mga magulang. may kapatid sa ina, si mamerta abano, na mas matanda kay crisanto; at tanging kapatid na babae na sumunod sa kanya. ang kanyang ama ay isang magsasaka sa asyenda; ang kanyang ina, isang maybahay, ay sinasabing nag-aangkin ng matalinong pag-iisip. ang murang kabataan ni crisanto ay nagdaan sa dalawang malalaking sigwang panlipunan sa kasaysayan ng pilipinas: ang rebolusyong matagumpay laban sa mga kastila at ang madugong pilipino-amerikano. sa huling digmaang nabanggit, nagbuwis ng kulang-kulang"
laws,tl,wikipedia_tl,"si sir isaac newton, prs (25 disyembre 1642 (os) – 20 marso 1727 (os) / 4 enero 1643 (ns) – 31 marso 1727 (ns)) ay isang ingles na pisiko, matematiko, astronomo, pilosopo, at alkimiko. isang taong henyo, siya ang tinuturing ng karamihan na isa sa pinakamaimpluwensiyang siyentipiko sa kasaysayan ng agham. inuugnay siya sa rebolusyong makaagham at pagsulong ng heliosentrismo. ang kanyang monograpong philosophiæ naturalis principia mathematica na inilambag noong 1687 ang naglatag ng mga pundasyon sa karamihan ng mekanikang klasiko. sa akdang ito, inilarawan ni newton ang unibersal na grabitasyon at ang tatlong batas ng mosyon. ang mga konseptong ito ang nanaig sa siyentipikong pananaw ng uniberso sa mga sumunod na tatlong siglo(300 taon). ipinakita ni newton na ang mga mosyon(galaw) ng mga obhekto(bagay) sa mundo at ng mga katawang pangkalawakan ay pinamamahalaan ng parehong hanay ng mga natural na batas sa pamamagitan ng pagpapakita ng pag-ayon ng mga batas mosyon ng mga planeta ni kepler sa kanyang teoriya ng grabitasyon. ito ang nag-alis ng pagdududa sa pananaw na heliosentrismo(pag-ikot ng mga planeta sa araw) at nagpasulong ng rebolusyong siyentipiko. ang principia ang"
laws,tl,wikipedia_tl,"ang baybayin (walang kudlit: , krus na pamatay-patinig: , pamudpod na pamatay-patinig: ), kilala rin sa maling katawagan nitong alibata (mula arabe alifbata) ay isa sa mga suyat na ginamit sa pilipinas. isa itong alpasilabaryo, at bahagi ng pamilya ng sulat brahmi. laganap ang paggamit nito sa luzon at sa ilang parte ng pilipinas noong ika-16 hanggang ika-siglo bago mapalitan ito ng sulat latin. sa kasalukuyan, ginagamit ang baybayin bilang sining. may mga grupong nabuo para muli itong buhayin at gamitin. may mga batas rin ang nagawa para itaguyod ito pati na rin ang iba pang mga sistema ng panulat ng pilipinas. isinakodigo sa unicode ang mga titik nito noong 2002. ipinanukala ito ni micheal everson noong 1998 kasama ng sulat tagbanwa, hanuno'o, at buhid. ang sinupan ng unibersidad ng santo tomas sa maynila ang may hawak sa kasalukuyan sa pinakamalaking koleksyon ng mga sinaunang pagsulat sa baybayin sa buong mundo. dahil rito, binigyan ito ng nominasyon para mapasama sa talaan ng pandaigdigang pamana ng unesco, kasama na ang buong unibersidad. pangkalahatang-ideya ang alpasilabaryo ay isa sa mga indibidwal na sistema ng pagsulat na ginagamit sa timog-silangang asya, halos lahat"
laws,tl,wikipedia_tl,"si muhammad (wikang arabe:محمد) na tinatawag din bilang mahoma, mohammed, muhammed, mahomet, at iba pa (ipinanganak noong 570 ad sa mecca at namatay noong 8 hunyo 632 ad sa medina) at may buong pangalan na muhammad ibn `abd allāh ibn `abd al-muttalib (wikang arabe:محمد بن عبدالله بن عبد المطلب‎) ang nagtatag ng islam at tinuturing ng mga muslim bilang isang sugo (messenger) at propeta ng diyos (arabe: الله allah) at ang huling tagapagdala ng batas sa magkakasunod na mga propetang islamiko. dahil dito, si muhammad ay itinuturing ng mga muslim na tagapagpanumbalik ng hindi nalikong (uncorrupted) orihinal na monteistikong pananampalataya (islām) ni adan, noe, abraham, moises, hesus at iba pang mga propeta. siya ay ipinanganak noong 570 ce sa siyudad ng arabia na mecca. siya ay naulila sa batang edad at pinalaki ng kanyang tiyuhing si abu talib. siya ay kalaunang nagtrabaho bilang isang mangangalakal gayundin din bilang isang pastol at unang nakapag-asawa sa edad na 25. sa pagiging hindi masaya sa kanyang buhay, siya ay tumungo sa isang kweba sa mga paligid na kabundukan upang magnilay nilay. ayon sa mga paniniwalang islamiko, dito sa lugar na ito sa edad na 40 sa buwan ng ramadan"
laws,tl,wikipedia_tl,"ang mga batas republika (inggles: republic act) ay ang mga batas sa pilipinas, na nilikha ng kongreso at nilagdaan ng pangulo. pangalan ang mga batas republika ay maraming pangalan. noong panahon ng mga amerikano, ito ay tinatawag na ""acts"", pero noong panahon ng komonwelt ng pilipinas, ito ay tinatawag na ""commonwealth acts"" (mga batas komonwelt). pagkatapos ng kalayaan, pinalitan ang katawagan bilang ""batas republika"", pero ito ay pinalitan upang maging ""batas pambansa"" noong panahon ni marcos dahil sa paglikha ng batasang pambansa. ibinalik ang katawagang ""batas republika"" noong 1986, pagkatapos ng rebolusyon ng edsa. batas sa pilipinas pamahalaan ng pilipinas mga batas republika ng pilipinas"
laws,tl,wikipedia_tl,"ang mga batas ng mosyon ni newton ang tatlong mga pisikal ng batas na bumubuong basehan ng klasikal na mekaniks. inilalarawan ng mga ito ang ugnayan ng mga puwersa na gumagalaw sa isang katawan at ang mosyon nito sanhi ng mga puwersang ito. ang mga ito ay inihayag sa iba't ibang paraan sa loob ng tatlong siglo (300 taon) at maaaring ibuod sa sumusunod: unang batas: ang belosidad ng isang katawan ay nanatiling konstante maliban na galawin ng isang panlabas na puwersa. ikalawang batas: ang akselerasyon (a) ng isang katawan ay paralelo at direktang proporsiyonal sa netong puwersa (net force) (f) at kabaligtarang proporsiyonal sa masa o f = ma. ikatlong batas: ang mutwal (mutual) na mga puwersa ng aksiyon at reaksiyon sa pagitan ng dalawang katawan ay magkatumbas, magkabaliktad at kolinyar (collinear). ang mga tatlong batas ng mosyong ito ay unang tinipon ni isaac newton sa kanyang akdang philosophiæ naturalis principia mathematica na unang inilimbag noong hulyo 5, 1687. ang mga ito ay ginamit ni newton upang ipaliwanag at imbestigahan ang mga mosyon ng mga pisikal na obhekto (bagay) at mga sistema. halimbawa, sa ikatlong bolyum ng mga tekstong ito, ipinakita ni newton na ang mga"
laws,tl,wikipedia_tl,"ang pagpapapatupad ng batas ay ibang katawagan para sa pagtukoy sa hanapbuhay at gawain ng mga pulis o mga opisyal ng pulisya. ang pagpapatupad ng batas ay maaari ring ang trabaho ng mga sundalo (katulad ng pulis militar) sa panahon ng mga emerhensiya. naghahanapbuhay ang mga pulis upang tiyakin na sinusunod ng mga tao ang mga batas na ginawa ng mga politiko at ng mga hukom. sa malawak na pananalita, ang pagsasakatuparan ng batas ay ang anumang sistema kung saan ang ilang miyembro ng lipunan ay gumaganap sa isang maayos o organisadong paraan upang maipatupad ang batas sa pamamagitan ng pagtuklas, paghadlang, pag-udlot, rehabilitasyon, o pagpaparusa sa mga tao na lumalabag sa mga patakaran at mga pamantayan na sumasaklaw sa lipunang nabanggit. bagaman ang kataga ay maaaring sumakop sa mga entidad na katulad ng mga hukuman at mga bilangguan, pinaka madalas na nilalapat ito sa mga tuwirang lumalahok sa pagpapatrolya o pagmamanman upang mapigilan at matuklasan ang mga gawaing kriminal, at ang mga nag-iimbistiga ng mga krimen at humuhuli sa mga lumabag sa batas. bilang dagdag, bagaman ang pagpapatupad ng batas ay maaaring pinaka nakaukol sa pagpigil at pagpaparusa ng mga krimen,"
education,tl,wikipedia_tl,"ang unibersidad ng philippines, mindanao (up mindanao, upmin; cebuano: unibersidad sa pilipinas mindanao) ay ang ika-anim at pinakahuling yunit ng unibersidad ng pilipinas. itinalaga noong 20 pebrero 1995 sa pamamagitan ng republic act 7889. pagkaraan, ang mga lupon ng mga rehente ng sistema ng unibersidad ng pilipinas ay pormal na nilikha ang up mindanao noong 23 marso 1995. ito lamang ang natatangging constituent university ng unibersidad ng pilipinas na naitatag sa pamamagitan ng isang batas na inihain sa kongreso. pagkaraan, ang mga lupon ng mga rehente ng sistema ng unibersidad ng pilipinas ay pormal na nilikha ang u.p. mindanao noong 23 marso 1995. layunin ng up mindanao na maibahagi at mabigyang pagkakataon ang mga mag-aaral ng mindanao, lalung-lalo na ang mga mag-aaral na muslim at lumad, na maging mga iskolar ng bayan, kasali na ang mga naghihikaos ngunit magagaling na estudyante. dahil dito, ang mga programang pang-akademiko at pagsasaliksik ay nakatuon sa pag-aaral sa mindanao (mindanao studies) sa larangan ng sangkalikhaan, arkitektura, food science, biolohiya, computer science, at supply chain management. ang up mindanao ay matatagpuan sa bago oshiro, mintal, lungsod"
education,tl,wikipedia_tl,"ang pamantasang estado sa gitnang luzon (ingles: central luzon state university, dinadaglat bilang clsu) ay isang pamantasang estado na may 658-ektaryang nasasakupan sa lungsod agham ng muñoz, nueva ecija, pilipinas. ito ang pangunahing ahensya ng muñoz science community at ang tahanan ng regional research and development center sa gitnang luzon. sa ngayon, ang clsu ay isa sa mga pangunahing institusyon para sa agrikultura ng pilipinas at sa timog silangang asya na kilala sa pagsasaliksik nito sa aquaculture, ruminants, pananim, halamanan, at pamamahala ng tubig . naitala din ito sa pagitan ng ikaanim at dalawampu't isang lugar para sa pinkamahusay sa pang-akademikong unibersidad sa bansa para sa iba't ibang mga taon, na labis na nakararami sa mga paaralan sa kalakhang maynila. naitala din ito sa 100 pinaka-makabuluhang mga paaralan sa asya ng maraming beses. ang clsu ay ang unang komprehensibong unibersidad ng estado na sumailalim sa akreditasyong institusyonal. ito ay ipinahayag na pag- aari ng kultura ng pilipinas na may code na ph-03-0027 dahil sa mataas na kahalagahang kasaysayan, pang-kultura, pang-akademiko, at kahalagahan ng agrikultura sa bansa. ito ay isa sa apat na"
education,tl,wikipedia_tl,"ang polis - ang instituto ng wika at humanidades ng herusalem, kilala sa ingles bilang ang polis - the jerusalem institute of languages and humanities, ay isang institusyong pang-akademikong di-pangkalakalan na nakabase sa herusalem, israel at itinatag noong 2011 bilang tugon sa bagong interes ng mundo sa mga sinaunang wika at sibilisasyon, gayundin para buhayin muli ang pag-aaral ng humanidades sa pamamagitan ng pag-aaral sa mga pinagkukunan ng kulturang kanluranin at silangan. mula sa mga kamakailang pagbabago sa lingwistikang nalalapat pati na rin sa kadalubhasaan ng mga israeli sa pagtuturo ng modernong ebreo (ang paraang ulpan), itinuturo ng paraang polis ang mga tinaguriang ""patay na wika"" sa isang monolingwal at malapít na kapaligiran. nasa musrara ang institusyon, malapit sa lumang lungsod ng herusalem. mula sa lagpas tatlumpung bansa ng anim na kontinente ang mga mag-aaral nila. kasaysayan ang polis institute ay inirehistro noong 2011 sa non-profit registry ng israel (ang dokumento ay nakasulat sa hebreo) at nag-alok sa buong taon ng mga kursong modernong hebreo at arabe, pati na rin ang sinaunang griyego. ang pangunahing ideya ay magturo ng mga sinaunang wika bilang mga"
education,tl,wikipedia_tl,"ang paaralan, eskwelahan, iskwelahan, o iskul ay isang institusyong pang-edukasyon na idinisenyo upang magbigay ng mga learning space at mga learning environment para sa pagtuturo ng mag-aaral sa ilalim ng direksyon ng guro. karamihan sa mga bansa ay may mga sistema ng pormal na edukasyon, na kung minsan ay sapilitan. sa mga sistemang ito, umuunlad ang mga mag-aaral sa isang serye ng mga paaralan. ang mga pangalan para sa mga paaralang ito ay nag-iiba ayon sa bansa (tinalakay sa regional terms na seksyon sa ibaba) ngunit sa pangkalahatan ay kinabibilangan ng mababang paaralan para sa maliliit na bata at secondary school para sa mga tinedyer na nakatapos ng primary education. ang isang institusyon kung saan itinuturo ang mas mataas na edukasyon ay karaniwang tinatawag na dalubahasaang pamantasan o pamanatasan. bilang karagdagan sa mga pangunahing paaralang ito, ang mga mag-aaral sa isang partikular na bansa ay maaari ding pumasok sa mga paaralan bago at pagkatapos ng elementarya (elementarya sa estados unidos) at sekondarya (middle school sa estados unidos) na edukasyon. ang kindergarten ay nagbibigay ng ilang pag-aaral sa napakabata na mga bata (karaniwang edad 3–5). ang"
education,tl,wikipedia_tl,"ang pamantasang de la salle (de la salle university (dlsu) sa wikang ingles), o kilala rin bilang la salle, ay isang pribadong katolikong pampananaliksik na pamantasan na itinaguyod at ipinatatakbo ng kapatirang de la salle na matatagpuan sa taft avenue, malate, maynila, pilipinas. itinaguyod ito noong 1911 bilang kolehiyong de la salle sa daang nozaleda sa paco, maynila. inilipat ito sa kasalukuyan nitong kinaroroonan noong ikadalawampu't-isa ng setyembre upang tugonan ang pagdami ng mga pumapasok na mag-aaral. naging pamantasan ito noong pebrero noong 1975. ito ang pinakamatandang miyembro ng de la salle philippines (dlsp), isang samahan ng mga pamantasang lasalyano sa pilipinas. nagsimula ito bilang isang institusyong panlalaki. sa kasalukuyan, nag-aalok ito ng mga koedukasyong kursong pang-undergraduate at pang-graduate sa pamamagitan ng pito nitong mga dalubhasaan at isa nitong paaralan. ilan sa mga pinagdadalubhasaan ng mga ito ay ang mga disiplinang negosyo, inhenyeriya, at ang malalayang sining. ikinilala ng komisyon sa mas mataas na edukasyon (ched) ang pamantasang de la salle bilang isang center of excellence sa anim nitong mga programa, at center of development sa tatlo"
education,tl,wikipedia_tl,"ang sql (structured query language) ay isang wikang pamprograma na ginagamit sa pamamahala ng data sa isang relasyonal na sistemang database. ang pamamahala sa data ay kinabibilangan ng pagpasok ng data(insert), kweri(query) o pagtingin sa data, pagbabago ng data(update), pagbura ng data(delete), paglikha ng mga tabla at skema at pagbibigay karapatan sa mga manggagamit ng database at iba pa. mga ginagamit na instruksiyon paglikha ng tabla ang instruksiyon na ginagamit sa paglikha ng tabla ng isang database ay: create table estudyante( id int, pangalan varchar(50), tirahan varchar(50), primary key (id) ); ang tablang estudyante ay nilikha na may mga kolumn na id, pangalan, at petsa kung saan ang pangunahing susi(primary key) ay ang id. pagpasok upang lagyan ng data ang tablang nilikha, ang sumusunod na instruksiyon ay ginagamit: insert into estudyante (id, pangalan, tirahan) values (102, juan dela cruz , 222 maligaya st. lungsod quezon); insert into estudyante (id, pangalan, tirahan) values (202, jose santos , 333 masagana st. tondo); insert into estudyante (id, pangalan, tirahan) values (104, michael reyes , 444 mahusay st. paranaque); insert into estudyante (id, pangalan,"
education,tl,wikipedia_tl,"1001–1100 |-bgcolor=#d6d6d6 | 1001 gaussia || 1923 oa || || agosto 8, 1923 || crimea-simeis || s. belyavskyj || — || align=right | 73 km || |-id=002 bgcolor=#e9e9e9 | 1002 olbersia || 1923 ob || || agosto 15, 1923 || crimea-simeis || v. albitskij || — || align=right | 23 km || |-id=003 bgcolor=#d6d6d6 | 1003 lilofee || 1923 ok || || setyembre 13, 1923 || heidelberg || k. reinmuth || thm || align=right | 34 km || |-id=004 bgcolor=#d6d6d6 | 1004 belopolskya || 1923 os || || setyembre 5, 1923 || crimea-simeis || s. belyavskyj || 7:4 || align=right | 72 km || |-id=005 bgcolor=#d6d6d6 | 1005 arago || 1923 ot || || setyembre 5, 1923 || crimea-simeis || s. belyavskyj || — || align=right | 61 km || |-id=006 bgcolor=#d6d6d6 | 1006 lagrangea || 1923 ou || || setyembre 12, 1923 || crimea-simeis || s. belyavskyj || — || align=right | 35 km || |-id=007 bgcolor=#e9e9e9 | 1007 pawlowia || 1923 ox || || oktubre 5, 1923 || crimea-simeis || v. albitskij || mabagal || align=right | 18 km || |-id=008 bgcolor=#d6d6d6 | 1008 la paz || 1923 pd || || oktubre 31, 1923 || heidelberg || m. f. wolf || — || align=right | 41 km || |-id=009 bgcolor=#fa8072 | 1009 sirene || 1923 pe || || oktubre 31, 1923 ||"
education,tl,wikipedia_tl,"ang ay isang seryeng manga mula sa bansang hapon na sinulat at ginuhit ni masashi kishimoto. kinukuwento nito ang istorya ni naruto uzumaki, isang batang ninja na ninais na makuha ang pagkilala mula sa kanyang mga kauri at nangangarap rin siya na maging isang hokage, ang pinuno ng kanyang nayon. may dalawang bahagi ang salaysay, ang unang tagpo ay noong mga taon bago pa naging tinedyer si narutoy, at ikalawa ay noong tinedyer na siya. batay ang serye sa dalawag one-shot o nag-iisang isyu na manga ni by kishimoto: ang karakuri (1995), na nag-ani para kay kishimoto ng isang marangal na pagbanggit sa buwanang hop step award ng shueisha noong sumunod na taon, at naruto (1997). nailathala ang naruto sa magasin ng shueisha na weekly shōnen jump mula 1999 hanggang 2014, at nailabas sa anyong tankōbon (aklat) sa 72 bolyum. nagkaroon ang mang ng adaptasyon sa anime sa telebisyon na ginawa ng pierrot at aniplex, na umere sa 220 kabanata sa hapon mula 2002 hanggang 2007; ang adaptasyong ingles ng serye ay umere sa cartoon network at sa ytv mula 2005 hanggang 2009. ang sequel o ang sumunod na serye, ang naruto: shippuden, ay unang lumabas sa bansang hapon noong in 2007, at natapos noong 2017,"
education,tl,wikipedia_tl,"si mao zedong (o mao tse-tung) (26 disyembre 1893 - 9 setyembre 1976), ay isang rebolusyonaryo at komunistang pinuno ng tsina. siya ang pinuno ng republikang popular ng tsina magmula nang itatag ito noong 1949 hanggang sa kaniyang kamatayan noong 1976. nagapi ni mao, na isang intsik na han, ang isang hukbong makabansa para sa pagkontrol ng tsina. karaniwan siyang tinutukoy bilang chairman mao (""tagapangulong mao"") sapagkat pinamunuan niya ang republikang popular ng tsina bilang tagapangulo o chairman ng partidong komunista ng tsina. ang kaniyang mga teoriyang marxista-leninista, mga estratehiyang militar at mga patakarang pampulitika ay magkakasamang nakikilala bilang marxismo-leninismo-maoismo (na madalas pinaiikli bilang maoismo) o kaisipang mao zedong (kaisipang mao tse-tung). si mao ay anak ng isang maunlad na magsasaka sa shaoshan, hunan. sinuportahan niya ang nasyonalismong tsino at nagkaroon ng anti-imperyalistang pananaw sa maagang bahagi ng kaniyang buhay, at partikular na naimpluwensiyahan ng mga pangyayari ng rebolusyong xinhai ng 1911 at kilusang mayo apat ng 1919. kalaunan ay pinagtibay niya ang marxismo–leninismo habang nagtatrabaho sa unibersidad ng peking bilang"
education,tl,wikipedia_tl,"ang pagsusulit o eksaminasyon ng pagtataya na naglalayong sukatin ang kaalaman, kasanayan, kakayahan, kalakasan ng katawan, pagkamarapat sa iba pang paksa (halimbawa ay ang pinaniniwalaan) ng nagsusulit. ang pagsusulit ay maaaring pangasiwaan na pasalita, sa papel, sa kompyuter, o sa isang limitadong lugar na ngangailangan ng pisikal na pagganap ng mga kasanayan ng nagsusulit. ang mga pagsusulit ay nagkakaiba rin sa estilo, hirap at mga pangangailangan. halimbawa, sa isang pagsusulit kung saan nakasarado ang aklat, ang nagsusulit kadalasan ay kailangang umasa sa kanyang memorya upang makasagot sa partikular na aytem samantalang sa pagsusulit na nakabukas ang aklat, ang nagsusulit ay maaaring gumamit ng is o marami pang karagdagang kasangkapan katulad ng sangguniang aklat o kalkulador sa pagsagot sa isang aytem. ito rin ay maaaring pormal o di-pormal na pangasiwaan. halimbawa ng di-pormal na pagsusulit ay ang pagbabasa ng bata na pinangasiwaan ng kanyang magulang. halimbawa naman ng pormal na pagsusulit ay ang huling eksaminasyon na pinangasiwaan ng guro sa klase o kaya ang pagsusulit ng i.q. na pinangasiwaan ng sikologo sa klinika. ang kadalasang resulta ng pormal na pagsusulit ay"
education,tl,wikipedia_tl,"ang politeknikong unibersidad ng pilipinas (ingles: polytechnic university of the philippines), dinadaglat bilang pup at kilala sa mga pangalang pup sta. mesa at pup manila, ay isang pambansang unibersidad na matatagpuan sa santa mesa, maynila, pilipinas. itinatatag noong ika-19 ng oktubre, 1904 bilang manila business school sa calle gunao, quiapo, maynila. ito ang pangunahing yunit at upuan ng adminstrasyon ng sistema ng politeknikong unibersidad ng pilipinas. ang sistema ng politeknikong unibersidad ng pilipinas ang pinakamalaking pamantansan sa pamamagitan ng populasyon ng magaaral, na umabot sa 68,249 noong 2014. ang pup ay nangangasiwa sa tatlong kampo sa maynila at may dalawapu't isang sangay na kampo. noong sentenaryo ng pamantasan, idineklara ni pangulong gloria macapagal arroyo ang pup bilang pambansang komprehensibong unibersidad ng pilipinas (national comprehensive university) dahil sa mga adhikain nitong maitaguyod ang kahalagahan ng edukasyon sa mga pilipino. sa kasalukuyan, ang unibersidad ay isa sa mga tinitingalang institusyong pang-akademya sa bansa. mga yunit na nagbibigay ng digring akademiko bukas na pamantasan (open university) paaralan gradwado (graduate"
education,tl,wikipedia_tl,"articles using infobox university pages using infobox university with the affiliations parameter ang unibersidad ng genova, na kilala rin sa acronym na unige (), ay isa sa pinakamalaking unibersidad sa italya. ito ay matatagpuan sa lungsod ng genova at rehiyonal na kalakhang lungsod ng genova, sa riviera italiana sa rehiyon ng liguria ng hilagang-kanluran ng italya. ang orihinal na unibersidad ay itinatag noong 1481. ang unibersidad ng genoa mula noong pundasyon nito ay naghatid ng 46 na gintong medalya sa mga estudyanteng italyano, at 2 gintong medalya sa mga internasyonal na mag-aaral, partikular sa estudyanteng israeli na si khor hoksari noong 1993, at sa albanes na estudyanteng si agasi bledar noong 2021, naghatid ito ng 122 honoris na titulo sa mga alumnus nito, at naging bahagi ng tuloy-tuloy na pampublikong pagbubukas sa nakalipas na 20 taon. ayon sa mga ranggo ng microsoft academic search 2016, ang unibersidad ng genoa ay may mataas na posisyon sa mga unibersidad sa europa sa maraming larangan ng agham pangkompyuter: sa pagkatuto ng makina at pagkilala ng padron, ang pamantasan ng genova ay ang pinakamahusay na institusyong pang-agham sa italya at niraranggo ang ika-36 sa"
education,tl,wikipedia_tl,"ang pagdidistansiyang panlipunan o pagdidistansiyang pisikal () ay kalipunan ng mga di-parmasyutikong kilos ng pagpigil sa impeksiyon na nilayon upang ihinto o pabagalin ang pagkalat ng isang nakahahawang sakit sa pamamagitan ng pagpapanatili ng pisikal na distansiya sa pagitan ng mga tao at pagbabawas ng pagkakataon na makalapit ang mga tao sa isa't isa. sangkot dito ang pagpapanatili ng distansiya ng dalawang metro (anim na talampakan) mula sa ibang tao at pag-iiwas sa pagtitipun-tipon sa malalaking grupo. sa pagbabawas ng probabilidad na makakapag-ugnay ang isang di-nahawahang tao sa isang nahawang tao, maaaring masugpo ang pagkalat ng sakit, na nagbubunga ng mas kaunting kamatayan. isinasama ang mga hakbang sa mabuting kalinisan ng palahingahan at paghuhugas ng kamay. noong pandemya ng covid-19, iminungkahi ng pandaigdigang organisasyon sa kalusugan (who) ang pagtukoy sa ""pisikal"" bilang alternatibo sa ""panlipunan"", bilang pagsunod sa palagay na distansiyang pisikal ang pumipigil sa pagkalat; mananatiling konektado ang mga tao sa iba sa pamamagitan ng teknolohiya. upang magpabagal sa pagkalat ng mga nakahahawang sikat at makaiwas sa pagpapabigat sa sistemang pangkalusugan,"
education,tl,wikipedia_tl,"ang unibersidad ng oxford (ingles: university of oxford; oxford university o oxford kapag impormal) ay isang unibersidad sa pananaliksik na matatagpuan sa lungsod ng oxford, inglatera, united kingdom. habang hindi ganap na batid ang eksaktong petsa ng pagkakatatag, mayroong katibayan na nangyayari na ang pagtuturo dito mula pa man noong 1096, kaya't maituturing itong pinakamatandang unibersidad sa mundo ng mga nagsasalita ng ingles at ang pangalawang pinakamatandang unibersidad sa mundo ayon sa tuloy-tuloy na operasyon. ito ay mabilis na lumago mula simula 1167 nang ipagbawal ni henry ii ang mga mag-aaral na ingles na pumasok sa unibersidad ng paris. matapos ang alitan sa pagitan ng mga mag-aaral at taumbayan ng oxford noong 1209, ilang mga akademiko ang tumakas patungo sa hilagang-silangan sa cambridge kung saan nila itinatag ang kung ano ang naging unibersidad ng cambridge. ang dalawang ""mga sinaunang unibersidad"" na ito ay madalas na tinutukoy bilang ""oxbridge"". ang unibersidad ay binubuo ng iba't ibang mga institusyon, kabilang ang 39 konstituwent na kolehiyo at isang buong hanay ng mga akademikong kagawaran na nakaayos sa apat na mga dibisyon. ang lahat ng mga kolehiyo ay mga"
education,tl,wikipedia_tl,"naka-redirect ang ama dito. para sa ibang kahulugan ng ama, tingnan ama (paglilinaw). ang ama computer university (amacu) ay isang pamantasang matatagpuan sa project 8, lungsod quezon, pilipinas. ito ay sumasalaw sa pagtuturo ng mga teknolohiyang elektronik, impormasyon, at komunikasyon. ito ay isa sa mga tatak pangkalakal ng ama education group. gumagamit ito ng kalendaryong trimestral, kung saan ang isang typikal na apat na taong programang pangkolehiyo sa kalendaryong semestral ay matatapos lamang ng 3 taon at 3 buwan. ang ama education group ay kinikilalang isa sa paaralang pinakamabilis umangat na may 3000-4000 na mga nagsitapos. kaso ito rin ang may pinakamababang antas ng tiwala ng mga mag-aaral at alumni dahil wala pa sa 100 ang lalahok sa mga homecoming at ibang progama ng paaralan. kasaysayan ama institute ang ama computer university ay tinatag ni amable m. aguiluz, sr. ang kanyang anak, dr. amable r. aguiluz v, ay naisipang ipatupad ang hiling ng ama para maintindihan ng mamimili ang halaga at gamit ng mga komputer. tinatag ni aguiluz v ang ama institute of computer studies na kung saan ang unang silid-aralan ay tinayo sa shaw boulevard noong 20 oktubre 1980. kabilang"
education,tl,wikipedia_tl,"ang kultural na pagbabago ng lahing pilipino ay batay sa relihiyon. ang edukasyon ay pinamahalaan ng mga pari sa pamamagitan ng pagbubukas ng mga paaralang parokya (paaralan ng simbahan) na siyang naging isang paaralang itinatag sa cebu. ang pagtatag ng mga paaralan ay isang paraan upang maitanim sa isipan ng mag-aaral ang kristiyanismo. ang paaralang primarya para sa mga batang katutubo ay naitatag lamang sa huling bahagi ng ikalabinsiyam na siglo. ang mga aralin ay nakasentro sa relihiyon, bagamat itinuturo rin ang kagandahang-asal, pagbasa, pagsulat, pagbilang, musika, doctrina christiana, at mga kasanayang nauukol sa pamumuhay at pamamahay. sinabi ni padre pedro chirino na ang mga pilipino ay matatalino; madali nilang natutunan ang wikang kastila at pagbigkas nito. madali rin nilang natutunan ang kahit ano. nagtatag din ng mataas na paaralan ang pamahalaang kastila upang madagdagan ang kaalaman ng mga mag-aaral. noong taong 1565 dumating ang mga agustino, sumunod ang mga pransiskano noong 1577. dumating sa marikina ang mga hesuita noong 1581. ang mga dominikano naman ay dumating noong 1587 at ang mga rekolito noong 1606. kauna-unahang paaralan para sa mga lalaki may mga"
education,tl,wikipedia_tl,"ang bagong silangan elementary school ay isang paaralan sa quezon city ito'y itinatag noong 1965! history noong 1965, nakakuha ang pamahalaan ng lungsod ng quezon ng mga bahagi ng lupa dito at inilaan para sa mga proyekto sa pabahay ng q.c. mga empleyado. ngunit dahil sa hindi ma-access at mabundok na lupain, hindi ito natupad. noong 1968, humigit-kumulang 164 na nawasak na pamilya mula sa east triangle ang nanirahan sa tabi ng sapa at ito ang simula ng tirahan. ang mga bata sa paaralan ay kailangang tumawid sa san mateo marikina river at na-enrol sa silangang san mateo central school. pagdating ng 1970, ang barangay ay naglaan ng 5,000 square meters para sa paaralan. pinamunuan ng barangay kapitan laureano ramos ang mga nasasakupan nito at isang dalawang silid na silid-aralan na itinayo para sa grado i at ii. ang paaralan ay pinangalanang mababang paaralan ng new silangan bilang annex ng balara elementary school kasama ang tatlong guro. ang bahay ng paaralan ay nawasak ng bagyo at pinalitan ng pre-fab na gusali noong 1971. dinagdagan ang baitang iii at iv at kasama ang apat na guro kasama si roasario dimaano bilang teacher in-charge. ito ay naging isang kumpletong paaralang"
education,tl,wikipedia_tl,"ang rogationist college o kolehiyong rogasyonista (dalubhasaang rogasyonista ), kilala rin bilang rc sa daglat nito, ay isang dalubhasaang pansariling pinapatakbo ng mga paring rogasyonista, isang orden ng simbahang katoliko, at isang institusyong pang-edukasyon alang-alang sa alin mang kasarian. itinatawag ang mga mag-aaral nito bilang rcian/rcians dahil sa daglat nitong rc, rogasyonista o rogationist/rogationists. mayroong lawak na 2.4 kilometrong parisukat.matatagpuan ang paaralang ito sa kilometro 52 ng lansangang-bayan ni aguinaldo, lalaan 2, silang, kabite, pilipinas. kasaysayan saint anthony's boys village unang ipinatayo ang paaralan ng mga italyanong rogasyonistang pari sa anyo ng saint anthony's boys village (nayong panlalaki ni san antonio) o sabv sa tulong ng pamahalaang italyano sa pamamagitan ng kawang-gawang giuseppe tiovini foundation, bilang isang paampunan. ito rin ang unang paampunan ni san antonio sa mga turo at asal ni santo annibale maria di francia sa buong pilipinas. nagsimula ang pagtatayo ng mga gusali nito noong 1985, at noong marso 2, 1985, binasbasan ito ng yumaong obispo ng imus na si felix perez ang haligi ng unang gusali. rogationist academy natapos"
education,tl,wikipedia_tl,"ang negros occidental high school () ay isang pampublikong sekundaryong institusyong pang-edukasyon sa lunsod ng bacolod sa lalawigan ng negros occidental, pilipinas. ang paaralan ay kasalukuyang nag-aalok ng iba't ibang mga kurikulum: espesyal na programa sa agham teknolohiya, engineering at matematika (stem) para sa espesyal na klase ng agham, kurikulum ng pangunahing edukasyon para sa regular na klase, espesyal na programa para sa sining, espesyal na klase sa kultura at palakasan at ang kurikulum sa pangunahing edukasyon para sa night class. ang negros occidental high school ay mayroong extension sa murcia, negros occidental at kalaunan ay binago ang pangalan nito sa murcia national high school kasaysayan ang pundasyon para sa pagtatatag ng isang provincial high school sa negros occidental ay inilatag noong 1901 ng division superintendent, george w. beattie, upang kapag ang batas 372 ng komisyon ng pilipinas ay naipasa noong marso 7, 1901, na binibigyan ng kapangyarihan ang mga provincial board ng ang bansa upang magbigay ng pondo para sa pagtayo o pag-upa at iba pang mga gastos para sa isang paaralang sekondarya sa lalawigan, handa si beattie para sa pagpapatupad ng plano,"
education,tl,wikipedia_tl,"ang mataas na paaralang nasyonal na pang-agham ng rizal, mas kilala bilang risci ay isang sistema ng mataas na paaralang pampubliko na pang-agham na nakabase sa jose p. rizal st. batingan, binangonan, probinsiya ng rizal, pilipinas. itinatag noong 1998. bisyon nararapat na maging sentro ng kahusayan sa agham at teknolohiya, matematika at ingles ang pambansang mataas na paaralang pang-agham ng rizal. misyon itinatag ang mataas na paaralang nasyonal na pang-agham ng rizal upang mabigyan ang mga rizalenong may natatanging talino o kakayahan ng mahahalagang pagsasanay sa agham at teknolohiya, matematika at ingles. layunin din nitong makalinang ng mga mamamayang may global na kakayahang makipagtunggali na ginanyak ng pagmamahal sa diyos, inang bayan at may malasakit sa bansa. pilosopiya naniniwala ang mataas na paaralang nasyonal na pang-agham ng rizal na ang pagbaibigay ng edukasyon sa mga mag-aaral ay nangangahulugan ng paghubog sa kanila bilang mga indibidwal na nagtataglay ng multiple intelligence at ang pagkakaloob sa kanila ng mas mataas pang akademikong kurikulum sa agham at teknolohiya, matematika at ingles na kinakailangan upang maihanda sila sa isang mapaghamong mundo."
education,tl,wikipedia_tl,"ang maid sama!, mas kilala sa hapon bilang ay isang seryeng shōjo na manga ni hiro fujiwara. kasalukuyan ito ininunuran sa buwanang magasin na shōjo manga ng hakusensha na lala. kasalukuyang mayroon na ito nailalathalang 12 bolyum sa ilalim ng palimbagang hana to yume comics sa bansang hapon. sa kanilang anime expo noong 2008, inanunsiyo ng isang tagalathala sa hilagang amerika na tokyopop ang kanilang mga bagong lisensiyadong serye at ang kaichō wa maid-sama! ay papamagatang maid-sama!. isang adapsiyong anime ang sinimulang ipalabas noong 1 abril 2010. buod ang mataas na paaralang ng seika (ingles:seika mataas paaralan) ay isang paaralan na para sa mga kalalakihan at kilala sa kanilang pasaway na estudyante at kinakatakutan ng mga kababaihan na kung saan ay naging paaralang co-ed. kasama na ang kakaunting populasyon ng mga kababaihan na laging kinakatakutan ang laging antigong kalalakihan, kinuha ni misaki ayuzawa ang pagbabagong hinahangad na kung saan ang lahat ng mga kababaihan ay makakaramdam ng kaligtasan sa marahas na kapaligiran. nakakuha ng maraming reputasyon si misaki sa lahat ng mga kalalakihang mag-aaral dahil sa kanyang pagsasanay, pag-aaral at unang babaeng naging"
education,tl,wikipedia_tl,"si j. robert oppenheimer (22 abril 1904 – 18 pebrero 1967) ay isang amerikanong pisiko. higit siyang kilala bilang ang maka-agham na direktor ng proyektong manhattan. noong ikalawang digmaang pandaigdig, binuo ng proyekto ang unang mga sandatang nukleyar. ito ang dahilan kung bakit tinatawag si oppenheimer bilang ""ang ama ng bomba atomika"". namatay siya dahil sa kanser sa lalamunan habang nasa princeton, bagong jersey, estados unidos. nag-aral si oppenheimer sa unibersidad ng harvard, kung saan nakakuha siya ng digring batsilyer sa kimika noong 1925, at nagpatuloy sa pag-aaral ng pisika sa unibersidad ng cambridge at unibersidad ng göttingen, kung saan natanggap niya ang kanyang phd noong 1927. pagkatapos makumpleto ang kanyang pag-aaral, humawak siya ng mga posisyon sa akademiko sa unibersidad ng california, berkeley, at ang pamantasan ng teknolohiya sa california (caltech), at gumawa ng makabuluhang kontribusyon sa teoretikal na pisika, kabilang ang mekanikang quantum at pisikang nukleyar. noong ikalawang digmaang pandaigdig, siya ay hinikayat na magtrabaho sa proyektong manhattan, at noong 1943 ay hinirang bilang direktor ng laboratoryo ng los alamos sa new mexico, na inatasan"
education,tl,wikipedia_tl,"ang unibersidad ng montana (ingles: university of montana), na madalas na tinutukoy bilang um) ay isang pampublikong unibersidad sa pananaliksik na matatagpuan sa missoula, estado ng montana, sa estados unidos. itinatag noong 1893, ang unibersidad ay ang flagship na kampus ng unibersidad ng montana sistema at ang pinakamalaking institusyon nito. ang pangunahing kampus ay matatagpuan sa paanan ng bundok sentinel, ang bundok na nagtataglay ng pinakakilalang palatandaan ng lungsod ng missoula, isang malaking letrang ""m"" sa dalisdis ng bundok. ang unibersidad ng montana ay may rangging ika-17 sa buong bansa at ikalima sa mga pampublikong unibersidad sa na may pinakamaraming naiprodyus na rhodes scholars, na may kabuuang bilang na 28. ang unibersidad ay may 11 truman scholars, 14 goldwater scholars at 40 udall scholars sa pangalan nito. akademya ang unibersidad ng montana ay binubuo ng labing-isang kolehiyo at mga paaralan: kolehiyo ng humanidades at mga agham; phyllis j. washington kolehiyo ng edukasyon at agham pantao; kolehiyo ng palagubatan at konserbasyon; kolehiyo ng propesyong pangkalusugan at agham biyomedikal; kolehiyo ng biswal at performatibong sining; paaralan ng batas;"
education,tl,wikipedia_tl,"ang unibersidad ng pilipinas los baños (u.p. los baños, u.p.l.b. o mas kilala sa tawag na elbi) ay isang yunit ng unibersidad ng pilipinas na matatagpuan sa may paanan ng bundok makiling sa los baños, laguna. itinalaga ito ng amerikanong botanista at agrikulturistang si edwin copeland noong 6 marso 1909 bilang kolehiyo ng agrikultura, isa sa unang dalawang yunit ng unibersidad ng pilipinas. naging maka-impluwensiya ang unibersidad sa asia sa larangan ng agrikultura at biotechnology, ito'y dahil sa pagsisikap nilang mapabuti ang plant breeding at bioengineering, lalo na sa pagpalaganap ng high-yielding at pest-resistant na tanim. noong 1977 pinarangalan ang unibersidad ng gawad ramon magsaysay para sa sabansaang pag-uunawa bilang pagkilala sa kanilang mga ambag sa larangang agrikultura. ang uplb ang tumatanaw sa iba't ibang lokal at pandaigdigang sentrong pananaliksik, kabilang na ang international rice research institute (irri), asean center for biodiversity, world agroforestry center, at ang southeast asian regional center for graduate study and research in agriculture (searca). ang uplb ay nag-aalok ng mahigit 100 mga degree programs sa iba't ibang larangan sa ilalim ng kanilang"
education,tl,wikipedia_tl,"ang pampamahalaang unibersidad ng katimugang luzon (inggles: southern luzon state university o slsu) ay ang dating dalubhasaang poletekniko ng katimugang luzon inggles: southern luzon polytechnic college (slpc). ang pangunahing kampus nito ay matatagpuan sa may paanan ng bundok ng banahaw sa lucban, quezon. isang bayan na may tinatayang layong 130 kilometro mula sa maynila. sa pagnanais ng academic excellence ang unibersidad ay nagpapatuloy sa pagyabong sa akademikong aspeto. sa katunayan naparangalan na ito bilang isa sa mga nangungunang unibersidad sa iba't-ibang pagsusulit pampropesyunal. kabilang na dito ang sa narsing, agrikultura, edukasyon, inhenyero at paggugubat.. ito ay itinatag noong hulyo ng taong 1964 at kasalukuyang pinamumunuan ni dr. cecilia n. gascon. mayroon itong mga kampus sa tagkawayan, alabat, polillo, lucena, sampaloc, tiaong, gumaca at sa infanta lahat sa lalawigan ng quezon. kasaysayan nagsimula ang slsu bilang lucban municipal junior high school sa bisa ng resolusyong pambayan bilang 86 5 na naipasa noong ika-4 ng abril taong 1964. buwan ng mayo taong 1965, napalitan ang pangalan nito sa bisa ng resolusyong pambayan bilang 86 at naging lucban municipal"
education,tl,wikipedia_tl,"si ip man (oktubre 1, 1893 – disyembre 2, 1972), kilala din bilang yip man ay isang tsinong bihasa sa sining pandigma. marami siyang naging mga mag-aaral na naging magagaling na guro sa sining pandigma sa kanilang sariling panahon. isa sa kanyang mga tanyag na mag-aaral ay si bruce lee. kabataan si ip man ay anak nina yip oi-dor at ng shui. siya ay pangatlo sa apat na magkakapatid. siya ay lumaki sa isang mayamang pamilya sa foshan, guangdong at doon din ay nakatanggap ng tradisyunal na edukasyong tsino. ang pangalan nang kanyang mga kapatid ay sina yip kai-gak (lalake), yip wan-mei (babae) at si yip wan-hum (babae). si ip man ay nagsimulang matuto ng wing chun mula kay chan wah-shun noong siya ay 13 na taong gulang. dahil si chan ay 70 taong gulang na noong panahong iyon, si ip na ang kanyang naging huling mag-aaral. dahil sa edad ng kanyang guro, natutunan ni ip man ang karamihan ng kanyang galaw at pamamaraan mula sa pangalawang pinakamatandang mag-aaral ni chan na si ng chung-sok. si chan ay namatay tatlong taon pagkatapos magsimulang mag-aral ni ip at isa sa kanyang kahilingan ay para kay ng na ipagpatuloy ang pagtuturo kay ip man. sa edad na 15, si ip ay pumuntang hong kong"
education,tl,wikipedia_tl,"ang pagpapasigla ng wika (ingles: language revitalization) na maaaring tukuyin din bilang muling pagsilang ng wika o pagbaliktad ng pagbabago ng wika, ay isang pagtatangka na ihinto o baligtarin ang paghina ng isang wika o upang muling buhayin ang isang wikang lipol. kabilang sa mga posibleng kasangkot ang mga dalubwika, grupo pangkultura o ng komunidad, o mga pamahalaan. iminumungkahi ng ilan ang paghihiwalay ng muling pagsilang ng wika (ang muling pagkabuhay ng isang wikang patay na walang buhay na katutubong nagsasalita) at pagpapasigla ng wika (ang pagsagip ng isang wikang ""naghihingalo""). napahiwatig na mayroon lamang isang matagumpay na halimbawa ng kumpletong pagsilang muli ng wika, ang wikang ebreo na lumilikha ng isang bagong henerasyon ng mga katutubong nagsasalita nang walang buhay na katutubong nagsasalita bilang modelo. kasama sa mga pinapasiglang wika ang mga may napakalimitadong paggamit at katanyagan. minsan, maaari pang magamit ang iba't ibang mga taktika ng pagpapasigla ng wika upang tangkaing buhayin muli ang mga wikang lipol. kahit na nag-iiba-iba ang mga layunin ng pagpapasigla ng wika depende sa kaso, kinapapalooban nila nang kadalasan ang pagtatangkang"
education,tl,wikipedia_tl,"ang unibersidad ng republika (, minsan udelar; ingles: university of the republic) ay isang pampublikong unibersidad sa uruguay. ito ay ang pinakamahalaga, pinakamatanda at pinakamalaking unibersidad ng bansa, na may 108,886 mag-aaral (2012). ito ay itinatag noong hulyo 18, 1849 sa montevideo, kung saan ang karamihan ng mga gusali at mga pasilidad ay matatagpuan pa rin. ranggo sa 2011, ayon sa university ranking by academic performance (urap), ito ang pinakamahusay na unibersidad sa uruguay at ika-858 pinakamahusay sa mundo. noong 2015, ayon sa qs world university rankings, ito ay may ranggong #651-700 sa buong mundo at #56 sa latin america. mga paaralan paaralan ng agronomiya paaralan ng arkitektura, disenyo, at urbanismo paaralan ng sining paaralan ng kimika paaralan ng pang-ekonomiyang agham at pangangasiwa school of engineering paaralan ng mga humanidades at agham pang-edukasyon paaralan ng batas paaralan ng medisina paaralan ng pagnanars paaralan ng pagdedentista paaralan ng sikolohiya paaralan ng agham paaralan ng agham panlipunan paaralan ng pagbebeterinaryo mga sanggunian mga pamantasan"
education,tl,wikipedia_tl,"ang colegio de san pascual baylon (opisyal na pangalan, nasa kastila) o kolehiyo ng san pascual baylon (dating escuela catolika [paaralang katoliko] at st. pascual institution [surian, panimulaan, o institusyon ng san pascual, spi]) ay isang kolehiyo sa bayan ng obando sa lalawigan ng bulakan. matatagpuan ito sa barangay ng pag-asa ng obando. nagsimula ito bilang isang paaralang nagsasagawa ng mga klaseng kateketiko lamang noong 11 pebrero 1913 dahil kay padre juan dilag, kura paroko ng obando, na naging pre-elementaryo, nagkaroon ng elementarya (mababang paaralan) noong 1936, at sekondaryo (mataas na paaralan) noong 1939-1943, hanggang sa magkaroon ng kolehiyo. dating pinangangasiwaan ito ng mga madre ng mga relihiyosa ng birheng maria (religious of the virgin mary o rvm). kinilala ito ng pamahalaan ng pilipinas noong 1921. hinango ang pangalan ng paaralan mula sa isang pintakasing santo ng obando. kasaysayan panahon ng ikalawang digmaang pandaigdig natupok ng isang sunog ang paaralan noong pebrero 1945. muli itong nagbukas noong 1947. para sa mas mainam na pangangasiwa, pinaghiwalay ang deparamento ng mga lalaki at babae noong panahon ng kura parokong si reb. padre rome"
education,tl,wikipedia_tl,"khajeh nasir toosi university of technology (kntu) ( ), na kilala rin bilang kn toosi university of technology, ay isang pamantasan sa publiko sa tehran, iran, na pinangalanan pagkatapos ng iskolar ng persia noong medyebal na si khajeh nasir toosi . ang unibersidad ay itinuturing na isa sa pinakatanyag, na nai-sponsor ng gobyerno na mga institusyon ng mas mataas na edukasyon sa iran . ang pagtanggap sa unibersidad ay lubos na mapagkumpitensya at pasukan sa lahat ng undergraduate at nagtapos na mga programa ay nangangailangan ng pagmamarka sa mga nangungunang 1% ng mga mag-aaral sa iranian university entrance exam, na kilala rin bilang ""konkoor"", na nagmula sa isang simile na salitang pranses na ""concours"", ibig sabihin kompetisyon kasaysayan ang university ay itinatag sa 1928, sa panahon ng paghahari ni reza shah pahlavi, sa tehran at ay pinangalanang ""institute ng komunikasyon"" (). ito ay samakatuwid ay itinuturing na ang pinakalumang surviving ng mga pang-akademikong institusyon sa buong bansa. (iran ay nagkaroon mga unibersidad sa 800 sa 2000 taon na ang nakaraan mula sa kung saan lamang ang mga pangalan, mga lugar ng pagkasira at pang-agham na kasaysayan ay may survived.) ang"
education,tl,wikipedia_tl,"ang guro ng katwiran (ingles: teacher of righteousness; hebreo: מורה הצדק moreh ha-tsedek) ay isang pigurang matatagpuan sa ilang mga teksto sa mga balumbon ng patay na dagat (ingles: dead sea scrolls) sa qumran na ang pinakakilala ang dokumentong damascus. ang dokumentong ito ay maikling naghahayag ng mga pinagmulan ng sektang pinaniniwalaang mga essene mga 390 taon pagkatapos ng pagkakatapon sa babilonia ng mga israelita at pagkatapos ng 20 taon ng bulag na ""paghapuhap"" sa daan. ""ang diyos... ay nagtayo para sa kanilang ng isang guro ng katwiran upang gabayan sila sa daan ng kanyang puso"". ang guro ay itinanyag bilang mayroong angkop na pagkaunawa sa torah na kwalipikado sa wastong instruksiyon, at bilang isa na siyang paghahayagan ng diyos sa pamayanan ""ng mga nakatagong bagay kung saan ang israel ay naligaw."" pagkakakilanlan ng guro bagaman ang eksaktong katauhan ng gurong ito ay hindi alam batay sa teksto ng skrolyong patakaran ng pamayanan(community rule), ang mga guro ng sektang ito ay tinutukoy bilang mga kohen(saserdote o priests) ng angkang patrilinyal ni tzadok (ang unang saserdoteng naglingkod sa unang templo na nagtulak sa mga skolar na ipagpalagay ang guro bilang"
education,tl,wikipedia_tl,"ang ay isang komedyang manga ni keiichi arawi. nilisensiyahan ang manga noong disyembre 2006 ng magasin na manga ng kadokawa shoten na shōnen ace, at nilisensiyahan rin ito sa comptiq mula marso 2007 hanggang hulyo 2008. iaanunsiyo ang adapsiyong anime ng kyoto animation. kalaunan ay inilathala ng kadokawa shoten ang lahat ng mga kabanata ng paunang pagtakbo ng serye sa sampung volume na tankōbon mula hulyo 2007 hanggang disyembre 2015. pagkatapos ng anim na taong pahinga, nagsimulang muli ang manga sa serialization noong 2021. makikita sa isang suburban na bayan ng japan, ang nichijou ay pinamumunuan ng isang grupo ng mga karakter, na nagtatampok ng mga sandali mula sa kanilang pang-araw-araw na buhay na nagpapalit-palit sa pagitan ng makamundong at kakaiba, nang walang sapat na pagtuon sa isang salaysay. isang 26-episode na anime adaptation na idinirek ni tatsuya ishihara at ginawa ng kyoto animation ay na-broadcast sa tv aichi sa japan mula abril hanggang setyembre 2011, pagkatapos ng mas maagang orihinal na animation ng video (ova) ay inilabas noong marso. isang playstation portable na laro ng vridge at kadokawa shoten ang inilabas noong hulyo 28, 2011, na pinamagatang"
education,tl,wikipedia_tl,"ang pambansang unibersidad ng mongolia (monggol:монгол улсын их сургууль, mongol ulsyn ikh surguuli, dinaglat na num o muis; ingles: national university of mongolia) ay ang pinakamatandang unibersidad sa mongolia. ang pampublikong unibersidad na ito ay binubuo ng labindalawang mga paaralan at fakultad sa ulan bator, at nagpapatakbo ng mga sangay na kampus sa zavkhan at orkhon aimags. humigit-kumulang sangkatlo ng mga edukadong mongolian ay nagtapos sa num. noong 1942, itinatag ng pamahalaan ng mongolia ang una nitong unibersidad, ang pambansang unibersidad ng mongolia, at nagtapos ang mga unang mag-aaral noong 1946. sa panahon ng sosyalismo, ang unibersidad ay nagsilbi bilang sentro ng pagsasanay para sa mga elit ng partido. ang edukasyon dito ay tinustusan at mahigpit na kinontrol ng estado. pagkatapos ng demokratisasyon, dahan-dahan itong nagbago bilang isang modernong unibersidad. simula 1995, nagsimula itong mag-alok ng mga programa sa antas batsilyer, master, at phd. noong 2006, mayroong 12,000 mag-aaral na nakatala, kabilang ang mga 2,000 mag-aaral sa antas gradwado. ang university ay nag-aalok ng higit sa 80 undergraduate at graduate programs, karamihan sa mga ito ay"
education,tl,wikipedia_tl,"ang pamantasan ng santo tomas o university of santo tomas, opisyal na pangalan: pang-obispo at maharlikhang pamantasan ng santo tomas (dinadaglat na ust), ay isang pamantasan sa maynila na itinaguyod noong taong 1611 ng dominikano na si miguel de benavides, o.p., arsobispo ng maynila kasama sila domingo de nieva at si bernardo de santa catalina. unang tinawag ito sa pangalang colegio nuestra señora del santísimo rosario hanggang sa pinangalanan ulit ito bilang colegio de santo tomás bilang pag-gunita sa dominikano na si santo tomas de aquino. noong taong 1645, itinaas ni inocencio x ang kolehiyo sa antas ng isang pamantasan. ang buong pangalan ng pamantasan ay ""ang pontipikal at maharlikang unibersidad ng santo tomas, ang pamantasang katoliko ng pilipinas"". ipinagkaloob ni carlos iii ng espanya sa pamantasan ang titulong ""maharlikang pamantasan"" dahil sa ipinamalas na katapangan at katapatan ng pangasiwaan at mga estudyante laban sa paglusob ng mga kawal ng inglatera sa maynila. iginawad ni león xiii sa pamantasan ang titulong ""pontipikal na pamantasan"" sa taong 1902 at ipinagkaloob naman ni pío xii dito ang titulong ""ang pamantasang katoliko ng pilipinas"" sa taong 1974. ang"
education,tl,wikipedia_tl,"ang unibersidad ng nebraska–lincoln, madalas na tinutukoy bilang nebraska, unl o nu, ay isang amerikanong pampublikong unibersidad sa pananaliksik na matatagpuan sa lincoln, estado ng nebraska, estados unidos. ito ay ang pinakamatandang pamantasang pampamahalaan at ang pinakamalaki sa unibersidad ng nebraska sistema. ang lehislatura ng estado ay naggawad ng tsarter sa unibersidad noong 1869 bilang isang land-grant university sa ilalim ng 1862 morrill act, dalawang taon pagkatapos na maisali ang nebraska sa estados unidos. sa pagsisimula ng ika-20 siglo, nagsimulang palawakin ng unibersidad ang makabuluhang pagrekrut ng mga propesor upang magturo sa mga bagong tatag na mga propesyonal na mga kolehiyo habang gumagawa rin ng mga makabagong pananaliksik sa agham na pang-agrikultura. ang ""metodong nebraska"" sa pag-aaral ekolohikal ay binuo sa mga panahong ito at naglatag ng pundasyon para sa pananaliksik sa ekolohiyang teoretikal para sa natitirang bahagi ng ika-20 siglo. ang pamantasan ay organisado sa walong kolehiyo sa dalawang campus sa lincoln na may higit sa 100 mga gusali para sa instruksyon at reserch. mga fakultad at paaralan ang unibersidad ngayon ay may siyam na mga fakultad"
education,tl,wikipedia_tl,"ang unibersidad ng london ay isang pederal na pamantasan na binubuo ng mga kolehiyo. ito ay isang pamantasang pananaliksik na matatagpuan sa londres, ingglatera, binubuo ng 18 mga kolehiyo, 10 pananaliksik na mga institusyon at ilang sentrong katawan. ang pamantasan ng londres ay ang pangalawang pinakamalaking pamantasan base sa bilang ng mga estudyante sa united kingdom, na may humigit-kumulang 135,000 na mga estudyante sa mga kampus nito at lampas 50,000 na mga estudyante sa 'malayong pag-aaral' na programa nito. ang pamantasan ay nalikha ng royal charter noong 1836, kung saan napagsama sa pederasyon ang london university (na ngayon ay university college london) at king's college (na ngayon ay king's college london). para sa mga praktikal na mithiin, mula sa pagtanggap ng mga estudyante hanggang sa pag-pondo ng mga bumubo ng pamantasan, ang mga kolehiyong bumubuo nito ay medyo umo-opera ng independente, na mayroong angking kalakasang magbigay ng sarili nilang mga digri habang sumsailalim sa pederal na pamantasan. ang siyam na pinakamalaking kolehiyo ng pamantasan ay ang sumusunod:king's college london; university college london; birkbeck; goldsmiths; the london business school;"
education,tl,wikipedia_tl,"ang pamantasang makerere o makerere university kampala (muk) sa ingles ( mə-kair-uh-ree) ay ang pinakamalaki at ikatlong pinakamatandang institusyon ng mas mataas na pag-aaral sa uganda, na unang itinatag bilang isang paaralang teknikal noong 1922. noong 1963, ito naging university of east africa, nag-aalok ng mga kurso na humahantong sa pangkalahatang grado mula sa university of london. ito ay naging isang malayang pambansang unibersidad noong 1970 nang ang university of east africa ay hinati sa tatlong mga independiyenteng mga unibersidad: unibersidad ng nairobi (kenya), unibersidad ng dar es salaam (tanzania), at pamantasang makarere. ngayon, ang pamantasang makerere ay binubuo ng siyam na kolehiyo at isang paaralan na nag-aalok ng mga programa para sa 36,000 undergraduates at 4,000 postgraduates. ayon sa u.s. news & world report, ang makerere ay ang ikawalong pinakamahusay na unibersidad sa afrika at ika-569 pinakamahusay na unibersidad sa buong mundo. para naman sa times higher education world university rankings, para sa 2016 pagraranggo nito, ang unibersidad ay ang ika-apat sa afrika. ilang taon matapos ang kasarinlan ng uganda, ang makerere ay naging isang sentro para sa"
education,tl,wikipedia_tl,", opisyal na kilala bilang , ay isang sa lalawigan ng , . ayon sa , mayroon itong populasyon na katao. ito ay nasa gitnang bahagi ng timog-kanlurang baybay-dagat ng pulo ng samar at dinaraanan ng pan-philippine highway. hinahangganan ito ng bayan ng calbiga sa hilaga, lungsod ng borongan sa silangan na kabisera ng lalawigan ng silangang samar, bayan ng villareal at look ng villareal sa kanluran, at mga bayan ng santa rita at basey sa timog. itinuturing ito na sentro ng produksiyon ng bigas sa lalawigan ng samar. ito ay tahanan din ng pista ng mayaw-mayaw, isang pistang etniko at sayawan na taunang idinaraos tuwing mayo 10. nakamit ng pista ng mayaw-mayaw ang ikalawang runner-up sa paligsahan ng sayaw ng kapistahan, at nanguna ito sa paligsahan ng disenyo ng float sa pistang aliwan ng 2015 na ginanap sa mga lungsod ng maynila at pasay noong abril 23–25. kasaysayan unang itinatag ang pinabacdao noong 1749, ngunit naging baryo ng calbiga noong 1902. naging isang ganap na bayan ito noong ika-16 ng hulyo, taong 1946 sa bisa ng kautusang ehekutibo blg. 2, seryeng 1946, na nilagdaan ni dating pangulong manuel a. roxas noong ika-8 ng hulyo sa taong iyon. klima ini-uri ang klima ng"
education,tl,wikipedia_tl,"ang estadong unibersidad ng ural (, , ; kadalasang pinapaikli sa usu, ургу) ay isang unibersidad na matatagpuan sa lungsod ng yekaterinburg, oblast ng sverdlovsk, pederasyong ruso. naitatag noong 1920, isa itong ekslusibong pang-edukasyong gusali na binubuo ng mga instituto (pang-edukasyon at mga dibisyong siyentipiko) na sa kalaunan, naging malayang mga unibersidad at paaralan. naitatag noong in 1936, ipinangalan ang unibersidad sa isa sa mga tagapagtatag nito, ang rusong may-akda na si maxim gorky. ito ang ikalawang pinakamatandang unibersidad sa mga gitnang ural (ang pinakamatanda ay ang estadong unibersidad ng mga ural ng mga mina) at isa sa mga prestihiyosong unibersidad sa rusya; na naghahanda ng pananaliksik, pang-edukasyon at pangangasiwang pili na nakabatay sa pagsama-sama ng mga prosesong akademiko at siyentipikong pananaliksik. nag-aalok ito ng edukasyon sa mga dosenang larangang siyentipiko at pang-edukasyon na kinabibilangan ng 43 programang gradweyt. noong 2007, nahalal si dmitriy bugrov bilang bagong rektor, habang ang kasalukuyang rektor na si vladimir tretyakov ay naluklok sa tanggapan ng pagkapangulo, na kinakatawan ang unibersidad sa internasyunal na mga gawain."
education,tl,wikipedia_tl,"ang mataas na paaralang pang-agham ng lungsod quezon (ingles: quezon city science high school, kilala rin bilang qcshs o simpleng kisay) ay isang mataas na paaralang pang-agham para sa lungsod quezon na matatagpuan sa kanto ng mga kalyeng golden acres at misamis, bago bantay, lungsod quezon. itinatag noong 1967, natalaga noong 1998 bilang ang panrehiyong mataas na paaralang pang-agham para sa pambansang punong rehiyon (rshs-ncr, daglat sa ingles). isa ito sa mga nangunguna sa larangan ng mga kompetisiyon sa matematika bilang kabilang sa mga paaralang may magagandang rekord sa mtap (isang paglisahan sinusuporthan ng kagawaran ng edukasyon) sa nakaraang sampung taon. ang mataas na paaralan ay may hawak sa isa sa pinakamataas na bahagdan ng mga mag-aaral na pumapasa sa mga nangungunang kolehiyo sa pilipinas tulad ng unibersidad ng pilipinas at ng pamantasang ateneo de manila. nakapasa rin ang halos lahat ng mga mag-aaral sa sari-saring programang pang-iskolar, hindi lang ang sinusuportahn ng pamantasan, kundi pati iyung mga sinusuportahan ng pamahalaan. sa kasalukuyan, ang kisay ang may hawak ng pinakamataas na puwesto sa division achievement test (dibisyong pagsusulit ng nakamit) sa"
education,tl,wikipedia_tl,"naganap ang pamamaril sa paaralang elementarya ng sandy hook noong 14 disyembre 2012, 9:30 a.m ng umaga na kung saan pumasok si adam lanza, edad 20, sa paaralang elementarya ng sandy hook sa sandy hook, isang nayon ng newtown, connecticut sa estados unidos. ibinaril niyang patay ang 27 katao, kabilang ang 20 bata, sa isang ""maramihang pamamaril"". ipinadala sa mga kalapit na ospital ang tatlo sa mga ibinaril na nasa kritikal na kalagayan, at namatay ang dalawa sa kanila dahil sa mga sugat na kanilang naitamo. nagpakamatay naman si lanza sa panahon ng pamamaril. pangyayari itong pamamaril ang pinakamapagkamatay sa mga pamamaril sa paaralang naganap sa estados unidos makatapos ng ""pamamaril sa virginia tech"" noong 2007, at ikatlo sa pinakamapagkamatay sa lahat ng mga masaker na naganap sa paaralan sa naturang bansa. bago naganap ang pamamaril sa sandy hook, ibinaril at ipinatay ni lanza ang kaniyang ina na si nancy lanza, isang gurong pang-kindergarten sa paaralan, sa bahay na kinatitirahan nila sa newtown. pagkatapos nito, nag-maneho siya patungong paaralan. iniulat din na nawawala ang ka-relasyon at isang kaibigan ni lanza sa estado ng bagong jersey. buod patuloy na pamamaril bago"
education,tl,wikipedia_tl,"si bienvenido lumbera ay isang makata, tagapuna, dramatista, at iskolar ng pilipinas na may maraming napanalunan. siya ay pambansang alagad ng sining ng pilipinas at nakatanggap ng gawad ramon magsaysay para sa pamamahayag, panitikan at malikhaing komunikasyon. nanalo siya ng maraming gawad pampanitikan, kabilang ang mga pambansang gawad sa aklat mula sa pambansang pundasyon sa aklat, at ang gawad pang-alaala kay don carlos palanca para sa panitikan. talambuhay ng kanyang unang kabataan isinilang si lumbera sa lipa noong 11 abril 1932. noong halos isang taon gulang pa lamang, ang kanyang ama na si timoteo lumbera (isang tagapukol ng lokal na kuponan ng beysbol), ay nahulog mula sa puno, nabali ang likod, at nabuhay habang buhay. pagkatapos ng ilang taon, nagkasakit ang kanyang ina na si carmen lumbera sa karamdaman na kanser at namatay. sa taong limang taong gulang, siya ay naulila. siya at ang kanyang nakatatandang kapatid na babae ay inampon ng kanilang pang-amang lola, eusebia teru. pumasok siya sa paaralan na may pagkabantulot. sa unang araw, kinakailangan ni eusebia na hilahin siya papuntang mababang paaralan ng padre valerio malabanan, nagwawasiwas ng sangay ng puno. sa"
education,tl,wikipedia_tl,"ang pamantasan ng londres ay isang pederal na pamantasan na binubuo ng mga kolehiyo. ito ay isang pamantasang pananaliksik na matatagpuan sa londres, ingglatera, binubuo ng 18 mga kolehiyo, 10 pananaliksik na mga institusyon at ilang sentrong katawan. ang pamantasan ng londres ay ang pangalawang pinakamalaking pamantasan base sa bilang ng mga estudyante sa united kingdom, na may humigit-kumulang 135,000 na mga estudyante sa mga kampus nito at lampas 50,000 na mga estudyante sa 'malayong pag-aaral' na programa nito. ang pamantasan ay nalikha ng royal charter noong 1836, kung saan napagsama sa pederasyon ang london university (na ngayon ay university college london) at king's college (na ngayon ay king's college london). para sa mga praktikal na mithiin, mula sa pagtanggap ng mga estudyante hanggang sa pag-pondo ng mga bumubo ng pamantasan, ang mga kolehiyong bumubuo nito ay medyo umo-opera ng independente, na mayroong angking kalakasang magbigay ng sarili nilang mga digri habang sumsailalim sa pederal na pamantasan. ang siyam na pinakamalaking kolehiyo ng pamantasan ay ang sumusunod:king's college london; university college london; birkbeck; goldsmiths; the london business school;"
education,tl,wikipedia_tl,"huwag ihalintulad sa awiting takdang-aralin ni gloc-9. ang takdang-aralin (ingles: assignment o school work) ay trabahong tinatakda ng isang guro, paaralan, o isang edukasyonal na institusyon. ang termino ay madalas na nagkakahulugang trabahong kinukumpleto sa tahanan (homework o araling-pambahay), pati na rin ang trabahong tinatapos sa klase (classwork). karaniwang ginagawa sa klase ang takdang aralin sa oras na ibinigay ng instruktor. ang mga gawain (exercises) ay maaaring gawin sa tahanan o sa labas ng klase. kadalasang kasama sa banghay-aralin (lesson plan) ang mga itinatakda ng guro para sa kanyang mga mag-aaral. ang layunin nito ay ihasa ang kaalaman ng mag-aaral tungkol sa nakaraang aralin o mga susunod na aralin. kapag may impormasyong pinapakuha mula sa pinanggagalingan, isinasama rito ang mga sangguniang ginamit. mayroong ilang mga mag-aaral na nagsasabi na ang takdang-aralin ay sayang lang ng oras at kaalaman. gayunpaman, madalas na pinaniniwalaan na ang takdang-aralin ay mahalaga para sa isang mag-aaral sapagkat maaari itong makatulong sa kanilang pagsusulit at edukasyon. tinutulungan din ng takdang-aralin ang mga magulang na malaman ang kalagayan ng kanilang mga anak"
education,tl,wikipedia_tl,"ang pampamahalaang unibersidad ng tarlac (ingles: tarlac state university, dinadaglat bilang tsu) ay isang pampublikong pamantasan sa lungsod ng tarlac, pilipinas. ito ay itinatag noong 1906 bilang isang paaralang pangkalakalan at naging isang ganap na pamantasan noong 13 oktubre 1989 sa bisa ng batas republika blg. 6764. ito ay kinikilala bilang pangunahing institusyon ng edukasyong tersiyaryo sa buong lalawigan ng tarlac. pinagkalooban ito ng lebel 3-a na akreditasyon ng komisyon sa mas mataas na edukasyon at ng kagawaran ng pagbabadyet at pamamahala dahil sa pagkakaroon nito ng mahusay na instruksiyon, aktibong paglahok sa mga programang pananaliksik at sa serbisyo nito sa komunidad. ang pamantasan ay may mandato na magbigay ng instruksiyon sa larangan ng literatura, pilosopiya, agham, at sining sa mataas na pamantayan. kampus ang unibersidad ay may tatlong kampus sa lungsod at isang pang-internasyunal na kampus sa hong kong. ang main (o pangunahing) kampus nito ay matatagpuan sa brgy. san roque at ito ay may lawak na 1.2 hektarya. anim sa mga kolehiyong inilalaan ng pamantasan (kolehiyo ng inhinyeriya, sining at agham panlipunan, abogasya, pampublikong administrasyon, atbp.)"
education,tl,wikipedia_tl,"ang unibersidad ng cambridge (ingles: university of cambridge o cambridge university kapag impormal) ay isang pampublikong unibersidad sa pananaliksik na matatagpuan sa cambridge, inglatera. itinatag noong 1209 at binigyan ng royal charter status ni hari henry iii noong 1231, ang cambridge ay ang pangalawang pinakamatandang unibersidad sa mundo ng wikang ingles at pang-apat sa pinakamatandang patuloy na umiiral na unibersidad. ang unibersidad ay naitatag dahil sa samahan ng mga iskolar na iniwan ang unibersidad ng oxford matapos ang isang di-pagkakaunawaan sa taumbayan. ang dalawang sinaunang mga unibersidad ay nagsasalo sa maraming katangian at madalas na tinutukoy na magkasama bilang ""oxbridge"". ang cambridge ay nabuo mula sa isang iba' t-ibang ng mga institusyon na kinabibilangan ng 31 bahaging kolehiyo at higit sa 100 akademikong kagawaran na isinaayos sa anim na mga paaralan. ang cambridge university press, isang kagawaran ng unibersidad, ay ang pinakamatandang bahay-limbagan maging ang pangalawang pinakamalaki sa mundo. ang unibersidad ay nagpapatakbo rin ng walong kultural at pang-agham na mga museo, kabilang ang fitzwilliam museum, at isang harding botanikal. ang mga"
education,tl,wikipedia_tl,"si camila antonia amaranta vallejo dowling (; born 28 april 1988) ay isang politikong tsileano ng partido komunista, kasalukuyang nagsisilbing isang miyembro ng mga kinatawan ng kamara, na kumakatawan sa district 26 ng la florida, santiago. siya ay bahagi ng komite sentral ng komunistang kabataan ng chile. bilang presidente ng pederasyon ng mag-aaral ng pamantasan ng tsile (fech) at pangunahing tagapagsalita ng konpederasyon ng mga mag-aaral ng tsile (confech), isa siya sa pinakaprominenteng mga pinuno ng protesta ng mag-aaral ng 2011. talambuhay maagang pagkabuhay si vallejo ay anak na babae nina reinaldo vallejo at mariela dowling, kapwa mga miyembro ng partido komunista ng tsile at mga aktibista sa paglaban sa tsile sa panahon ng diktadurang militar ng augusto pinochet. ginugol niya ang kanyang pagkabata sa pagitan ng komyun ng macul at la florida, at nag-aral sa colegio raimapu , isang pribadong paaralan sa la florida. noong 2006, pinasok ni vallejo ang pamantasan ng tsile upang pag-aralan ang heograpiya. doon, sinimulan niya ang pakikipag-ugnay sa mga mag-aaral sa kaliwa at naging kasangkot sa politika, na naging dahilan upang sumali siya sa kabataang komunista ng tsile ng"
education,tl,wikipedia_tl,"ang panunumpang hipokratiko ay isang etikang panunumpang ninanata ng mga manggagamot ayon sa kasaysayan. ito ay isa sa mga pinakakilalang griyegong teksto ukol sa medisina. sa kanyang orihinal na anyo, pinapakailangan nito na mangako ang bagong manggagamot sa mga diyos ng pagpapagaling na magtaguyod ng tiyak na pamantayang pang-etika. ang panunumpa ay ang pinakamaagang pagpapahayag ng etika sa panggagamot sa kanluraning mundo, na nagtatag ng iilang prinsipyo ng etika sa panggagamot na nananatiling napakahalaga sa kasalukuyan. kasama rito ang mga prinsipyo ng medikal na kumpidensyalidad at walang pagpipinsala. bilang napakahalagang artikulasyon ng iilang prinsipyo na nagpapanatiling gumabay at magbigay-alam sa panggagamot, hindi lang makasaysayan at makasagisag ang kahalagahan ng sinaunang teksto. ang panunumpa ng binagong uri nito ay nananatili bilang seremonya ng pagdaraan para sa mga nagtapos ng medisina sa maraming bansa. isinulat ang orihinal na panunumpa sa griyegong ioniko, sa pagitan ng ikalima at ikatlong siglo bk. kahit naging kaugaliang iugnay ito sa griyegong doktor hipokrates at kadalasang isinasama ito sa korpus hipokratiko, hindi itinuturing kay hipokrates mismo ang"
education,tl,wikipedia_tl,"3001–3100 |-bgcolor=#fefefe | 3001 michelangelo || || || enero 24, 1982 || anderson mesa || e. bowell || — || align=right | 7.6 km || |-id=002 bgcolor=#fefefe | 3002 delasalle || || || marso 20, 1982 || la silla || h. debehogne || flo || align=right | 6.3 km || |-id=003 bgcolor=#d6d6d6 | 3003 konček || 1983 yh || || disyembre 28, 1983 || kleť || a. mrkos || eos || align=right | 19 km || |-id=004 bgcolor=#e9e9e9 | 3004 knud || 1976 dd || || pebrero 27, 1976 || la silla || r. m. west || — || align=right | 2.8 km || |-id=005 bgcolor=#fefefe | 3005 pervictoralex || || || agosto 22, 1979 || la silla || c.-i. lagerkvist || nys || align=right | 4.8 km || |-id=006 bgcolor=#fefefe | 3006 livadia || || || setyembre 24, 1979 || nauchnij || n. s. chernykh || nys || align=right | 8.3 km || |-id=007 bgcolor=#fefefe | 3007 reaves || 1979 uc || || oktubre 17, 1979 || anderson mesa || e. bowell || — || align=right | 11 km || |-id=008 bgcolor=#d6d6d6 | 3008 nojiri || 1938 wa || || nobyembre 17, 1938 || heidelberg || k. reinmuth || thm || align=right | 17 km || |-id=009 bgcolor=#fefefe | 3009 coventry || || || setyembre 22, 1973 || nauchnij || n. s. chernykh || flo || align=right | 3.8 km ||"
education,tl,wikipedia_tl,"ang unibersidad ng indiana, bloomington (ingles: indiana university bloomington) (dinaglat na ""iu bloomington"" at kolokyal na tinatawag bilang ""iu"" o simpleng ""indiana"") ay isang pampublikong unibersidad sa pananaliksik na matatagpuan sa bloomington, estado ng indiana, estados unidos. merong 40,000 mga mag-aaral, iu bloomington ang pangunahing institusyon sa loob ng unibersidad ng indiana sistema at ang pinakamalaking unibersidad nito. ito ay miyembro ng association of american universities at may maraming mga paaralan at mga programang bumubuo, kabilang ang paaralan ng musika ng jacobs, ang paaralan ng impormatika at pagtutuos, ang paaralan ng negosyo ng kelley, ang paaralan ng kalusugang pampubliko, ang paaralan ng pagnanars, ang paaralan ng optometriya, ang paaralan ng kapakanang pampubliko at pangkalikasa, ang paaralan ng batas ng maurer, ang paaralan ng edukasyon, paaralan ng midya, at ang paaralan ng global at internasyonal na pag-aaral. mga sanggunian flagship na unibersidad sa estados unidos"
education,tl,wikipedia_tl,"ang unibersidad ng nuwebo hampshire o unibersidad ng new hampshire (unh) (ingles: university of new hampshire) ay isang pampublikong unibersidad sa pananaliksik ng unibersidad ng nuwebo hampshire sistema (usnh), sa estados unidos. ang durham campus, na binubuo ng anim na mga kolehiyo, ay matatagpuan sa ang tabing-dagat na rehiyon ng estado. ang ikapitong kolehiyo, ang unibersidad ng nuwebo hampshire sa manchester, ay sumasakop sa university campus sa manchester, ang pinakamalaking lungsod ng estado. ang paaralan ng batas, na kilala bilang ang franklin pierce law center hanggang 2010, ay matatagpuan sa concord, ang kabisera ng estado. ang unibersidad ay itinatag at nainkorpora noong 1866, bilang isang lupa grant na kolehiyo sa hanover na may koneksyon sa kolehiyo ng college. noong 1893, inilipat ang sa durham. akademya ang university of new hampshire ay ang punong barko ng sistema ng unibersidad ng new hampshire. unh ay binubuo ng labing-isang mga kolehiyo at nagtapos paaralan, nag-aalok ng 2,000 mga kurso sa higit sa 100 mga majors. ang walong kolehiyo ng unh ay ang mga: college of engineering at physical sciences (ceps) college of liberal arts (cola) college of life sciences and"
education,tl,wikipedia_tl,"articles using infobox university pages using infobox university with the image name parameter mga pamantasan sa alemanya ang universität der künste berlin (udk; o pamantasan ng mga sining ng berlin), na matatagpuan sa berlin, alemanya, ay ang pinakamalaking paaralang pansining sa europa. ito ay isang pampublikong paaralan ng sining at disenyo, at isa sa apat na pamantasan sa pananaliksik sa lungsod. ang unibersidad ay kilala sa pagiging isa sa pinakamalaki at pinaka sari-saring unibersidad ng sining sa buong mundo. mayroon itong apat na kolehiyo na may espesyalisasyon sa sining, arkitektura, media at disenyo, musika at sining-pagganap na may humigit-kumulang 3,500 mag-aaral. kaya ang udk ay isa lamang sa tatlong unibersidad sa germany upang pag-isahin ang mga kakayahan ng sining at musika sa isang institusyon. ang pagtuturo na inaalok sa apat na kolehiyo ay sumasaklaw sa buong spectrum ng sining at mga kaugnay na pag-aaral sa akademiko sa higit sa 40 mga kurso. sa pagkakaroon ng karapatang magbigay ng mga doktorado at post-doktoradong kwalipikasyon, ang pamantasan ng mga sining ng berlin ay isa rin sa ilang mga kolehiyong pansining sa alemanya na may ganap na katayuan sa"
education,tl,wikipedia_tl,"ang up kalilayan ay isang organisasyon na binubuo ng mga mag-aaral sa unibersidad ng pilipinas na nagmumula sa probinsya ng quezon at aurora. pinagmulan pagtatatag ang up kalilayan ay itinatag ng magkakaibigang sina rogelio almazan, guillermo franco, jose olivera, at rene raya noong dekada '70 upang itaguyod ang pagkakaibigan sa mga mag-aaral ng unibersidad ng pilipinas diliman mula sa quezon at aurora at makabuo ng isang samahan na makatutulong na malampasan ang hirap at pagod ng kolehiyo. opisyal na kinilala bilang organisasyon ang up kalilayan noong 19 agosto 1975. pangalan at selyo ang pangalang kalilayan ay hango mula sa tagalog na salitang lilay, isang uri ng damo na sagana ang pagtubo sa maraming bahagi ng quezon at aurora. ang selyo ng up kalilayan ay binubuo ng isang bilog, isang agila sa ibaba at ng mga letra na bumubuo sa up kalilayan sa itaas. nakasentro sa bilog ang letrang k (bilang kalilayan) at sa likod nito ay anim na sinag ng araw na sumisimbolo sa anim na prinsipyo ng organisasyon: kapayapaan, pegkakapantay-pantay, katarungan, kalayaan, pagkakaisa at pagkakaibigan. ang mga sinag ng araw ay kumakatawan din sa alab ng pag-asa at paninindigan ng mga kasapi sa"
education,tl,wikipedia_tl,"ang regional science high school for region 1 (panrehiyong mataas na paaralan ng agham para sa rehiyon 1) ay isang pampublikong paaralan para sa agham at teknolohiya, na matatagpuan sa ma. cristina east, bangar, la union, pilipinas. ang paaralang ito ay itinatag noong taong pampaaralan 1994-1995 sa bisa ng decs order bilang 69 serye 1993, ito ang regional science high school para rehiyon ilocos. ang rshs-i ay isang mataas na paaralang pang-agham na pinapatakbo ng kagawaran ng edukasyon (department of education). ang rshs ay sentro ng karunungan sa agham at matematika na may mahuhusay na nagtapos na mag-aambag sa kaunlaran ng bansa. ang paaralang ito ay nagbibigay ng mahusay na edukasyon sa larangan ng agham, teknolohiya, matematika, at pananaliksik para sa kanyang mga mag-aaral para mapaghusayan ang kanilang karunungan at kakayahan tungo sa pag-unlad ng bansa. kasaysayan ang regional science high school for region 1 ay isa sa mga labing-isang rshss na itinatag noong taong pampaaralan 1994-1995. nagsimula ito sa isang silid sa kanyang inang paaralan, ang dona francisca lacsamana de ortega memorial national high school, na matatagpuan sa national highway, san blas, bangar, la union,"
education,tl,wikipedia_tl,"si fiona caroline graham ay isang australiana na antropolohiya nagtratrabaho bilang isang geisha sa bansang japan. ginawa niya ang kanyang pasinaya bilang isang geisha noong 2007 sa distrito ng japan asakusa ng tokyo sa ilalim ng pangalang , at ay nagtatrabaho sa distrito ng lugar ng geisha ng tokyo . maagang buhay siya ay si graham ay ipinanganak sa melbourne, australia, at nangunang bumiyahe sa japan na may edad na 15 para sa isang programa ng exchange student kung saan nag-aral siya ng high school at nakatira kasama ang host host niya. karerang pang-akademiko ang mga unang degree ni graham, sa sikolohiya at pagtuturo, ay kinuha sa keio university . nakumpleto niya ang isang m.phil. noong 1992 at isang d.phil. 2001 sa panlipunan antropolohiya sa unibersidad ng oxford, na nakatuon sa kultura ng korporasyon ng hapon. naging lektor siya sa pag-aaral ng geisha sa keio at waseda university. si graham ay naglathala ng tatlong dami ng antropolohiya. sa loob ng japanese company (2003) at isang japanese company in crisis (2005) ay tungkol sa malaking kompanya ng seguro (binigyan ng kathang-isip na pangalang ""c-life"") na sinalihan ni graham pagkagradweyt, at kalaunan ay naobserbahan niya,"
education,tl,wikipedia_tl,"ang pambansang unibersidad ng seoul (snu; koreano, , seoul daehakgyo, colloquially seouldae; ingles: seoul national university) ay isang pambansang unibersidad sa pananaliksik na matatagpuan sa seoul, kabisera ng korea. simula nang itatag ito noong 1946, ang unibersidad ay kinilala bilang ang pinakaprestihiyosong unibersidad sa buong bansa. ito ay matatagpuan sa tatlong mga kampus: main campus sa gwanak at dalawang karagdagang mgka ampus sa daehangno at pyeongchang. ang unibersidad ay binubuo ng labing-anim na kolehiyo, isang paaralang gradwado, at siyam na propesyonal na paaralan. ang mga mag-aaaral ay binubuo ng halos 17,000 undergraduate at 11,000 graduate students. ayon sa datos na nakolekta sa pamamagitan ng kedi, ang unibersidad ay tumutustos ng higit sa kanyang mga mag-aaral kada kapita kaysa sa anumang unibersidad sa bansa na merong 10,000 at higit pang mga mag-aaral. ang snu ay pumirma ng memorandum of understanding (mou) sa halos 700 akademikong institusyon sa 40 bansa, sa world bank, at isang pangkalahatang academic exchange program kasama ang unibersidad ng pennsylvania. ang graduate school of business nag-aalok ng dual master's degree kasama ang unibersidad ng duke sa"
education,tl,wikipedia_tl,"ang sistema ng unibersidad ng pilipinas (ingles: university of the philippines system, dinadaglat bilang up), minsan ring pamantasan ng pilipinas, ay ang pambansang sistema ng pamantasan ng pilipinas. itinatag noong 1908 sa bisa ng batas blg. 1870 ng unang asemblea pilipina, na kilala bilang ""university act"" mula sa autoridad ng estados unidos, inilalaan ng unibersidad ang edukasyong antas-dalubhasa sa halos lahat na larangan, mula sa batas, medisina, inhinyeriya, agham pampolitika at ibang mga agham panlipunan hanggang sa narsing, kalusugang pampubliko, mga likas na agham, pagsasaka at mga araling pantao. kinikilala ang unibersidad bilang pangunahing institusyon ng mas mataas na pag-aaral sa pilipinas, at napag-aral sa ilang mga pinakakilalang mga pinunong panlipunan at pampolitika, ekonomista, siyentipiko, manananggol, doktor medikal, inhinyero, malikhaing artista, guro at mangangalakal. pitong mga pangulo ng pilipinas ay nag-aral sa unibersidad bilang mga mag-aaral na 'di pa nagtapos o nagtapos na ng kolehiyo, habang 12 punong mahistrado ng kataas-taasang hukuman, 36 sa 57 pambansang alagad ng sining at 30 sa 31 pambansang alagad ng agham ay may kaugnayan sa unibersidad."
education,tl,wikipedia_tl,"ang teknolohikal na unibersidad ng pilipinas () ay matatagpuan sa lugar ng ""university belt"" sa ermita, maynila, ay isang pambansa at pampublikong pamantasan sa pilipinas. ito ay kinikilala bilang pangunahing institusyon sa edukasyong pang-teknolohiya sa pilipinas. simula ng itatatag ang tup mula sa isang ""trade school"" noong 1901 bilang isang pambansang pamantasan noong 1978, sinasanay na nito ang impluwensiya sa pang-industriyang sining, post secondary , bokasyonal-industriyal na edukasyon at sa teknikal at pang-inhenyeriyang edukasyon. ito ay nakatulong sa paglago at pag-unlad ng mga guro, mga tagapamahala at mga tagapangasiwa sa iba't-ibang pang-edukasyon na institusyon. gayundin, ito ay lubos na nakapagambag sa supply ng mga bihasang mangagawa sa labor market at industriya. sa parehong panahon, unti-unting nagunguna sa pamumuno sa pagsasagawa ng pananaliksik at pag-unlad para sa pagsulong at paglipat ng teknolohiya, lalo na sa mga probinsiya. kasaysayan ang teknolohikal na unibersidad ng pilipinas ay itinatag sa pagsasabatas ng organic act no. 74 sa pamamagitan ng philippine commission noong 1901. ang tup ay kilala bilang manila trade school (mts) na may pangunahing layunin"
education,tl,wikipedia_tl,"ang paaralang elementarya ng hiroomote ay isang paaralang elementarya na matatagpuan sa hiroomote, akita city in prepektura ng akita, hapon. itinatag ito noong 1874. ang palayaw nito ay hirosho. kasaysayan ang paaralan ay nabuo sa isang pribadong bahay ng yanaisado, hiroomote, minamiakita district, akita, noong 3 nobyembre, 1874. ang dating gusali ng paaralan ay matatagpuan sa tsurubemachi, isang site ng e-pal. lumipat ang paaralan sa kasalukuyang lokasyon nito noong 1977 at isang bagong swimming pool ang binuksan noong 1980.ang hiroomote baseball club ay nanalo ng mga pamagat ng prefectural nang maraming beses sa ilalim ng manager na si tatsuro tsuruta(鶴田達郎) sa huling bahagi ng 70 at 80's. ang koponan ay sinanay din ng dating pitcher ng nipponham fighters na si mikio kudo. nakakuha sila ng 2-time na prefectural gintong medalya sa nhk school choir competition noong 2007 at 2011,at 2-time na prefectural champion ng ""30 persons 31 legs"" na lahi noong 2000 at 2001. mayroon din silang mga silid-silid-aralan na tinawag na ""himawari class (mga estudyante sa elementarya)"" sa akita university hospital.ang hiroomote jidokan (広面児童館, sentro ng mga bata) ay naka-attach at paminsan-minsan ay"
education,tl,wikipedia_tl,"ang makiling ay isang barangay sa mataas na bahagi calamba sa lalawigan ng laguna, pilipinas . ipinangalan ayon sa lokasyon nito sa paanan ng bundok makiling, ang pinakamataas na bundok sa lalawigan ng laguna. ang barangay makiling ang pinakadulong barangay ng calamba na patungo sa batangas. ang kahabaan ng barangay ay nagmumula sa kinatatayuan ng island gas sa national highway hangang sa malaking tulay na pinakahangganan ng lungsod ng sto. tomas sa batangas. noong mahawan ang kagubatan at makita ang malulusog na pananim ng mga magsasaka, tinawag itong lugar na san isidro. ito ay dahil sa si san isidro labrador ang patron ng mga magsasaka. pinagkaisahan ng mga naunang nanirahan na si san isidro ang kanila na ring maging patron. subalit noong maglaon, unti-unting nanaig sa mga taong dumaraan dito ang katawagang makiling dahil sa kapansin-pansin ang maraming kiling o ""ridges"" ng bundok makiling. pinagmulan ayon sa sali't saling kuwento ng mga matatanda, ang barangay makiling noong panahon ng kastila ay isang malawak na kagubatan. maraming hayop gubat na tulad ng matsing, usa, baboy ramo at mga labuyo dito noon. tatlong pamilyang batangueño pa lamang ang naninirahan dito. dumami nang"
education,tl,wikipedia_tl,"ito ang artikulo patungkol sa bayaning pilipino. para sa pelikula patungkol sa kanya, silipin ang jose rizal (pelikula). para sa ibang gamit ng rizal, silipin ang rizal (paglilinaw). si dr. josé protacio rizal mercado y alonzo realonda (19 hunyo 1861– 30 disyembre 1896) ay isang pilipinong bayani at isa sa pinakatanyag na tagapagtaguyod ng pagbabago sa pilipinas noong panahon ng pananakop ng mga kastila. siya ang kinikilala bilang pinakamagaling na bayani at itinala bilang isa sa mga pambansang bayani ng pilipinas ng lupon ng mga pambansang bayani. ipinanganak si rizal sa isang mayamang angkan sa calamba, laguna at ikapito siya sa labing-isang anak ng mag-asawang francisco engracio rizal mercado y alejandro at teodora morales alonzo realonda y quintos. nag-aral siya sa ateneo municipal de manila, at nakakuha ng diploma sa batsilyer ng sining at nag-aral ng medisina sa pamantasan ng santo tomas sa maynila. ipinagpatuloy niya ang kanyang pag-aaral sa universidad central de madrid sa madrid, espanya, at nakakuha ng lisensiya sa medisina, na nagbigay sa kanya ng karapatan na magpraktis ng pagmemedisina. nag-aral din siya sa pamantasan ng paris at pamantasan ng heidelberg. isang"
education,tl,wikipedia_tl,"ang unibersidad ng tallinn o tu; estonian: tallinna ülikool, tlü) ay isa sa tatlong pinakamalaking mga institusyon ng mas mataas na edukasyon sa estonia. ito ay matatagpuan sa sentro ng tallinn, ang kabisera ng lungsod ng estonia. kasaysayan itinatag ang pamantasan noong 18 marso 2005 bilang resulta ng pagsasama-sama ng ilang mga unibersidad at suriang pananaliksik sa tallinn ang mga ito ay ang: academic library of estonia (aklatang pang-akademiko ng estonia); (1946) baltic film and media school (baltikong paaralan ng film at media); (1992/97) estonian institute of humanities (suriang estonia ng humanidades); (1988) institute of history (suriang pangkasaysayan); (1946) at tallinn pedagogical university (pamantasang pedagohikong tallinn) (1919/52/92). ang karamihan sa mga kurso ng pag-aaral na inaalok ay nasa humanidades, ngunit lumalaki ang bilang ng mga kurso sa eksaktong at natural na agham. kasalukuyan kilala ang pamantasan sa loob at labas ng bansa bilang sentrong pang-agham at edukasyon. itinampok rin ito sa qs worldwide university rankings (pandaigdigang antasan ng qs ng mga pamantasan). istruktura mga paaralan baltic film, media, arts and communication school (baltikong"
education,tl,wikipedia_tl,"ang pamantasan ng silangang pilipinas (ingles: university of eastern philippines, dinadaglat bilang uep) ay isang pamantasan na matatagpuan sa catarman, hilagang samar, pilipinas. ito ay itinatag noong 1918 at dating tinawag na catarman agricultural school o paaralang pansakahan ng catarman. noong 1956 naging samar institute of technology (sit). magmula dito lumaki ito at naging isang pamantasan. sa ngayon naging isang university system na kung saan pumaloob ang mga malalaking paaralan sa hilagang samar gaya ng laoang national trade school na naging uep-laoang campus at pedro rebadulla agricultural school sa catubig na naging uep-catubig campus. ang kanyang main campus ay nasa catarman. katangi-tangi ang uep dahil naging isa siyang pamayanan na umusbong mula sa isang pamantasan. karaniwan kasi kung kelan merong pamayanan doon itinatayo ang pamantasan o mga dalubhasaan. kabaliktaran dito. ang uep ay nauna munang itinayo saka nagkaraon ng pamayanan. dati-rati'y puro dormitoryo lamang ang makikita rito dahil tatlong kilometro ang layo ng main campus sa bayan ng catarman pero sa ngayon tatlong barangay na ang umusbong dito. maliban sa tatlong malalaking campus sa catarman, catubig, at"
education,tl,wikipedia_tl,"ang mataas na paaralang pambansa ng las piñas (ingles:las piñas national high school) ay isang mataas na paaralan sa lungsod ng las piñas, pilipinas. ito ang kauna-unahang paaralang munisipal ng pilipinas na nagsimula noong 1966 upang matugunan ang pangangailangan ng mga mag-aaral ng las piñas na makapag-aral nang libre at walang binabayaran, napagdesisyunan ng konseho ng las piñas sa pangunguna ng punong-lungsod na si dr. filemon aguilar na magpatayo ng isang paaralang sekundarya. kasaysayan kasalukuyang punong guro phondora s. capistrano mga kagawaran ingles ang kagawaran ng ingles ay binubuo ng apat na ugnay na sumasakop sa apat na taon sa paaralan. sinasaklawan din nito ang iba't ibang mga sekta sa paaralan tulad ng speech laboratory na kung saan ay sinasanay ang mga mag-aaral sa pagbabasa ng maigi. hawak din nito ang saltgrains na ingles na pahayagan ng paaralan na kung saan ay nakatala ang mga pangyayari sa loob ng isang taon sa wikang ingles. ipinagdiriwang ang buwan ng ingles tuwing nobyembre. matematika araling panlipunan values agham ang kagawaran ng agham ay binubuo ng apat na ugnay na sumasakop sa apat na taon sa paaralan. sa kasalukuyan, pinamumunuan ito ni gng."
education,tl,wikipedia_tl,"ang lunop han dughan-panaghoy ni yolanda (waray: lunop han dughan-pangandoy ni yolanda) ay isang orihinal na pilipinong sarsuwela o isang pagtatanghal sa teatro na nilapatan ng musika. nasusulat ito sa wikang waray. ito ay isang awit nang papuri para sa kalikasan at gumugunita sa mga pumanaw dahil sa pananalasa ng super bagyong yolanda. isinasaad nito ang buhay, kamatayan at panibagong pag-asa na nasasalamin sa trahedyang naganap noong nanalasa ang super bagyong yolanda sa pilipinas. ito ay pinangungunahan ni alegria o. ferrer na isang soprano at propesor sa unibersidad ng pilinas (ingles: university of the philippines) sa diliman at ng grupo ng unibersidad ng pilipinas an balangaw performing arts at leyte kalipayan dance company mula sa unibersidad ng pilipinas sa visayas kolehiyo sa tacloban (ingles: university of the philippine visayas tacloban college). pagkakalikha ang sarsuwela ay nabuo at naitanghal sa pamamagitan ng maka-sining na pakikipagtulungan ng kolehiyo ng musika ng unibersidad ng pilipinas sa diliman at ng unibersidad ng pilipinas sa visayas kolehiyo sa tacloban at suporta galing sa tanggapan ng bise presidente para sa usaping pang-akademiko ng unibersidad ng"
education,tl,wikipedia_tl,"si dame jane elizabeth francis, dcmg isang direktor ng british antarctic survey. siya nagtrabaho din bilang isang tagaturo ng palaeoclimatology sa pamantasan ng leeds kung saan naging din siyang dean ng faculty of environment. noong 2002 siya ang ika-apat na babaeng nakatanggap ng polar medal para sa pagkilala ng mga naiambag sa british polar na pag-aaral. ngayon, siya ang chancellor ng pamantasan ng leeds. edukasyon nag-aral si francis sa simon langton girls' grammar school sa canterbury, nagtapos din siya ng kolehiyo sa heolohiya at ng kanyang phd sa pamantasan ng southampton. isa din si francis na nerc research na estudyante sa heolohiys/biolohiya sa pamantasan ng southampton simula noong 1979 hanggang 1982. nagpatuloy siya bilang isang nerc postdoctoral research fellow sa kolehiyo ng bedford, london, hanggang 1984. naupo din siya bilang isang palaeobotanist sa british antarctic survey (bas), simula 1984 hangang 1986. sa loob ng limang taon, si francis naging postdoctoral research associate kasama si professor larry frakes sa pamantasan ng adelaide. noong 1991, tinanggap niya ang posisyon bilang isang tagapagturo sa kagawaran ng agham sa lupa ng pamantasan ng leeds sa uk; siya"
education,tl,wikipedia_tl,"ito ay isang talaan ng naiulat na mga minumultong pook o lugar sa pilipinas. ang mga ganitong uri ng ulat ay bahagi ng ghostlore na isang anyo ng alamát o kuwentong-bayan. nasa wikang ingles ang mga entry upang maintindihan nang lubusan, ngunit ang mga kawing ay nasa wikang tagalog at kumakawing sa mga tinutukoy na artikulo. kalakhang maynila ateneo de manila university: isa sa mga pinakaprestihiyosong institusyong pang-edukasyon sa bansa, ipinahahayag ng mga nainiwala na minumulto ang admu balete drive: isang pangunahing abenidang pampamahayan sa silangang bahagi ng distrito ng new manila, lungsod quezon, kinikilala ng mga naniniwala na ang kalye balete ay sityo ng mga pagpapapakita ng isang babaeng nakaputi, na ayon sa mga naniniwala ay kaluluwa ng isanh babaeng tinedyer na ginahasa at pinatay ng isang drayber ng taksi noong dekada-1950. capitol medical center: iniulat na minumulto ang isang asensor ng ospital. sinabi ng mga saksi na dinala sila ng asensor na ito, kasalukuyang off-limits, sa pinakamababang palapag na nagsilbing morge noon, sa halip ng inaasahan nilang paroroonan. de la salle university: dahil sa marahas na kasaysayan nito noong ikalawang digmaang pandaigdig,"
education,tl,wikipedia_tl,"ang unibersidad ng tsipre (ingles: university of cyprus, ucy; , ) ay isang pampublikong unibersidad na itinatag sa republika ng tsipre noong 1989. tinanggap nito ang mga una nitong mag-aaral noong 1992 at may humigit-kumulang sa 7000 mga mag-aaral sa kasalukuyan. kasaysayan ang unibersidad ng tsipre ay itinatag sa 1989 at tinanggap ang mga una nitong mag-aaral noong 1992. ang pagpasok sa unibersidad para sa antas undergraduate ay isinasagawa sa pamamagitan ng isang entrance examination ng ministri ng edukasyon at kultura ng republika ng tsipre. may ilang mga posisyon na nakalaan para sa mga mag-aaral na may espesyal na pangangailangan. nang binuksan ng unibersidad ng tsipre ang pinto nito sa mga mag-aaral, ang mga unang mag-aaral ay umabot sa 486 undergraduate na mga mag-aaral. sa akademikong taong 2010-2011, 4691 undergraduate na mag-aaral ang naitala sa lahat ng kursong inaalok ng 21 mga kagawaran. sa parehong panahon, mayroong 1549 postgraduate na mag-aaral. galeriya mga pamantasan sa cyprus"
education,tl,wikipedia_tl,"ang unibersidad ng utrecht (ingles: utrecht university, uu; , dating rijksuniversiteit utrecht) ay isang unibersidad sa lungsod ng utrecht, netherlands. ito ay isa sa mga pinakamatandang unibersidad sa netherlands. itinatag sa marso 26, 1636, ito ay may kabuuang enrolment na 29,425 mag-aaral noong 2016, at merong 5,568 guro at kawani. noong 2011, 485 phd degrees ang iginawad at 7,773 artikulong pang-agham ang nailimbag. ang bajet ng ng unibersidad noong 2013 ay €765 milyon. ang unibersidad ay kinikilala bilang ang pinakamahusay na unibersidad sa netherlands ayon sa academic ranking of world universities noong 2013, at nararanggo bilang ang ika-13 pinakamahusay na unibersidad sa europa at ang ika-52 pinakamahusay na unibersidad sa mundo. ang motto ng unibersidad ay ""sol iustitiae illustra nos,"" na nangangahulugang ""araw ng hustisya, lumiwanag sa amin."" ito ay sinipi sa isang literal na saling latin ng bibliya, ang malakias 4:2. (ang pamantasang rutgers, na may historikal na koneksyon sa unibersidad ng utrecht, ay gumagamit ng isang binagong bersyon ng motto na ito.) ang unibersidad ng utrecht ay pinamumunuan sa pamamagitan ng isang lupon ng unibersidad. mga pamantasan"
education,tl,wikipedia_tl,"ang unibersidad ng wisconsin–madison (ingles: university of wisconsin–madison), na kilala rin bilang wisconsin, ""uw"", uw–madison, o simpleng madison) ay isang pampublikong unibersidad sa pananaliksik sa madison, estado ng wisconsin, estados unidos. itinatag noong nakamit ng wisconsin ang pagiging estado noong 1848, ang uw–madison ay ang opisyal ng unibersidad ng estado ng wisconsin, at ang pangunahing kampus ng unibersidad ng wisconsin sistema. ito ay ang unang pampublikong unibersidad na itinatag sa wisconsin at nananatiling ang pinakamatanda at pinakamalaking pampublikong unibersidad sa estado. ito ay naging isang lupa-grant na institusyon noong 1866. ang na pangunahing kampus ay kinabibilangan ng apat na national historic landmark. ang uw–madison ay organisado sa 20 mga paaralan at mga kolehiyo, kung saan nakatala ang 29,302 undergraduate, 9,445 graduate, at 2,459 propesyonal na mga mag-aaral at nabigyan sa akademikong taong 2013-2014. ang unibersidad ay merong higit sa 21,796 guro at mga kawani. nag-aalok ito ng 136 undergraduate majors, kasama 148 masteral na mga programa at 120 doktoral na programa. ang uw ay isa sa mga tinuturing na public ivy na pamantasan, na siyang tawag"
education,tl,wikipedia_tl,"ang kolehiyong trinity, dublin (, ingles: trinity college, dublin) ay ang nag-iisang bahaging kolehiyo ng unibersidad ng dublin, isang pananaliksik na unibersidad sa ireland. ang kolehiyo ay itinatag noong 1592 bilang ""ina"" ng isang bagong unibersidad, na iminodelo sa mga unibersidad ng oxford at cambridge, ngunit, hindi tulad ng mga ito, isa lamang sa kolehiyong naitatag, kaya't ang titulong ""trinity college"" at ""university of dublin"" ay itinuturing na magkasingkahulugan sa praktikal na kadahilanan. ito rin ay isa sa pitong mga sinaunang unibersidad ng britanya at ireland, pati na rin ang pinakamatanda sa ireland. ang kolehiyong trinity ngayon ay napapalibutan ng lungsod ng dublin at matatagpuan sa college green, malapit sa bahay ng parlamento ng ireland. ang kolehiyo ay sumasakop sa eryang 190,000 m2 (47 acres), kung saan marami sa mga gusali nito ay nakakalat sa malaking quadranggel at dalawang playing field. ang kolehiyo ay nahahati sa tatlong mga kaguruan na binubuo ng 25 mga paaralan, at nag-aalok ng mga digri at kursong diploma sa mga antas andergradweyt at gradwado. noong 2016, ang unibersidad ay nairanggo sa times higher education (the) world university rankings bilang"
education,tl,wikipedia_tl,"ang unibersidad ng copenhagen (ucph) (; ingles: university of copenhagen) ay ang pinakamatandang unibersidad at institusyon ng pananaliksik sa dinamarka. itinatag noong 1479 bilang isang studium generale, ito ay ang ikalawang pinakamatandang institusyon para sa mas mataas na edukasyon sa scandinavia pagkatapos ng uppsala university (1477). ang unibersidad ay may 23,473 undergraduate na mag-aaral, 17,398 postgraduate na mga mag-aaral, 2,968 mag-aaral sa doktoral na antas at higit sa 9,000 empleyado. ang university ay may apat na mga kampus na matatagpuan sa sa palibot ng copenhagen, na may punong-himpilan na matatagpuan sa sentro ng lungsod. karamihan sa mga kurso ay itinuturo sa wikang danes; gayunpaman, maraming mga kurso ay nasa wikang ingles at mangilan-ngilan sa aleman. ang unibersidad ay may ilang libong mga banyagang mag-aaral, at ang kalahati sa mga ito ay nagmula sa mga bansang nordiko. ang unibersidad ay miyembro ng i international alliance of research universities (iaru), kasama ang unibersidad ng cambridge, pamantasang yale, australian national university, at uc berkeley, at iba ba. noong 2016, niranggo ng academic ranking of world universities ang unibersidad ng"
education,tl,wikipedia_tl,"ang unibersidad ng glasgow (, ; ingles: university of glasgow) (dinaglat bilang glas. sa post-nominals) ay ang ikaapat na pinakamatandang unibersidad sa mundo ng wikang ingles at isa sa apat na sinaunang mga uniberidad ng scotland. ito ay itinatag sa 1451. kasama ang unibersidad ng edinburgh, ang unibersidad ay bahagi ng scottish enlightenment sa panahon ng ika-18 siglo. ito ay kasalukuyang miyembro ng universitas 21, ang internasyonal na network ng mga unibersidad sa pananaliksik, at ng russell group. karaniwan sa mga unibersidad ng pre-modernong panahon, orihinal na nagsilbi ang glasgow sa mga mag-aaral na mula sa mga mayayamang pamilya, gayunpaman ito ay naging isang tagapanguna sa mas mataas na edukasyon noong ika-19 siglo sa pamamagitan din ng pagbibigay ng pangangailangan ng mga mag-aaral mula sa lumalagong mga lungsod o bayan at komersyal na gitnang uri. nagsilbi ang unibersidad sa lahat ng mga mag-aaral sa pamamagitan ng paghahanda sa mga ito para sa mga propesyon: batas, medisina, serbisyo sibil, pagtuturo, at simbahan. ito rin ay nagsanay sa mas maliit ngunit lumalaking numero para sa mga karera sa agham at pag-iinhinyero. orihinal na matatagpuan sa high street ng"
education,tl,wikipedia_tl,"ang isang guro (mula sa sanskrito: गुरु [guru]) o titser ay isang tao na nagbibigay ng edukasyon para sa mga mag-aaral. ang gampanin ng guro ay kadalasang pormal at umiiral, na isinasagawa sa isang paaralan o ibang lugar ng edukasyong pormal. sa maraming mga bansa, ang isang tao na nais maging isang guro ay dapat na makakamit muna ng tinukoy na mga kuwalipikasyong pamprupesyon o mga kredensiyal magmula sa isang pamantasan o dalubhasaan. ang mga kuwalipikasyong pamprupesyon ay maaaring magbilang ng pag-aaral ng pedagohiya, ang agham ng pagtuturo. ang mga guro, katulad ng iba pang mga prupesyunal, ay maaaring magpatuloy ng kanilang edukasyon pagkaraan makamit nila ang kuwalipikasyon, isang prosesong nakikilala bilang nagpapatuloy na kaunlarang pamprupesyon. ang mga guro ay maaaring gumamit ng isang planong panleksiyon (planong pang-aralin) upang makapagbigay ng pagkatuto ng mga estudyante, na nakapagbibigay ng isang kurso ng pag-aaral na tinatawag na kurikulum. ang gampanin ng isang guro ay maaaring magkaiba-iba sa mga kultura. ang mga guro ay maaaring magturo ng edukasyong pangliterasya at numerasya, kasanayan o kagalingan sa isang larangan o pagsasanay na bukasyunal, sining,"
education,tl,wikipedia_tl,"ang unibersidad ng peking (dinadaglat bilang pku at kolokyal na kilala sa tsino bilang běidà ; tsino: 北京大学, pinyin: běijīng dàxué; ingles: peking university), ay isang pangunahing unibersidad sa pananaliksik ng tsina na matatagpuan sa beijing (peking) at isang miyembro ng c9 league. ito ay ang unang modernong pambansang unibersidad na itinatag sa china, na itinatag bilang ang imperial university of peking noong 1898 bilang kapalit ng sinaunang taixue o guozijian, o imperial academy. ito rin ay nagsilbi bilang ang pinakamataas na pangangasiwa para sa edukasyon (ministri ng edukasyon) sa tsina sa simula ng pagtataguyod nito. noong 1920, ito ay naging isang sentro para sa progresibong pag-iisip. ang unibersidad ay laging nairaranggo bilang ang nangungunang institusyon para sa mas mataas na pag-aaral sa kontinental na tsina (mainland china). bilang karagdagan sa reputasyong akademiko, ang unibersidad ay lalong kilala sa pisikal na kampus nito, at sa kagandahan ng mga tradisyonal na arkitekturang tsino dito. sa buong kasaysayan ng pamantasan, ang unibersidad ay nag-eduka sa maraming prominenteng mga palaisip na tsino sa modernong panahon, kabilang na sina: mao zedong, lu xun, gu"
education,tl,wikipedia_tl,"ang kolehiyo ng fine arts ng unibersidad ng pilipinas o mas kilala bilang up college of fine arts (cfa) ay ang pinakamatandang institusyon sa pilipinas na nagtuturo ng sining at disenyo. ito rin ay isa sa mga unang yunit ng unibersidad ng pilipinas na nagsimula pa mula noong unang parte ng ika-labingsiyam na siglo. ang kolehiyo ng pinong sining ay unang kinilala bilang academia de dibujo noong 1823, tapos ay naging escuela superior de pintura, at noong 1891 naman ay binantog na escultura y grabado. noong naisakatuparan ang act no. 1870 sa pamamagitan ng asembliya ng pilipinas na nagtatag ng unibersidad ng pilipinas noong 1908, ang escuela, na napalitan sa bantog na paaralang ng pinong sining, ay nabilang bilang isa sa yunit ng unibersidad ng pilipinas. sa kasalukuyan, ang cfa ay produkto ng mga pinagsama-samang pananaw ng mga kilala sa sining na nagpalago sa buhay ng institusyon hanggang sa kinilala na ito bilang isa sa pinakamagaling sa bansa. ang kolehiyo ay pinanggalingan na ng siyam sa mga pambansang alagad ng sining ng pilipinas pati na rin ng marami pang iba na mga magagaling at kilalang mga alagad ng sining. ang kolehiyo ng pinong sining ay nananatiling matatag sa kanyang"
education,tl,wikipedia_tl,"ang paaralang lourdes ng lungsod quezon (ingles: lourdes school of quezon city, ipinaiikli bilang lsqc) ay isang is a pribado at katolikong institusyong pang-edukasyon educational na ipinapamahala at pagaari ng mga kaputsino sa lungsod ng quezon sa pilipinas, katabi ng pambansang dambana ng lourdes. ang lsqc ay dating kilala bilang paaralang katoliko ng lourdes (ingles:lourdes catholic school) ngunit ito ay binago upang ito makilala sa kapatid nitong paaralan ang paaralang lourdes ng mandaluyong (lsm). programang pangpaaralan apat na antas ng edukasyon ang itinuturo sa paaralan: ang mataas na paaralan, mababang paaralan, preparatoryo at kindergarten. dati ang lsqc ay paaralan para lamang sa lalaki sa lahat ng antas ngunit sa mga huling bahagi ng dekada 1970, nagsimulang magpapasok ng mga kababaihang iskolar sa mataas na paaralan at sa 1998 patuloy naging coed ang mataas na paaralan ng lourdes. opisyal na logo ang mga pangunahing elemento ng logo ng paaralan ay: ang tatlong maliliit na krus sa kaliwa at kanang bahagi, dalawang braso na naka-ekis sa harapan ng isang krus na na sa taas ng isang ulap. ang tatlong krus ay nagsisimbolo sa trinidad isang paniniwalang ispiridad ng mga"
education,tl,wikipedia_tl,"ang liga ng mga pilipinong mag-aaral o mas kilala sa ingles na league of filipino students (lfs) ay isang kilusang mag-aaral na naorganisa noong panahon ng batas militar sa pilipinas ng mga militanteng mag-aaral na makakaliwa noong setyembre 11, 1977, upang matugunan ang mga hinaing sa edukasyon at panunupil sa paaralan. maikling kasaysayan nagsimula ang league of filipino student (lfs) noong setyembre 11, 1977, bilang isang alyansa laban sa pagtaas ng matrikula at mga panunupil sa mga paaralan noong panahon ng batas militar . pormal na idineklara ng samahan ang sarili noong 1982 bilang isang pambansang demokratikong organisasyong pangmasa. sa panahon ng rehimeng marcos, ang mga mag-aaral ang pangunahing mga nagpoprotesta laban sa gobyerno. inatasan ng lfs ang pag-atake laban sa gobyerno sa paggamit ng protesta ng mga mag-aaral. pinamunuan ng grupo ang pulitika sa campus at isang malakas na ahente sa pagpapakilos ng mag-aaral na sinasabing nasa libu-libong mga miyembro na maaaring mabilis na magpakilos para sa aksyong masa. ang pagpatay kay benigno aquino jr noong 1983, ang gobyerno ni marcos ay naging mahina at ang organisasyon ay nagtakda ng isang pambansang pagpapakilos ng mga"
education,tl,wikipedia_tl,"ang eskrima ay isang uri ng palakasan na nagsimula noong huling bahagi ng ika-19 na siglo. kasaysayan ang mga ninuno ng makabagong eskrima ay nagmula sa españa, kung saan isinulat ang ilang libro ukol sa eskrima. ang ""treatise on arms o tratado sa armas ay isinulat ni diego de valera sa pagitan ng mga taong 1458 at 1471 at ito ay isa sa mga pinakalumang manwal na nabubuhay pa tungkol sa kanulraning eskrima bago ang opisyal na ipinagbawal ang pag-duwelo ng mga katolikong maharlika. sa paglalakbay, dinala ng mga sundalong español ang eskrima sa buong mundo, partikular sa timog italya, isa sa mga lugar kung saan laganap ang kaguluhan sa pagitan ng dalawang nasyon. binanggit ang eskrima sa dula na ""the merry wives of windsor"" na isinulat bago ang taong 1602. ang mga mekaniks ng makabagong eskrima ay nagmula noong ika-18 na siglo sa isang italyanong paaralan ng eskrima noong renaissance, at, sa ilalim ng kanilang impluwensya, ito ay ipinagbuti pa lalo ng paaralang eskrima ng pranses. ang paaralang eskrima ng españa ay unti-unting nawala at pinalitan ng mga italyano at pranses na paaralan. eskrima mga sandata ang bawat isa sa tatlong armas sa fencing ay may sariling mga patakaran at"
education,tl,wikipedia_tl,"school of rock, tinawag ring the school of rock, ay isang 2003 amerikanong pang-komedyang pelikula sa pangunguna ni richard linklater, at isinulat ni mike white, pinagbibidahan ito ni jack black. ang istorya ng pelikula ay nakasentro sa mang-aawit at gitaristang, si dewey finn. pinagkaisahang siyang tanggalin sa bandang siya ang nagsimula at sa dakong huli nagpanggap siyang isang kahaliling guro sa isang prep school at doon siya bumuo ng banda na ang mga kasapi ay mga estudyante sa ika-limang baytang, para makasali at manalo sa nalalapit na battle of the bands para makabayad siya sa upa ng kanyang bahay. kabuuan ng kuwento dewey finn, isang mang-aawit at gitarista sa isang bandang rock, ay tinggal ng kanyang mga ka-banda sa no vacancy dahil sa kanyang kayabangan at madalas na kalokohan habang at pagtapos tumugtog. ang kanyang kasama sa kwarto at kaibigan na si ned schneebly (writer mike white), isang kahihiling guro, ay pinipilit ng kanyang kasintahan na si patty di marco (sarah silverman) na paalisin dewey kung hindi siya maghahanap ng totoong trabaho at bayaran ang kanyang utang sa renta ng bahay. naramdaman ni dewey na kailangan niya nang isuko ang kanyang hilig hanggang sa"
education,tl,wikipedia_tl,"si miguel angel asturias rosales (oktubre 19, 1899 - hunyo 9, 1974) ay isang diplomatikong-manunula, nobelista, mandudula, at mamamahayag na nagwagi ng gantimpalang nobel. nakatulong si asturias sa pagtatag ng kontribusyon ng panitikang amerikang latino sa pangunahing kalinangan ng mga bansang kanluranin, at kasabay nito ay ang pagbibigay-pansin sa kahalagahan ng mga katutubong kultura, lalo na sa mga mamamayang taga-guatemala. si asturias ay ipinanganak at lumaki sa guatemala bagaman siya ay nanirahan sa ibang bansa sa mga mahahalagang bahagi ng kanyang pang-adultong buhay. siya ay unang nanirahan sa paris noong dekada 1920 kung saan siya nag-aral ng etnolohiya. tinuturing siya ng ilang mga iskolar bilang unang amerika-latinong nobelista na nagpakita kung paano maaaring maapektuhan ng pag-aaral ng antropolohiya at lingguwistika ang pagsusulat ng literatura. habang nasa paris, si asturias ay nauugnay din sa kilusan ng mga surrealismo, at siya ay kredito sa pagpapasok ng maraming mga tampok na modernismong istilo sa mga amerikang latino pagsusulat. sa ganitong paraan, siya ay isang mahalagang pasimula ng pagpapausbong at pagpapalaganap ng amerikang latino ng mga dekadang 1960 at"
education,tl,wikipedia_tl,"ang negima! magister negi magi , na kilala sa hapon na ay isang seryeng manga at anime na ginawa ni ken akamatsu (na kilala para sa kanyang pinakamahusay na gawa na love hina) na naglalaman ng isang malaking halagang tanawing nagawa ng kanyang mga tagahanga. ang manga ay kasalukuyang inilalathala ng kodansha at ininuran ng shōnen magazine sa bansang hapon. inilathala nanam ng del rey manga sa ingles, na isinalin sa bersyon ng estados unidos at canada. ininuran ang serye para sa wikang ingles na ipinamahagi ng tanoshimi sa united kingdom. inilabas ang anime, na inilathala ng xebec, sa unang kalahati ng taong 2005 at inilabas sa estados unidos sa pamamagitan ng funimation entertainment. bukod dito, inilabas din ang dalawang ova, sa pamamagitan ng mga baras at gansis, na ginawa ng isang kahaliling gawang serye na negima!? . ang ikatlong hanay ng mga ovas, na tinatawag na mahō sensei negima!: shiroki tsubasa ala alba ay may pamagat na mahō sensei negima ! na may mga bolyum na 23, 24 at 25 at pinahaba mula kabanata 176 hanggang 183 ng orihinal na manga. ang ika-apat na hanay ng mga ova, isinasama ang arko ng journey to magic world, ay hinawakan nang may orihinal na manga simula sa"
education,tl,wikipedia_tl,"si alan mathison turing, obe, frs () (23 hunyo 1912 – 7 hunyo 1954) ay isang briton na matematiko, lohiko (o lohisyano), kriptoanalista at siyentista ng kompyuter. kanyang naimpluwensiyahan ang pagpapaunlad ng agham pangkompyuter, pagbibigay ng pormalisasyon ng mga konsepto ng ""algoritmo"" at ""komputasyon"" sa isang makinang turing, na malaki ang ginampananang papel sa pagkakalikha ng modernong kompyuter. si turing ay itinuturing na ama ng agham pangkompyuter at intelehensiyang artipisyal. sa panahon ng ikalawang digmaang pandaigdig, si ""turing"" ay naglingkod at minsang naging pinuno ng hut 8 sa government code and cypher school sa bletchley park, isang sentro sa britanya na responsable sa pagbasag ng mga sekretong kodigo ng mga aleman noong panahon ni adolf hitler. siya ay lumikha ng ilang tekniko sa pagbasag ng mga sipero (algoritmo ng enkripsiyon) ng alemanya kabilang ang paraan ng elektromekanikal na makinang bombe na makakahanap ng mga kompigurasyon ng makinang enigma (ang makinang ginamit ng pamahalaan at militar ng alemanya upang ilihim ang mga pinadadalang mensahe ng kanilang mga sundalo). pagkatapos ng digmaan, siya ay nagtrabaho sa pambansang laboratoryong pisikal"
education,tl,wikipedia_tl,"si albert einstein (14 marso 1879–18 abril 1955) ay isang aleman-swiss-amerikanong pisikong teoretikal na kinikilala bilang isa sa pinakamahalagang siyentipiko sa ika-dalawampung siglo at isa sa pinakamahusay na pisikong nabuhay sa kasaysayan ng agham. ang pinakamahalagang papel na kanyang ginampanan sa agham ay ang pagbuo ng espesyal na teoriya ng relatibidad at teoriyang pangkalahatang relatibidad. sa karagdagan, marami siyang naiambag sa teoriyang quantum at mekanikang estadistikal. siya ay naparangalan ng gantimpalang nobel sa kanyang paliwanag sa epektong photoelektrika noong 1905. si einstein ay nakilala sa buong mundo matapos na mapatunayan ang prediksiyon ng kanyang teoriyang pangkalahatang relatibidad na ang sinag (light rays) ng malalayong bituin ay malilihis ng grabidad ng araw. ito ay napatunayan noong 7 nobyembre 1919 sa ekspedisyon na ginawa ng mga inglaterong siyentipiko upang pagmasdan ang eklipseng solar na naganap nang taong iyon sa aprika. dahil sa kanyang katalinuhan at orihinalidad, ang salitang ""einstein"" ay naging sinonimo ng salitang ""henyo"". talambuhay ipinanganak si einstein noong 14 marso 1879 sa lungsod ng ulm sa württemberg, alemanya, mga 100 km"
education,tl,wikipedia_tl,"ang unibersidad ng kuwait (, ingles: university of kuwait, dinadaglat na bilang kuniv) ay isang pampublikong unibersidad sa kuwait. itinatag ang unibersidad noong oktubre 1966 sa ilalim ng batas blg. 29/1966. ang unibersidad ay opisyal na pinasinayaan noong 27 nobyembre 1966 na binuo ng kolehiyo ng agham, ang kolehiyo ng sining, kolehiyo ng edukasyon at sa kolehiyo para sa mga kababaihan. ang unibersidad ay ang kauna-unahang pampublikong institusyon ng mas mataas na edukasyon at pananaliksik sa buong bansa. ang unibersidad ay naglalayong maghain ng kaalaman sa pamamagitan ng iskolarsyip, at hinihikayat ang inobasyon at pag-unlad sa mga sining at agham. ito ay binubuo ng 17 kolehiyo na nag-aalok ng 76 programang undergraduate at 71 gradwadong programa. ang mga pasilidad ng unibersidad ay nakakalat sa anim na mga kampus, nag-aalok ng mga programa sa agham, enhinyeriya, humanidades, medisina at agham panlipunan. noong nobyembre 2015, inorganisa ng unibersidad ang kuwait global technopreneurship challenge (kgtc). mga pamantasan"
education,tl,wikipedia_tl,"ang unibersidad ng tartu (estonyo: tartu ülikool, , ingles: university of tartu) ay isang klasikal na unibersidad sa lungsod ng tartu, estonia. ito ay ang pambansang unibersidad ng estonia. ang unibersidad ng tartu ay ang tanging mga klasikal na unibersidad sa bansa at ang pinakamalaki at pinakaprestihiyoso. ito ay itinatag ni haring gustavus adolphus ng sweden noong 1632. niranggo ng qs world university rankings ang university of tartu bilang ika-347 sa mundo 2016, ang pinakamataas sa mga pamantasan sa rehiyong baltiko. ang unibersidad ay ika-4 sa emerging europe and central asia region. ayon naman sa times higher education world university rankings, nasa ika-301-350 ranggo ang unibersidad. ito ay ang tanging unibersidad sa rehiyong baltiko na nakabilang sa top 200 na mga unibersidad sa europa. ang ut ay kabilang sa top 1% sa mundo ng ""world's most cited universities"" sa 10 erya ng pananaliksik. ang mga makasaysayang gusali ng unibersidad ay kabilang sa listahan ng european heritage label bilang ""sagisag ng mga ideya ng isang unibersidad sa panahon ng pagkamulat"". ang unibersidad ng tartu ay miyembro ng coimbra group at utrecht network. mga sanggunian mga pamantasan"
education,tl,wikipedia_tl,"ang unibersidad ng freiburg (kolokyal na , opisyal na albert-ludwigs-universität freiburg ; ingles: university of freiburg), ay isang pampublikong unibersidad sa pananaliksik na matatagpuan sa freiburg im breisgau, baden-württemberg, alemanya. ang unibersidad ay itinatag noong 1457 ng dinastiyang habsburg bilang ang pangalawang unibersidad sa teritoryong austrian-habsburg pagkatapos ng unibersidad ng vienna. ngayon, ang freiburg ay kinikilala bilang ang ikalimang pinakamatandang unibersidad sa alemanya, na may mahabang tradisyon ng pagtuturo sa humanidades, agham panlipunan at natural na agham. ang unibersidad ay binubuo ng 11 fakultad at nang-aakit ng mga mag-aaral mula sa buong alemanya pati na rin sa higit 120 iba pang bansa. ang mga banyagang mag-aaral ay bumubuo sa 16% ng kabuuang mga mag-aaral. ang unibersidad ng freiburg ay may kaugnayan sa mga personalidad gaya nina martin heidegger, hannah arendt, rudolf carnap, david daube, johann eck, hans-georg gadamer, friedrich hayek, edmund husserl, friedrich meinecke, max weber, paul uhlenhuth at ernst zermelo. merong 19 nobel laureates na konektado ng unibersidad at 15 akademiko ay pinarangalan ng pinakamataas na premyo sa"
education,tl,wikipedia_tl,"ang unibersidad ng aarhus (ingles: aarhus university, , dinadaglat na au) ay isang pampublikong unibersidad sa pananaliksik na matatagpuan sa aarhus, denmark. itinatag noong 1928, ito ang ikalawang pinakamatandang unibersidad sa bansa at ang pinakamalaki, na may isang kabuuang bilang ng mag-aaral na 44,500 noong 2013, matapos isanib dito ang aarhus school of engineering. sa pinakaprestihiyosong mga pagraranggo ng mga pinakamahusay na mga unibersidad, ang unibersidad ng aarhus nakalagay sa top 100. ang unibersidad ay kabilang sa coimbra group ng mga unibersidad na europeo. ang paaralan ng negosyo sa loob ng unibersidad, na tinatawag na aarhus bss, ay merong hawak na equis accreditation mula sa efmd (european foundation for management development) equis accreditation, at miyembro ng association to advance collegiate schools of business (aacsb) at association of mbas (amba). dahil dito, ito ay naging isa sa kaunting mga paaralan sa mundo na nakatanggap ng triple crown accreditations. ayon sa times higher education, ang aarhus university ay nasa top 10 ng pinakamagandang mga kampus sa europa. ang unang propesor ng sosyolohiya ng denmark ay naging guro ng unibersidad (theodor geiger,"
education,tl,wikipedia_tl,"ang unibersidad ng delaware o ud (university of delaware sa ingles) ay ang pinakamalaking unibersidad sa estado ng delaware sa estados unidos. ang pangunahing campus ay nasa newark, at meron ding may mga sangay o satelayt na kampus sa mga lungsod ng dover, wilmington, lewes, at georgetown. ang populasyon ng unibersidad ay may katamtamang laki – humigit-kumulang sa 18,500 undergradwado at 4,500 gradwadong mag-aaral. ang ud ay isang pribadong unibersidad subalit tumatanggap na ng mga pampublikong pagpopondo bilang isang land-grant, sea-grant, space-grant and urban-grant na institusyon sa pananaliksik na suportado ng estado. kasaysayan ang university of delaware ay itinatag noong 1743 ng presbyterian na ministrong si francis alison nang buksan niya ang kanyang ""libreng paaralan"" sa kanyang tahanan sa new london, pennsylvania. nagbago ito ng pangalan at lokasyon hanggang 1769 kung saan tinawag itong academy of newark. dahil ang delaware ay bahagi ng kolonya ng pennsylvania hanggang 1776, ang akademya ay ayaw bigyan ng tsarter bilang isang kolehiyo upang maiwasan ito na makipagkumpitensya sa unibersidad ng pennsylvania (na noo'y kilala bilang kolehiyo ng philadelphia). noong 1833,"
education,tl,wikipedia_tl,"si birendra nath datta (ipinanganak noong marso 1, 1935) ay isang indiyanong akademiko, lingguistiko, mananaliksik ng alamat, mang-aawit, at lirisista ng assam. sa kaniyang karera, pangunahing nagtrabaho siya bilang isang propesor sa iba't ibang kolehiyo ng assam. sumulat din siya ng mga librong pang-agham. noong 2009, ginawaran siya ng padma shri, ang pang-apat na pinakamataas na parangal ng sibilyan, sa larangan ng ""literatura at edukasyon"" at noong 2010 natanggap niya ang parangal na jagaddhatri-harmohan das literary. si datta ay nahalal bilang pangulo ng asom sahitya sabha para sa hilagang seksiyong lakhimpur, 2003 at sesyong hojai, 2004. maagang buhay ipinanganak siya noong 1 marso 1935 sa nagaon, assam kay kalpanath datta, isang guro sa paaralan at mandakini datta. ang kanilang orihinal na tahanan ay nasa nayon ng panera, malapit sa baihata chariali. sinimulan niya ang kaniyang pag-aaral sa paaralang chenikuthi lp sa guwahati at pagkatapos ay nag-aral sa goalpara. noong 1933, nakakuha si datta ng mga ranggo sa nangungunang 10 sa parehong matriculation at i.sc na eksaminasyon sa ilalim ng unibersidad ng gauhati. pagkatapos ay dumating siya sa visva bharati, santiniketan upang"
education,tl,wikipedia_tl,"king's college london (impormal na tawag ay king's o kcl; dating istilo king's college, london) ay isang pananaliksik na pampublikong pamantasan na nasa londres, sa united kingdom, at isang konstituwentong kolehiyo ng pederal na pamantasan ng londres. masasabing ito ay ang pangatlong pinakamatandang pamantasan sa ingglatera. nilikha ito ni haring george iv ng nagkakaisang kaharian at ng duke ng wellington noong 1829 kung saan natanggap nito ang royal charter sa ganoon ding taon. ang ospital ng santo tomas sa londres, isang paaralang ospital ng king's college london iskwela ng gamot, ay maiguguhit mula sa taong 1173, kung saan ang iswela ng gamut nito ay nasimulan noon 1550. ang king's college london a nagging isa sa dalawang pundasyon na kolehiyo ng pamantasan ng londres noong 1836. ito ay lumakit's lumago mula sa mga pagkakadikit nito sa mga ibang kolehiyo't institusyon tulad ng kolehiyo ng reynang elizabeth, kolehiyo ng agham at teknolohiya ng chelsea (noong 1985), ang instituto ng pag-iisip(noong 1997), at ng nagkakaisang medikal and dental na iskwelahan ng guy's at ng santo tomas na ospital, pati na rin ang florence nightingale iskwela ng narsing at ng pangungumadrona (noong"
education,tl,wikipedia_tl,"ang reserve officers' training corps (rotc) sa pilipinas ay isa sa tatlong bahagi ng national service training program, ang edukadyong sibiko at programang paghahandang depensa para sa mga pilipinong estudyante sa kolehiyo. layunin ng rotc na magbigay ng edukasyon at pagsasanay sa militar para sa mga mag-aaral upang mapakilos sila para sa paghahanda sa pambansang depensa. kabilang sa mga partikular na layunin nito ang paghahanda ng mga mag-aaral sa kolehiyo para sa serbisyo sa armed forces of the philippines kung sakaling magkaroon ng sakuna at ang kanilang pagsasanay para maging reservist at potensyal na commissioned officers ng afp. ang mga nagtapos ng rotc advance program ay naglilingkod sa lahat ng sangay ng armed forces of the philippines. noong 2008, ang mga nagtapos sa rotc ng mga kandidatong opisyal na paaralan ng iba't ibang serbisyo ay bumubuo ng humigit-kumulang 75% ng pangkat ng mga opisyal ng afp. ang rotc ay nagbibigay ng mga kwalipikadong student-cadets scholarship benefits sa pamamagitan ng nakabaseng merito insentibong paaralan bilang kapalit ng obligasyon ng serbisyo militar sa reserve force, o aktibong tungkulin sa afp kung bibigyan ng pagkakataon, pagkatapos ng"
education,tl,wikipedia_tl,"ang unibersidad ng uppsala (; ingles: uppsala university) ay isang pamantasan para sa pananaliksik na matatagpuan sa lungsod ng uppsala, sweden, at ang pinakamatandang unibersidad sa sweden at sa buong nordiko, na itinatag noong 1477. ito niraranggo bilang isa sa mga pinakamahusay na mga unibersidad sa hilagang europa. ang unibersidad ay may sawikaing ""gratiae veritas naturae"" bilang nito salawikain at niyayakap ang mga natural na agham. ang uppsala ay kabilang sa coimbra group ng mga pamantasang europeo. ang unibersidad ay may siyam na fakultad na nakakalat sa tatlong ""pandisiplinang dominyo"". ito ay merong 24,000 full-time na mag-aaral at 2,400 mag-aaral sa antas doktoral. mga fakultad sa pamamagitan ng paghahati ng mga fakultad at pagdagdag sa dati independiyenteng paaralan ng parmasya bilang isang bagong fakultad, ang tradisyonal na organisasyong may apat na fakultad na pangkaraniwan sa mga pamantasang europeo ay lumaki sa kasalukuyan siyam na fakultad: ang pandisiplinang dominyo ng mga sining at agham panlipunan kabilang ang fakultad ng sining*, ang fakultad ng agham panlipunan*, ang fakultad ng wika*, ang fakultad ng teolohiya, ang fakultad ng batas at fakultad ng agham"
education,tl,wikipedia_tl,"ang mataas na paaralan ng pilipinas sa agham - kampus ng rehiyong iloko (philippine science high school - ilocos region campus sa wikang ingles) ay itinatag sa bisa ng batas republika 9036 na inakda ng dating kinatawan ng unang distrito ng ilocos sur na si ginoong salacnib baterina. ang mataas na paaralan ng pilipinas sa agham - kampus ng rehiyong iloko ay isa sa siyam na kampus ng philippine science high school system. lokasyon matatagpuan ang nasabing paaralan sa barangay poblacion east, bayan ng san ildefonso, ilocos sur. ang paaralan ay nakatayo sa limang-ektaryang lupa na libreng ibinigay ng lokal na pamahalaan ng san ildefonso. taong akademiko 2008-2009 ang paaralan ay kasalukuyang nagsisilbing paaralan ng mga estudyanteng galing pa sa mga lalawigan ng ilocos norte, ilocos sur, abra, la union, bulacan, tarlac, at pangasinan at ng mga lungsod ng baguio, manila, quezon, at marikina. ayon sa registrar ng paaralang ito, may 183 estudyante ang nag-aaral sa nasabing paaralan sa kasalukuyan, mula unang taon hanggang ikaapat na taon. si g. larry cabatic ang kasalukuyang campus director ng paaralan. nagbukas ang taong akademiko 2008-2009 noong 10 hunyo 2008. isang programang"
education,tl,wikipedia_tl,"si cirilo f. bautista (hulyo 9, 1941 – mayo 6, 2018) ay isang makata, manunulat, guro at pintor. inihayag siya bilang pambansang alagad ng sining sa literatura noong 2014. unang yugto ng buhay ipinanganak si cirilo f. bautista noong hulyo 9, 1941 sa maynila at lumaki sa balic-balic sa sampaloc. ikinasal siya kay rose marie jimenez at nagkaroon ng mga anak. edukasyon nagtapos ng elementarya si cirilo bautista sa paaralang elementarya ng legarda noong 1954 bilang unang karangalan banggit at ng sekundaryang edukasyon sa mataas na paaralan ng victorino mapa noong 1958 bilang balediktoryan. nakuha ni cirilo bautista ang batsilyer sa sining sa ingles sa unibersidad ng santo tomas bilang magna cum laude, ang master sa sining sa literatura sa unibersidad ng st. louis sa baguio bilang magna cum laude at doktorado sa sining sa wika at literatura mula sa unibersidad ng de la salle. nabigyan din siya ng honorary degree mula sa international program ng unibersidad ng iowa. propesyon nagturo si cirilo bautista sa unibersidad ng st. louis, kolehiyo ng san beda kung saan siya ay professor emeritus para sa literatura, unibersidad ng santo tomas kung saan siya ay senior associate sa center for"
education,tl,wikipedia_tl,"ang gusali ng pamantasan ng genova (palazzo dell'università di genova) o ex collegio dei gesuiti di genova (dating kolehiyong heswita ng genova) ay isang gusaling matatagpuan sa via balbi, 5 sa genova, na naging upuan ng heswitang kolehiyo mula noong 1640 at ng pamantasan ng genova mula noong 1775. dahil sa arkitektura nito at sa maraming gawa ng sining na nasa loob nito, isa ito sa mga pinakadakilang halimbawa ng barokong genoves. kasaysayan at paglalarawan ang pagtatayo ng gusali ay sinimulan noong dekada 1630 ng comoscong arkitektong si bartolomeo bianco, bilang luklukan ng heswitang kolehiyo. ang proyekto ay pinondohan at inatasan ng pamilya balbi, na may-ari ng mga katabing palasyo, kung saan binili ng mga heswita noong 1623 ang isang matarik na pagtaas ng lupa kung saan itinayo ang gusali na, sinasamantala ang dalisdis ng lupa, ay nahahati sa isang serye ng mga tomo kung saan napapasok ng bisita sa pamamagitan ng sunud-sunod na mga rampa at hagdanan, na may artikulasyon na katulad ng palazzo tursi na itinayo sa pagtatapos ng ikalabing-anim na siglo ni ponzello. kasunod ng pagsupil sa kapisanan ni hesus, na nangyari noong 1773, ang gusali ay naging upuan ng pamantasan ng"
education,tl,wikipedia_tl,"ang saint tail ay isang seryeng manga at anime. ang buod ng aklat ng tokyopop ay sinasabing na ito ay ""robin hood meets sailor moon"" nagpatakbo ng isang patimpalak ang kodansha sa pamamagitan ng pixiv para sa mga tagahanga ng saint tail ni megumi tachikawa upang maging isang tagaguhit para sa ""susunod na henerasyon"" na bersyon ng manga. hiniling ng patimpalak ang mga tagahanga na lumikha ng isang istorya ng isang bagong phantom thief na lumalabas sa lungsod ng seika. mga pangunahin tauhan meimi haneoka / kaitō saint tail meimi haneoka (羽 丘 芽 美 haneoka meimi) boses: tomo sakurai (haponesa) at charmaine cordoviz (filipino ingles) ang pangunahing kalaban ng serye. siya ay isang masasayang taong may edad na labing apat na taong gulang na estudyante sa pribadong paaralan ng saint. paulia academy, na may ilang mga menor de edad na mga katangian ng isang tsundere kapag siya ay nagbibiro sa daiki. sa paaralan, ang kanyang malakas na punto ay pisikal na edukasyon, ngunit siya ay mahihirap sa matematika. sa gabi ay nagbago siya sa mahiwagan magnanakaw san buntot (kaitō seinto tēru), na may matagal na nakapusod sa kanyang hairstyle, at karaniwan ay nakadamit sa lilang-itim. sa ganitong"
education,tl,wikipedia_tl,"si fernando cueto amorsolo (30 mayo 1892 – 24 abril 1972) ay isa sa mga pinakamahalagang artista ng sining sa pilipinas. si amorsolo ay pintor ng mga larawan ng mga tao at tanawing pambaryo ng pilipinas. kilala siya sa kaniyang pagiging malikhain at pagkadalubhasa sa paggamit ng liwanag sa aspeto ng sining. ipinanganak sa paco, maynila, nakatapos siya ng pag-aaral mula sa paaralang pansining ng liseo ng maynila noong 1909. bagaman nakapaglakbay sa ibang mga bansa, kung saan namulat ang mga mata ni amorsolo sa mga dayuhang pamamaraan ng pagguhit at pagpinta, naging adhikain niya ang makalikha ng mga larawang makabayan at puno ng kasaysayan. sa panahon man ng kapayapaan o digmaan, nanatili ang diwang ito sa isipan ni amorsolo, na nagbunga naman ng mga dibuhong may pagpapahalaga sa paghubog, pag-unlad, at pagtatala ng tunay at natatanging katauhan, ngiti, damdamin at kaluluwa ng mga mamamayang pilipino. dahil sa mga gawa at gawain ng kaniyang malikhaing mga kamay, sa tulong ng pinsel at pintura, tinagurian si amorsolo bilang unang pambansang alagad ng sining ng pilipinas. talambuhay kabataan at edukasyon isinilang si fernando amorsolo noong 30 mayo 1892 sa paco, maynila kina pedro"
education,tl,wikipedia_tl,"ang unibersidad ng hawaii sa mānoa (kilala rin bilang u. h. mānoa, ang unibersidad ng hawaii, o sa simpleng u. h.) ay isang pampublikong unibersidad sa pananaliksik at pangunahing kampus ng university of hawaii sistema. ang paaralan ay matatagpuan sa mānoa, isang kapitbahayan ng honolulu, estado ng hawaii, estados unidos, humigit-kumulang tatlong milya sa silangan at palayo sa aplaya mula sa downtown honolulu at isang milya (1.6 km) mula sa ala moana at waikiki. sa kampus ng uh matatagpuan ang pangunahing tanggapan ng buong unibersidad ng hawaii sistema. kolehiyo ngayon, ang unibersidad ay binubuo ng apat na mga kolehiyo: kolehiyo ng mga sining at humanidades kolehiyo ng wika, panitikan at lingguwistika kolehiyo ng natural na agham kolehiyo ng agham panlipunan. mga sanggunian flagship na unibersidad sa estados unidos"
education,tl,wikipedia_tl,"ang unibersidad ng tifariti (arabe: جامعة تيفاريتي), kastila: universidad de tifariti, ingles: university of tifariti) ay sa isang unibersidad na matatagpuan sa tifariti, western sahara. kasaysayan ang university of tifariti, ang unang unibersidad ng sahrawi ay itinatag noong 2013 (sa ilalim ng presidential decree 24/2012 ng disyembre 23, 2012). itinalaga ni mohamed abdelaziz, pangulo ng demokratikong republika ng arabong sahrawi, si khatari ahmudi abdallahi bilang unang pangulo nito. ang ideya ng pagbuo ng isang unibersidad sa malayang teritoryong sahrawi ay nagsimula noon pang 2009, sa tulong ng maraming iba pang unibersidad sa mundo, tulad ng unibersidad ng leeds (united kingdom), pambansang nagsasariling unibersidad ng nicaragua (nicaragua), unibersidad ng california, berkeley (estados unidos), unibersidad ng pretoria (south africa), unibersidad ng santiago de compostela (espanya), unibersidad ng havana (cuba), unibersidad ng mentouri (algeria) at isang dosenang iba pa mula sa afrika, amerika at europa. mga sanggunian mga pamantasan"
education,tl,wikipedia_tl,"ang unibersidad ng geneva (pranses: université de genève; ingles: university of geneva) ay isang pampublikong pananaliksik sa unibersidad na matatagpuan sa geneva, suwisa. ito ay itinatag noong 1559 sa pamamagitan ni john calvin bilang isang seminaryong teolohiko at paaralan ng batas. ito ay nanatiling nakatutok sa teolohiya hanggang ika-17 siglo, nang ito ay naging isang sentro para sa iskolarsyip noong panahon ng pagkamulat (enlightenment). noong 1873, nawalan ng kaugnayan sa relihiyon ang unibersidad at opisyal na naging sekular. ngayon, ang university ay ang pangalawang pinakamalaking unibersidad sa switzerland ayon sa bilang ng mga mag-aaral. ipinagdiwang ng unibersidad ng geneva ang 450 anibersaryo ng pagkakatatag nito. hindi bababa sa 40% ng mga mag-aaral ng pamantasan ay nagmula pa sa ibang bansa. ang unige ay merong mga programa para sa pang-akademikong pananaliksik sa iba't-ibang mga erya na kinakatawan ng iba't ibang fakultad tulad ng: fakultad ng agham fakultad ng medisina fakultad ng humanidades fakultad geneva paaralan ng ekonomika at pamamahala fakultad geneva paaralan ng agham panlipunan (g3s) fakultad ng batas (geneva paaralan ng batas) fakultad ng teolohiyang"
education,tl,wikipedia_tl,"ang unibersidad ng ghana ay ang pinakamatanda at pinakamalaki sa labintatlong mga unibersidad sa ghana. ito ay itinatag noong 1948 bilang ang university college ng gold coast, na noon ay orihinal afilyeyt na kolehiyo ng unibersidad ng londres (university of london), na siyang tumitingin sa mga akademikong programa at naggagawad ng mga degree. nakatanggap ito ng katayuang ""unibersidad"" noong 1961, at ngayon ay may halos 40,000 mga mag-aaral. ang orihinal na pagbibigay-diin ng unibersidad ay sa liberal na mga sining, agham panlipunan, natural na agham, agrikultura, at panggagamot, ngunit (bahagyang bilang resulta ng isang pambansang repormang pang-edukasyon) ang kurikulum ay pinalawak upang magbigay ng pagsasanay sa mga kursong teknolohikal at bokasyonal, maging sa pagsasanay sa antas postgrado. ang unibersidad ay nakabase sa bayan ng legon, 12 kilometro sa hilagang-silangan ng sentro ng accra. ang paaralan ng medisina ay nasa korle bu, na may isang ospital sa pagtuturo at pangalawang campus sa lungsod ng accra. meron din itong gradwadong paaralan ng nuklear at alyadong agham sa ghana atomic energy commission, kaya't maituturing ng unibersidad bilang ang isa sa kaunting bilang ng"
education,tl,wikipedia_tl,"ang pambansang unibersidad ng vietnam, hanoi (; ingles: vietnam national university, hanoi) ay isang unibersidad sa hanoi, vietnam. ang university ay may 10 kolehiyo at kaguruan. ito ay isa isa sa dalawang pambansang unibersidad ng vietnam. ito rin ang pinakaprestihiyosong unibersidad sa vietnam. kasaysayan sa buong kasaysayan nito, ang unibersidad ay sumailalim sa pagbabago ng pangalan: indochinese university (itinatag noong 1906); vietnam national university (nobyembre, 1945); at unibersidad ng hanoi (hunyo, 1956). noong 1993, nilikha ang pambansang unibersidad ng vietnam, hanoi sa pamamagitan ng pagsasanib ng unibersidad ng hanoi, hanoi university of education at kolehiyo ng mga banyagang wika (college of foreign languages). miyembrong institusyon ang unibersidad ay binubuo ng mga sumusunod na miyembrong kolehiyo: vnu university of science (vnu-hus) vnu university of social sciences and humanities (vnu-ussh) vnu university of languages and international studies (vnu-ulis) vnu university of engineering and technology (vnu-uet) vnu university of economics and business (vnu-ueb) vnu university of education (vnu-ued) vnu vietnam japan university (vnu-vju) vnu school of law (vnu-ls)"
education,tl,wikipedia_tl,"ang pambansang unibersidad ng kiev, taras shevchenko (; ingles: taras shevchenko national university of kyiv), na mas kilala sa ukrainian bilang knu () ay matatagpuan sa kiev, ang kabisera ng ukraine. knu ay nararanggo bilang isa sa top 500 na unibersidad sa mundo. itinatag noong 1834, ito ay ang ikatlong pinakamatandang unibersidad sa ukraine matapos ang unibersidad ng lviv at unibersidad ng kharkiv. sa kasalukuyan, ito ay binubuo ng labinlimang mga fakultad at limang instituto. ito ay itinatag noong 1834 bilang kiev imperial university of saint vladimir, at simula noon ay nagbago ang pangalan nito nang ilang mga beses. sa panahon ng unyong sobyet, ang unibersidad ay isa sa mga pangunahing tatlong unibersidad sa ussr, kasama ng pampamahalaang unibersidad ng mosku at pampamahalaang unibersidad ng leningrad. ito ay nakahanay bilang pinakamahusay na unibersidad sa ukraine sa maraming mga pagraranggo. sa buong kasaysayan ng unibersidad, dito nagmula ang maraming mga bantog na alumni kabilang na sina nikolay bunge, mykhailo drahomanov, mykhailo hrushevskyi, nikolai berdyaev, mikhail bulgakov, viacheslav chornovil, leonid kravchuk, at marami pang iba. si taras shevchenko, kung kanino"
education,tl,wikipedia_tl,"ang unibersidad ng massachusetts amherst (ingles: university of massachusetts amherst), kilala rin bilang umass amherst o umass, ay isang pampublikong unibersidad sa pananaliksik sa amherst, estado ng massachusetts, estados unidos, at ang punong institusyon ng university of massachusetts system. may humigit-kumulang 1,300 miyembro ng fakulti at higit sa 29,000 mag-aaral, ang umass amherst ang pinakamalaking pampublikong unibersidad sa new england at niraranggo bilang ika-29 pinakamahusay na mga pampublikong unibersidad sa bansa. ang unibersidad nag-aalok ng degri sa antas batsilyer, masteral, at doktoral sa 111 undergraduate, 75 master' s at 47 ng doktoral na programa sa siyam na mga paaralan at kolehiyo. ang pangunahing campus ay matatagpuan sa hilaga ng bayan ng amherst. ang university of massachusetts amherst ay ikinategorya bilang isang research university na may napakataas na aktibidad ng pananaliksik ayon sa carnegie foundation for the advancement of teaching. sa piskal na taon 2014, ang umass amherst ay gumastos sa pananaliksik ng halagang lampas sa $200 milyon. organisasyon at administrasyon dahil sa ang unibersidad ng massachusetts amherst ay itinatag bilang ang"
education,tl,wikipedia_tl,"ang unibersidad ng chicago (ingles: university of chicago) (uchicago, chicago, o u of c) ay isang pribadong unibersidad sa pananaliksik na matatagpuan sa chicago, estado ng illinois, estados unidos. ang unibersidad, na itinatag noong 1890, ay binubuo ng isang undergradwadong kolehiyo, iba't-ibang mga programang panggradwado, at mga interdisiplinaryong komite na inorganisa sa limang dibisyong akademiko, anim na mga propesyonal na paaralan, at ang graham school of continuing liberal and professional studies. bukod sa sining at agham, ang chicago kilala sa propesyonal nitong mga paaralan, kung saan kabilang ang pritzker school of medicine, booth school of business, paaralan ng batas, school of social service administration, harris school of public policy studies, at ang divinity school. ang unibersidad sa kasalukuyan ay may humigit-kumulang 5,700 mag-aaral sa undergradwadong kolehiyo at 15,000 mag-aaral sa pangkalahatan. ang unibersidad ng chicago ay may pangunahing papel sa pag-unlad ng iba't-ibang mga pang-akademikong disiplina, kabilang ang: chicago school of economics, chicago school of sociology, teoryang batas at ekonomiko sa pagsusuring legal, chicago school of literary"
education,tl,wikipedia_tl,"ang unibersidad ng rhode island (ingles: university of rhode island) na karaniwang tinutukoy sa bilang uri, ay ang pangunahing pampublikong unibersidad para sa pananaliksik na may istatus na land-grant at sea-grant sa buong estado ng rhode island, sa estados unidos. ang punong kampus nito ay matatagpuan sa nayon ng kingston sa timog rhode island. bukod pa rito, may mas maliit na mga kampus ang pamantasan kung saan kabilang ang feinstein campus sa lungsod ng providence, ang narragansett bay campus sa narragansett, at ang w. alton jones campus sa west greenwich. ang unibersidad nag-aalok ng mga kwalipikasyon sa antas batsilyer, masterado, at doktorado sa 80 mga undergradwado at 49 gradwadong erya ng pag-aaral sa pamamagitan ng pitong mga pang-akademikong kolehiyo. ang mga kolehiyo ito ay kinabibilangan ng sining at agham, pangangasiwang pangnegosyo, inhinyeriya, agham pantao at panserbisyo, kapaligiran at agham-buhay, pagnanars, at parmasya. meron pang isang kolehiyo, ang unibersidad-kolehiyo na nagsisilbi bilang tagapayong kolehiyo para sa lahat ng mga papasok sa undergradwadong antas at umaasikaso sa kanilang buong pagpapatala sa uri. kasaysayan ang unibersidad ay unang binigyan"
education,tl,wikipedia_tl,"ang university of south carolina (kilala rin bilang usc, sc, south carolina, o sa simpleng carolina) ay isang pampubliko, ko-edukasyonal na unibersidad sa pananaliksik na matatagpuan sa columbia, estado ng timog carolina, estados unidos, na may pitong satelayt na kampus. ang mga kampus ay sumasaklaw sa higit sa 145 ektarya sa bayan ng columbia. ang unibersidad ay ikinategorya ng carnegie foundation bilang nagtataglay ng ""mataas na aktibidad ng pananaliksik"" at may pakikipag-ugnayan sa komunidad. ito ay niranggo bilang isang ""up-and-coming"" na unibersidad sa ng us news & world report, at ang mga programa nitong undergradwado at gradwado sa pandaigdigang negosyo ay kabilang sa tatlong nangungunang mga programa sa bansa sa loob ng higit sa isang dekada. ito rin ay nagtataglay ng pinakamalaking koleksyon ni robert burns at ng panitikang scottish sa labas ng scotland, at ang pinakamalaking koleksyon ni ernest hemingway sa buong mundo. itinatag noong 1801 bilang south carolina college, ang unibersidad ay ang pangunahing institusyon ng unibersidad ng south carolina sistema at nag-aalok ng higit pa sa 350 mga programa ng pag-aaral, mula batsilyer hanggang doktoral na antas, sa pamamagitan"
education,tl,wikipedia_tl,"(東京大学, tōkyō daigaku?) (ingles: university of tokyo) na dinadaglat bilang (東大, tōdai?) o utokyo, ay isang pamantasan sa pananaliksik na matatagpuan sa bunkyo, lungsod-prepektura ng tokyo, hapon. ang unibersidad ay may 10 fakultad na may kabuuang populasyong 30,000 mag-aaral, kung saan halos 2,000 ay mga banyaga. ang limang kampus ng utokyo ay nasa hongō, komaba, kashiwa, shirokane at nakano. ito ay ang pinakaprestihiyosong unibersidad sa hapon at miyembro ng national seven universities. kasaysayan ang unibersidad ay binigyan ng tsarter ng pamahalaang meiji noong 1877 sa pamamagitan ng pagsasanib ng mas lumang mga paaralan ng medisina at pag-aaral kanluranin. noong setyembre 1923, sinira ng isang lindol ang 700,000 bolyum ng koleksyon ng libro sa aklatan ng unibersidad. ang mga libro ay dating pagmamay-ari ni hoshino hisashi bago maging bahagi ng aklatan ng unibersidad at karamihan dito ay tungkol sa pilosopiya at kasaysayang tsino. noong palarong olimpiko sa tag-init 1964, ang unibersidad ay naghost ng bahaging pagtakbo sa kaganapan ng makabagong pentatlon. noong taglagas ng 2012, sa unang pagkakataon ay nagsimulang maghain ang unibersidad ng tokyo ng dalawang andergradweyt na mga"
education,tl,wikipedia_tl,"ang pambansang mataas na paaralan sa alaala ni don vicente rama (sa ingles: don vicente rama memorial national high school) ay isang mataas na paaralan sa lungsod ng cebu, cebu, pilipinas. ang unang mataas na paaralan sa timog ng siyudad ng cebu ay nabuksan noong 7 hunyo 1993 at kumuha ng pangalan na cebu city don carlos a. gothong memorial national high school – basak extension sa pamamagitan ng kautusan ng kagawaran ng edukasyon, kultura at isports blg. 5, serye ng 1989. ito ay naging posible sa pamamagitan ng pinagsamasamang pagsisikap ng kagawaran ng edukasyon, kultura at isports na ngayon ay kagawaran ng edukasyon, dibisyon ng lungsod ng cebu na pinanguguluhan ni dr. dolores p. abellanosa at ang pamahalaan ng lungsod ng cebu kasama si alvin b. garcia bilang alkalde. ang unang punung-guro ay si dr. matilde r. mayonila. ang salawikain ng paaralan ay ""knowledge, virtue, productivity"" (kaalaman, kahalagahan, kapakipakinabang). kasaysayan nagsimula ang paaralan na may 300 mag-aaral sa unang baitang/taon sa 50 seksiyon. nagkaroon ng labing-isang tagapangunang mga guro. naging malaya ang paaralan sa pamamagitan ng pambansang pagpopondo noong 9 oktubre 1993. sa sumunod na taon,"
education,tl,wikipedia_tl,"ang aklat-pampaaralan o aklat-aralin (aleman: lehrbuch, pranses: manuel scolaire, kastila: libro de texto, ingles: textbook o coursebook) ay isang manwal o aklat ng mga pagtuturo, direksiyon, paggamit, krokis, aral, aralin, tagubilin, o mga pag-iwi sa anumang mga sangay ng pag-aaral. ang mga aklat-aralin ay nililikha ayon sa pangangailangan ng mga institusyong pang-edukasyon. bagaman ang karamihan ng mga aklat-pampaaralan ay inilalathala lamang na nasa anyong nakalimbag, marami na sa ngayon ang makukuha mula sa internet bilang mga e-book o elektronikong mga aklat at dumarami, bagaman labag sa batas, na nasa pormatong ini-scan na nasa mga network na nagsasalu-salo ng mga talaksan. ang aklat-pampaaralan ay isang aklat na ginagamit para sa pag-aaral ng isang paksa. ginagamit ito ng mga tao upang makaalam ng mga katotohanan at mga pamamaraan na patungkol sa isang partikular na paksa. kung minsan, ang mga aklat-aralin ay mayroong mga tanong upang masubukan ang kaalaman at pagkaunawa ng isang nag-aaral. ang aklat panggawain o aklat-sanayan (aleman: arbeitsmappe, ingles: workbook) ay isang uri ng aklat-aralin na mayroon lamang ng mga nilalamang katanungan at mga ehersisyo. idinisenyo ang"
education,tl,wikipedia_tl,"ang makiling integrated school ay isang pampublikong paaralang pansekundarya. ito'y matatagpuan sa barangay makiling, calamba city, laguna. ito'y itinatag noong enero 1974 bilang makiling national high school na mayroon pa lamang una hanggang ikaapat na taon ng sekundarya. noong taong panuruan 2017 - 2018, nakasama ang makiling national high school sa mga unang implementors o nagpatupad ng senior high school sa sangay ng lungsod ng calamba, kung kaya't sa parehong taong panuruan, nagsimula itong tumanggap ng mga mag-aaral para sa baitang 11 hanggang 12. ang mga taon ng sekundarya ay tinawag na ring baitang (mula 7 hanggang 10), kasabay ng pagbabagong ito, sinimulang tawaging makiling integrated school ang paaralan. ito ay ang nag-iisang pampublikong paaralang na matatagpuan sa timugang bahagi ng calamba patungo sa lalawigan ng batangas. simulain noon 1974, ang mataas na paaralan ng makiling ay binuksan sa pagsusumikap nina g. jose mulinyawe, atty. ireneo castillo, at. g. engracio piamonte. ang punungguro ay si gng. potenciana hosmillo. sa pagkakatatag nito noong 1974, ang paaralan ay sumailalim sa pamamahala ng punungguro ng makiling elementary school noon na si g. severino lalap,"
education,tl,wikipedia_tl,"ang pambansang pamantasang sun yat-sen (ingles: national sun yat-sen university, nsysu) ay isang pampublikong unibersidad sa pananaliksik na tanyag, na matatagpuan sa komunidad ng sizihwan, sa lungsod ng kaohsiung, taiwan at kapuluang pratas, dagat timog tsina. ito ay binubuo ng marami-raming bilang ng surian sa pananaliksik, , na nakalista bilang isa sa pambansang anim na unibersidad sa pagsasaliksik, at kabilang sa mga nangungunang kolehiyo ng maritime at mga paaralan ng negosyo sa silangang asya. merong presensya sa kampus ang pamahalaang pederal ng estados unidos, pamahalaan ng hapon, at komisyong europeo. itinatag noong 1980 sa pamamagitan ng pagsisikap ng mga nagtapos sa orihinal na pamantasang sun yat-sen sa tsina at ng makasaysayang moscow sun yat-sen university sa rusya, ang nsysu ay organisado sa anim na mga kolehiyo, higit sa kalahati ng mga akademikong yunit ay sentro ng pananaliksik at institutong gradwado. ang unibersidad ay tradisyonal na kinikilalang isa sa nangungunang tatlong institusyon sa taiwan at kalakasan nito ang mga programa sa aplikadong agham, negosyo, agham marino, at agham panlipunan. ang kaguruan ng unibersidad ay nagpapanatili ng malakas na"
education,tl,wikipedia_tl,"si philinda parsons rand anglemyer (1876–1972) ay isang amerikanang guro ng wikang ingles sa pilipinas. isa siya sa mga naunang limangdaang thomasite na tumapak sa mga baybayin ng pilipinas noong agosto 1901 mula sa bapor na uss thomas, isang behikulong pangdagat na dating ginagamit para sa mga baka. talambuhay tubong somerville, massachusetts si rand at anak nina john b. at victoria cheek rand. nagtapos siyang magna cum laude mula sa kolehiyo ng radcliffe (klase ng 1899), na may kaalaman sa larangan ng zoolohiya. dalawampu't tatlong gulang lamang ang mataas at balingkinitang rand nang tumungo siya sa pilipinas, pagkatapus na pagkatapos na magtapos mula sa kolehiyo ng radcliffe. nasa ilalim ng isang programa ni william howard taft, ang gobernador ng pilipinas ng mga panahong yaon, ang paglalakbay ni rand sa pilipinas. sumulat siya ng mga tala at mga liham para sa kaniyang mga kamag-anak na nasa estados unidos, habang nasa pilipinas; para sa isang tiyahin at isang pinsang nagngangalang kate ang karamihan ng mga liham. sa loob ng panahon ng pagiging guro sa wikang ingles sa pilipinas, nanguha rin ng mga larawan si rand na nagpapakita ng mga aspeto ng buhay sa pilipinas sa simula ng"
education,tl,wikipedia_tl,"si guillermo estrella tolentino ay isang batikang iskultor at guro ng pilipinas. kaibigan siya ng pintor na si fernando amorsolo. talambuhay ipinanganak si tolentino noong hulyo 24, 1890 sa malolos, bulakan kay isidro tolentino at balbina estrella. siya ay mag-aaral ni gng. h. a. bordner na siyang unang nagturo sa kanya ng pagguguhit sa paaralang intermedyaryo ng malolos. nagtapos siya ng mataas na paaralan sa mataas na paaralan ng maynila. dahil sa kanyang sariling pagsisikap, nakapagtapos siya ng kurso ng pinong sining sa pamantasan ng pilipinas noong 1915. lumakbay papuntang mga nagkakaisang estado noong 1919 at pinagkalooban siya ng iskolarsyip ni bernard baruch, isang amerikanong milyonaryo sa paaralan ng sining beaux, lungsod ng bagong york at tinapos niya na may mga gawad noong 1921. sa taong din iyon, lumakbay siya sa europa, pumupunta sa mga tanyag na museo at galerya sa londres at paris. noong 1922, siya ay pumasok sa regge istituto di belle arti, nakapagtapos ng pag-aaral nang bahagya sa pamamagitan ng lingap ng kolonyang italyanong sa maynila. sa roma, gumanap ang kanyang unang pang-isahang eksibisyon kung saan kabilang ang saluto romano (saludong romano). sa"
education,tl,wikipedia_tl,"ang ay isang lungsod na matatagpuan sa prepektura ng miyagi, hapon. , may tinatayang populasyon ito na 141,766 na katao at kapal ng populasyon na 260 tao sa bawat kilometro kuwadrado sa 61,768 mga kabahayan. ang kabuoang lawak ng lungsod ay . kasaysayan ang lugar ng kasalukuyang ishinomaki ay bahagi ng sinaunang lalawigan ng mutsu. noong panahong sengoku, pinagtatalunan ng iba-ibang mga angkang samurai ang lugar bago napasailalim ito sa angkang date ng dominyong sendai noong panahong edo. umunlad ang bayan bilang isang pangunahing pantalan at sentro ng transbordo para sa pambaybaying pagbabarko sa pagitan ng edo at hilagang hapon. itinatag ang bayan ng ishinomaki sa loob ng distrito ng oshika noong hunyo 1, 1889 kasabay ng pagtatag ng makabagong sistema ng mga munisipalidad . ibinuo ang kasalukuyang lungsod noong abril 1, 1933. noong abril 1, 2005, sinanib ng ishinomaki ang kalapit na mga bayan ng kahoku, kanan, kitakami, monou, at ogatsu, at ang bayan ng oshika upang lumaki ang lawak nito nang higit sa sing-apat na dami at dumagdag ng 60,000 katao sa populasyon nito. lindol at tsunami noong 2011 kabilang ang ishinomaki sa mga munisipalidad na napinsala nang husto nang manalasa"
education,tl,wikipedia_tl,"si marc léopold benjamin bloch (hulyo 6, 1886 - hunyo 16, 1944) ay isang pranses na historyador at gerilya ng résistance noong ikalawang digmaang pandaigdig. isa siya sa nagtatag ng kilusang pangkasaysayan na eskuwelahan ng annales. talambuhay simula bilang historyador si bloch ay ipinanganak sa lyon sa isang hudyong pamilya. ang ama niya ay si gustave bloch, isang profesor ng sinaunang kasaysayan sa unibersidad ng lyon, na anak naman ng isang direktor ng paaralan. ang ina niya ay si sarah ebstein. (huges warrington 2008) naging mahusay siyang estudyante sa pangsekondaryang paaralan ng lycée louis-le-grand sa paris. pagkatapos ay pumasok siya sa école normale supérieure noong 1904. pumasa siya sa agregasyon (pagsusulit para sa kolehiyo sa pransiya) ng kasaysayan at heograpiya noong 1908. pagkatapos ay sandali siyang nag-aral sa berlin at leipzig. nang mabigyan siya ng iskolarsyip sa fondation thiers ay nagsimula siyang magdoktor dito noong 1909 hanggang 1912. hindi pa niya natatapos ang pagdodoktor ay nagturo siya sa secondaryang paaralan ng montpellier pagkatapos ay sa amiens. pumutok ang unang digmaang pandaigdig at siya'y tinawag para magsilbi sa impanterya bilang sarhento."
education,tl,wikipedia_tl,"si tango bilang pangatlo (and tango makes three) ay isang pambatang aklat na isinulat nina pedro parnell at justin richardson at iginuhit ni henry cole noong 2005. ang aklat na ito ay batay sa mga tunay na kuwento nina roy at silo, dalawang lalaking chinstrap penguins sa new york's central park zoo. ang librong ito ay alinsunod sa anim na taon ng kanilang buhay kung saan sila ay namuhay bilang magkasuyo na binigyan ng isang itlog upang alagaan at palakihin. ang aklat na ito ay nagkamit ng maraming parangal ngunit ito rin ay naging sentro ng maraming pagbabawal at nagdulot ng mga debate sa parehong-kasarian ng pagsasama, pag-aampon at homosexuality sa mga hayop. plot nilalaman ng aklat na ito ay batay sa kuwento tungkol kina roy at silo, dalawang lalaking chinstrap penguins sa new york's central park zoo. sila ay minsang nakitaan na sinusubukang limliman ang isang malaking bato na hugis-itlog. nang napagtanto ng namamahala sa zoo na sina roy at silo ay parehong lalaki, naisip niyang bigyan sila ng totoong itlog. ang itlog na ito ay isa sa dalawang itlog na nakuha mula sa isang pares na penguin kung saan isang itlog lang ang matagumpay na napisa. ang hindi napisang itlog ay siya"
education,tl,wikipedia_tl,"may apat na kasapi ang pop na bandang ingles-irlandes na one direction: sina niall horan, liam payne, harry styles at louis tomlinson. kasapi si zayn malik sa banda hanggang sa opisyal na inanunsiyo ang paglisan nito noong 25 marso 2015. sina malik, payne, styles at tomlinson ay nagmula sa inglatera, samantalang tanging si horan ang nagmula sa irlanda. mga kasalukuyang kasapi niall horan si niall james horan, ipinanganak noong ay mula sa mullingar, county westmeath, irlanda. sina bobby horan at maura gallagher ang kanyang mga magulang, at may kuya siyang nagngangalang greg. naghiwalay ang kanilang mga magulang noong siya’y limang taong gulang. nanirahan siya at ang kanyang kuya nang salit-salitan sa kanilang mga magulang nang ilang taon hanggang sa huli’y nagpasiya silang manirahan sa kanilang ama sa mullingar. si horan ay isang mag-aaral sa coláiste mhuire, isang paaralang christian brothers para sa mga lalaki. naging bahagi siya ng korong pang-eskuwela (school choir), na nagtatanghal kapag may pagkakataon tuwing kapaskuhan. bago ang kanyang pagsali sa the x factor, nakapaglibot at nakapagtanghal na siya sa kanyang bayan, kasama na ang pagiging suportang mang-aawit (support act)"
education,tl,wikipedia_tl,"ang kaesong ( , , ) ay isang lungsod sa lalawigan ng hilagang hwanghae sa katimugang bahagi ng hilagang korea. dati itong direktang pinamamahala na lungsod at kabisera ng korea noong kapanahunan ng kaharian ng taebong at kasunod nitong dinastiyang goryeo. malapit ang lungsod sa rehiyong pang-industriya ng kaesong na malapit sa hangganan ng timog korea, at naglalaman ng mga labi ng palasyo ng manwoldae. kilala bilang songdo habang ito ay ang sinaunang kabisera ng goryeo, lumago ang lungsod bilang sentro ng pangangalakal na yumari ng koreanong ginseng. nagsisilbi ngayong pusod magaan na industriya ng dprk ang kaesong. sa panahon ng pananakop ng mga hapones mula 1910 hanggang 1945, kilala ang lungsod bilang ""kaijō,"" ang pagbigkas na hapones ng pangalan nito. sa pagitan ng 1945 at 1950, bahagi ng timog korea ang kaesong at nasa ilalim ng kontrol nito. napunta ang pamamahala ng lungsod sa hilagang korea bunsod ng kasunduang armistisyo ng korea noong 1953. ito lamang ang lungsod na nagbago ng mayhawak nito bilang bunga ng kasunduan sa pansamantalang kapayapaan. dahil malapit ang lungsod sa hangganan ng south korea, napiling pagdausan ang kaesong ng mga palitan ng ekonomiya na"
education,tl,wikipedia_tl,"ang dhaka (, o , ), dating dacca) ay ang kabisera at pinakamalaking lungsod ng bansang bangladesh. ito ang ikasiyam na pinakamalaki at ikapito sa pinaka siksik na lungsod sa buong mundo. ang dhaka ay isang megalungsod, na may isang populasyon ng 10.2 milyong residente noong 2022, at isang populasyon ng mahigit 22.4 milyong residente nasa malawakang dhaka (). ito ay malawak na itinuturing na ang pinaka siksik na binuo na pook na urbano sa mundo. ang dhaka ay ang pinakamahalagang kultural, pang ekonomiya, at pang agham na hub ng silangang timog asya, pati na rin ang isang pangunahing lungsod na may mayoryang muslim. ang dhaka ay nasa ikatlong puwesto sa timog asya at ika 39 sa buong mundo sa mga tuntunin ng kdp. nasa delta ng ganges, ito ay nakatali sa pamamagitan ng mga ilog buriganga, turag, dhaleshwari at shitalakshya. ang dhaka ay din ang pinakamalaking lungsod na nagsasalita ng bengali sa buong mundo. ang lugar ng dhaka ay naninirahan mula noong unang milenyo. ang isang maagang modernong lungsod ay umunlad mula sa ika-17 na siglo bilang isang kabisera ng lalawigan at sentro ng komersyo ng imperyong mughal. ang dhaka ay ang kabisera ng isang proto-industriyalisadong mughal na"
education,tl,wikipedia_tl,"ang timbuktu (mga wikang berber: ⵜⵏⴱⴾⵜⵓ, ⵜⵉⵏⴱⵓⴽⵜⵓ; ; koyra chiini: tumbutu) ay isang sinaunang lungsod sa mali, na nakatayo sa 20 kilometro (12 milya) hilaga ng ilog niger. ang bayang ito ay kabisera ng rehiyon ng timbuktu, isa sa walong administratibong rehiyon ng mali. ito ay may populasyon na 54,453 sa senso noong 2009. nagsimula bilang isang pana-panahon na paninirahan, ang timbuktu ay naging permanenteng paninirahan sa maagang ika-12 siglo. pagkatapos ng paglilipat ng mga ruta ng kalakalan, lumago ang timbuktu mula sa kalakalan sa asin, ginto, garing at mga alipin. naging bahagi ito ng imperyong mali noong unang bahagi ng ika-14 siglo. sa unang kalahati ng ika-15 siglo, sandaling sinakop ng mga tribung tuareg ang lungsod hanggang nilupig ng lumalawak na imperyong songhai ang lungsod noong 1468. tinalo ng isang hukbong morokano ang songhai noong 1591 at pinangalan ang timbuktu, sa halip na gao bilang kanilang kabisera. nagtatag ang mga manlulupig ng bagong naghaharing uri, ang arma, na pagkatapos ng 1612 ay naging halos malaya mula sa moroko. gayunpaman, natapos na ang ginintuang edad ng lungsod, na kung saan isang sentro ng kaalaman at kultura ito ng imperyo ng mali, pumasok"
education,tl,wikipedia_tl,"ang unibersidad ng liberia (ul o lu) (ingles: university of liberia) ay isang pampublikong institusyon ng mas mataas na pag-aaral na matatagpuan sa monrovia, liberia. awtorisado ng pambansang pamahalaan noong 1851, ang paaralan ay binuksan noong 1863 bilang kolehiyo ng liberia at naging isang unbersidad noong 1951. ang paaralan ay isa sa mga pinakamatandang institusyon ng mas mataas na pag-aaral sa west africa at kinikilala ng liberian commission on higher education. nasira ng mga digmaang sibil ang paaralan sa loob ng huling tatlong dekada. ang unibersidad ng liberia ay may anim na kolehiyo, tatlong propesyonal na mga paaralan (kabilang ang isang paaralan ng batas at medikal na paaralan), at tatlong mga programang gradwado na may humigit-kumulang 18,000 mag-aaral sa tatlong kampus sa paligid ng kabisera ng bansa sa monrovia. mga pamantasan"
education,tl,wikipedia_tl,"ang pambansang unibersidad ng gineang ekwatoriyal (ingles: national university of equatorial guinea; espanyol: universidad nacional de guinea ecuatorial), na kilala rin bilang unge, ay ang pangunahing unibersidad sa gineang ekwatoriyal. ito ay itinatag noong 1995. ang pangunahing kampus ay matatagpuan sa malabo. ang paaralan ng medisina ay matatagpuan sa bata. unge ay binubuo ng 6 na pangunahing mga paaralan (""escuelas universitarias""): paaralan ng agrikultura (""escuela de estudios agropecuarios"") paaralan ng pangingisda (""escuela de pesca y forestal"") paaralan ng edukasyon (""escuela del profesorado"") paaralan ng medisina (""escuela de sanidad"") paaralan ng negosyo (""escuela de administración"") paaralan ng inhinyeriya (""escuela de ingeniería"") ito rin ay mayroong paaralan ng agham panlipunan (""facultad de letras y ciencias sociales""), kung saan ang batas, agham pampulitika, mga wika, at komunikasyon ay itinuturo. mga pamantasan"
education,tl,wikipedia_tl,"ang pambansang unibersidad ng donetsk vasyl' stus (ingles: vasyl 'stus donetsk national university, , donets'kyi natsional'nyi universytet; ) ay isa sa mga nangungunang institusyon ng mas mataas na edukasyon ng ukraine. nagsimula ang kasaysayan ng unibersidad noong 1937 mula sa paglikha ng isang institutong pedagohikal sa donetsk (noo'y stalino). noong 1965, ang instituto ay naging ganap na unibersidad. ito ay ipinagkalooban ng katayuang pambansang unibersidad noong 2000. noong 2014, dahil sa digmaan sa donbass, maraming guro at estudyante ang umalis sa donetsk at muling itinatag ang unibersidad sa kasalukuyan nitong pangalan sa vinnytsia. kasabay nito, ang karamihan ng mga guro at mga mag-aaral ay nanatili sa donetsk, samakatuwid ay ang paghahati ng unibersidad sa dalawa. noong hunyo 2016, 75 sa 105 miyembro ng kawani ay bumoto pabor sa pagbibigay ng pangalan sa unibersidad pagkatapos ng isa sa mga nagtapos dito, ang makatang si vasyl stus. mga sanggunian mga pamantasan"
education,tl,wikipedia_tl,"ang unibersidad ng san carlos de guatemala (usac, ingles: university of san carlos ng guatemala; espanyol: universidad de san carlos de guatemala) ay ang pinakamalaki at pinakamatandang unibersidad sa bansang guatemala; ito rin ang ika-apat na unibersidad na itinatag sa kaamerikahan. itinatag noong panahon ng pananakop ng espanya, ito ay ang pinakaprestihiyosong institusyon ng mas mataas na edukasyon sa gitnang amerika — at nag-iisang unibersidad sa guatemala hanggang 1954. ang unibersidad ay nagkaroon ng limang mga pangunahing pagbabago: maharlika at pontifikal na unibersidad ng san carlos borromeo (ingles - royal and pontifical university of san carlos borromeo): 1676-1829 academia de ciencias: 1834-1840 pontifikal na unibersidad ng san carlos borromeo (ingles: pontifical university of san carlos borromeo): 1840–1875 pambansang unibersidad ng guatemala (ingles: national university of guatemala): 1875–1944 unibersidad ng san carlos de guatemala: 1944- mga kolehiyo mga paaralan mga kampus rehiyonal mga pamantasan"
education,tl,wikipedia_tl,"ang unibersidad ng delhi (ingles: university of delhi, uod) impormal na kilala bilang delhi university (du) ay isang pampublikong unibersidad na matatagpuan sa new delhi, india. ang unibersidad ng delhi ay itinatag noong 1922 bilang isang unitaryo, para sa pagtuturo, at residensyal na unibersidad sa pamamagitan ng isang batas ng central legislative assembly ng britanikong india. ang unibersidad ay orihinal na pinangalanang prinsipe charles university. nang panahong iyon, tanging apat na kolehiyo ang umiiral sa delhi: st. stephen ' s college na itinatag noong 1881, hindu college na itinatag noong 1899, zakir husain delhi college (pagkatapos ay nakilala bilang the delhi college) na itinatag noong 1692, at ramjas college na itinatag noong 1917. sa umpisa, ang unibersidad ay merong fakultad (mga sining at agham) at nasa 750 mag-aaral. merong 77 afilyadong kolehiyo ang unibersidad ng delhi, na nakakalat sa lahat ng dako delhi. mayroong dalawang pangunahing kampus ang unibersidad: ang north campus at south campus. mga sanggunian mga pamantasan"
education,tl,wikipedia_tl,"ang unibersidad ng utah (ingles: university of utah) (tinutukoy din bilang u, u of u, o utah) ay isang pampublikong unibersidad sa pananaliksik sa lungsod ng salt lake, estado ng utah, estados unidos. bilang pangunahing unibersidad, ang utah ay nag-aalok ng higit sa 100 undergraduate majors at higit sa 92 graduate degree na programa. kabilang sa paaralang gradwado ng unibersidad ang s. j. quinney kolehiyo ng batas at ang paaralan ng medisina, na siyang nag-iisang medikal na paaralan sa buong estao. ang unibersidad ay itinatag noong 1850 bilang unibersidad ng deseret () sa pamamagitan ng general assembly ng probisyonal na estado ng deseret, kung saan nangangahulugan ito na ang institusyon ang pinakamatanda sa utah.nakuha nito ang kasalukuyang pangalan noong 1892, apat na taon bago natamo ng utah ang pagiging estado, at inilipat sa kasalukuyang lokasyon nito noong 1900. ang unibersidad ay nakapaglinang ng 22 rhodes scholars, 3 nagwagi ng nobel prize, 3 macarthur fellows, 2 gates cambridge scholars, at 1 churchill scholar. sa karagdagan, ang honors' college ng unibersidad ay kabilang sa top 50 sa bansa. mga sanggunian flagship na unibersidad sa estados unidos"
education,tl,wikipedia_tl,"ang singapore university of social sciences (akronim: suss) ay isang pamantasan sa singapore na may pampublikong pondo , kung saan may mga plano na gawin ang unibersidad bilang pang-anim na nagsasariling pamantasan (autonomous university). ito ay itinatag noong 2005 at pinamamahalaan nang hiwalay ng sim global education arm ng singapore institute of management group. kasaysayan noon, tumatanggap lamang ang unibersidad ng mga part-time na mag-aaral ngunit nagsimulang mag-alok ng mga posisyong pang-unibersidad na may pampublikong pondo noong 2014. kahit isang pribadong unibersidad, ang mga kwalipikadong mag-aaral ay nakakatanggap ng subsidiya mula sa gobyerno, mga pautang at iskolarsyip para sa pag-aaral sa antas undergraduate. sa ngayong 2014, ang patron ng unibersidad ay si tony tan keng yam, pangulo ng singapore. ang chanselor ng unibersidad ay propesor cham tao soon, na siyang tagapagtatag na pangulo ng nanyang technological university (ntu). ang tagapagtatag na pangulo ng pamantasang sim ay si propesor cheong hee kiat, dating deputy president ng ntu. noong 2013, inihayag na napili ang unisim na maging tahanan ng ikatlong paaralan ng batas ng singapore. mga sanggunian mga"
education,tl,wikipedia_tl,"ang antipolo national high school (main campus) ay isang pampublikong paaralan ng sekundarya. ito ang pinakamalaking paaralang sekundarya sa lungsod ng antipolo. sa kasalukuyan ang paaralan ay binubuo ng 9,748 na mga estudyante (taong 2009-2010). ang malaking porsyento ng estudyante nito ay nagpapakita ng sumatotal na estudyante ng nagaaral sa pampubliko at pangpribadong paaralan sa buong lungsod ng antipolo. ang antipolo national high school ay itinatag noong 1973 na noo'y maliit pa lamang at binubuo ng two-storey na gusali sa kahabaan ng padre burgos street. nagkalaon, nagkaroon ng kaputol sa reyes annex na sinasabing nirerentahan ng gobyerno. dahil sa patuloy ng paglobo ng mga estudyante, ito ay napagdesisyunang ilipat sa lower antipolo sa kahabaan ng olalia road. dahil sa tumataas na pangangailangan, ang paaralan ay talagang bibibigyan pansin ng gobyerno. patuloy ang pagbibigay ng mga proyekto mula sa kagawaran ng edukasyon dibisyon staff at opisyal. ang administrasyon ng paaralan ay patuloy na nakikipag ugnayan upang makapagbigay ng maganda at de-kalidad na edukasyon sa kanilang mga mag-aaral para mabansagang pinakamagaling na paaralang pangsekundarya sa buong bansa gamit ang"
education,tl,wikipedia_tl,"ang unibersidad ng vermont (uvm), opisyal na unibersidad ng vermont at pampamahalaang kolehiyong pang-agrikultura (ingles: university of vermont) ay isang pampublikong unibersidad sa pananaliksik at, mula noong 1862, ang nag-iisang pamantasang land-grant sa buong estado ng vermont sa estados unidos. itinatag noong 1791, ang uvm ay kabilang sa mga pinakamatandang unibersidad sa estados unidos at ang ikalimang institusyon ng mas mataas na edukasyon na itinatag sa rehiyong new england rehiyon ng hilagang-silangang us ang university ay inkorporado sa lungsod ng burlington, ang pinakamataong bayan sa vermont. ang dudley h. davis center sa kampus ay ang unang sentrong pangmag-aaral sa bansa na makatanggap ng leadership in energy and environmental design (leed) gold certification. ang pinakamalaking komplex ng ospital sa estado, ang uvm medical center, ay may pangunahing pasilidad sa kampus ng uvm at kaanib sa ang uvm kolehiyo ng medisina. akademya ang unibersidad ng vermont ay binubuo ng pitong andergradweyt na mga paaralan, isang honors college, isang kolehiyong gradwado, at isang kolehiyo ng medisina. ang honors college ay hindi nag-aalok ng sarili nitong digri; ang mga mag-aaral dito"
education,tl,wikipedia_tl,"ang unibersidad ng distrito ng columbia (udc) ay ang tanging pampublikong unibersidad sa kabisera ng estados unidos, ang washington, d.c. ang udc ay isa sa ilang mga urban na land-grant universities sa bansa at miyembrong paaralan ng thurgood marshall college fund. akademya ang udc ay nag-aalok ng 75 undergraduate at graduate degree na programa. ang division ng community outreach at extension services (coes) ay nag-aalok ng iba't-ibang mga praktikal na programa at pagsasanay na hindi pang-akademiko ang oryentasyon. ang udc ay gumugol ng $35,152 sa bawat fullt-time na estudyante. ayon sa ulat, ang full-time student graduation sa udc ay nasa 15%; bagaman ang udc ay nakakapagtapos ng higit na mga residente ng dc kaysa sa anumang kolehiyo o unibersidad sa lungsod. ang karamihan ng mga mag-aaral na pumapasok sa unibersidad ng distrito ng columbia ay di-tradisyonal at part-time na mga matatandang mag-aaral. mga paaralan at kolehiyo college of agriculture, urban sustainability & environmental sciences (causes) college of arts & sciences (cas) school of business & public administration (sbpa) school of engineering and applied sciences (seas) david a. clarke school of law (formerly the"
education,tl,wikipedia_tl,"ang pambansang unibersidad ng vietnam, lungsod ho chi minh (; ingles: vietnam national university, ho chi minh city) ay isa sa dalawang pinakamalaking pambansang unibersidad sa vietnam (ang iba pang ay ang pambansang unibersidad ng vietnam, hanoi). ang unibersidad ay nagbibigay ng edukasyon sa antas tersyaryo at gradwado sa humigit-kumulang 35,000 mag-aaral. kasama sa mga hinahain ng unibersidad ay mga instruksyon sa teknolohiya, natural na agham, agham panlipunan, panitikan, mga banyagang wika, at negosyo. ang punong-himpilan ng unibersidad ay sa linh trung ward, thủ đức district, thu duc university village, ho chi minh city. ang unibersidad ay pagpaplano ng isang bagong kampus na may sukat na 643.7 ha. sa kasalukuyan, ang unibersidad ay binubuo ng 7 miyembrong kolehiyo (na tinatawag ding unibersidad), dalawang instituto, at isang fakultad: ho chi minh city university of technology ho chi minh city university of science ho chi minh city university of social sciences and humanities ho chi minh city international university ho chi minh city university of information technology university of economics and law vietnamese-german university institute for environment and resources (viện"
education,tl,wikipedia_tl,"ang pampamahalaang unibersidad ng haiti (ueh) (pranses: université d'etat d'haïti; ingles: state university of haiti) ay isa sa mga pinakaprestihiyosong institusyon ng mas mataas na edukasyon sa bansang hayti. ito ay matatagpuan sa port-au-prince. ang kasaysayan ng unibersidad ay mauugat sa 1820s, nang maitatag ang mga kolehiyo ng medisina at batas. noong 1942, ang iba't ibang fakultad ay pinagsama-sama para maging unibersidad ng hayti. dahil sa mga protestang isainagawa ng mga mag-aaral noong dekada 60, iniutos ng gobyerno ni françois duvalier na isailalim ang unibersidad sa matatag na kontrol ng pamahalaan at pinalitan ang pangalan nito bilang ang pampamahalaang unibersidad ng hayti (state university of haiti). noong 1983, ang unibersidad ay naging isang independiyenteng institusyon ayon sa saligang-batas ng hayti. ang independiyenteng katayuan ng unibersidad ay kinumpirma pa ng saligang batas ng 1987. ang mga mga gusali ng pamantasan ay higit na nawasak noong lindol ng 12 enero 2010. tinulungan ng isang konsorsyum ng historicaly black colleges sa estados unidos ang pagsasaayos ng bahagi ng kampus. pagkatapos ng lindol, tinustusan ng gobyerno ng republikang dominikano ang"
education,tl,wikipedia_tl,"ang unibersidad ng tennessee (ingles: university of tennessee), tinutukoy din bilang ang ut knoxville, utk, o ut) ay isang amerikanong pampubliko, sun-grant at land-grant na pamantasan sa pananaliksik na matatagpuan sa knoxville, estado ng tennessee, estados unidos. itinatag noong 1794, dalawang taon bago ang tennessee ay ipinasok sa unyon bilang ika-16 na estado, ito ay ang pangunahing institusyon sa loob ng unibersidad ng tennessee sistema na may siyam na undergradwadong kolehiyo at labing-isang gradwadong kolehiyo at nagho-host ng halos 28,000 mga mag-aaral mula sa lahat ng 50 estado at higit sa 100 banyagang bansa. pitong mga alumni ay pinili bilang rhodes scholar; si james m. buchanan, m. s. '41, ay nakatanggap ng 1986 gantimpalang nobel sa ekonomiks. ang ut may ugnayan sa kalapit na oak ridge national laboratory, na itinatag sa ilalim ng ut–battelle partnership, na siyang daan para sa maraming oportunidad sa pananaliksik para sa mga guro at mga mag-aaral. ang unibersidad ay ang tanging pamantasan sa bansa na nagtataglay ng koleksyon ng mga papel ng tatlong pangulo ng estados unidos mula tennessee—andrew jackson, james k. polk, at andrew johnson. ang ut ay isa sa"
education,tl,wikipedia_tl,"ang unibersidad ng illinois sa urbana–champaign (u of i, university of illinois, uiuc, o illinois lamang) ay isang pampublikong unibersidad para sa intensibong pananaliksik sa estado ng illinois sa estados unidos. bilang isang land-grant university, ito ay punong kampus ng unibersidad ng illinois sistema. ang unibersidad ng illinois sa urbana–champaign (itinatag, 1867) ay ang pangalawang pinakamatandang pampublikong unibersidad sa estado, pagkatapos ng illinois state university. ito ay isang miyembro ng association of american universities at ay nauuri bilang isang ru/vh research university sa ilalim ng carnegie classification. ang campus library system nagtataglay ang pangalawang-pinakamalaking aklatang nakabase sa pamantasan sa estados unidos pagkatapos ng unibersidad ng harvard. ang unibersidad ay binubuo ng 17 mga kolehiyo na nag-aalok ng higit sa 150 mga programa ng pag-aaral. bukod pa rito, ang unibersidad ay nagpapatakbo ng isang extensyon na nagsisilbi sa 2.7 milyong rehistrado sa bawat taon sa buong estado ng illinois at higit pa. sa buong mundo, ang unibersidad ay niraranggo bilang ika-29 sa mundo sa pamamagitan ng academic ranking of world universities (arwu), kung saan"
education,tl,wikipedia_tl,"ang pamantasang quaid-i-azam (; ingles: quaid-i-azam university, qau) ay isang pampublikong unibersidad sa pananaliksik na matatagpuan sa islamabad, pakistan. itinatag bilang ang unibersidad ng islamabad noong 1967, sa simula ay nakatuon ito sa edukasyong postgraduate ngunit pinalawak noong dekada '80 sa bilang isang interdisciplinarity unibersidad na nag-aalok ng mga kwalipikasyon sa parehong sa antas undergraduate at postgraduate. ang unibersidad ang may pinakamalaking populasyon ng mag-aaral sa islamabad na may isang kabuuang pagpapatala na 13,000 mag-aaral. ang unibersidad ay matatagpuan sa isang kampus na may sukat na 1700 akre (o 6.9 km2) campus sa paanan ng mga burol ng margalla. nahahati sa apat na fakultad at siyam na kaakibat ng surian ng pananaliksik, ang qau ay kabilang sa pinakamalak at pinakaprestihiyosong pampublikong unibersidad sa pakistan. sa buong mundo, ito ay kasalin sa 700 nangunguna ayon sa qs world university rankings habang kasama naman sa nangungunang 120 sa asya noong 2013. sa times higher education world university rankings naman, ito ay nasa pagitan ng ika-501-600 ranggo sa buong mundo at ika-120 sa asya noong 2014. ang unibersidad ay kilala sa"
education,tl,wikipedia_tl,"ang unibersidad ng oklahoma o ou (ingles: university of oklahoma) ay isang koedukasyonal na pampublikong unibersidad sa pananaliksik na matatagpuan sa norman, estado ng oklahoma, sa estados unidos. itinatag noong 1890, ito ay umiral sa teritoryong oklahoma malapit sa teritoryong indian sa loob ng 17 taon bago ang dalawa ay nagsanib upang naging ang estado ng oklahoma. sa taglagas ng 2015, ang unibersidad ay may 30,824 mag-aaral na naka-enroll, kung saan karamihan ay nasa kanyang pangunahing kampus sa norman. nag-eempleyo ng halos 3,000 miyembro ng fakultad, ang mga paaralan ay nag-aalok 152 programang batsilyer, 160 programang masteral, 75 programang doktoral, at 20 meyjor sa unang antas propesyonal. akademikong profile ang unibersidad ay isang malaking residensyal at, pampananaliksik na unibersidad. ang unibersidad ay binubuo ng labinlimang kolehiyo, kabilang ang 152 meyjor tulad ng abyasyon, meteorolohiya, heolohiya, inhinyeryang pampetrolyo, pamamahala ng enerhiya, arkitektura, batas, gamot, pag-aaral ng mga katutubong amerikano, wika ng katutubong amerikano (e.g. cherokee, choctaw, muscogee creek, kiowa), kasaysayan ng agham, at sayaw. ang unibersidad ay may isang mataas na"
education,tl,wikipedia_tl,"ang unibersidad ng madrid complutense (ingles: complutense university of madrid; o universidad de madrid; ) ay isang pampublikong unibersidad sa pananaliksik na matatagpuan sa madrid, espanya, at isa sa pinakamatandang unibersidad sa mundo. ang unibersidad ay may humigit-kumulang higit 86,000 mag-aaral , at may reputasyon bilang isa sa mga nangungunang mga pamantasan sa espanya. ito ay matatagpuan sa isang kampus na sumasakop sa kabuuan ng distritong ciudad universitaria ng madrid, at may mga aneks sa distrito ng somosaguas sa kalapit na lungsod ng pozuelo de alarcón. sa mga nakaraang taon, ang hanay ng mga alumni ay binubuo ng mga nagwagi ng nobel prize (7), prince of asturias awards (18), miguel de cervantes prize (7), pati na rin ng mga komisyoner ng unyong europeo, mga pangulo ng eu parliament, european council secretary general, miyembro ng ecb executive board, nato secretary general, unesco director general, imf managing director, at pinuno ng estado. ayon sa espanyol na pahayagang el mundo, ang unibersidad ay malawak na itinuturing bilang ang pinakaprestihiyoso pang-akademikong institusyon sa bansang espanya. ang complutense sa ibang bansa bukod sa isang malawak na serye ng"
education,tl,wikipedia_tl,"ang national and kapodistrian university of athens (griyego:<span lang=""el"">εθνικόν και καποδιστριακόν πανεπιστήμιον αθηνών, ethnikón kai kapodistriakón panepistímion athinón; ingles: national and kapodistrian university of athens), karaniwang tinutukoy bilang lamang ang unibersidad ng atenas (uoa), ay isang pampublikong unibersidad sa atenas, gresya. ito tuloy-tuloy na nag-opereyt simula nang itatag ito noong 1837 at sa kasalukuyan ay tinuturing bilang ang pinakamatandang institusyon para sa mas mataas na edukasyon sa modernong estadong griyego. ngayon ito ang pangalawang pinakamalaking unibersidad ng gresya ayon sa bilang ng mga mag-aaral (kasunod ng unibersidad ng thessaloniki aristoteles), at may higit sa 50,000 undergraduate na mag-aaral. noong 2012 ito ay may ranggong 501-550 sa mga pinakamahusay na mga unibersidad sa mundo, ayon sa mga index ng qs world university rankings, pati na rin sa pagsusuri ng academic ranking of world universities (arwu). kasaysayan ang unibersidad ng atenas ay itinatag noong mayo 3, 1837 ni haring otto ng gresya (sa griyego, othon) at pinangalanan sa kanyang karangalan bilang othonian university (οθώνιον πανεπιστήμιον). ito ang unang pamantasan sa"
education,tl,wikipedia_tl,"ang unibersidad ng wyoming (ingles: university of wyoming) ay isang land-grant na unibersidad na matatagpuan sa laramie, estado wyoming, estados unidos, sa elebasyong 7,220 piye (2194 m), sa pagitan ng mga kabundukan ng laramie at snowy range. ito ay kilala bilang uw (madalas na binibigkas ""u dub"") sa mga taong malapit sa unibersidad. ito ay itinatag noong marso 1886, apat na taon bago maadmit ang teritoryo bilang ika-44 estado, at binuksan noong setyembre 1887. ang unibersidad ng wyoming ay hindi pangkaraniwan dahil nakasulat sa saligang batas ng estado ang dapat nitong maging lokasyon nito sa loob ng wyoming. ang mga unibersidad nag-aalok din ng mga outreach na programang pang-edukasyon sa mga komunidad sa buong wyoming at online. ang unibersidad ay binubuo ng pitong mga kolehiyo: agrikultura at likas na yaman, mga sining at agham, negosyo, edukasyon, inhinyeriya at aplikadong agham, agham-pangkalusugan, at batas. ang unibersidad ay nag-aalok ng 190 undergraduate, gradwado, at sertipikong programa, kabilang ang doctor of pharmacy at juris doctor. ang university of wyoming ay itinampok sa 2011 princeton review bilang isa sa pinakamahusay na 373 kolehiyo. bilang karagdagan sa"
education,tl,wikipedia_tl,"ang unibersidad ng bucharest (rumano: universitatea din bucurești; ingles: university of bucharest), karaniwang kilala pagkatapos ng kanyang mga pagdadaglat ub sa romania, ay isang pampublikong unibersidad na itinatag noong 1864 sa pamamagitan ng atas ni prinsipe alexandru ioan cuza na palitan ang dating saint sava academy para maging unibersidad, na siyang dahilan kaya't ito ang pinakamatandang modernong unibersidad sa romania. ang unibersidad ay nag-aalok ng mga programa sa pag-aaral sa romanian at ingles at nauuri bilang isang unibersidad sa mas mataas na antas ng pananaliksik ng ministri ng edukasyon. sa 2012 qs world university rankings, ito ay kasama sa 700 nangungunang unibersidad ng mundo, kasama ang tatlong iba pang mga pamantasan sa romania. ranggo sa 2012 qs world university rankings ng unibersidad ng bucharest ay kasama sa top 601-701 unibersidad ng mundo, kasama ang tatlong iba pang mga unibersidad sa bansa, kabilang ang babeș-bolyai university sa cluj-napoca, at alexandru ioan cuza university sa iași faculties ang university of bukarest ay may 19 mga fakultad, na sumasaklaw sa mga erya tulad ng mga natural na mga agham, humanidades, agham panlipunan, at teolohiya:"
education,tl,wikipedia_tl,"si severino de las alas (enero 8, 1851 – nobyembre 4, 1918) ay isang guro, abogado, politiko at pilantropo na naging kalihim panloob ng unang republika ng pilipinas. isinilang siya sa indang, kabite at pumasok sa kolehiyo ng san juan de letran upang mag-aral doon. pumasok din siya sa unibersidad ng sto. tomas at nakapagtapos ng batas. naging kagawad ng kapulungan sa tejeros noong marso 22, 1897 at isa sa mga lumagda sa konstitusyon ng biyak-na-bato. sa gabinete ni pedro paterno, nahirang siya bilang kalihim panloob noong mayo 7, 1899. mula 1899 hanggang 1901, siya ay naging pinuno ng gerilya sa kabite. nahalal siya ng dalawang magkasunod na termino bilang presidente munisipal ng indang (1906-1909 at 1909-1912). kilalang tagasuporta ni andres bonifacio si de las alas ngunit nagkaroon sila ng hidwaan nang tumalikod si de las alas sa kanya. nang nagalit si bonifacio kay de las alas ng may pagbanta, humingi ng tulong ang mga taga-indang kay emilio aguinaldo na iniutos ang pag-aresto kay bonifacio. bilang guro, nagturo siya sa maynila at sa indang. bilang pilantropo, nagbigay siya ng donasyon sa panggitnang paaralan ng indang (indang intermediate school) upang lumawak ito. bilang"
education,tl,wikipedia_tl,"ang unibersidad ng lisbon (ulisboa; portuges: universidade de lisboa, ; ingles: university of lisbon) ay isang pampublikong unibersidad sa pananaliksik sa lisboa, at ang pinakamalaking unibersidad sa portugal. ito ay itinatag noong 2013, mula sa pagsama-sama ng dalawang mga nakaraang mga pampublikong unibersidad na matatagpuan sa lungsod, ang dating unibersidad ng lisboa (1911-2013) at technical university of lisbon (1930-2013). ang kasaysayan ng unibersidad sa lisboa ay mauugat sa ika-13 siglo. organisasyon simula noong 2013, ang unibersidad ng lisboa ay binubuo ng labing-walong mga paaralan at research institutes: faculdade de arquitetura (fa) faculdade de belas-artes (fba) faculdade de ciências (fc) faculdade de direito (fd) faculdade de farmácia (ff) faculdade de letras (fl) faculdade de medicina (fm) faculdade de medicina dentária (fmd) faculdade de medicina veterinária (fmv) faculdade de motricidade humana (fmh) faculdade de psicologia (fp) instituto de ciências sociais (ics) instituto de educação (ie) instituto de geografia e ordenamento do território (igot) instituto superior de agronomia (isa) instituto superior de ciências sociais e politicas (iscsp) instituto superior"
education,tl,wikipedia_tl,"ang university college london (ucl) ay isang pampublikong unibersidad para sa pananaliksik na matatagpuan sa londres, inglatera, at isang bahaging kolehiyo ng federal na unibersidad ng london sistema. ito ay ang ikatlong may pinakamalaking enrolment sa united kingdom (at pinakamalaking enrolment sa antas postgrado) at kinikilala bilang isa sa mga nagungunang unibersidad sa mundo. itinatag noong 1826 bilang london university na inspirado ng mga radikal na ideya ni jeremy bentham, ucl ay ang unang institusyong unibersitaryo na itinatag sa londres, at ang una sa inglatera na ganap na sekular at tumanggap ng mag-aaral anuman ang kanilang relihiyon. ang ucl din ay isa sa mga umaangkin bilang ang ikatlong pinakamatandang unibersidad sa inglatera at ang unang tumanggap ng mga babae. noong 1836 ucl ay naging isa sa dalawang tagapagtatag na kolehiyo ng unibersidad ng london, na nabigyan ng isang maharlikang tsarter sa parehong taon. ang ucl ay lumago sa pamamagitan ng mga merger, kabilang na sa institute of neurology (1997), royal free hospital medical school (1998), eastman dental institute (1999), school of slavonic and east european studies (1999), school of pharmacy (2012) at institute"
education,tl,wikipedia_tl,"ang unibersidad ng new york (ingles: new york university o nyu) ay isang pribado, nonprofit, at nonsectarian na unibersidad sa pananaliksik na nakabase sa lungsod ng new york. itinatag noong 1831, ang nyu ay itinuturing na isa sa pinakamaimpluwensya sa mundo at nangungunang unibersidad sa pananaliksik. ang mga pagraranggo ng unibersidad tulad ng u.s. news & world report, times higher education, at academic ranking of world universities ay nagtala sa nyu bilang isa sa mga 32 nangungunang unibersidad sa mundo. ang nyu ay organisado sa higit 20 paaralan, kolehiyo, at instituto, na matatagpuan sa anim na mga sentro sa buong manhattan at downtown brooklyn. ang nyu main campus ay matatagpuan sa greenwich village sa lower manhattan na may mga instituto at sentro sa upper east side, pang-akademikong mga gusali at dormitoryo sa wall street, at sa brooklyn campus naman ay matatagpuan sa metrotech center sa downtown brooklyn. ang unibersidad ay nagtatag din ng mga sangay na kampus: ang nyu abu dhabi, nyu shanghai at nagpapanatili ng 11 iba pang mga pandaigdigang akademikong sentro sa accra, berlin, buenos aires, florence, london, madrid, paris, prague, sydney, tel aviv; at washington, d.c."
education,tl,wikipedia_tl,"ang edukasyon o pagtuturo ay prosesong ng pagpapadali ng pagkatuto, o pagtatamo ng kaalaman, kasanayan, prinsipyo, moralidad, paniniwala, at paggawi. kabilang sa mga pamamaraang pang-edukasyon ang pagtuturo, pagsasanay, pagkukuwento, pagtatalakay at nakadirektang pananaliksik. madalas nagaganap ang edukasyon sa patnubay ng mga edukador, subalit maaaring turuan ng mga mag-aaral ang kanilang sarili. maaaring maganap ang edukasyon sa mga pormal o inpormal na tagpo at anumang karanasan na nakakapaghubog sa pag-iisip, pakiramdam, o pagkilos ng isang tao ay maituturing bilang edukatibo. ang metodolohiya ng pagtuturo ay tinatawag na pedagohiya. karaniwang nahahati ang pormal na edukasyon sa mga yugto tulad ng preschool o kindergarten, mababang paaralan, mataas na paaralan at pagkatapos, kolehiyo, unibersidad, o pag-aaprentis. kinikilala ang karapatan sa edukasyon ng ilang pamahalaan at ng mga nagkakaisang bansa. sa karamihan ng mga rehiyon, sapilitan ang edukasyon hanggang sa isang tiyak na edad. mayroong kilusan para sa reporma sa edukasyon, at lalo na para sa edukasyon batay sa ebidensya na may pandaigdigang pagkukusa na may layunin na matamo ang layunin ng likas-kayang pag-unlad 4, na"
education,tl,wikipedia_tl,"noong panahon ng pananakop ng estados unidos sa pilipinas (1898-1946), ang pamahalaan ng estados unidos ang namamahala sa pagbibigay ng edukasyon sa pilipinas. makikita at mararamdaman ang epekto ng pananakop ng mga amerikano sa sistema ng pampublikong edukasyon na itinayo nito sa bansa. matapos mapasakamay ng mga amerikano ang maynila noong mayo 1898, sinimulan na ang pagtatatag ng mga pampublikong paaralan sa pilipinas. sa simula, mga sundalong amerikano muna ang nagsilbing unang guro na kalaunan ay napalitan ng mga gurong galing sa america. ang pinakamalaking pangkat ng mga guro ay dumating sa pilipinas noong 1901 lulan ng barkong thomas. itinalaga sa maynila at mga lalawigan ang mga gurong ito na binansagang thomasites. sa ilalim ng batas bilang 74, itinatag ang kagawaran ng pampublikong instruksiyon (department of public instruction). sa pamamagitan din ng batas na ito ay nabigyang-daan ang pagkakaroon sa bansa ng mga normal school at trade school tulad ng philippine normal school/university at ang philippine school of arts and trades na kilala ngayon bilang technological university of the philippines. noong 1906 nagpadala ng mga pilipinong iskolar ang pamahalaang kolonyal sa"
education,tl,wikipedia_tl,"ang facebook (literal na ""aklat ng [mga] mukha"") ay isang social networking website na libre ang pagsali at pinapatakbo at pag-aari ng facebook, inc. na isang pampublikong kompanya. maaaring sumali ang mga tagagamit dito nakaayos ayon sa lungsod, pinagtratrabahuan, paaralan at rehiyon upang makakonekta at makihalubilo sa ibang mga tao. maaaring magdagdag rin ng mga kaibigan at magpadala ng mensahe sa kanila, at baguhin ang kanilang sariling sanaysay upang ipagbigay-alam sa kanilang mga kaibigan ang tungkol sa kanilang sarili. tumutukoy ang pangalan ng website na ito sa mga mukhang nasa aklat na papel (paper facebooks) na sinasalarawan ang mga kasapi ng isang kampus na pamayanan na ibinibigay ng ilang kolehiyo at preliminaryong paaaralan sa estados unidos sa mga papasok na mga mag-aaral, guro o propesor, at mga trabahador bilang isang paraan na makilala ang ibang tao sa kampus. itinatag ni mark zuckerberg ang facebook kasama ang kaklase niya sa agham pangkompyuter at kasama sa kuwartong sina dustin moskovitz at chris hughes habang mag-aaral pa siya ng pamantasan ng harvard. noong una, limitado ang pagsapi sa website na ito sa mga mag-aaral ng harvard, ngunit lumawak ito sa ibang"
education,tl,wikipedia_tl,"ang central bicol state university of agriculture (pamantasang pampamahalaan sa agrikultura ng gitnang bikol) ay isang unibersidad na estado sa camarines sur. ang pangunahing kampus nito ay matatagpuan sa bayan ng pili at iba pang mga campus ay matatagpuan sa mga bayan ng pasacao, sipocot, at calabanga, lahat sa lalawigan ng camarines sur. si dr. georgina junsay bordado ang kasalukuyang pangulo. ipagdiriwang ng unibersidad ang sentenaryo nito sa 2018. kasaysayan ang cbsua ay itinatag bilang camarines sur agricultural school noong 1918, na eksklusibo para sa mga lalaki. noong 1920, naging pambansang paaralang nag-aalok ng secondary curriculum, pagkatapos lumipas ang limang taon, pinalitan itong camarines sur agricultural high school. pinalitan ang pangalan nito ng camarines sur regional agricultural school noong 1954 at pagkatapos ay ang camarines sur agricultural college. ang cbsua ang unang upuan ng bicol agricultural resources research consortium (barrc) bilang regional research center at lead agency. sa pamamagitan ng batas pambansa bilang 198 noong marso 16, 1982, ang kolehiyo ay binago sa camarines sur state agricultural college. ang 1986 saligang-batas sa pamamagitan ng"
