tagalog,english,cebuano
mas gustong maglaro ang mga bata kaysa sa mag aral,children prefer to play than to study,mas ganahang magdula ang mga bata kaysa sa magtoon
dapat malaman mo ang pagluluto ng manok,you should know how to cook chicken,dapat lang nga mahibal an nimo ang pagluto og manok
pinakalaki sa hapon ang lawang biwa,biwa lake is the largest in japan,pinakadako sa suba sa hapon ang suba sa biwa
gusto nilang magnostalhiya,they want to be nostalgic,ganahan sila nga magnostalya
sampung taon ay matagal na panahon,ten years is a long time,napulo ka tuig perting nang dugaya
sinusubukan kong tandaan,i m trying to remember,akong gisulayan og hinumdum
nagpuntang paris siya,he went to paris,niadto siya sa paris
lumabas siya para maglakad,he went out for a walk,nigawas na siya aron magbaktas baktas
pinatunayan mo ang lahat ng mga pangarap ko,you made all my dreams come true,gipamatud an nimo ang tanan nakong mga pangandoy
humahaginit sa tabi ng bintana sa kusina ang mga bubuyog,bees are buzzing by the kitchen window,hiumaginit sa tapad sa bintana sa kusina ang mga buyog
sa umpisa babasahin ko ito,in the beginning i will read it,sa sugod akua ning basahon
wala akong oras magluto,i don t have time to cook,wala ko panahon aron magluto
pabiro niyang sinabi iyon,he said that jokingly,ganahan niyang isulti to
anong ibig sabihin nito,what does this mean,unsay buot pasabot man ani
nagliligo siya bawat umaga,he takes a bath every morning,nagaligo siya kadabuntag
huwag kang masyadong kumain ng keyk,don t eat too much cake,ayaw palabi kaon og keyk
gusto mo nitong kulay,do you like this color,ganahan ka ani nga kolor
kailan ang pinakahuling beses na tumalon ka sa tuwa,when was the last time you jumped for joy,kanus a ka ulahing niambak sa kalipay
gumawa siya ng kape para sa lahat kami,he made coffee for all of us,gahimo siyag kape alang sa tanan namo
gumawa siya ng kape para sa lahat tayo,he made coffee for all of us,gahimo siyag kape alang namong tanan
mabili ang mga payong,umbrellas are available for purchase,mapalit ang mga payong
ang yabang,the arrogance,kahambog ba
ang arogante,the arrogant,ka hilas ba
baka baka,maybe maybe,basin basin
dapat labhan yung syert,the shirt should be washed,dapat labhan tong syert
dapat labhan yung baro,the bar should be washed,dapat labhan tong baro
ang aneks ay nasa hilaga ng orihinal na gusali,the annex is to the north of the original building,ang aneks kay anaa sa kasadpan sa orihinal nga gusali
noong bata pa ako may itim na baboy na nakabakod sa tabi ng bahay namin,when i was young there was a black pig fenced next to our house,adtong bata pako naay itom nga baboy nga gialihan sa tapad sa balay
matutuloy tayo kung ang trapik ay di mabigat,we can continue if the traffic is not heavy,madayon ta kung ang trapik dili kaayo bug at
maaari maaari,can can,pwede pwede
may platinum kard daw siya,he said he has a platinum card,naa daw siya platinum nga kard
nag imbento ang bata ng sarili niyang sulat na logograpiko para sa hilig niya,the boy invented his own logographic writing for his passion,nag imbento ang bata og sariliniyang sulat nga logograpiko pasa sa hilig niya
arteng grapiko lamang daw ang mga sulat na logograma,it is said that logogram letters are only graphic art,arteng grapiko ra daw ang mga sulat nga logograma
di makontrol ni ang mga anak niya,could not control his children,dili mapugngan ni ang iyang mgha anak
alam kong ikaw nga,i know you are,kabalo ko nga ikaw to
mas gusto ko sa bahay kaysa sa lumabas,i prefer to be at home than to go out,mas ganahan ko sa balay kaysa sa mugawas
di pa oras ng hapunan,it s not dinner time yet,dili pa ta mangaon og panihapon
puno iyan,that s full,puno na
puno iyon,that s full,puno to
mas magaling ba ang wikang lojban kung iniiwasan ang mga punto,is the lojban language better if the dots are avoided,mas hawod ba ang pinulungang lojban kung likayan ang mga punto
mesa iyon,it s a table,lamesa kana
mesa iyan,that s a table,lamesa na
ang pakiramdam ni ay bago siyang tao,feels like a new person,ang paminaw ni tomaskay bag ong tawo na siya
nagbeyk si kate ng apolkeyk,kate baked an apple cake,nagbeyk si kate og apol keyk
hayaan mo akong litratuhin ka,let me take a picture of you,pasagdi ko nga kuhaan kag hulagway
nagpuntang bundok kami para mag iski,we went to the mountain to ski,niadto mig bukid aron mag iski
nangingilabot ako nang iniisip iyon,i shudder to think about it,nanglimbawot ko sa akong paghuna huna
isipin mo ang sarili mo,think about yourself,huna hunaa ang imong kaugalingon
humihihip ng bula ang mga bata,children blow bubbles,gahuyop og bula ang mga bata
meron pa sa buhay imbes na pinabibilisan siya,there s more to life instead of rushing him,naay pay kinabuhi imbes nga gipaspasan siya
huwag mong lagyan ng asukal ang kape,do not add sugar to coffee,ayaw butangi og asukar ang kape
sumasabog na ako ng ihi,i m bursting with urine,kabutuhon nako kaayo sa akong kaihion
si ginoong brown yata siya,i think he is mr brown,siya man siguro si manong brown
nilagyan ko ng gatas ang kape ko,i put milk in my coffee,gisagulan nako og gatas ang akong kape
bumalik na ang mga estudyante,the students are back,namalik na ang mga estudyante
ang numero ng kuwarto ninyo po,your room number please,ang numero ni sa inyong kwarto po
sa pagbalik ng taglamig umiikli na ang araw,with the return of winter the days are getting shorter,sa pagbalik sa tingtugnaw nagamubo na ang adlaw
namumula sa otonyo ang buong bundok,the whole mountain was red from the heat,nangapula sa otonyo ang tibuok bukid
namumula sa tag ulan ang buong bundok,the whole mountain is red from the rainy season,nangapula sa ting ulan san tibuok bukid
gaano kahaba ang tulay,how long is the bridge,unsa kataas ang tulay
noldor kami,we are noldor,noldor man mi
ako si,i am hiziel,ako si
isa ka ba sa mga sindar,are you one of the sindars,isa ba ka sa mga sindar
isang noldo ba ang nasa ilalim ng puno,is a noldo under the tree,usa ka noldo ba ang naa sa ilalom sa punuan
di ako marunong magsalita ng kwenya,i don t know how to speak kwenya,dili ko kabalong mag istorya og kwenya
nagbabantay ng gubat sina at nenwð,and nenwð guard the forest,gabantay ug lasang sila ug nenwe
gumagamit ng mga letrang may kudlit ang maraming wika,many languages use apostrophes,gagamit ug mga letra nga anaay kudlit ang kadaghanang sinultian
pranses ako,i am french,ako kay pranses
nakita ko siyang nagnanakaw ng peras sa hardin ng bunga,i saw him stealing pears from the orchard,kakita ko kaniya nga nangawat ug peras sa tamnanan ug bunga
nang kasama kami gusto mong magtsa sa tanghali,when we were together would you like to have tea at noon,katong kita nag uban ganahan ka magtsa sa udto
di puwedeng gutom siya katatanghalian lamang niya,he can t be hungry he just had lunch,dili mamahimong gigutom siya bag o lang siya naniudto
wag mong pag usapan to kahit kanino,don t talk about it with anyone,ayaw ni hisguti masking kakinsa
nasa ref ang pagkain,the food is in the fridge,anaa sa sulod sa prigeder ang pagkaon
ang dalawang ulong agila ng awstriya ay naghari sa parte ng polonya,the two headed eagle of austria reigned over poland,ang duha ka ulo sa agila sa awstriya kay nangulo sa parte sa polonya
namili si ng bulaklak,bought flowers,ningpalit ug daghang bulak si
bumili si ng bulaklak,bought flowers,ningpalit ug bulak si
dumating ka ba noong kamakalawa,did you come last night,niabot ka ba atong niaging adlaw
kumanan sa susunod na interseksiyon,turn right at the next intersection,patoo sa musunod nga kinasang ang dalan
ipinaggawa ako ni ng hawla ng ibon,made me a bird cage,gipabuhat ko ni ug tangkal sa langgam
bawal manigarilyo,no smoking,ginadili ang pagpanabako
bukas pauwi na ako,tomorrow i m going home,ugma pauli na ko
gusto ko ang awto mo,i like your car,giganahan ko sa imong awto
di na ako makakain,i can t eat anymore,di nako kakaon
nadiskubre ko ang katotohanan,i discovered the truth,nahibaw an ko ang kamatuoran
walang mas mapakinabang kaysa sa potokopyador,nothing is more useful than a photocopier,walay mas mapahimuslan kaysa sa makina sa pagkopya
ineeym namin ang obhektibong iyon,we aim for that objective,gitinguha namo nga makab ot ang katuyoan
madyik iyon,that s magic,kato kay madyik
bumalik ka bago mag alas diyes,be back before ten o clock,balik usa muabot ang alas diyes
papkorn na maraming mantikilya ang gusto ni,likes popcorn with a lot of butter,papkorn nga daghag mantikilya ang ganahan ni
itong gamot ay makakapagaling sa iyo,this medicine will heal you,kani nga tambal ang makapa ayo nimo
balak kong mag aral ng ingles nang itong tanghali,i intend to study english this afternoon,plano nakong magtuon ug ingles karong udto
mabilis at nakakatuwa,fast and fun,paspas ug kataw anan
kasisimula niyang magtugtog ng piyano,he just started playing the piano,bag o ra siya nagsugod og tutog sa piyano
dumaan ako sa tabi ng bahay niya kahapon,i passed by his house yesterday,niagi ko sa kilid sa ilang balay gahapon
kung mayaman ako bibilhin ko,if i were rich i would buy it,kung dato ko paliton nako
may telepono ka ba,do you have a phone,naa ba kay telepono
noong huli masyadong mahal ang karne,in the past meat was too expensive,katong ni agi astang mahala sa karne
ako o ikaw ang pupunta,you or i will go,ako o ikaw ang muadto
walang asukal dito,there is no sugar in it,walay asukal diri
wag kumain,don t eat,ayaw ug kaon
oo nga pero iyon,yes but that,oo nga pero iyon
pakinig ko ang lahat,i listen to everything,napaminaw nako tanan
mga pusa sina klabaster at gizmo,klabaster and gizmo are cats,sila klabster ug gizmo kay mga iring
maganda siya at talagang mayaman,she is beautiful and really rich,maanyag siya ug tinuod nga dato
umuulan,it s raining,gaulan
sabihin mo sa ingles,say it in english,ingna kini sa ingles
lumang piyano iyon,it s an old piano,dugay na to nga piyano
kay teodoro ang rosas,the rose belongs to teodoro,alang kang teodoro ang rosas
matahimik ang batang lalaki,the boy was quiet,hilumon nang batang laki
isang daang porsyentong puro ang katas ng mansanas,one hundred percent pure apple juice,usa ka gatus ka porsyento nga puro ang katas sa mansanas
ang tunay na lalaki ay umiinom ng tsa,real men drink tea,ang tinuod nga laki kay muinom ug tsa
libro mo ito,this is your book,imuha ning libro
sinong nagtuturo sa iyo,who teaches you,kinsay gatudlo ka nimo
wag mong sabihin kahit kanino,don t tell anyone,ayaw isulti bisan ka kinsa
nakahiga ako sa damo,i lay on the grass,naghigda ko sa sagbot
may kumakatok sa inyong pinto,someone is knocking on your door,adunay nanuktok sa inyong purtahan
anong kabutihan ng pagbabasa ng mga librong ganoon,what good is reading such books,unsay maayo sa pagbasa ug inganang libro
ibili mo ako ng kahon ng tsokolate at ako y magiging kontento,buy me a box of chocolates and i ll be satisfied,palita ako usa ka kahon nga tsokolate ug matagbaw ako
nakita ka niya sa teatro,he saw you at the theater,nakit an ka niya sa teatro
nakakabilang ang bata hanggang dalawampu,the child counts to twenty,ang bata kay makaihap hangtod baynte
kung may sipon inumin itong gamot ho,if you have a cold take this medicine,kung adunay ka bugnaw inom niini nga tambal
gusto kong siya ang gumawa ng mahirap na trabaho,i want him to do the hard work,ganahan ko nga siya ang mubuhat atong hago nag buluhaton
di niya ako pinakikinig ng kanyang bibig,he didn t listen to me with his mouth,dili ko niya ginapaminaw sa iyang mga istorya
bukas bakit di ka pumarini t maglaro,tomorrow why don t you come and play,ugma nganong dili ka mu anhi diri ug magdula
sa pebrero maraming niyebe,in february there is a lot of snow,sa pebrero daghag niyebe
di ko sinukat ang says nila,i didn t measure what they said,wala nako gisukod ilahang kadak on
lahat ito y sa guni guni mo,it s all in your imagination,kani tanan naa sa imong handurawan
sabi ni ay lahat ito y sa guni guni mo,said it s all in your imagination,nisulti si nga kani tanan naa sa imong handurawan
namutla ka sa takot,you turned pale with fear,nangluspad ka sa kahadlok
magtatalop ako ng dalandan para sa yo,i will peel an orange for you,magpanit ako ug aranghita para ka nimo
sabi nila y buhay pa siya,they said he was still alive,nisulti sila nga buhi pa siya
mahusay naman ang lahat sa tahanan,all is well at home,lihiro ang tanan sa balay
anong ginagawa mo rito,what are you doing here,unsa imong ginabuhat diri
di niya isip na mahusay ang manunulat,he doesn t think the writer is good,wala siya gahunahuna nga lihiro ang magsusulat
di pa makasalita ang beybi ko umiiyak lang siya,my baby can t speak yet he was just crying,dili pa kaistorya akong anak gahilak ra siya
anong obhektibo ng edukasyon,what is the objective of education,unsa ang katuyoan sa edukasyon
gusto kong magtrabahong kasama ka,i want to work with you,ganahan ko makigtambayayong nimo
di niya gusto ang kainsikan niya,he doesn t like his mess,dili siya ganahan anang iyang pagkamausisaon
pakiabot ng mapa ng kalye nga,hand over the street map will you,pakitunol sa mapa sa dalan
anong iniiyakan mo,what are you crying about,unsa imong ginahilakan
tuloy ka nang wala ako,go on without me,sulod nga wala ko
ang tatoeba ay diksiyunaryo,tatoeba is a dictionary,ang tatoeba usa ka diksiyunaryo
nakita mo iyon,did you see that,kakita ka ato
ako nga,i am,ako daw
talagang seksi ang mga binti mo,your legs are really sexy,seksi gyud imong paa
talagang iba ang opinyon ko kaysa sa iyo,my opinion is definitely different than yours,naa gyud koy lain nga opinion kaysa nimo
pabalik kami sa europa sa hunyo,we re coming back to europe in june,mobalik kami sa europa sa hunyo
ang kaalaman ng wika ay isang bagay ang pagtuturo nito ay iba pa,knowledge of the language is one thing teaching it is something else,usa ka butang ang pagkahibalo sa sinultian apan lahi nga butang ang pagtudlo niini
gunitain mong nasa balat ko ikaw,imagine you are in my skin,hinumdumi ang naa sa akong panit
isip ko y hindi blondo ang esperanto,i think esperanto is not blondo,sa akong hunahuna dili blond si esperanto
totoo yata ang istorya niya,i think his story is true,murag tinuod iyang istorya
ang gðtom ang pinakamagaling na salsa,gðtom is the best salsa,ang kagutom mao ang labing kaayo nga salsa
mas gusto ko ang matapang na kape kaysa sa matabang na kape,i prefer strong coffee to fat coffee,labing ganahan ko anang gahi nga kape kaysa matam is nga kape
pakibigay ho ang susi sa akin nga,please give me the key will you,palihug ihatag kanako ang yawi
sinubukan niyang maging mayaman at sikat,he tried to be rich and famous,gisulayan niya nga mahimong adunahan ug bantog
nasaktan ko ba ikaw,did i hurt you,napasakitan ba tika
nahihirapan akong magkonsentreyt,i have difficulty concentrating,naglisod kog konsentrar
pinasabi nila kay ang lahat,they told everything,gipaingon nila kay ang tanan
nagtrabaho nang nagtrabaho sila sa pabrika,worked when they worked in the factory,sila kay nanarbaho ug pag ayo sa pabrika
mamamatay ba ako hindi magpapahinga ka,will i die no you re going to rest,mamatay na ba ko dili mopahulay ka
kailangan mong maghanap ng mas murang alternatibong sangkap kahit na binabasado mo ang reseta mo sa lola mo,you need to find a cheaper alternative ingredient even if you are reading your grandmother s prescription,kinahanglan nimo pangitaon ang usa ka labi ka barato nga kapilian bisan kung nagbasa ka sa reseta sa imong apohan
nalimutan niya ang libro niya sa plasa,he forgot his book in the square,nakalimot siya sa iyang libro sa plaza
may mamantika na amoy ang suot ko dahil kumain ako sa may okonomiyaki,my clothes have a greasy smell because i ate at an okonomiyaki place,adunay ako usa ka malangis nga baho tungod kay ningkaon ako og okonomiyaki
gumagawa siya ng masarap na pitsa,he makes delicious pizza,gabuhat siya ug lami nga pitsa
kung hindi siya pupunta ikaw dapat ang maghalili sa kanya,if he doesn t go you should take his place,kung dili siya moadto kinahanglan nimo siya nga ilisan
ang ibig sabihin mo y kulang ka sa mga syota,you mean you lack sweethearts,buut nimong ipasabut wa kay igo nga uyab
nakita ni si sa telebisyon,saw on television,kakita si kay sa telebisyon
ayos ka ba,are you ok,maayo ra ba ka
sinong nagtuturo sa iyo ng pranses,who teaches you french,kinsay gatudlo ka ninyo ug pranses
mataas ang alon,the waves are high,taas ang mga balud
nagmamadaling kumain ako ng tanghalian,i ate lunch in a hurry,nagdali kong gikaon ang akong paniudto
gawa ang tinapay sa harina tubig at malimit lebadura,bread is made of flour water and often yeast,ang tinapay gihimo gikan sa harina tubig ug kanunay patubo
suot niya y puting sapatos,he is wearing white shoes,nagsul ob siya og puti nga sapatos
may sakit daw siya,he said he was sick,anaa daw siyay sakit
dahan dahan tayong namumulok,we are slowly growing,hinayhinay kami nga madunot
mapolusyon ang hangin sa mamalaking siyudad,the air in big cities is polluted,hugaw ang hangin sa dagkong syudad
di ako nagdududa na babasahin mo ang mga sulat ko,i do not doubt that you will read my letters,wala ako nagduha duha nga basahon nimo ang akong mga sulat
gusto mo bang magluto ng pagkaing hapon,do you want to cook japanese food,ganahan ba ka magluto ug pagkaong hinapon
mas gusto ko ngayon lumabas imbes na nasa bahay,i now prefer going out instead of staying at home,labi nakong ganahan nga mogawas karon kaysa naa sa balay
kanino mo gustong magsalita,who do you want to talk to,kinsa ba imong ganahan maistorya
ibang bayan ay ibang kaugalian,different people have different customs,ang ubang mga lungsod lainlain ang kostumbre
adik siya sa alak,he is addicted to alcohol,naadik siya sa alkohol
binigyan niya ako ng halimbawa,he gave me an example,gihatagan ko niyag ehemplo
hawakan mo ang kamay ko ikaw at ako tayong magkasama y gagawa ng utopiya,hold my hand you and i together we will create utopia,kupti ang akong kamot ikaw ug ako maghiusa kita sa pagbuhat og utopia
ka gulat ko,i m surprised,nakuratan ko
sumama ka sa amin kung gusto mo,come with us if you want,uban ka kanamo kung ganahan ka
may sulatan sa kuwartong ito,there is a letter in this room,adunay sulatanan sa kani nga kwarto
puwede mong kunin ang libro kung mababasa mo,you can get the book if you can read it,mahimo nimong kuhaon ang libro kung makabasa ka
may dumadalaw na ang pangalan ay ono na gustong makita ka,there is a visitor named ono who wants to see you,adunay usa ka bisita nga ang ngalan kay ono nga ganahan makigkita kanimo
isang klaseng dalandan iyon,it s a kind of orange,usa ka klaseng aranghita to
si matias ay galing urugway urugwayano siya,matias is from uruguay he is uruguayan,si matias kay gikan ug urugway urugwayano siya
batang lalaki siyang mga beynte anyos,he is a boy in his twenties,siya usa ka bata nga lalaki nga baynte anyos
batang lalaki siyang mga dalawampung taon,he was a boy about twenty years old,siya usa ka bata nga lalaki nga mga baynte ka tuig
puwede na bang magsimulang kumain ako,can i start eating now,mahimo ba ako magsugod sa pagkaon karon
may binulong siya sa kanya,he whispered something to her,naa siyay gihunghong kaniya
dapat alagaan ninyong mabuti ang ating planeta ang tiyera,you must take good care of our planet tierra,kinahanglan ninyo nga bantayan pag ayo ang atong planeta ang tiyera
dinidilaan ako niyong batang lalaki,you boy is licking me,gidilaan ako sa kana nga bata
mga wika wika ang hilig ko,languages are my passion,mga sinultian ang ganahan ko
ang mag alak ay hindi magaling sa kalusugan,drinking alcohol is not good for health,ang mag alak ay hindi magaling sa kalusugan
sinundan mo ba ang plano mo,did you follow your plan,gisunud ba nimo ang imong plano
kailan tayo kakain gutom na ako,when do we eat i m hungry,kanus a man kita mangaon gigutom na ko
baka makikita natin ang mga pugad ng ibon,we might see bird nests,mahimo naton makita ang mga salag sa langgam
kita ko ang tore sa bahay ko,i can see the tower in my house,nakita ko ang tore sa akong balay
mag ingat ka sa mga mangdudukot,beware of kidnappers,pagbantay sa mga kawatan
gusto kong mag aral sa paris,i want to study in paris,ganahan ko nga magtuon sa paris
tumira siyang mag isa sa bahay kubo,he lived alone in a hut,nag inusara siyang nagpuyo sa payag
siya at siya lamang ang alam ng buong katotohanan,he and only he knows the whole truth,siya ug siya ra ang nakahibalo sa tibuuk nga kamatuoran
dahil talagang malawak ang sansinukob talagang maliit ka,because the universe is really vast you are really small,tungod kay ang uniberso halapad kaayo ikaw gamay kaayo
kaluluwa sabi niya sa akin,soul he told me,kalag gisultihan niya ako
galak sabi niya sa akin,gladly he told me,nalipay gisultihan niya ako
may iba ibang porma ng gobyerno,there are different forms of government,adunay lainlaing mga porma sa gobyerno
napapanot sila sa paghihintay ng gera,they are getting skinny waiting for the war,gikapoy na sila sa pagpaabot sa giyera
hindi nagbibigay ng gatas sa amin ang aming baka,our cow does not give us milk,ang among baka kay dili gahatag sa amo ug gatas
alas nuwebe na sabi niya,it s nine o clock he said,niana siya nga alas nuybe na
ba t ka sumisigaw,why are you shouting,nganong gashagit ka
dyeli ng ubas ang pinakagusto ko,grape dye is my favorite,labing ganahan ko sa parras sa dyeli
inaalila niya ang kaibigan niya,he worries about his friend,giulipon niya ang iyang higala
nagpapakaalila siya sa kaibigan niya,he worshiped his friend,nagpaulipon siya sa iyang higala
bakit mo sinusubukang tumakbo,why are you trying to run,nganong gapaningkamot ka nga modagan
nakakain ka na ba ng hilaw na isda,have you ever eaten raw fish,nakakaon na ba kag hilaw nga isda
titigil ang barko sa yokohama,the ship will stop at yokohama,muhunong ang barko sa yokohama
dumating na ba ang playt,has playt arrived yet,niabot na ba ang playt
nagtatanim ng kamatis ang tiya ko sa hardin niya,my aunt grows tomatoes in her garden,ang akong iyaan nagtanum og kamatis sa iyang tamnanan
kulang ng panggatong,lack of fuel,dili igo ang pangsugnod
may nagpoportuges,someone speaks portuguese,naay gaportuges
nakarating ka na ba sa pransiya,have you been to france,nakaadto ka na ba sa pransiya
kape pa hindi tama na,more coffee no it s okay,mudungag pa kag kape dili igo na kana
gusto kong mag aral magtugtog ng banjo,i want to learn to play the banjo,ganahan ko makakat on motugtog og banjo
paano naiimpluwensiya ng internet ang memorya ng katauhan,how does the internet influence human memory,giunsa makaimpluwensya ang internet sa panumduman sa tawo
nabubo ang lahat ng gatas,all the milk was spilled,ang tanan nga gatas nayabo
hindi dugo iyan betabel iyan,that s not blood that s betabel,dili kana dugo betabel kana
napatulog ako nang klase,i fell asleep in class,nakatulog ko sa klase
magaling si sa ingles,is good at english,maayo kaayo si sa ingles
masuwerte si,was lucky,swerte si
kamusta ang klase mo sa pranses,how was your french class,kumusta ang imong klase sa pranses
mas magaling ang merong bagay kaysa sa wala,something is better than nothing,labing maayo nga adunay butang kay sa wala
hindi oo pala,no yes by the way,dili oo diay
may nagbukas ng pinto,someone opened the door,naay ning abri sa purtahan
ano ang nasa pupitre,what s on the desk,unsa ang naa sa lamesa
isip mo ba y bading siya,do you think he s gay,sa imong hunahuna bayot siya
talagang baduy siya dahil walang moda ang suot,he s really bad because he s wearing no fashion,baduy gyud siya kay wala siya sa uso iyang sanina
isip mo ba y hindi siya tomboy,do you think he is not gay,sa imong hunahuna dili ba siya lakin on
ang klase ng edukasyon pisikal ay obligatoryo para sa lahat,physical education class is mandatory for everyone,kinahanglan ang klase sa pisikal nga edukasyon alang sa tanan
siya ang tawag naming brilyanteng batang lalaki,he is what we call a diamond boy,siya ang gitawag nato nga batang lalaki nga brilyante
di ka makasakay sa kabayo,you can t ride a horse,dili ka kasakay sa kabayo
sabihin mo sa akin kung kailan papara,tell me when to stop,sultihi ko kanus a ka muhunong
natatandaan ko ang,i remember,nahinumdom ko sa
naaalaala ko ang,i remember,nahinumdom ko sa
inaalaala ko ang,i remember,ginahinumdom ko ang
nilasahan ko ang libro niya,i tasted his book,natilawan nako iyang libro
naroon iyon,it was there,anaa na
nagtataka siya sa katangahan niya,he wonders at her stupidity,natingala siya sa iyang kadanghag
dahil takot siya sa teknolohiya para siya talagang babae,because she s afraid of technology she s like a real girl,tungod kay nahadlok siya sa teknolohiya mura gyud siyag babaye
gusto kong magbiyaheng magsarili,i want to travel alone,ganahan ko nga mobiyahe nga mag inusara
anong paborito mong librong,what is your favorite book,unsa ang imong pinalabing libro nga
konting mas malaki sa manok ang terki,a turkey is slightly larger than a chicken,ang terki mas gamay gamay kaysa sa manok
walang makakaalam ng kalahatan,no one can know everything,wala y makahibalo sa kinatibuk an
sarado ang puwerto sa paglalayag,the port is closed to sailing,sirado ang pantalan
hindi importante sa kanya ang relihiyon at hindi siya naniniwala,religion is not important to him and he does not believe,ang relihiyon dili hinungdanon kaniya ug dili siya motuo
ang relihiyon ay libangan lamang ng karamihan,religion is just entertainment for the masses,ang relihiyon usa ka kalingawan ra sa kadaghanan
arte ang relihiyon,religion is art,aryat ang relihiyon
kinaltas ang piknik dahil sa ulan,the picnic was cut short due to rain,nakansela ang piknik tungod sa ulan
nimumulto raw ang hupiter ng iba ibang anito at anino,jupiter is said to be haunted by various forms and shadows,giingon nga gigamhan sa jupiter ang lainlaing mga anino ug anino
di kailanmang nabuhay at parating patay,never lived and always dead,wala nabuhi ug kanunay namatay
may napupuna na ang pangkaramihang hulaping j sa esperanto ay impluwensiya ng griyego o antigong griyego man,some argue that the plural suffix j in esperanto is influenced by greek or ancient greek,talalupangdon nga ang pangkadaghanan nga hulapi j sa esperanto naimpluwensyahan sa greek o karaang greek
gusto niyang tandaan ang buong diksiyunaryong lojban pero alam niyang ilang salita y sapat na,he wanted to memorize the entire lojban dictionary but he knew a few words would be enough,ganahan siya nga hinumdoman ang tibuuk nga diksyonaryo sa lojban apan nahibal an niya nga igo na ang pipila ka mga pulong
nakakain ba ito,is it edible,makaon ba ni
sa tokyo siya pinanganak at lumaki,he was born and raised in tokyo,natawo ug ningdako siya sa tokyo
binigyan namin ng tulak ang awto,we gave the car a push,giduso namo ang awto
bukas ang zipper mo,your zipper is open,abri ang imong zipper
ba t di mo mas maagang sinabi,why didn t you say earlier,ngano wala ka misulti ganiha
hindi raw masarap ang tao sabi ni ebyang tama siya,people are not good ebyang said he is right,dili daw kuno lami ang tawo misulti si ebyang sakto siya
mas marami ang supot sa mundo,there are more bags in the world,adunay daghang mga plastik sa kalibutan
ang realidad ay mukhang iba sa kinabukasan na hinintay natin,the reality looks different from the future we have waited for,kung lantawon ang reyalidad kay lahi sa atong gihulat nga umaabot
kahit na may mga hulaan sa salaysaying makaagham di tayo ngayon lumilipad nang nakaroket sa bakpak ni tayo nagbabakasyon sa buwan ni tayo kumakain nang pilduras ang nilulunok at ni tayo nasasarapan sa luhong walang ginagawa habang gumagawa ng lipunang kayamanan ang mga robot,even if there are predictions in scientific history we are not flying on a rocket on a wing nor are we vacationing on the moon nor are we eating like a pill and we are not enjoying the luxury of doing nothing while robots are creating a wealth society,bisan kung adunay mga panagna sa siyentipikong saysay dili kami karon naglupad mga rocket sa likod sa balay ni magbakasyon sa bulan ni mokaon og mga tabletas nga natulon ug dili kami malipay sa wala y pulos nga kaluho samtang ang mga robot naghimo sa yaman sa katilingban
noong mga dekadang at nang ika dantaon ang isip tungkol sa kinabukasan ng mundo ay mas optimista kaysa sa ngayon,in the s and s of the th century the mind about the future of the world was more optimistic than today,sa mga ug sa ika nga siglo ang paghunahuna bahin sa kaugmaon sa kalibutan labi ka malaumon kaysa karon
gusto na niyang mamatay at lumangoy sa ilog palabas,he wanted to die and swim out of the river,ganahan siya nga mamatay ug maglangoy sa suba pagawas
hindi ko tinatawag kang tanga kahit na parang mas tanga ka,i don t call you stupid even if you seem to be more stupid,dili tika ginatawag nga danghag maski murag labi kang danghag
mas bobo ka yata nitong umaga,i think you are more stupid this morning,murag labi kang bugo karong buntaga
mag aral ka ng gusto mo at huwag kang mainggit,study what you want and don t be jealous,pagtuon sa kung unsa imong ganahan ug ayaw ka sina
naglugaw kami para sa tanghalian,we went for lunch,adunay kami lugaw alang sa paniudto
nag asawa ka at hindi ka na masaya,you got married and you are not happy anymore,minyo ka ug dili na ka malipayon
nakakita ka na ba ng asul na papkorn,have you ever seen blue popcorn,nakita ba nimo ang lunhaw nga papkorn
uminit ang hangin,the air warmed up,ninginit ang hangin
dapat galit siya,he must be angry,kinahanglang masuko siya
kalma at marikit na nayon ang nara,nara is a calm and beautiful village,ang nara usa ka kalma ug matahum nga balangay
malimit akong binabangungot nang nakakatakot,i often have terrible nightmares,kanunay akong ginaurom nga makahadlok
paniwala ko y tumuloy ang dantaong digmaan nang sapat na matagal mas ganap ang sabi masyadong matagal,i think the ancient war has gone on long enough more fully said too long,nagtuo ako nga ang dantaong digmaan nagpadayon igo na ang gidugayon kini giingon nga labi ka hingpit taas kaayo
sino ang titser mo,who is your teacher,kinsa ang imong magtutudlo
nasa erport si,is at the airport,naa sa tugpahanan si
binagyo sa siyudad at nakasira nang maigi,stormed the city and damaged it thoroughly,gibagyo ang syudad ug nakadaot pag ayo
gusto ng mga uwak ang tokyo dahil mas mainit sa siyudad kaysa sa suburbiya at mailaw sa gabi,crows like tokyo because it s warmer in the city than in the suburbs and it s lit up at night,ganahan ang mga uwak sa tokyo tungod kay labi kini kainit sa syudad kaysa sa mga suburbiya ug nagdan ag sa gabii
marikit talaga itong kabundukang tanawin,this mountainous landscape is really beautiful,nindot gyud kini nga panan aw sa bukid
konti lamang ang nag aral ng arteng iyon at siya ay isa sa mga iyon,only a few studied that art and he was one of them,gamay ra ang nagtuon sa arte nga kana ug usa siya sa ila
pakihiram ng libro mo nga plis,borrow your book please,palihog pahuram sa imong libro
anong paborito mong panimpla,what s your favorite seasoning,unsa ang imong pinalabi nga panimpla
dapat mag aral siya ng epistemolohiya at ontolohiya,he should study epistemology and ontology,kinahanglan niya nga tun an ang epistemolohiya at ontolohiya
hanggang may katwiran o ebidensiya hindi natin alam kung totoo ang sinasabi niya,until there is reason or evidence we don t know if what he says is true,hangtud nga adunay hinungdan o ebidensya wala kami mahibal an kung tinuod ang iyang gisulti
totoo ba iyon saan nanggaling ang impormasyon mo,is that true where did your information come from,tinuod na diin gikan ang imong kasayuran
naihayag ba niya talaga ang lahat ng na logogramang kanji,did he really reveal all kanji logograms,gibutyag ba gyud niya ang tanan nga nga logogramang kanji
may seresang namumulaklak sa bawat tabi ng kalyeng iyon,there are cherry blossoms on every side of that street,adunay usa ka tanum nga seresa nga namulak sa matag kilid sa kana nga dalan
ang bahay ko y katabi ng estasyon,my house is next to the station,ang akong balay tupad sa estasyon
anong klaseng libro ang gusto mong meron ka,what kind of book do you wish you had,unsang klase sa libro ang ganahan nimo nga anaa ka
takot ka bang mamatay,are you afraid to die,nahadlok ba kang mamatay
saan puwedeng mamili ng libro,where can i buy books,asa ko makapalit og libro
ngayon sabi niya y hindi iyon pagmamahal,now he says that s not love,karon giingon niya nga dili kini gugma
ngayon sabi niyang hindi iyon pagmamahal,now he says that s not love,karon giingon niya kana dili gugma
gaanong katagal ka nag aaral ng ingles,how long have you been studying english,unsa naka kadugayon nagtuon og ingles
baduy na ang palda mo,your skirt is already loose,wala na sa uso imong palda
nakikita ko ang isang pambihirang bulaklak sa plorera,i see a rare flower in the vase,nakita ko ang usa ka talagsaon nga bulak sa plorera
nakakulong ang isip ninyo kung di ninyo ginagamit ang guni guni,your mind is closed if you don t use your imagination,matanggog ang hunahuna kung di ninyo gamitan ug guni guni
di sapat ang realidad sa karamihan kaya kailangan nila ng guni guni,reality is not enough for most so they need imagination,dili igo ang reyalidad sa kadaghanan busa nanginahanglan sila og guni guni
may bagyo sa baso ng tubig,there is a storm in a glass of water,adunay bagyo sa baso sa tubig
ibibigay mo ba kay kate yung bulaklak,will you give kate the flower,kay kate ba nimo ihatag tong bulak
mayabang na bata siya na ang isip sa kanyang sarili y siya y mas magaling sa ibang lahat,he is an arrogant boy who thinks to himself that he is better than everyone else,siya usa ka mapahitas on nga bata nga naghunahuna nga siya labing maayo kay sa uban
nag aral ako ng tenis nang kasama ang kapatid ko,i studied tennis with my brother,nagtuon ako kauban akong igsoon og tenis
pluwent siya sa ingles,he is fluent in english,larino siya sa ingles
mas gusto mo ba ang mansanas o ang peras,do you prefer the apple or the pear,gipalabi ba nimo ang mansanas o ang peras
pasko ang hinihintay ng mga tagakanluran,westerners wait for christmas,naghulat ang mga taga kasadpan alang sa pasko
sa hapon parang kapistahan ni san balentino ang pasko,in japan christmas is like the festival of san balentino,sa hapon murag piyesta ni san balentino ang pasko
sa hapon ang ika ng disyembre y parang ika ng pebrero,in japan december th is like february th,sa hapon ang ika sa disyembre kay murag ika sa pebrero
kung minsan ang tatoeba y parang si eliza yung sikayatris na kompyuter,at times tatoeba is like eliza the psychiatric computer,usahay ang tatoeba y murag si eliza katong sikayatris na kompyuter
kung gusto mong magsalita magsalita ka,if you want to talk talk,kung ganahan ka muistorya pagistorya
iyong relihiyon ang iyong wika,your religion is your language,ang imong relihiyon kay mao imong sinultian
pakihiram nga ng kulay rosas na pangsulat mo,can i borrow your pink pen,palihog pahuram sa imog pangsulat nga kolor rosas
di nila naiintindihan ang sinusulat mo,they don t understand what you write,dili nila masabtan imong sinulatan
mahangin,windy,kahangin
gusto mong maghapunan tayong magkasama sa wik end,do you want to have dinner together at the weekend,ganahan ba ka nga magdungan kitag panihapon sa katapusan sa semana
tawagan mo ako kung gusto mo,call me if you want,tawagi ko kung ganahan ka
desperado ka na kung talagang gusto mo ang interlingua mag aral ka,you are desperate if you really like interlingua study it,desperado naka kung ganahan gyud ka og interlingua pagtuon
di mas magaling ang pangit na ispeling,ugly spelling is no better,dili maayo ang dili maayo nga pagtitik
di makamatematika ang pangit na ispeling,ugly spelling can t do math,dili maayo nga matematika ang dili maayo nga pagtitik
tarantado ka,you re confused,langas ka
gago ka,you are dumb,buang buang ka
tanga ka,you fool,danghag ka
bobo ka,you are stupid,bogo ka
buwisit ka,you sweat,bwisit ka
malungkot kayo dahil magpapasko na,you are sad because it is christmas,naguol ka tungod kay muabutay na ang pasko
umiinom ng gamot ang lolo ko araw araw,my grandfather takes medicine every day,gatumar ug tambal akong apohan adlaw adlaw
ang pagkaing ekmek ba y griyego o turko,is ekmek food greek or turkish,ang pagkaong ekmek ba kay griyego o turko
matututo akong magustuhan itong mapait na buhay,i will learn to love this bitter life,makat onan ko ang paghigugma sa mapait nga kinabuhi
narapatan akong alisin ang duda ko tungkol doon,i had to clear my doubts about that,kinahanglan kong tangtangon ang akong pagduhaduha bahin niana
may nakatrak na kamuntik nang namatay sa lamig sa kalye,someone in a truck almost died from the cold on the street,adunay hapit mamatay sa katugnaw sa dalan
naging tamad na kayo,you guys have been lazy,nahimo na mong tapulan
anong ginagawa mo diyan nagtitibi lamang,what are you doing there just hanging around,unsa imong ginabuhat dira galantaw rag t v
ayaw ninyong gamitin ang ulo ninyo,you don t want to use your head,dili mo ganahan gamiton inyong mga ulo
parang malagnaw na sopas ang nasa ulo mo,your head feels like lukewarm soup,murag nipis nga sopas ang anaa sa imong ulo
namihasa kayong parang parating aburido sa buhay,you have practiced as if you are always bored in life,naanad ka nga kanunay abusado sa kinabuhi
parati kayong humihithit ng damo,you always smoke weed,kanunay kamong gapanigarilyo og sagbot
maraming mga adik sa mundo ngayon,there are many addicts in the world today,daghag adik sa kalibutan
talagang malungkot kayo,you are really sad,naguol gyud kamo
parang walang kuwenta ang mga kultura ninyo,your cultures seem insignificant,murag walay hinungdanon ang inyong kultura
parati kang inuutusan kaya ganyan ang isip mo,you are always being ordered so you think like that,kanunay kang ginasugo busa ingon niana ang imong gihunahuna
isip ng alila iyan,that s a maid s mind,paghunahuna kana sa usa ka ulipon
nakakulambo silang magdamag sa gabi,they sleep all night long,nagkulambo sila tibuok gabii
takot sila sa mga anito at anino sa gabi,they are afraid of shadows and shadows at night,mahadlok sila sa mga anito ug anino sa gabii
naniniwala sila sa mga tikbalang sa gabi,they believe in night visions,nagatuo sila sa tikbalang sa gabii
naniniwala ba sila sa mga manananggal sa bukid,do they believe in harvesters,gatuo ba sila sa mga manananggal sa bukid
mas masarap daw kainin ang tumbong ng niyog,it is said that it is better to eat the rectum of the coconut,giingon nga mas maayo nga kaonon ang lubi
lingming siya,he is lingming,nagdugay siya
magulo ang isip,the mind is confused,naglibog ang hunahuna
masarap daw sa kanya talaga ang nilupak,he said that the clay was really good for him,giingon niya nga lami gyud ang nilupak
sa gabi yumuyugyog ang mga puno at may mga paniki sa langit,at night the trees sway and there are bats in the sky,sa gabii ang mga kahoy nangauyog ug adunay mga kabog sa langit
magaspang ang balat niya dahil sa mga taong nagtrabaho siya sa labas,his skin was rough because of the people he worked with outside,magahi ang iyang panit tungod sa mga tuig nga mitrabaho siya sa gawas
ludwig ang pangalan ko,my name is ludwig,ludwig ang akong ngalan
natakot ang tao,the man was afraid,nahadlok ang tawo
nakikinig ka ba sa akin,are you listening to me,naminaw ba ka sa ako
meron akong di higit nang sampung libro,i have no more than ten books,wala koy sobra sa napulo nga libro
labas akong buong araw,i m out all day,ninggawas ko tibuok adlaw
ang munting pusa ko y nawala nang isang linggo na,my little cat has been missing for a week,ang akong gamay nga iring nawala sa usa na ka semana
huwag mo nang hawakan itong bote kailanman,never touch this bottle again,ayaw na gyud ni guniti ning botelya
nagbubus ako papuntang paaralan,i go to school,gasakay kog bus padulong sa eskuylahan
nagkamali kong dinala ang payong niya,i brought his umbrella by mistake,nasayop ako nga gidala iyang payong
gumagawa siya ng kanyang sariling mga damit,she makes her own clothes,gabuhat siyag kaugalingon niyang sanina
siya ang pinakahuling taong nagsinungaling,he was the last person to lie,siya ang katapusang tawo nga namakak
dapat lumabas ako,i should go out,kinahanglang nigawas ko
ipakikita ko sa iyo ang lugar na puwede pang makahinga ang tao,i will show you the place where people can still breathe,ipakita ko kanimo ang usa ka lugar diin makaginhawa pa ang mga tawo
merong ka bang dapat itago,do you have something to hide,aduna ka bay kanunay itago
oras mo nang matulog,it s time for you to sleep,oras na aron ikaw matug
may sakit ka sa ulo mo,you have a headache,anaa kay sakit sa ulo
anumang nangyari ay nangyari na,whatever happened has happened,kung unsa man ang nahitabo nahitabo na
nakakapagod ang lengguwahe mo,your language is tiring,kapoy ang imong sinultian
parati kang masyadong seryoso sa mga bagay,you always take things too seriously,kanunay kang seryoso sa mga butang
meron ka bang bagay na maiririport,do you have something to report,aduna ka bay ireport
kailangan ninyo ng bitamina para mas malusog ang isip ninyo,you need vitamins to keep your mind healthy,kinahanglan ninyo ang mga bitamina aron mas himsog ang inyong hunahuna
ngayon maulap ulap ang langit,today the sky is overcast,karon madag umon ang langit
ang problema ng isip mo ay baka bagay na pisika,the problem with your mind may be a matter of physics,ang problema sa imong hunahuna angay sa pisika
sira ang ulo mo talaga,you re really out of your mind,nabuang gyud ka
di ako takot sa iyo,i m not afraid of you,wala ko nahadlok nimo
mabuti pang magpatingin ka sa espesyalista,better see a specialist,maayo pag magpatan aw kag espesyalista
nahihilo ka sa pagbabasa ng wika mo,you get dizzy reading your language,nalipong nakog basa sa imong sinultian
sa makatuwid nanirahan sila rito nang buong taglamig,in fact they lived here all winter,sa ato pa nagpuyo sila dinhi sa tibuok tingtugnaw
puro tao at mga relasyon ng tao ang pinag uusapan ninyo,you are talking about people and human relationships,tanan gihisgutan ninyo kay bahin sa mga tawo ug relasyon sa tawo
akala mo y maikli ang buhay mo dahil parang amerikano ka,you think your life is short because you look like an american,sa imong hunahuna mubu ang imong kinabuhi tungod kay ikaw ingon usa ka amerikano
sa langit napakaraming bituwin na di ko mabilang lahat,in the sky there are so many stars that i can t count them all,sa langit daghang mga bituon nga dili nako maihap ang tanan
naaalaala mo ba itong laro,do you remember this game,kahinumdom pa ka aning dula a
ang gera ay nasa isip mo lamang,the war is only in your mind,ang giyera naa ra sa imong hunahuna
huwag mong iguhit ang buhay mo sa paghihintay ng gera,don t draw your life in anticipation of war,ayaw idibuho imong kinabuhi sa paghulat ug gira
meron siyang buslong puno ng istroberi,he has a bush full of strawberries,adunay siya usa ka sapinit nga puno ug istroberi
ang tunay na kalikasan ng planetang alpha centauri bb ay mahiwaga pa,the true nature of the planet alpha centauri bb is still mysterious,ang tinuud nga kinaiya sa planeta nga alpha centauri bb misteryoso gihapon
ang planetang alpha centauri bb ay sinag taon mula sa ating mundo,the planet alpha centauri bb is light years from our earth,ang planeta nga alpha centauri bb naa sa edad nga gikan sa atong kalibutan
kung gagamitin ang ating teknolohiya ngayon taon ang pangkalikol daraan hanggang sa planetang alpha centauri bb,if we use our technology today it will take years to reach the planet alpha centauri bb,kung gamiton naton ang aton teknolohiya karon ka tuig ang molabay hangtod sa planeta nga alpha centauri bb
tumitira tayo sa isang lipunan di lamang sa isang ekonomiya,we live in a society not just an economy,nagpuyo kita sa usa ka sosyedad dili ra usa ka ekonomiya
nakapaglaro ka na ba ng beysbol,have you ever played baseball,nakadula na ba kag beysbol
gumagawa ng mga buslo sa malapit,makes a mess nearby,naghimo og sapinit sa duol
ang lokasyon ng notorious na aso ni ay hindi niya malaman,the location of s notorious dog is unknown to him,ang lokasyon sa bantog nga iro ni kay wala niya hibal an
kailangan kung gamitin ang dictionary,it is necessary to use the dictionary,kinahanglan nga mogamit diksyonaryo
si ay isang bampira,is a vampire,si kay usa ka bampira
mukhang kailangan ng pusa ang tubig,the cat seems to need the water,murag nanginahanglag tubig ang iring
matagal din tayo hindi nagkita,long time no see,dugay pud ta wala nagkita
bakit palagi nalang si ang nakikita ninyo,why do you always see,nganong permi nalang si inyong makita
mainit ang tsa,the tea is hot,init ang tsa
ganoong kainit ang tsa na di ko mainom,the tea was so hot that i couldn t drink it,init kaayo ang tsaa nga dili ako makainum
ganyak akong narito,that s why i m here,nadani ko nga ania dinhi
napapangitan siya,he was disfigured,nangil adan siya
ikuwekuwento ko sa iyo,i will tell you a story,isulti ko kanimo
sinabi niya sa akin kung saan mamalengke,he told me where to shop,giingnan ko niya asa ko mamalit
umulan buong araw kahapon,it rained all day yesterday,nag ulan tibuok adlaw kagahapon
pumarini ka agad,come now,anhi diri karon dayon
ngumiti siyang malapad sa amin,he smiled broadly at us,ningisi siyag lapad sa amo
uminom siyang deretso galing sa bote,he drank straight from the bottle,miinom siya diretso sa botelya
nagbubus akong paeskuwela,i study hard,gasakay ko ug bus padulong eskuylahan
ayos ba iyon,is that okay,insakto ra ba
huwag pong magsalita nang napakabilis,don t speak too fast,ayaw pagdalig sulti
ang wika y pintura ng ating mga ideya,language is the paint of our ideas,ang sinultian mao ang pintura sa among mga ideya
gusto mong mag aral ng wikang iyon para pangpantasya,you want to learn that language for fantasy,ganahan ka nga tun an ang kana nga sinultian alang sa imong ibog ibog
gusto ni ng kape,wants coffee,ganahan si og kape
nalilito ka kay jane at ang kapatid niya,you are confusing jane and her sister,naglibog ka kay jane ug sa iyang igsoon
napunta ako sa parehong eskuwela ni kenji,i went to the same school as kenji,nag eskuyla ako sa parehas nga eskuylahan ni kenji
may sekretong daan sa aking isip papunta sa aking kabataan,there is a secret path in my mind to my youth,adunay usa ka sikreto nga agianan sa akong hunahuna hangtod sa akong pagkabatan on
bawat bagong lengguwahe y parang laro,every new language is like a game,ang matag bag ong sinultian sama sa usa ka dula
may tatlong bituwin ang alpha centauri a b at c sila,alpha centauri has three stars they are a b and c,ang alpha centauri adunay tulo ka mga bituon a b ug c sila na
ang salitang planeta ay galing sa antigong griyego para sa lumalaboy,the word planet comes from the ancient greek for wanderer,ang pulong nga planeta naggikan sa karaang griyego alang sa maglatagaw
alam kong matalino ka,i know you re smart,kabalo ko nga utokan ka
kailangan mong magpagupit ng buhok,you need a haircut,kinahanglan na nimo magpaputol ug buhok
alam mong mali iyon,you know that s wrong,alam mong mali iyon
kita mo ba ang libro,do you see the book,kita ka atong libro
kailangan mong sumipag,you have to work hard,kinahanglan nimo mukugi
di ako makakain ng hilaw na itlog kailangang lutuin,i can t eat raw eggs must be cooked,dili ako makakaon og hilaw nga itlog kinahanglan nga magluto
di na umiiyak ang beybi,the baby is not crying anymore,wala na naghilak ang bata
matalinong bata siya talaga,he s a smart kid really,siya usa ka maalamon nga bata gyud
lumangoy kami sa dagat,we swam in the sea,nilangoy kami sa dagat
ano ito pala ang nata de coco na pinag uusapan ng lahat,what this is the nata de coco that everyone is talking about,unsa kini diay ang nata de coco nga gihisgutan sa tanan
may welga,there is a strike,adunay welga
anong oras darating itong tren sa yokohama,what time does this train arrive in yokohama,unsang orasa moabot ang kini nga tren sa yokohama
pinili ni na tumira sa boston,chose to live in boston,gipili ni nga magpuyo sa boston
malimit siyang magpraktis magpiyano,he often practices playing the piano,malimit siyang magpraktis magpiyano
pumunta ako sa supermarket,i went to the supermarket,miadto kog merkado
tinadtad ang mga puno hindi lahat sa katabi ng daan,chopped down the trees not all next to the road,ang mga punoan gipamutol dili tanan sa daplin sa dalan
ginagamit ng maraming maraming tao,used by many people,ginagamit sa kadaghanang tawo
panahon na ito ng akwaryo,it s aquarius season,kini ang oras sa akwaryo
sasama ka ba sa akin sa ilog,will you come with me to the river,muuban ba ka nako sa sapa
medyo nawala ako sa gubat,i m a little lost in the jungle,medyo nasaag ko sa lasang
meron kaming apat na koneho at isa sa kanila y nangangagat,we have four rabbits and one of them bites,adunay kami upat ka mga ug ang usa niini mopaak
dapat huwag isindi ang plantsa kaldero at hiter nang magkasabay,the iron pot and heater should not be lit at the same time,dili maayo nga sindihan og sabaysabay ang plantsa kaldero og hitter
napanggabi kami sa kubo sa bundok,we spent the night at the mountain hut,nagpalabay kami sa gabii sa usa ka payag sa bukid
pumunta siya sa tindahan,he went to the store,niadto siya sa tindahan
matagal maluto itong mga gulay,these vegetables take a long time to cook,ang kini nga mga utanon dugay lutuon
tanghali na kaya patayin mo ang telebisyon,it s noon so turn off the television,udto na busa patya ang telebisyon
di importante ang sinabi niya,what he said is not important,wala y hinungdan ang gisulti niya
pakikuwento ulit sa akin nga,please tell me again yes,palihug isulti sa ako balik
kung matatagumpay siya o hindi ay depende sa kanyang kalusugan,whether he succeeds or not depends on his health,ang iyang paglampos o dili nagsalig sa iyang kahimsog
sa tabi ng mesa ay isa lamang na silya,next to the table is only one chair,sunod sa lamesa usa ra ka lingkuranan
sasamahan kita,i will accompany you,ubanan tika
inahit niya ang kanyang kilikili,he shaved his armpits,gikiskisan niya ang iyang ilok
ang paghinga lamang ay hindi kabuhayan,breathing alone is not sustenance,ang pagginhawa ra dili panginabuhian
mahaba ang buhok niya noong lumipas na taon,she had long hair last year,mas taas ang iyang buhok pagkahuman sa usa ka tuig
nakatira ba ang kapatid mo roon,does your brother live there,didto ba nagpuyo imong igsoon
sumisinag ang araw nang maliwanag,the sun is shining brightly,ang adlaw nagasidlak og hayag
humahaginit ang mga bubuyog sa paligid ng anila,the bees buzz around them,nagdagan ang mga putyokan sa palibot sa anila
di posible ito,this is not possible,dili kini mahimo
talagang maraming tao y kilala siya,really many people know him,tinuod daghang mga tawo ang nakaila kaniya
hanggang sa tuhod siya nang isnow,he was knee deep in snow,ang isnow kay hantod tuhod
ang lakas ng hangin,the force of the wind,kusog ang hangin
kumuha ka ng keyk kung gusto mo,get a cake if you want,pagkuha og keyk kung ganahan nimo
madaling kotsehin sa parke,easy parking in the park,dali nga magmaneho sa parke
nagbiyahe siya sa europa,he traveled to europe,ningbiyahe siya sa europa
walang anuman doon,there is nothing there,way sapayan ngadto
magaling siyang maggitara,he plays the guitar well,hawud siya mugitara
bihira naman,it s rare,usahay ra
anong tawag sa bulaklak na ito,what is the name of this flower,unsa may tawag ani nga bulak
takot ka sa agham dahil parang babae ka,you are afraid of science because you look like a girl,nahadlok ka sa syensya tungod kay murag babaye ka
sino talaga ang mas pobre sa atin,who is really poorer among us,kinsa man gyud ang labing kabus kaysa kanato
anong nangyari at iniisip mo na ang pera,what happened and you re thinking about money,unsa ang nahitabo ug gihunahuna nimo ang bahin sa salapi
ngumiti,smile,ningisi
karaniwang nasa kama na ako nang alas nuwebe,i m usually in bed by nine o clock,kasagaran naa ako sa kama sa alas nuybe
magandang hapon,good afternoon,maayong hapon
mabuti naman salamat,it s fine thank you,maayo salamat
anong pangalan mo,what is your name,unsa imong ngalan
ang pangalan ko ay si,my name is,ang akong ngalan
taga saan ka,where are you from,taga diin ka
kinagagalak kitang makilala,nice to meet you,nalipay ko nga nakaila tika
walang anuman,nothing,way sapayan
nakakatuwa ang mag ingles,english is fun,makalingaw ang pag ingles
mabuti naman at ikaw,good and you,maayo man ug ikaw
kamusta ka,how are you,kumusta ka
magpapapkorn ba tayo,shall we have popcorn,magapkorn ba ta
ang opinyon ay yaong bagay na magrarason ako kung bakit lahat ng daigdig ay dapat mag isip ng aking pag iisip,opinion is that thing that i will reason why all the world should think my thinking,opinyon ang maong butang nga naghimo kanako nga katarungan ngano nga ang tibuuk kalibutan kinahanglan maghunahuna sa akong hunahuna
muling magkikita tayo bukas,we will meet again tomorrow,magkita ta ugma
huwag mong pag usapan ang ganyang bagay,don t talk about such things,ayaw pagsulti bahin sa mga butang nga ingon niana
ito y litrato ng erport,this is a photo of the airport,kini litrato sa tugpahanan
kabalastugan ang sinasabi mo kaibigan ko,you re talking nonsense my friend,ang imong gisulti wala y pulos higala
parang babae rin sila di ba,they look like women too don t they,murag babaye pud sila dili ba
alam mong eksperto ako at ulol ka,you know i m an expert and you re crazy,nahibal an nimo nga eksperto ako ug nabuang ka
nagraradyo ako pagkatapos ng hapunan,i do radio after dinner,radyo ko pagkahuman sa panihapon
mabait siyang tao,he is a kind person,but an siyang pagka tawo
pakilaksan ang pagsasalita nga,cheers to speech indeed,palihug kusgi ang pagsulti
nabuhay ang kuwentong dumaraan nang tao tao,the story passed from person to person came to life,nabuhi ang istorya sa mga niaging mga tawo
puro usap ng babae ang gusto nila,all they want is women s talk,kanunay istoryang babaye ang ganahan nila
talagang parang babae sila di ba,they really do look like girls don t they,murag babaye gyud sila dili ba
parang tagabukid pa kayo,you seem to be from the countryside,murag tagabukid gihapon mo
may mga napapagod na,some are tired,naa nay mga gikapoy
naging diyaryong dayuhan na,it has become a foreign newspaper,nahimo ning mantalaan nga langyaw
hindi,nope,dili
hinahanap ko ang aking sariling katotohanan,i m looking for my own truth,nangita ako alang sa akong kaugalingon nga kamatuoran
ang ayskrim na stracciatella ay wala kundi ordinaryong ayskrim na may mga tipak ng tsokolate,stracciatella ice cream is nothing but ordinary ice cream with chocolate chunks,ang ayskrim nga stracciatella kay wala y lain kundi ang yano nga ice cream nga adunay mga tipak nga tsokolate
magaling maghapon si ginoong brown,have a good day mr brown,hawud mag hinapon si mister brown
tumulog ka nang konti ayos ba,get some sleep okay,katulog gamay mamaayo ba
di ko siya nakita,i didn t see him,wala nako siya nakita
parati kang takot dahil parang babae ka,you are always afraid because you look like a girl,kanunay ka nahadlok tungod kay ikaw muarg babaye
puro babae ang mga estudyante,the students are mostly women,pulos babaye ang mga estudyante
ano ba t parang wala ka nang pamilya,what is it like you don t have a family anymore,nganong murag wala nakay pamilya
mayabang ka dahil parang tinatapakan ka araw araw,you are arrogant because you seem to be trampled on every day,mapahitas on ka tungod kay ginayatakan ka adlaw adlaw
akala mo t ng iba y tao ako,you thought i was a human being,abi nimo nga lahing tawo ko
mag ingles ka dahil talagang marunong ka,speak english because you really know how,pag ingles kay maalamon ka
talagang magaling kang mag ingles sige mag ingles ka,you speak english really well go ahead speak english,maayo gyud ka mag ingles sige pagsulti og ingles
naiyak ka dahil hindi ka nagbabati,you cried because you didn t congratulate,naghilak ka tungod kay wala ka mangumusta
magbati ka para hindi na umiyak nang ganyan,congratulate yourself so you don t cry like that anymore,mobati ka aron dili na muhilak ug ingana
puwede ba sa akin ang papel na sako,can i have a paper bag,mahimo ba na ako ang papel nga sako
pati ang relihiyon mo y babae,even your religion is female,asta imong relihiyon kay babaye
anong kulay ng keyk ang gusto mo,what color cake do you want,unsang kolor sa keyk ang imong ganahan
nagbuhos si ng inumin para sa sarili niya,poured himself a drink,gibubo ni ang ilimnon alang sa iyang kaugalingon
bago ba itong awto,is this a new car,bag o ba ning awto
puwede akong magbago,i can change,mamahimo akong magbag o
ayaw kitang magbago,i don t want you to change,dili ko ganahan nga magbag o ka
puwede akong magpalit,i can change,mamahimo akong mupalit
ayaw kitang magpalit,i don t want to change you,dili ko ganahan nga magpuli ka
puwede mo bang patayin ang ilaw,could you turn off the light,mamahimo ba nimong patyon ang suga
sa kapatagan tumataas ang bundok,in the plain rises the mountain,sa kapatagan mutaas ang bukid
alin ang libro mo ito o iyon,which is your book this or that,hain ang imong libro kini o kana
nirerespeto ni kay ang lahat kundi ang sarili niya,kay respects everyone but herself,girespetohan ni kay ang tanan gawas sa iyang kaugalingon
ilang bangka y naglalayag sa lawa,some boats are sailing on the lake,ang pila ka mga bangka naglawig sa lanaw
alin ang kay taro,which is taro s,asa ang kay taro
dati bukas ang teatro nang sabado man,in the past the theater was open on saturdays as well,kaniadto abli ang teatro matag sabado
gaanong katagal ka sa kyoto,how long are you in kyoto,unsa ka kadugayaon sa kyoto
nauuhaw kayo,you are thirsty,giuhaw mo
pumarini siya para sunduin ako,he came to pick me up,niadto siya para sunduon ko
ihahatid ka namin hanggang sa erport ng isla,we will take you to the island s airport,dad on ka namon sa tugpahanan sa isla
di ako ang kaaway ninyo,i am not your enemy,dili ako imong kaaway
sira na ang ulo mo dahil lahat ay naging trabaho lamang,your head is broken because everything is just work,naguba imong ulo tungod lang sa trabaho
nabibihasa kang iyak nang iyak araw araw dahil wala kang sekso,you get used to crying every day because you don t have sex,naanad ka nga maghilak adlaw adlaw tungod kay wala ka makigsekso
maitim na ang isip at puso mo,your mind and heart are dark,ngitngit ang imong hunahuna ug kasingkasing
takot kayo sa pusa dahil matahimik siya at parang mas matalino,you are afraid of the cat because it is quiet and seems to be smarter,nahadlok mo sa iring kay hilum siya ug ingon mas utokan
di siya naniniwalang may taong nakarating na sa buwan,he does not believe that someone has reached the moon,dili siya mutuo nga adunay nakaabut sa bulan
nagsinungaling silang nakarating na sila sa buwan,they lied that they had reached the moon,namakak sila nga nakaabot sila sa bulan
binigay niya ang buhay niya para sa kanyang bansa,he gave his life for his country,gihatag niya ang iyang kinabuhi alang sa iyang nasud
naihian sila ng mga pusa,cats peed on them,ang mga iring nangihi saila
pinutol niya nang dalawang metro ang pantali,he cut the cord by two meters,giputol niya ang higot sa duha ka metro
may pera ka ba sa iyo,do you have money with you,adunay ka ba salapi uban kanimo
talagang wala kang seksong aktibidad dahil iyak ka pa nang iyak,you really have no sexual activity because you are still crying,wala gyud ka sekswal nga kalihokan tungod kay naghilak ka pa
ikaw nga ang mas parang babae sa atin,you are the most feminine of us,ikaw ang labing pagkababaye sa amon
mas magaling ba ang mayabang,is arrogant better,labing maayo ba ang arogante
talagang kanluranin ang mga isip mo,your thoughts are really western,nakatundan gyud ang imong hunahuna
narito ang lihim ko,here s my secret,ania ang akong sekreto
napakasimple nito sa pamamagitan lamang ng puso makakakitang mabuti,it is very simple only through the heart can one see well,kini yano kaayo pinaagi sa kasingkasing ra nimo makita ang maayo
hindi kita ng mata ang pinakapuso ng mga bagay,the heart of things cannot be seen with the eyes,dili ko makita ang kasingkasing sa mga butang
naghubad si tony at ipinanglinis niya ang syert niya sa piyano,tony undressed and cleaned his shirt on the piano,naghubo si tony ug gilimpyohan ang iyang piano gamit iyang sanina
pakibukas ng balutan nga,unwrap please,palihug ablihi
nakatira siya nang sarili sa gubat,he lives alone in the forest,nakapuyo siya nga nag inusara sa kalasangan
puwede ba akong maglaro pagkatapos basahin itong libro,can i play after reading this book,mamahimo ba nga ako magdula paghuman nakog basa niining libro
di kita maintindihan,i don t understand you,dili tika masabtan
di makaingles ang mga magulang ko,my parents don t speak english,dili makasulti ug ingles ang akong ginikanan
dito y may restawran na kinakainan kong malimit,there is a restaurant here that i often eat at,adunay usa ka restawran dinhi nga kanunay nako ginakaonan
may ulam ba sa pagkain mo,is there a dish in your meal,aduna bay sud an sa imong pagkaon
siya y taong maaasahan,he is a reliable person,masaligan siya nga tawo
di ba malinaw na,isn t it clear,dili ba kana tin aw
magpalipad tayo ng mga saranggola,let s fly kites,magpalupad kita og tabanog
sinong nakatira sa bahay na iyon,who lives in that house,kinsa ang nagpuyo anang balaya
kaibigan ka ni di ba,you re friends with aren t you,higala ka ni dili ba
paano sinasabi ang mansanas sa wika mo,how do you say apple in your language,ginaunsa pagingon ang mansanas sa imong sinultian
nakakatuwa ang magbasa ng libro,reading a book is fun,makalingaw ang magbasa og libro
iniihaw ang karne,the meat is grilled,ginaihaw ang karne
mas gusto mo ba ang karne o ang isda,do you prefer meat or fish,labing ganahan ba nimo ang karne o ang isda
bumili ako ng isang picasso,i bought a picasso,ningpalit kog usa ka picasso
ang andorra ay isang maliit na prinsipalidad sa pag itan ng espanya at pransiya,andorra is a small principality between spain and france,ang andorra usa ka gamay nga prinsipyo taliwala sa espanya ug pransya
gusto mo ba ng isang tasang gatas,would you like a cup of milk,ganahan ba ka og usa ka tasa nga gatas
di ko sinadya,i didn t mean to,wala ko kini tuyua
palagi kaming nagdadaos ng pista para sa kaarawan niya,we always have a party for his birthday,permi mi gasaulog og pista alang sa iyang adlawng natawhan
parati kayong naiyak,you always cried,kanunay kamo mohilak
bakit ba,why,ngano man
kailangan ninyo ang doktor sa utak kaya,you need the brain doctor right,kinahanglan ninyo og usa ka doktor sa utok dili ba
ang problema ninyo ay hindi lamang sa sekso,your problem is not only about sex,ang inyong suliran kay dili lang mahitungod sa seks
akala ninyo y napakatanda na ninyo,you thought you were too old,sa inyong hunahuna tigulang na kaayo kamo
aburido kayo dahil kulang kayo sa mga pantasya,you are boring because you lack fantasies,aburido kamo tungod kulang kamo ug alilang
ba t ba gusto mong diskusyonin ang relihiyon,why do you want to discuss religion,nganong ganahan ka hisgutan ang mga relihiyon
huwag na kayong maniwala sa mga relihiyon,don t believe in religions anymore,hunong na kamo sa pagsalig sa mga relihiyon
gusto kong sabihin mo ang iniisip mo,i want you to say what you think,ganahan ko nga isulti nimo kung unsa imong gihunahuna
magdrayb tayo hanggang dagat,let s drive to the sea,magdrayb kita padung sa dagat
ang relihiyon ay arte hindi agham,religion is an art not a science,aryat ra ang relihiyon dili siyensiya
alam ninyong kababaihan ang ginagawa nila,you women know what they are doing,nahibal an ninyo nga pangbabaye ang ilang ginabuhat
may sakit ang wika mo,your language is sick,naay sakit ang imong sinultian
bumalik kayo ritong tumatakbo,come back here running,ningbalik mo nganhi diri nga nagdagan
kumain ka ng anumang gusto mo,eat whatever you want,kaon og bisan unsa nga ganahan nimo
maraming luku luko sa aklatan,there are many tricks in the library,adunay daghang buang sa laybrari
saan iyon nangyari,where did that happen,diin kana nahitabo
pinangako niyang bantayan iyon para sa sarili niya,he promised to look after it for himself,nagsaad siya nga itago kini sa iyang kaugalingon
ito ang sikreto ko,this is my secret,kini ang akong sekreto
talagang simple walang makakitang magaling kundi sa puso,really simple no one sees good except in the heart,yano ra gyud walay maayo tan awon bisan sa kasingkasing
ang pinakaimportante ay di makita ng mata,the most important thing is invisible to the eye,ang labing hinungdanon nga butang dili makita sa mata
trangkilidad sa diwa ang nakukuha kung di na umaasa,peace of mind is obtained by not relying,kalinaw sa espiritu ang makuha kung dili na musalig
wala akong kotse,i don t have a car,wala koy kotse
wala akong awto,i don t have a car,wala koy awto
talagang mga kanluranin ang mga iniisip ninyo parang kulungan,your thoughts are really western it s like a prison,kasadpan gyud ang imong hunahuna kini sama sa prisohan
nagiging babae ang bansa mo,your country is becoming a woman,nahimong babaye ang imong nasod
pulos babaye ang akong kaistorya dinhi,my interlocutor here is purely female,pulos babaye ang akong kaistroya dinhi
noon pang na alam kong mga sira ulo ang mga nasa internet,it was that i knew people on the internet were crazy,sauna pang na nahibal an kong buang ang mga naa sa internet
mas maliligayahan ang tatay ko kung ako y maging propesor,my father will be happier if i become a professor,mas mahimung malipayon ang akong amahan kung mahimo akong usa ka propesor
wala ang katulad ng kumain ng tsokolate sa umaga binibigyan ako ng magaling na pakiramdam nang buong araw,there is nothing like eating chocolate in the morning gives me a good feeling all day,wala y sama sa pagkaon sa tsokolate sa buntag naghatag kanako usa ka maayong pagbati sa tibuok adlaw
nag aral siya ng ekonomika sa unibersidad,he studied economics at university,nagtuon siya og ekonomiya sa unibersidad
iniinom ko ang sopas deretsong galing sa mangkok ganoon ang hapon,i drink the soup straight from the bowl japan is like that,giinom nako ang sabaw diretso gikan sa panaksan ingon niana ang japan
masarap itong sariwang hilaw na isda,this fresh raw fish is delicious,kini usa ka lamian nga lab as nga hilaw nga isda
di mabibili ang kaligayahan,happiness cannot be bought,dili mapalit ang kalipayon
walang laman ang latang kahon,the tin box is empty,wala y sulod ang lata nga kahon
matapang siyang tumirang magsarili sa desyerto,he bravely lived on his own in the desert,maisugon siya nga nagpuyo nga nag inusara sa disyerto
umasa tayong aandar siya,let s hope he works,naghinaot kita nga moandar siya
akala mo y naging nigro ka,you thought you were a nigger,nagtuo ka nga nahimo kang nigro
may isip ng alila ka parang nigro ka,you have the mind of a slave you look like a nigger,aduna kay hunahuna sa usa ka ulipon mura kag nigro
parang patay ka na dahil ayaw mo nang magtrabaho,it s like you re dead because you don t want to work anymore,mura ka ug patay na kay dili naka ganahan magtrabaho
takot ka sa diyos mo kaya nerbiyoso ka,you are afraid of your god so you are nervous,hadlok ka sa imong ginoo busa gikulbaan ka
naging nigro ka na talaga,you really have become a nigger,nahimo na gyud ka og nigro
nagbuntis si noong edad nang na taon,became pregnant at the age of years,naburos si sa edad nga
higit nang pitong milyon ang nagsasalita ng pranses ng quebec,quebec s french speakers are over seven million,labaw sa pito ka milyon nga mga tawo ang nagasulti og pranses sa quebec
limang isda ang nahuli ko kahapon,i caught five fish yesterday,nakadakop ako og lima ka isda kagahapon
mas magaling pa y itanong mo kay dr tanaka,better yet ask dr tanaka,labaw nga maayo kung ipangutana nimo kay dr tanaka
ilang maglalaro ang kailangan para sa ragbi mats,how many players are needed for rugby mats,pila ka mga magdudula ang kinahanglan alang sa pagparang sa ragbi
gusto ko ang mga kastilyo,i like castles,ganahan ko sa mga kastilyo
huwag na ninyong pag usapan ang pamilya ko,don t talk about my family anymore,hunungi ninyo ang paghisgot bahin sa akong pamilya
minamahal mo ang mga logograma ng sulat ng silanganing asyatiko,you love east asiatic letter logograms,gihigugma nimo ang mga logograma sa sulat sa silanganing asyatiko
ang isip niya y parang nananagarilyo ang pag aaral ng sulat na asyatiko,his mind seemed to be spinning as he studied asiatic writing,ang iyang hunahuna sama sa usa ka panigarilyo nga nagtuon sa sulat nga asyatiko
parang wala kang pamilya kaya pinag uusapan mo ang pamilya ko,it s like you don t have a family so you re talking about my family,mura kag walay pamilya busa gihisgutan nimo ang bahin sa akong pamilya
di ako sigurado kung talagang kumakapal ang keyk,i m not sure if the cake really thickens,dili ko segurado kung gabaga gyud ang cake
dahil parang buhangin lamang ang mga bituwin takot ang babae sa astronomiya,because the stars are just like sand the woman is afraid of astronomy,tungod kay ang mga bituon sama ra sa balas ang babaye nahadlok sa astronomiya
parang isang kudlit ng buhangin lamang ang tiyera kaya umiiyak ang babae,tiyera was just like a speck of sand so the woman cried,ang tiyera kay sama ra sa kudhit sa balas busa gahilak ang babaye
di alam ng babae na talagang malawak ang sansinukob at talagang maliit siya roon,the woman does not know that the universe is really vast and she is really small there,wala hibal an sa babaye nga ang uniberso malapad gyud ug nga siya gamay ra didto
ang agham ay hindi pantasya,science is not fantasy,ang agham kay dili pantasya
ano ba yan parang sinasakal ka na,what is that it s like you re being strangled,unsa mana mura na kag ginatuok
dahil pati ako ay natatamaan sa linyang ito,because i too get hit by this line,tungod kay naigo usab ako sa kini nga linya
nakalimutan ko na ang natutunan ko,i have forgotten what i learned,nakalimtan na nako akong natun an
hindi siya dapat maglakad dito sa batuhan,he should not walk on this rock,dili siya kinahanglan nga maglakaw dinhi sa mga bato
palabiro talaga siya,he s really funny,kataw anan gyud siya
oo nga kawili wili kasi ang thread na to kung basa,yes this thread is interesting when it s wet,mao gyud makahimuot basahon ang mao nga alundris
sapagkat ako ay mula noong kasalan ay hinding hindi nagkaroon ng isang kapulong na lalaking katulad mo,for i since marriage have never met a man like you,tungod kay wala pa ako adunay usa ka lalaki nga sama kanimo sukad sa kasal
takot ka dahil sa mga diyos diyosan mo,you are afraid because of your idols,nahadlok ka tungod sa imong ginoo ginoo
parang napakatanda mo na,you seem very old,mura na kag tigulang
dapat ay ginuwardiya mong sikreto iyon,you should have kept that a secret,kinahanglan nimo taguan kana nga sikreto
masyadong matanda na ako at malungkot para maglaro sabi ng bata,i am too old and sad to play said the boy,tigulang na kaayo ako ug naguol nga magdula ingon sa bata
akala ninyo y babae kayo dahil supot kayo,you thought you were a girl because you were a bag,nagtuo kamo nga babaye kamo tungot kay pisot kamo
kung matanda na ang tao puwede pa ring magpatuli,if the person is old he can still be circumcised,kung tigulang na ang tawo mahimo pa siyang magpatuli
importante rin sa babae kung ang lalaki niya ay tuli,it is also important for a woman if her man is circumcised,hinungdanon usab alang sa usa ka babaye kung natuli ang iyang lalaki
di ko masisigurado kung narito siya bukas,i can t be sure if he will be here tomorrow,dili ko masiguro kung naa siya ugma
nilitratuhan niya ang koala,he photographed the koala,nakuhaan niyag litrato ang koala
isang hamster na tumatakbo sa isang gulong na walang katigil tigil sa pag ikot,a hamster running on a non stop spinning wheel,usa ka hamster nga nagdagan dagan sa usa ka ligid nga walay undang sa pagtuyok
ano ang kalimitang lengguwahe sa peru,what is the most common language in peru,unsa ang kasagarang sinultian sa peru
anak ng puta,son of a bitch,anak ka sa burikat
di kasalanan ng katotohanan na ang mga luku luko ang nagsasabi,it s not the fault of the truth that the crooks say it,dili sala sa kamatuoran
umpisahan na,let s start,sugdan na
nagparis ang lahat at nagsimulang magsayaw,everyone got up and started dancing,ang tanan nagpares ug nagsugod sa pagsayaw
takot silang lumalagpak ang mga dilaw na dahon sa kalye mismo nila,they are afraid that the yellow leaves will fall on their street,nahadlok sila nga ang mga dilaw nga dahon mahulog sa dalan nila mismo
natakot ang aleman dahil dilaw ang serbesa niya,the german was scared because his beer was yellow,nahadlok ang aleman tungod kay dalag ang iyang beer
natakot siya dahil iba ang tribo niya,he was afraid because his tribe was different,nahadlok siya tungod lahi ang tribo niya
iba ang itsura ng tribo niya kaya natakot siya,his tribe looked different so he was scared,lahi ang itsura sa iyang tribo busa siya nahadlok
nagugutom ka ba puro kainan ang pinag uusapan mo,are you hungry you are talking about dining,gigutom na ba ka pulos pagkaon ang imong ginahisgutan
lumabas ka at kumain ka sa restawran,go out and eat at a restaurant,gawas ug kaon sa restawran
wala silang kotse,they don t have a car,wala silay kotse
maulap ulap,cloudy,dag omon
pumarini para lumasap ng silahis ng araw,come here to enjoy the sunshine,umari aron matagamtam ang adlaw
interesado si sa politika,is interested in politics,si kay interesado sa politika
lumilito ang mga kurtina sa hangin,the curtains fluttered in the wind,ang mga kurtina naglibog sa hangin
inumbok ng hangin ang layag,the wind raised the sail,gipadpad sa hangin ang layag
di lamang parang insulto iyon kundi prodyeksiyon ng babae galing sa kanyang sariling isip,not only does that sound like an insult but a woman s projection from her own mind,dili ra kini usa ka insulto apan usa ka pagtuybo sa babaye gikan sa iyang kaugalingon nga hunahuna
kung minsan mga obhekto na nakalagay ayon sa prodyeksiyon ng isip niya ang ginagamit ng babae para sa komunikasyon,sometimes the woman uses objects placed according to the projection of her mind for communication,usahay ang mga butang nga gigamit pinauyon sa pagtuybo sa iyang hunahuna gigamit sa babaye alang sa komunikasyon
dapat maging sensitibo ka na ang sinasabi ng iba ibang tao ay prodyeksiyon lamang ng anumang nangyayari sa sarili nilang buhay,you should be sensitive that what different people say is just a projection of whatever is happening in their own lives,kinahanglan nga sensitibo ka sa giingon sa lainlaing mga tawo nga usa ra ka pagtuybo sa kung unsa ang nahitabo sa ilang kaugalingon nga kinabuhi
may naniniwala na may parte sa utak at ito ay responsable para sa mga insulto at ito ay mas aktibo sa ibang tao,some believe that there is a part of the brain that is responsible for insults and that it is more active in other people,ang uban nagtuo nga adunay bahin sa utok ug responsable kini sa mga insulto ug labi kini nga aktibo sa ubang tawo
ito ay sakit at kung minsan ay endemik sa buong rasa,it is a disease and sometimes endemic to the entire race,kini usa ka sakit ug usahay endemiko sa tibuuk nga lumba
talagang malayo ang araw sa tiyera,araw is really far from tiyera,tinuod gyud nga layo ang adlaw sa tiyera
nagbubus ba siyang paeskuwela,does he go to school,gasakay ba siya og bus padulong sa iyang eskuylahan
sori pero di ako puwedeng magtagal,sorry but i can t stay long,pasaylua apan dili ako mamahimong magdugay
ang rasismo ay mabigat na trabaho ninyo,racism is your hard work,ang rasismo kay bug at nga trabaho kaninyo
di nila naintindihan ang pinanuod nila,they did not understand what they were watching,dili nila masabtan ang ilang gitan aw
nagsasalita ang lahat sa sansinukob walang bagay na di mayroon ng sariling wika,everything in the universe speaks there is nothing that does not have its own language,ang matag usa sa uniberso nagsulti wala y butang nga walay sinultian
gusto mong malaman ang sikreto ko talagang simple,you want to know my secret really simple,ganahan ba ka makabalo sa akong tinagoan
kukuha ako ng yelo,i ll get some ice,mukuha kog helada
pag aaral ay trabaho ng estudyante,learning is the student s job,ang pagkat on mao ang trabaho sa estudyante
ano iyon persimon iyon,what is that that s a persimmon,unsa to katugotan to
nang tinitingnan nila ang gubat di nila nakikita ang mga puno,when they look at the forest they don t see the trees,kung tan awon nila ang lasang dili nila makita ang mga kahoy
talagang babae ka dahil parati kang nadidipres sa buhay mo,you are definitely a woman because you are always depressed in your life,babaye gyud ka kay permi ka nalupyak sa imong kinabuhi
ihalo ang kanin sa itlog at toyo,mix the rice with egg and soy sauce,isagol ang humay sa itlog ug toyo
makikita ang mga hayop na iyon sa hilagang hemispero,those animals are found in the northern hemisphere,makita ang mga kani adtong mananap sa amihang hemispero
may karunungan siya sa musika,he has knowledge of music,siya adunay kahanas sa musika
maaari ko bang gawin iyon,can i do that,mamahimo ko bang buhaton to
magmiting kaya tayo ngayon,can we meet now,magpulong pulong kaha ta karon
tingnan mo ang batang iyong lumalangoy,look at the boy you are swimming with,tan awa ang bata nga galangoy
isip mo bang ang isda y nakakarinig,do you think fish can hear,nagtuo ka ba nga ang isda kay makadungog
magtalbugan tayo,let s bounce,mag indig kita
tajima di ka ba makapagsalita nang konting repinado,tajima can t you speak a little more refined,tajima dili ba ka makasulti ug gamay nga pino
sa kabila ng ilog ang bahay niya,his house is across the river,sa pikas sa suba ang iyang balay
ayos sang ayon ako,ok i agree,sige uyon ako
di nabibili lahat ng ginto,not all gold can be bought,dili mapalit tanan og bulawan
di ka makaagham masyado pero masyadong relihiyoso,you are not very scientific but very religious,dili ka kaayo siyentipiko apan relihiyoso kaayo
di na kayo mga bata,you are not children anymore,dili na kamo mga bata
gumawa ba sila ng sulat,did they write a letter,nagbuhat ba sila og sulat
meron ka bang kompyuter,do you have a computer,naa ba kay dagitabyan
bakit siya umuwi nang maaga,why did he come home early,nganong niuli siyag sayu
nasaan ang estasyong hakata,where is hakata station,asa ang hunungan sa hakata
ang buhay ay dakilang hiwaga,life is a great mystery,ang kinabuhi usa ka bantog nga misteryo
nagtratrabaho ang manunulat sa kanyang bagong libro,the writer is working on his new book,gatrabaho ang manunuwat sa iyang bag ong libro
makakatigil ka ba nang konti pa,can you hold on a little longer,mahimo ba nga mohunong ka gamay
sino ako at sino kayo,who am i and who are you,kinsa ko ug kinsa mo
malagkit ang baston,the cane is sticky,pilit pilt ang baston
bumabagsak ang dahon at puno,leaves and trees fall,nagkahuloh ang dahon ug puno
opo paki nga,yes please,oo palihug ko
hindi itim ang bulaklak,the flower is not black,dili itom ang bulak
oho paki nga,oh please,oo palihug ko
sumali kayo sa amin,join us,apil mo sa amo
dumarating na ang tren,the train is coming,niabot na ang tren
di ako kasing tangkad niya,i m not as tall as him,dili ko ingon kataas niya
pumarini ka at magkita tayo bukas,come back and see you tomorrow,anhi diri ug magkita ta ugma
ang deliryo ng isang tao ay kalokohan kung tawagin,a man s delirium is foolish to call it,ang duhiraw sa usa ka tawo kay walay pulos kung tawagon
ang deliryo ng libong tao ay relihiyon kung tawagin,the delirium of a thousand people is religion so to speak,ang duhiraw sa libo ka tawo kay relihiyon kung tawagon
di ko matandaan kung sino ko binigay,i don t remember who i gave it to,dili nako mahinumduman kung kinsa akong gihatagan
pakibigay ng tinapay po,give me some bread please,palihug ihatag sa ako ang tinapay
umiinom ako ng salabat nang ala una y medya ng umaga,i drink salabat at half past one in the morning,gainom kog salabat kada ala una y medya sa buntag
maraming klaseng puto ang nakahanda sa mesa,many kinds of puto are ready on the table,daghag laing laing klase sa puto ang naka andam sa lamesa
di ako sigurado kung anong iniisip ko,i m not sure what i was thinking,dili ko segurado kung unsa kaong gihunahuna
sinong tinatawagan mo ngayon,who are you calling now,kinsa imong ginatawagan nimo karon
pagdakang yumumi ang magandang kulay ng langit,suddenly the beautiful color of the sky faded,kalit nga nawala ang matahom nga kolor sa langit
walang kalamay ang europa,europe is unaware,walay kalamay ang europa
walang lansones sa europa,there is no drug in europe,walay lansones sa europa
walang duhat sa europa,there is no duhat in europe,walay duhat sa europa
dapat sumagot ako sa sulat na ito,i must reply to this letter,kinahanglan ni tubag ko ani nga sulat
silahis siya,he s shy,silahis siya
manalamin ang ilaw sa tubig,reflect the light in the water,nanamin ang suga sa tubig
maghahapunan siya sa amin,he will have dinner with us,manihapon siya sa amo
pinanuod niya ang harding lumaki at pinanuod niyang pumula at huminog ang mga mansanas,he watched the orchard grow and he watched the apples turn red and ripen,gitan aw niya ang pagtubo sa tamnanan ug gitan aw niya ang mga mansanas nga namula ug hinog
kunin mo ang susi sa kotse niya,take the key to his car,kuhaa ang yabi sa iyang kotse
magaling siyang magsinungaling,he is good at lying,maayo siya mamakak
sino to,who s that,kinsa ni
anong klaseng mga rekwerdo ang tinatago mo para sa kabataan mo,what kind of records do you keep for your youth,unsang klase sa pag usab ang imong gitago alang sa imong pagkabatan on
nagsasalita siyang musmos na maligaya,he speaks innocently happily,malipayon siyang nakigistoryahanay sa bata
ang pagkatanda ay hindi proteksiyon sa katangahan,old age is no protection against stupidity,ang pagtigulang dili proteksyon batok sa hinanggaw
meron ka bang oras bukas,do you have time tomorrow,naa ba kay oras ugma
kailangan ko pa ng mga kumot,i need more sheets,kinahanglan pa nako og mga habol
walang mahanap si na makipagsayaw,can t find anyone to dance with,walay makita si nga makigsayaw
may gusto ako sa iyo,i like something about you,ganahan ko nimo
isa siyang mahusay na politiko at mahusay na estudyante,he is a good politician and a good student,usa siya ka maayong politiko ug maayo nga estudyante
gusto kong malaman ni ang katotohanan,i want to know the truth,ganahan ko nga mahibaw an ni ang kamatuoran
dapat umiwas ka sa mga taong di makabubuti sa iyo,you should avoid people who are not good for you,kinahanglan mopalayo ka sa mga tawo nga dili makaayo nimo
ako ay koreano,i am korean,ako kay koreano
isa akong vegetarian,i am a vegetarian,usa ako nga vegetarian
hindi ako makatulog,i can t sleep,dili ko katulog
biglang pumasok si sa kusina,suddenly entered the kitchen,nikalit og sulod si sa kosina
pabalik balik ang ulan,the rain came back and forth,balik balik ang uwan
sa bawat pagkakataon na tumatakas siya dito siya bumabalik,every time he ran away he came back here,sa matag higayon nga makaeskapo siya dinhi siya mobalik
malayo ang mararating mo,you will go far,layo ang imong maabtan
bakit kaya niya ginawa iyon,why did he do that,ngano kaha to niya gibuhat
buong araw akong wala sa bahay,i was away from home all day,tibuok adlaw ko wala sa balay
naniniwala ako sa diyos,i believe in god,nagatuo ako sa ginoo
kalaunan nakulong din ang salbaheng lalaki,later the mischievous man was also jailed,sa ulahi ang tawong salawayon napriso usab
dalhin mo ang bata sa kagubatan,take the child to the forest,dad a ang mga bata sa lasang
ayaw ko na siyang makita,i don t want to see him anymore,dili nako ganahan makakita niya
patayin mo siya at dalhin mo sa akin ang kanyang baga at atay bilang katunayan,kill him and bring me his lungs and liver as evidence,patya siya ug dad a ang iyang baga ug atay ingon usa ka pruyba
nagalit siya sa akin,he was angry with me,nasuko siya sa ako
nawala na ang pananakit,the pain is gone,nawala ang kasakit
maganda si,is beautiful,maanyag si
sa tingin ko ay mahðhuli sila,i think they will be late,gatuo ako nga maulahi sila
pakintabin natin ang mga kasangkapang polish,let s polish the furniture,pasinawon nato ang mga muwebles na gikan poland
dapat itong baguhin,it should be changed,kinahanglan ni nga bag uhon
nangisda kami sa lawa,we fished in the lake,nangisda kami sa lanaw
pwede bang lagyan ng mesa ang terasa,can we put a table on the terrace,mamahimo ba nga magbutang ug lamesa sa balkon
mababaw pa,it s still shallow,mabaw pa
nakakatapak pa ako sa ilalim,i can still step on the bottom,makatamak pa ko sa ilalom
mababaw ang dalampasigang ito,this beach is shallow,mabaw kini nga baybayon
yotsuba naaapakan mo pa ang ilalim hindi ba,yotsuba you re still hitting bottom aren t you,yotsuba natamakan pa nimo ang ilalom dili ba
inasahan na ni na mangyayari ito,had expected this to happen,nagdahom na si nga kini mahitabo
bagay kayong dalawa,you two are perfect,bagay mong duha
hindi maganda ang mga sinabi mo,what you said was not good,dili maayo ang imong gisulti
umayos ka fred,fix it fred,pagtarong fred
hindi ako nagbibiro,i m not kidding,wala ko nagpakatawa
pinahanga ng lalaki ang babae sa pamamagitan ng salamangka,the man impresses the woman with magic,gidani sa laki ang baye pinaagi sa madyik
ayoko ng itlog,i don t like eggs,dili ko ganahan og itlog
talaga namang kasuklam suklam,really disgusting,dulumtanang gyud
tulungan mo akong buhatin ang paketeng ito,help me carry this package,tabangi ko og alsa aning mga putos
saan mo niluto ang mga yan,where did you cook those,asa na nimo gipangluto
kailangang maisagawa ang planong ito,this plan must be executed,kinahanglan nga mabuhat ni nga plano
kailangan kong umalis nang maaga para maabutan ang tren,i have to leave early to catch the train,kinahanglan kong molakaw og sayo aron makasakay sa tren
malaki ka na,you are big,dako naka
sinabi sa akin ng nanay ko na kapag nagsalsal ako mabubulag ako,my mother told me that if i masturbated i would go blind,gisultihan ako sa akong inahan nga kung mag lulo ko mabuta ko
pagod na pagod sila dahil dalawang araw na silang nagtatrabaho nang dere deretso,they were very tired because they had been working for two days straight,gikapoy sila pag ayo tungod kay duha ka adlaw nga nagtrabaho sila og diretso
ipagpaliban natin ang hapunan,let s postpone dinner,unya unya nata manihapon
mga isang milya ang nilakad ko,i walked about a mile,murag usa ka milya akong gibaktas
sinasabi mo ditto ngunit hindi iyon kapareho ng i love you,you say ditto but that s not the same as i love you,giingon nimo nga dinhi apan kana dili parehas sa gihigugma tika
hindi ako gawa sa pera,i m not made of money,dili ko binuhat sa kwarta
huwag mong husgahan ang mga tao base sa itsura nila,don t judge people based on their appearance,ayaw paghukum sa mga tawo base sa ilang hitsura
napagtanto ko na ang kagandahan ay parang tuktok ng bundok kapag naabot mo na ito wala nang ibang magagawa kung hindi bumaba ulit,i realized that beauty is like a mountain top once you reach it there s nothing else to do but go down again,akong naamgohan nga ang katahum sama sa kinatumyan sa usa ka bukid sa higayon nga maabut na nimo kini wala y lain nga mahimo kung dili na usab manaog
namula siya sa kahihiyan,he blushed in embarrassment,namula siya sa kaulaw
sinira niya ang tiwala ko,he broke my trust,giguba niya akong pagsalig
masaya akong makita ka,i m glad to see you,nalipay ko nga nakita tika
parang ayokong magtrabaho ngayon manood na lang kaya tayo ng pelikula,i don t feel like working today can we just watch a movie,murag wala ko giganahan mutrabaho karon manan aw nalang kaya ta ninyo og salida
naging tagapagmakinilya si,became a typist,si nahimong usa ka dalikwat
sinong mas magaling lumipad isang langaw o isang piloto,who flies better a fly or a pilot,kinsa ang labing maayo mulupad usa ka langaw o usa ka piloto
sumasang ayon ako sa iyong pananaw,i agree with your point of view,uyon ako sa imong panan aw
bakit naman hindi sila magiging masaya,why can t they be happy,nganong dili man sila malipay
iba siya sa inaakala ko,he is different than i thought,lahi siya sa akong ginahunahuna
aabutin ka ng dalawang oras sa kotse bago makarating sa tito ko mula dito,it will take you two hours by car to reach my uncle from here,duha ka oras ang agian sa imong kotse aron makaadto sa akong uyoan gikan dinhi
kailangan nating mag aral nang mabuti,we have to study hard,kinahanglan nato nga magtuon og tarong
malapit nang mag hapunan,it s almost dinner time,hapit na manihapon
hindi mo nasabi sa akin na bumili ng tinapay,you didn t tell me to buy bread,wala nimo nahisgutan nga mupalit ka og pan
gusto mo bang pumunta,do you want to go,ganahan ba ka nga moadto
matutulog na ako,i m going to sleep,matulog na ko
bakit kaya laging nasa tatoeba sina at,why are and always in tatoeba,ngano nga kanunay si ug anaa sa tatoeba
nagluluto ng almusal ang nanay ko,my mother is cooking breakfast,ang akong inahan kaygaluto og pamahaw
maligayang ikaapat ng hulyo,happy fourth of july,malipayong ika upat sa hulyo
ang pagtatrabaho ay hindi lamang pangangailangan kundi isang kasiyahan,working is not only a necessity but a pleasure,ang pagtrabaho dili usa ka kinahanglanon apan usa ka kahimut an
babalik siya bukas,he will be back tomorrow,mobalik siya ugma
minsan nagkukunwari siyang walang pakialam sa mga nangyayari sa paligid niya,sometimes he pretends not to care about what is happening around him,usahay magpakaaron ingnon siya nga wala y pakialam sa mga nagakahitabo sa iyang palibut
ninakaw ko ito kay,i stole it from,gikawat nako ni kay
ang maikling pamamahinga niya ay naputol nang dumating siya,his brief rest was cut short when he arrived,ang iyang mubu nga pahulay giputol sa iyang pag abut
maligayang kaarawan sa asawa mo,happy birthday to your husband,malipayong adlaw nga natawhan sa imong bana
kontento ba siya,is he satisfied,natagbaw ba siya
ayan na naman,there it is again,naa nasad
may imaginary friend ang anak kong babae,my daughter has an imaginary friend,naay imahinaryong higala ang akong anak nga baye
wala pang gumagawa ng kahit ano,no one is doing anything yet,wala y naghimo bisan unsa
sa tingin ko ay may tinatago siya sa akin,i think he is hiding something from me,sa akong hunahuna may gitago siya gikan kanako
masakit siyang magsalita pero mabuti ang kalooban niya,it hurts to speak but he is in a good mood,sakit siya manulti apan maayo ang iyang pagbuot
parang hindi naman kapani paniwala yan,that seems unbelievable,murag dili man kana katuohan
mahahaba ang binti ng kapatid kong babae,my sister has long legs,ang akong igsoon nga baye kay tag as og batiis
hindi madumi ang hangin sa siyudad namin,the air in our city is not dirty,dili hugaw ang hangin sa among siyudad
hindi kumakain ng karne si,doesn t eat meat,dili gakaon karne si
pinakita niya sa kanya ang larawan,he showed her the picture,gipakita niya saiya ang hulagway
bumalik siya bago mag alas otso,he returned before eight o clock,nibalik siya bago mag alas otso
gusto kong magsimula ulit tayo,i want us to start over,ganahan ko nga magsugod usab kita
sinubukan niyang makipag ugnayan kay,he tried to contact,gisulayan niya ang pagkontank kay
ang hiling niya ay maging manggagamot,his wish is to become a physician,ang iyang pangandoy kay ang mahimong usa ka doktor
sa loob ng aparador merong hindi ko sasabihin kung ano ang nasa loob ng aparador,inside the closet there s i won t say what s inside the closet,sa sulud sa aparador adunay dili ko isulti kung unsa ang sulod sa aparador
mananatili iyong lihim,your secret will remain,kato magpabilin nga sikreto
hindi ka mahilig sa mga kwento ng pag ibig,you don t like love stories,dili ko ganahan
hindi sila takot,they are not afraid,wala sila nahadlok
iabot mo sa akin ang tuwalya ko,hand me my towel,idunol sa ako ang toalya
gusto ng pusa ko ang keyboard ko,my cat likes my keyboard,ganahan akong iring sa akong tapoyanan
nagpapasalamat ako para sa bakasyon,i m thankful for the vacation,nagpasalamat ako alang sa mga bakasyon
subukan natin,let s try,sulayan ta
wala bang buwis sa tindahang ito,is there no tax in this store,wala bay buhis sa kini nga tindahan
nagtapos ang digmaan sa tagumpay para sa allied powers,the war ended in victory for the allied powers,ang giyera nahuman sa kadaugan alang sa allied powers
ayokong humiga,i don t want to lie down,dili ko ganahan muginhawa
papatayin siya ng amo niya,his boss will kill him,patyon siya sa iyang agalon
ilang referee ang nasa isang laro ng soccer,how many referees are there in a soccer game,pila ka mga reperi ang naa sa usa ka saker nga dula
pinadala dito si para pumalit,was sent here to take over,gipadala dinhi si aron mupuli
magandang umaga maghahanda na ba ako,good morning will i get ready,maayong buntag mangandam na ba ko
ang cute naman niya,he s so cute,pikdut siya
pakipuno naman ito,please fill it out,palihug pun i kini
nasa kaliwa ang manibela ng mga kotseng amerikano,the steering wheel of american cars is on the left,ang manibela sa mga awto nga amerikano naa sa wala
ito ang nagligtas sa akin,this is what saved me,nakaluwas kini kanako
hindi mo siya maaasahan,you can t count on him,dili nimo siya masaligan
huwag kang gumastos nang sobra sa kinikita mo,don t spend more than you earn,ayaw paggasto og sobra sa imong kita
napakagaling niyang musikero,he is a very good musician,siya usa ka maayo kaayo nga musikero
namatay ang nanay niya noong bata pa lamang siya at ang lola niya ang nagpalaki sa kanya,his mother died when he was young and his grandmother raised him,ang iyang inahan namatay sa bata pa siya ug ang iyang apohan ang nagpadako kaniya
gaano kalalim ang lawa,how deep is the lake,gaano kalalim ang lawa
ilang sirwelas ang nandiyan,how many plums are there,pila ang anaa nga sirwela
iniisip ng mga mayayabang na tao na mas mataas sila sa iba,arrogant people think they are superior to others,ang mga tawong mapahitas on naghunahuna nga sila labaw sa uban
tapusin na natin ito,let s get this over with,humanon nato kini
parating na ang tren,the train is coming,padulong na ang tren
magpakita ka sa akin,show me,pagpakita ka nako
talaga namang mareklamo si,can really complain,seguradong tagawtawan si
ang pangyayaring iyon ang nagpasikat sa kanya,that event made him famous,ang kana nga hitabo naghimo kaniya nga bantog
isang aso ang nasagasaan ng trak,a dog was run over by a truck,usa ka iro ang nadasmagan sa usa ka trak
iminumungkahi ba ni iyon,is suggesting that,gisugyot ba kana ni
urdu ang katutubong wika namin,urdu is our native language,ang urdu mao ang among sinultian nga nitibo
sumunod ka sa akin sa silid,follow me into the room,sunda ko sa kuwarto
kakaiba ang pakiramdam ko,i feel strange,baligho ang akong gibati
merong kaaya aya at di kaaya aya sa lahat ng bagay,there is good and bad in everything,adunay makalipay ug dili makapahimuot sa tanan
paano ko ba siya mapipigilan,how can i stop him,unsaon nako siya pagpugong
kahit ano pa man ang edad ang bata ay bata,no matter the age a child is a child,dili igsapayan ang edad ang bata kay bata
hindi ito gumagana,it doesn t work,dili kini molihok
natupad na niya ang layunin niya,he has accomplished his goal,nakab ot na niya ang iyang katuyoan
ang firefighters ball pa rin ang kinapipitagan sa lahat ng pagdiriwang na ginaganap tuwing ika ng hulyo sa france,the firefighters ball is still revered in all celebrations held every july th in france,ang bayle sa mga bombero gitahud gihapon sa tanan nga mga kasaulugan nga gihimo matag ika sa hulyo sa pransya
ang porn ay rated x ibig sabihin ang mga maaari lang manood nito ay mga taong edad pataas,porn is rated x that is the only people who can watch it are people aged and over,gipahimutang nga x ang pornograpiya buot pasabot kadtong makatan aw ra niini mga tawo nga nag edad pataas
ngayong umaga nasira ko yung ginagamit ko habang naglalaro ng bola sa kwarto,this morning i broke the one i was using while playing ball in the bedroom,karong buntag nadaot ko ang akong gigamit samtang nagdula og bola sa sulud
hindi ka makakaalis dito,you can t get out of here,dili ka makabiya dinhi
nasugatan siya sa labanan,he was injured in the battle,nasamdan siya sa batalya
hindi madaling mabigo si,doesn t fail easily,si dili dali nga mapakyas
si mr bark ang problema wala ang sekretarya niya ngayon,mr bark is the problem his secretary is not here today,si mr bark ang problema wala ang iyang sekretaryo karon
meron akong naisip,i have a thought,naa koy ideya
samantala hiwain mo ang tinapay sa cubes at prituhin ang mga ito sa mainit na mantika,meanwhile cut the bread into cubes and fry them in hot oil,samtang hiwaa ang tinapay sa mga cubes ug iprito kini sa init nga lana
sumali kami sa usapan,we joined the conversation,niapil kami sa panagsulti
nagmamahalan sila,they love each other,naghigugmaay sila
meron ba siyang girlfriend,does he have a girlfriend,naa ba siyay uyab
inayos ni tatay ang sasakyan,dad fixed the car,giayo sa amahan ang awto
natagpuan sa loob ng dalawang araw ang nawawalang bata,the missing child was found within two days,ang nawala nga bata nakit an sa sulud sa duha ka adlaw
kailangan kong ipaayos ang oboe ko,i need to get my oboe fixed,kinahanglan nako ayohon ang akong oboe
wala akong naiintindihan,i don t understand anything,wala koy masabtan
siguro naman ay tama na ang laki ng kahon para sa lahat ng librong ito,maybe the box is the right size for all these books,basin sakto na ang kadako sa kahon husto alang sa tanan nga mga libro
huwag mo akong niloloko,don t fool me,ayaw ako limbonga
maraming naniniwala na hindi siya marunong makinig sa payo,many believe that he does not know how to listen to advice,daghan ang nagtuo nga dili siya kahibalo kung unsaon pagpamati sa tambag
tiyakin mo ang order,confirm the order,seguroha ang mando
salamat sa sagot mo,thank you for your answer,salamat sa pagtubag
binigyan siya ng manager ng isang tropeo,the manager gave him a trophy,gihatagan siya sa iyang tigdumala og tropeo
magpakasaya kayo,have fun,pagpakalipay kamo
huli ka na,you re late,sapan ka
ang isang araw na hindi tayo magkasama ay parang tatlong taong paghihiwalay,a day that we are not together is like three years apart,ang usa ka adlaw nga wala kami nag uban sama sa tulo ka tuig nga panagbulag
anong problema mo,what s your problem,unsa imong suliran
paano ba ako yayaman,how can i get rich,unsaon ba nako pagkadato
nabasa mo na ba ang diyaryo,have you read the newspaper,nabasa na ba nimo ang mantalaan
ang hindi pagsulong ay pagbalik,failure to advance is regression,ang dili pagsulong kay usa ka pagbalik
sarado na ang museo,the museum is closed,sirado ang museyo
sobra na yan,that s too much,sobra na na
hindi nga,isn t it,dili ba
ang pulbos na ito ay natutunaw sa tubig,this powder is soluble in water,kini nga pulbos matunaw sa tubig
nasaan si tatay,where is father,asa ang amahan
ayos ka lang ba,are you ok,maayo ka lang ba
maasim ang mga ubas na ito,these grapes are sour,aslom kini nga mga ubas
dalawang beses na akong nakapunta sa kyoto,i have been to kyoto twice,kaduha na ako nakaadto sa kyoto
nakatanaw siya sa labas ng bintana,he looked out the window,mitutok siya sa gawas sa bintana
pero wala naman akong nahihita diyan,but i don t see anything there,apan wala akoy nakit an nga bisan unsa didto
bumaba siya ng hagdan,he went down the stairs,ningnaog siya sa ang angan
gusto niya tayong makita ulit,he wants to see us again,ganahan siya nga magkita ta og balik
sabihin mo sa akin,tell me,isulti ka nako
hindi makakasama ang pag inom ng tubig basta huwag sobra,drinking water is not harmful as long as not too much,ang pag inom sa tubig dili makadaot ayaw lang kini palabi
tuwang tuwa ang mga magulang niya,his parents were very happy,labihan ang kalipay sa iyang ginikanan
kung hindi dahil sa araw walang mabubuhay,if it weren t for the sun nothing would live,kung dili pa tungod sa adlaw wala untay mabuhi
kung sakaling aalis ka bago mag alas singko sabihin mo sa akin,if you happen to be leaving before five o clock tell me,kung ingkaso nga mobiya ka sa wala pa ang alas singko sultihi ako
wala nang iba pang paliwanag,there is no other explanation,wala nay lain nga katin awan
nababalisa si,is anxious,nabalaka si
di namin papansinin si,we will ignore,balewalaon namo si
dapat niya akong pasalamatan,he should thank me,kinahanglan niya nga pasalamatan ako
mas gusto kong manatili dito,i prefer to stay here,labi nakong ganahan ang magpabilin dinhi
sasamahan ka namin hanggang sa huli,we will be with you until the end,mag uban kami kanimo hangtod sa katapusan
huwag mong gagawin iyon,don t do that,ayaw to buhata
hindi dapat maging pihikan ang mga pulubi,beggars should not be beggars,ang mga makililimos dili dapat pilian
kabaliwan ang ginawa niya,what he did was crazy,ang gibuhat niya kay kabuang
kailangan nating siguraduhin,we have to make sure,kinahanglan nato nga seguruhon
gustong makasigurado ni,wanted to be sure,gusto makaseguro si
gustong malaman ni,wanted to know,ganhaan makahibalo si
sinulyapan ni ang relo niya,glanced at his watch,gitan aw ni ang iyang relo
kung wala lang akong sakit sasama ako,if only i wasn t sick i would come,kung wala lang koy sakit mouban ko
madalang akong makinig sa radyo,i rarely listen to the radio,talagsa ra ko maminaw sa radyo
kamusta ka na,how are you,kumusta na ka
hindi ko papayagan ito,i will not allow it,dili ko kini tugotan
hindi maaari ito,it can t be,dili ni pwede
nakikita mo ba ang reyna,do you see the queen,nakita ba nimo ang rayna
anong paborito mong podcast,what s your favorite podcast,unsa ang imong pinalabi nga podcast
paano ka natuto ng esperanto,how did you learn esperanto,giunsa nimo pagtuon og esperanto
huwag kang magagalit may masamang balita ako,don t be angry i have bad news,ayaw kasuko anaa koy daotang balita
hindi si ang gumawa noon,didn t do it then,dili si ang nagbuhat niadto
gustung gusto kong naglalaro ng golf,i love playing golf,ganahan ko magdula golf
wala pang dalawang milya papunta sa baranggay na iyon,less than two miles to that village,wala pa duha ka milya ang layo sa kana nga baryo
subukan mong magmukhang masaya,try to look happy,sulayi nga magpakita nga malipayon
hindi na niya matiis,he couldn t stand it anymore,wala na siya makaagwanta
ang toothpaste na ito ang gusto kong pang sipilyo,this toothpaste is my favorite toothbrush,kini nga toothpaste mao ang akong pinalabi nga pang sepilyo
nagsasalin ako ng mga pangungusap sa tatoeba kapag libre ako,i translate sentences on tatoeba when i m free,gihubad nako ang mga tudling pulong sa tatoeba kung libre na ako
binigay niya sa akin lahat ng pera niya,he gave me all his money,gihatag niya sa ako tanan niya kwarta
darating sa tamang oras ang tren,the train will arrive on time,muabot ang tren sa saktong oras
masama ang loob niya sa pagkupkop ng tito niya sa kanya,he felt bad for his uncle s sheltering him,nasuko siya sa sagop sa iyang uyoan sa iya
marunong magmaneho ang anak kong maliit pa,my little son can drive,nahibalo na magnaheo ang akong anak nga gamay
huwag tayong magtalo dahil lang gusto nating magtalo,let s not argue just because we want to argue,dili kita maglalis tungod lang sa gusto naton nga maglalis
pangkaraniwan na iyon,that s normal,ordinaryo na kadto
interesadong interesado siya sa kasaysayan ng mga hapon,he is very interested in japanese history,siya interesado kaayo sa kasaysayan sa hapon
nagulat kami sa lalim ng kaalaman niya tungkol dito,we were surprised at the depth of his knowledge about it,natingala kami sa lawom sa iyang nahibal an bahin niini
nanood kami ng tv kagabi,we watched tv last night,nagtan aw mi og tv gabii
malapit nang dumating ang mga pulis sa pinangyarihan ng krimen,the police soon arrived at the scene of the crime,hapit na moabot ang pulisya sa lugar nga nahitaboan sa krimen
lumala ang mga bagay bagay,things got worse,nisamot kalisud ang kahimtang
simple lang ang kalalakihan,men are simple,yano ra ang mga laki
biyernes ngayon kahapon ay huwebes bukas ay sabado pagkatapos ay linggo,today is friday yesterday was thursday tomorrow is saturday then sunday,karon adlaw nga biyernes kagahapon huwebes ugma sa sabado dayon domingo
pwedeng mangyari iyon,that can happen,mahimong mahitabo kana
sa bansang iyon may kilusan laban sa mga kalakal na hapones,in that country there was a movement against japanese goods,sa kana nga nasud adunay usa ka kalihokan batok sa mga paninda sa japan
talaga namang kasalanan mo,it s really your fault,sala gyud nimo
araw araw nag iisa ka,every day you are alone,kada adlaw nag inusara ka
ang alituntunin ay alituntunin,a rule is a rule,ang pagmando mao ang lagda
sana meron din ako,i wish i had one too,hinaut nga aduna ako
nay tay nalulong na ako sa meth at may utang akong isang daang milyong dolyar kay big jim,mom dad i m addicted to meth and i owe big jim a hundred million dollars,nay tay naadik ako sa meth ug nakautang ako usa ka gatus ka milyon nga dolyar kay big jim
sumandal siya sa akin,he leaned into me,nisandig siya nako
magsisimula tayo nang alas sais ng umaga sa ika ng agosto,we will start at six in the morning on the th of august,magsugod ta sa alas says sa buntag sa ika sa agosto
medyo gusto ko siya,i kind of like him,medyo ganahan ko niya
gaano kalayo ang susunod na gasolinahan,how far is the next gas station,unsang kalayo ang sunod nga gasolinahan
hindi siya mahilig magtakong,he doesn t like heels,dili siya ganahan magtakong
kumusta ka mabuti naman,how are you that s good,kumusta ka maayo man
ikaw ang may ari,you are the owner,ikaw ang tag ya
minartilyo niya ang mga pako sa tabla,he hammered the nails into the board,gibakbak niya ang lansang sa tabla
kalokohan iyon,that s bullshit,binuang na
saan mo sila pinagbantaan,where did you threaten them,asa nimo sila gihulga
naubos ang pera niya sa hawaii,he ran out of money in hawaii,nahurot iyang sapi sa hawaii
nitong mga nakaraang araw hindi ako mapakali,these past few days i have been restless,kining mga niaging adlaw dili ko mahimutang
hindi ako gusto ng mga magulang ni,s parents don t like me,wala giganahan ang ginikanan ni sa ako
makatotohanan iyon,that is realistic,reyalistiko na
binisita ni mike ang punong guro naming si ginoong ogaki,mike visited our principal mr ogaki,gibisita ni mike ang among prinsipal nga si mister ogaki
salamat sa pakikinig,thanks for listening,salamat sa pagpaminaw
mas maganda ang pagkanta niya kaysa sa kanya,she sings better than him,labing maayo siya mokanta kaysa saiya
noong unang panahon nakikipag usap ang mga tao sa pamamagitan ng usok,in ancient times people communicated through smoke,kaniadto nga panahon ang mga tawo nakigsulti pinaagi sa aso
lalo siyang nabalisa dahil sa balita,he was even more upset because of the news,labi pa nga nabulabog siya sa balita
sinabihan ng kanyang doctor si ginoong smith na itigil na ang paninigarilyo,his doctor told mr smith to stop smoking,gisultihan sa iyang doktor si mister smith nga mohunong sa pagpanigarilyo
pupunta ako sa paris sa taglagas,i m going to paris in the fall,moadto ako sa paris sa otonyo
magaling siyang bumaril,he shoots well,maayo siya mamusil
bakit takot ang mga tao sa iyo,why are people afraid of you,nganong mahadlok ang mga tawo nimo
binilhan ko ang kapatid kong babae ng bagong sumbrero,i bought my sister a new hat,gipalitan nako ang akong igsoon og bag ong kalo
mayroong malaking supermarket,there is a big supermarket,adunay dakong merkado
sasabihin ko sayo kapag dumating na siya,i will tell you when he arrives,isulti ko kanimo kung moanhi siya
maraming nagsasalita ng pranses,many speak french,daghan ang nagasulti og pranses
akala niya hindi ko alam ang sinabi niya tungkol sa akin,he thought i didn t know what he said about me,akala niya hindi ko alam ang sinabi niya tungkol sa akin
ikaw ang tatay ko,you are my father,ikaw ang akong amahan
nakita ko siyang naglalakad sa gilid ng kalsada,i saw him walking on the side of the road,nakita nako siya nga nagbaktas sa kilid sa dalan
huwag kang magtanong ng kahit ano sa akin,don t ask me anything,ayaw og pangutana sa ako og maski unsa
pwede ka lang manigarilyo sa hardin sa bubong,you can only smoke in the roof garden,mamahimo kang manigarilyo sa hardin sa atop
siya nga pala magandang pangungusap ito,by the way this is a good sentence,lain pay ako kini usa ka maayong pulong
umiinom ako ng kape,i drink coffee,gainom ko og kape
handa na siyang harapin ang kapalaran niya,he is ready to face his destiny,andam na siya moatubang sa iyang kapalaran
kahit kailan ay di pa nila nakakalimutang padalhan ng regalo ang nanay nila tuwing kaarawan nito,they never forget to send their mother a gift on her birthday,wala nila ginakalimtan ang pagpadala og regalo sa ilang inahan sa iyang adlaw nga natawhan
isa pang digmaan at masisira na tayo,one more war and we will be destroyed,usa pa ka gyera ug maguba na gyud ta
masaya akong nandito ako,i m happy to be here,nalipay ko nga anaa ka diri
huwag mong paglaruan ang salamin,do not play with the mirror,ayaw dulai ang espeho
sa mismong harapan ko nangyari ang aksidente sa kalsada,the road accident happened right in front of me,sa mismong atubangan ko nahitabo ang disgrasya sa dalan
nais kong ibahagi sa iyo ang isang bagong application na ginagamit ko para gumawa ng memory book para sa namayapa kong lolo,i wanted to share with you a new application i m using to create a memory book for my late grandfather,gusto nakong ipaambit kanimo ang usa ka bag ong aplikasyon nga gigamit nako aron makahimo og usa ka libro sa memorya alang sa akong namatay nga apohan
tinatanggap mo ang mga mungkahi ni,you accept s suggestions,ginadawat nimo ang mga sugyot ni
maaaring hindi siya dumating,he may not come,mamahimong dili siya muabot
hindi mo kailangang magmadali dagdag niya,you don t have to rush he added,dili nimo kinahanglang magdali dungag niya
ayos lang iyon,that s fine,sakto ra to
ngunit tao silang lahat,but they are all human,apan silang tanan mga tawo
nag aalmusal sila ngayon,they are having breakfast today,namahaw sila karon
kinailangan ko siyang tulungan,i had to help him,kinahanglan nako siyang tabanga
halos hindi natatalo sa sa chess,hardly beats at chess,dili gyud mapildig si sa chess
siya ang tumutulong sa kanya,he is helping her,siya ang nagatabang kaniya
hindi nila gusto si,they don t like,wala sila ganahi kay
namagitan si,intervened,nagpatunga si
pinilit niya kaming pumunta nang mas maaga,he forced us to go earlier,gipugos niya kami nga moadto una
hindi ko binoto si,i didn t vote for,wala nako giboto si
nasaan ang banyo,where is the restroom,asa ang banyo
nasaan po ang banyo,where is the bathroom,asa ang banyo
hindi mo pwedeng pitasin ang mga bulaklak,you can t pick the flowers,dili nimo pwede putlon ang mga bulak
huwag mo na akong hintayin,don t wait for me,ayaw nako paabuta
hindi naman talaga kita hihintayin,i won t really wait for you,dili man gyud tika paabuton
hintayin mo ako sandali lang,wait for me just a moment,paabuta ko kadali lang
noong unang panahon naniniwala sila na ang mundo natin ang sentro ng sansinukob,in ancient times they believed that our earth was the center of the universe,kaniadto nagtoo sila nga ang atong kalibutan mao ang sentro sa uniberso
magkano kaya ang ps kapag inilabas na ito,how much will the ps be when it s released,pila ang magasto sa ps kung kini ipagawas
ang baho ng sapatos mo,your shoes stink,baho kaayo imong sapatos
gaano pa katagal,how much longer,unsa pa kadugay
bakit mo hinahayaang gawin sa iyo ito ni,why are you letting do this to you,nganong pasagdan nimo nga buhaton ni ni kanimo
pasensiya na pero maling numero ang tinatawagan mo,sorry but you are calling the wrong number,pasayloa busa mali nga numero imong ginatawagan
maganda ba ang panahon,is the weather good,maanyag ba ang panahon
bukas ang kaarawan ko,my birthday is tomorrow,ugma ang adlaw sa akongpagkatawo
gusto ko ito,i like it,ganahan ko ani
amin itong supot,this is our bag,unom ning putos
taga maynila ako,i m from manila,taga maynila ko
amin ito,it s ours,amoa ni
ano ang pangalan mo,what is your name,unsa ang imong pangalan
anong oras na po,what time is it,unsa nang oras
akin ito,it s mine,akoa ni
uhaw ako,i m thirsty,giuhaw ko
sa iyo ito,it s yours,imuha ni
maganda ang panahon kahapon,the weather was good yesterday,maayag ang panahon kagahapon
akin itong supot,this bag is mine,akoa ning putos
labas tayo,let s go out,gawas ta
ang pelikula ay tapos na,the movie is over,humana ang salida
bumalik si sa bayan niyang sinilangan,returned to his hometown,nibalik si sa lungsod nga iyang natawhan
si ana ang babaeng iyon,ana is that girl,si ana tong babaye
nasaan ang iba,where are the others,asa ang uban
nahihimbing ang bayan,the town is sleeping,malinawon ang lungsod
madalas siyang pinapagalitan ng asawa niya,his wife often scolded him,kanunay siyang ginakasab an sa iyang asawa
ako mismo ay hindi pa nakakakita ng ufo,i myself have never seen a ufo,ako mismo wala pa makakita og ufo
ayoko ng kurbatang ito,i don t like this tie,dili ko ganahan aning korbata
bigyan mo ako ng mas matingkad,give me something brighter,hatagi ako og labaw nga hayag
ano bang ingay iyon,what is that noise,unsa nang saba karon
nag aaral kami ng arabo,we are learning arabic,nagtuon mi ug sinulitaang arabo
anong kulay ito,what color is it,unsay kolor ani
gusto mo ito,do you like it,ganahan ka ani
saan ang palengke,where is the market,asa ang merkado
nasaan ang pagkain,where is the food,asa ang pagkaon
sino ka ba,who are you,kinsa diay ka
bakit ka aalis,why are you leaving,ngano mohawa man ka
aalis ka ba,are you leaving,mohawa ka
bakit mo ginagawa ito,why are you doing this,ngano ginabuhat ni nimo
paano lutuin ito,how to cook it,unsaon ni pagluto
paano mo nalaman,how did you know,giunsa nimo pagkabalo
kailan ang kaarawan mo,when is your birthday,kanus a ang imong adlawng natawhan
kailan ka darating,when are you coming,kanus a ka mo abot
sino ang gumawa nito,who made it,kinsa nagbuhat ani
saan ang labasan,where is the exit,asa ang agianan pagawas
saan ang pasukan,where is the entrance,asa ang agianan pasulod
magkano iyan,how much is that,tag pila na
magkano iyon,how much is that,tagpila to
may pera ka ba,do you have money,naa ba ka y kwarta
hindi ayaw ko,no i don t want to,dili ko
gusto mo iyan,do you like that,gusto ka ana
pahingi ng tubig,ask for water,palihog ko g tubig
kailangan ko ng taksi,i need a cab,kinahangalan nako og traydor
anong problema,what s the problem,unsa ang problema
malayo pa,far away,layo pa
marunong ka ba ng ingles,do you know english,kabalo ba ka mag ingles
marunong ka ba ng tagalog,do you know tagalog,kabalo ba ka mag tagalog
marunong ka ba ng filipino,do you know filipino,kabalo ba ka og filipino
guro si chen,chen is a teacher,si chen kay usa ka magtutudlo
nasaan ang tatay mo,where is your father,asa ang imong amahan
nasaan ang kapatid kong lalaki,where is my brother,asa ang akong igsuon nga lalaki
bakit nandito ako,why am i here,nganong naa man ka diri
kumusta po,how are you,kumusta ka
saan ang istasyon ng tren,where is the train station,asa ang paradahan sa tren
gusto kong matulog,i want to sleep,gusto unta ko matulog
malakas ang ulan kahapon,it rained heavily yesterday,kusog ang ulan kagahapon
patawarin mo ako,forgive me,mangayo ko og pasaylo
patawad,sorry,pasayloa ko
nagkamali ako,i made a mistake,nasayop ba ko
sa iyo ba ito,is it yours,imoha ba ni
lapis ko ito,this is my pencil,akoa ni ng lapis
aklat ko ito,this is my book,akoa ni ng libro
ito ang bisikleta ko,this is my bike,kini ang akong bayk
ito ang talasalitaan ko,this is my vocabulary,kini ang akong bokabularyo
ito ang supot ko,this is my bag,kini ang akong sando bag
ito ang kotse ko,this is my car,kini ang akong sakyanan
ito ang aso ko,this is my dog,kini ang akong iro
ito ang aklat talaan ko,this is my notebook,kini ang akong talaan sa sulod
ito ang cd ko,this is my cd,kini ang akong cd
ito ang nanay ko,this is my mom,kini ang akong inahan
ito ang opisina ko,this is my office,kini ang akong opisina
ito ang kapatid ko,this is my brother,kini ang akong igsuon
ito ang kusina ko,this is my kitchen,kini ang akong kusina
ito ang tanong ko,this is my question,kini ang akong pangutana
bahay ko ito,this is my house,kini akong balay
tatay ko ito,this is my father,akoa ni ng amahan
kaibigan ko ito,this is my friend,akoa ni ng higala
pusa ko ito,this is my cat,akoa ni ng iring
kabayo ko ito,this is my horse,akoa ni ng kabayo
ito ang pag aari ko,this is mine,kini ang akong gipanag iyahan
ito ang payo ko,this is my advice,kini ang akong tambag
nanay ko ito,this is my mother,akoa ni ng inahan
awit ko ito,this is my song,akoa ni ng kanta
paaralan ko ito,i will school it,akoa ni ng eskwelahan
kuwarto ko ito,this is my room,akoa ni ng kwarto
ito ang awit ko,this is my song,kini ang akong kanta
asawa ko ito,this is my husband,akoa ni ng asawa
ito ang anak kong lalaki,this is my son,kini ang akong anak nga lalaki
hindi ko maintindihan,i don t understand,dili ko kasabot
maraming salamat,thank you very much,daghang salamat
saan ang paris,where is paris,asa ang paris
saan ang ospital,where is the hospital,asa ang balay tambalanan
saan tayo pupunta,where are we going,asa ta mo adto
handa na ang agahan,breakfast is ready,andam na ang pamahaw
ano ang sinusulat mo,what are you writing,unsa ang imong ginasulat
sino ang tatay mo,who is your father,kinsa ang imong amahan
salamat sayo,thank you,salamat sa imo
salamat,thank you,salamat
saan ang daan,where is the road,asa ang agianan
nasaan ang taksi,where is the cab,asa ang taksi
saan ang kubeta,where is the toilet,asa ang kasilyas
saan ang kainan,where is the restaurant,asa ang kaonanan
saan ang silid kainan,where is the dining room,asa ang kusina
saan ang silid tulugan,where is the bedroom,asa ang kwarto
saan ang tindahan,where is the store,asa ang tindahan
saan ang maynila,where is manila,asa ang maynila
pumunta sila sa tabing dagat,they went to the beach,niadto sila sa daplin sa dagat
pakisulat mo ang iyong pangalan,please write your name,palihoh sulata ang imong ngalan
ngayon ay lunes,today is monday,karon kay adlawng lunes
bukas ay linggo,tomorrow is sunday,ugma kay adlawng dominggo
nag aaral akong magsalita ng filipino,i am learning to speak filipino,nagtuon ko mo istroya og filipino
nagsasalita ba kayo ng italyano,do you speak italian,naga istorya ba mo og italyano
nagsasalita ba kayo ng filipino,do you speak filipino,naga istroya ba mo og filipino
nagsasalita ba kayo ng tagalog,do you speak tagalog,naga istorya na mo og tagalog
noong isang buwan pumunta kami sa maynila,last month we went to manila,katong ni agi nga bulan niadto mi sa maynila
siya ay mula sa aming nayon,he is from our village,sila kay gikan sa among baryo
siya ang nagsusulat ng sulat,he writes the letter,siya ang nagasulat sa sulat
dinalaw ni datu si,datu visited,gibisita ni datu s
ewan ko,i don t know,ambot lang
mahal kita,i love you,gihigugma tika
ano ang kailangan mo,what do you need,unsa ang imong kinahanglan
puwede ko bang hiramin ito,can i borrow it,mamahimo ba ko ng manghiram ani
iyan muna sa ngayon,that s it for now,kana lang sa karon
maligayang kaarawan,happy birthday,malipayong adlawng natawhan
parang bata siya kung kumilos,he acts like a child,mura siya g bata molihok
ano ang hinahanap mo,what are you looking for,unsa ang imong ginapangita
makamandag ang ahas na iyon,that snake is poisonous,makamatay kana nga bitin
alam ko kung anong gagawin ko,i know what to do,kabalo ko unsa ang imong buhaton
maraming pambihirang isda sa akwaryum,there are many rare fish in the aquarium,daghan og talagsaon nga isa sa sulod sa akwaryum
maganda ang adorno ng simbahan,the church is beautifully decorated,nindot ang desinyo sa balay ampoanan
alala siya sa kanyang anak,he is worried about his son,guol siya sa iyang anak
sumulat ako ng liham kay jim,i wrote a letter to jim,nagsulat ko og sulat para kay jim
kabayo niya ito,this is his horse,kabayo ni niya
abogado ang lalaki,the man is a lawyer,ang lalaki kay usa ka abogado
makulay ang bahaghari,the rainbow is colorful,adunay daghang bulok ang bangaw
walang tao sa bahay,there is no one at home,wala y tao sa balay
wala siyang trabaho,he doesn t have a job,wala siya y trabaho
mayroong tao sa bahay,there is someone at home,adunay tao sa balay
nasa bahay si ginoong nakamura,mr nakamura is at home,naa sa balay si mr nakamura
nars ang babae,the woman is a nurse,ang babae kay usa ka nars
nasa ilalim ng sahig ang daga,the mouse is under the floor,naa sa salog ang ilaga
bawal ang pumasok,it is forbidden to enter,dili pwede mosulod
totoo iyan,that s true,kana ang kamatuoran
pinagbili ni analyn ang baka,analyn bought the cow,gibaligya ni analyn ang baka
malamig at sariwa ang hangin,the air is cool and fresh,bugnaw ug presko ang hangin
ingat ka,be careful,mag amping ka
may sakit ka ba,are you sick,naa ka y gibati
napakabuti mo sa akin,you are very good to me,maayo kaayo ka sa akoa
ikinagagalak kong makilala ka,i m glad to meet you,gikalipay nako nga nagka ila kita ng duha
maganda ang panahon,the weather is good,nindot ang panahon
naintindihan mo ba ko,did you understand me,nakasabot ba ka sa akoa
paki tulungan mo ako,please help me,palihug tabangi ko
ano sa tagalog ang window,what is window in tagalog,unsa ang tagalog sa bintana
saan ang bilihan,where to buy,asa dapit ang tindahan
magandang araw,good day,maayong buntag
sayo ba to,is it yours,imoha ba ni
bisi ka ba,are you busy,daghan ba ka g gibuhat
nasaan ka na,where have you been,asa na ka dapit
ilan kayo,how many are you,pila mo kabuok
malungkot ka ba,are you sad,masulob on ka
ikaw ba,are you,ikaw diay
kaibigan ko si bob,bob is my friend,higala nako si bob
nagugutom na ako,i m hungry,gigutom nako
sandali lang,just a moment,kadiyot lang
ang libro ay nasa mesa,the book is on the table,naa sa ibabaw sa lamesa ang libro
kompyuter ko ito,this is my computer,akoa ni ng kompyuter
ito ay aking kompyuter,this is my computer,kini ang akong kompyuter
lalaki ako,i am a man,usa ko ka lalaki
babae ako,i am a woman,usa ko ka babae
nars ako,i am a nurse,usa ko ka nars
gusto kong malaman,i want to know,gusto ko makabalo
mahal din kita,i love you too,gihigugma pud tika
ilang taon ka na ako beintisais taong gulang,how old are you i am twenty six years old,pila na imong edad ako kay bayente sais ka tuig na
hi ako po si ricardo,hi i m ricardo,hi ako si ricardo
ikinagagalak kitang makilala,nice to meet you,gikalipay nako nga nagkaila ta ng duha
kumusta ka,how are you,kumusta man ka
dito tayo kumain,let s eat here,diri ta mokaon
nangangamba ang mga mangingisda sa masamang epekto sa iba pang yamang dagat na kanilang kabuhayan,fishermen fear the adverse effects on other marine resources that are their livelihood,nagakahadlok ang mga mangingisda tungod sa dili maayong nahitabo sa uban nga kinaiyahan nga naa sa dagat tungod kay kani ang ilang pangwarta
paumanhin po kung pwede ng humingi ng pabor,excuse me if i may ask a favor,kadali lang ha mangayo unta ko og pabor sa imoha
pwede ba ng humingi ng pabor,can i ask a favor,mangayo unta ko og pabor sa imoha
umiinom ng tsaa ang batang babae,the girl is drinking tea,naga inom og tsaa ang bata nga babae
anong gulay ang gusto mong bilihin,what vegetable do you want to buy,unsa nga gulay ang gusto nimo ng paliton
di ko tinitiis iyon nang walang protesto,i don t tolerate that without protest,dili nako na antuson nga wala y welga
kumakain ako ngayon,i am eating now,nagakaon ko karon
walang asong mas malaki kaysa sa ito,there is no dog bigger than this,wla y iro nga mas dako pa ani niya
pumupunta siya sa eskuwela sa gabi,he goes to school at night,naga eskwela siya kada gabii
sikreto iyon,that s a secret,sikreto kato
pakiabot ang pandikit at gunting na nasa loob ng kahong iyan,please hand over the glue and scissors that are inside that box,palihug paki hatag ang glue ug gunting nga naa sa sulod anang kahon
gagamitin ko ang gunting na iyan sa paggupit ng papel na dilaw,i will use those scissors to cut the yellow paper,gamiton nako na nga gunting aron magupit ang dalag nga papel
kailan ko ba makikita ang epekto ng sabong ito,when will i see the effect of this drug,kanus a ba nako makit an ang epekto ani nga sabon
may nagsabi sa akin na ang batang iya y hindi nakakarinig,someone told me that the boy couldn t hear,naa y naka ingon sa akoa nga kana nga bata dili makadungog
ito y tumagal lamang ng isang oras,it only lasted an hour,nagdugay lamang kini sa sulod sa usa ka oras
ikaw ba y natutulog,are you sleeping,nagatulog ka
si ay isang mabait na kapitbahay,is a nice neighbor,usa nga maayo nga silingan si
sinabi ni na nais n yang mapag isa,said he wanted to be alone,gusto usa ni mag inusara ingon pa niya
maglalaro kami ng tenis,we will play tennis,madula mi og tenis
hindi huminto ang kotse,the car did not stop,wala nihungong ang sakyanan
si pablo ay ipinanganak sa roma,paul was born in rome,sa roma gipanganak si pablo
ang lahat ng bansa ay may kani kanilang wika,all countries have their own language,tanan na sud adunay iyang kaugalingon nga sinultihan
ang kanyang kaarawan ay sa dalawampu t isa ng agosto,his birthday is on the twenty first of august,ang iyang adlawng natawhan kay kada ika sa agosto
sesante ka,you are sixty,pahawa sa trabaho
ako y bingi at hindi kita naririnig,i m deaf and i can t hear you,bungol ako ug dili tikaa madungog
nagyaya ako ng dalawampung kaibigan sa pista,i invited twenty friends to the party,nangimbita ako og bayente ka higala sa pista
si ang nakikita mo,is what you see,si ang imong nakita
sa tingin mo ilang aklat na ang nabasa mo hanggang sa kasalukuyan,how many books do you think you have read so far,sa panan aw nimo pila na ka libro ang imong nabasa hantod karon
ano ang kulay ng buhok ni,what color is s hair,unsa ang kolor sa buhok ni
siya y lumalakad nang parang isang pato,he walks like a duck,ang iyang paglakaw sama sa usa ka pato
ang lolo ko y limang beses na mas matanda kaysa akin,my grandfather is five times older than me,ang imong lolo kay mas tigulang sa akoa og lima ka takna
maaari kang maghintay sa kwartong ito,you can wait in this room,mamahimo kang maghulat diri nga kwarto
umuwi ka at tawagan mo ang pulis,go home and call the police,uli na ug tawagi dayon ang pulis
kinailangan kong tumulong sa mga gawaing bahay,i had to help with the housework,gikinahanglan nako nga motabang sa mga trabahuon sa balay
marunong akong magmaneho ng kotse,i know how to drive a car,kabalo ko mag drayb og sakyanan
sila y naligo sa lawa,they bathed in the lake,naligo siya sa lawa
nakita ko iyan,i saw that,nakit an na nako na
siya y nagdalawang isip bago sumagot,he hesitated before answering,nagduha duha siya bag o nitubag
anong oras kayo natutulog,what time do you sleep,unsang oras mo nagatulog
hindi ko maintindihan bakit kailangan ang lahat ng mga ito,i don t understand why all these are needed,dili ko kasabot kung ngano ng kinahanglan ni sa tanan tao
kasama ko si,i m with,kauban nako si
ngayon ay sabado,today is saturday,karon kay adlaw sa sabado
hindi ko ginustong masaktan ka,i didn t want to hurt you,wala nako gituyo nga masakitan ka
iniligtas ng doktor ang apat na taong nasaktan sa aksidente,the doctor saved four people who were injured in the accident,gisalba sa doktor ang upat ka tawo nga nasakitan sa aksidente
dumaan kami sa isang makitid na daanan,we passed through a narrow passage,niagi mi sa usa ka suok nga dalan
magkano ang dapat kong bayaran,how much should i pay,pila ang akong dapat nga bayaran
ang anak kong babae ay bumibili ng gatas sa tindahan,my daughter buys milk at the store,ang akong anak nga babae kay nipalit og gatas sa tindahan
tingnan mo ang laki ng bagay na yan,look at the size of that thing,tan awa ang kadak on ana nga butang
wala akong ganang pumasyal ngayon,i don t feel like going out now,wala koy gana nga mosuroy karon
kailangan niyang pakainin ang kanyang malaking pamilya,he has to feed his large family,kinahanglan niya pakaunon ang iyang pamilya
gusto niya ang musika,he likes music,ganahan siya sa tugtog
ako rin,me too,ako pud
kanino ang bolpen na ito,whose pen is this,kakinsa ni ng bolpen
nagbibisikleta ako papuntang trabaho,i ride a bike to work,nagabayk ra ko padulong sa trabahoan
ako y may maraming kaibigan,i have many friends,daghang kog mga higala
maliwanag ang kanyang kwarto,his room is bright,hayag ang iyang kwarto
huwag mong kagatin ang iyong mga kuko,don t bite your nails,ayaw pagkitkit sa imong kuko
nag aaral ako ng ingles dahil may balak akong pumunta sa estados unidos,i am studying english because i plan to go to the united states,nagtuon ko og ingles kay aduna ko y plano moadto og estados unidos
gusto ko ng iba,i want something else,gusto ko og lahi
kapag papayagan mo akong magsalita maaari kong ipaliwanag ang lahat,if you allow me to speak i can explain everything,kung tugotan ko nimo mostorya pwede nako ng ipasabot sa imoha ang tanan
hindi pumupunta si sa kanyang opisina tuwing sabado,doesn t go to his office on saturdays,dili naga adto si sa iyang trabahoan kada sabado
maligayan raw ng mga ina,mothers are said to be happy,maayong adlaw sa mga inahan
paano ka nakapasok nasasayo ba ang susi,how did you get in do you have the key,giunsa nimo pagsulod diri naa ba sa imo ang susi
tayo ay umasa na ang suporta ay darating sa tamang oras,we hope that support will come in time,mosalig lang kita nga ang suporta mo abot sa saktong oras
umalis siya nang hindi nagpapaalam,he left without saying goodbye,nihawa siya nga wala nananghid
may tumawag ba sa akin nung ako ay nasalabas,did someone call me when i was out,naa y nangita sa akoa samtang naa ko sa gawas
gusto ko ang pagmamahal mo,i want your love,giganahan ko sa imong pag pangga
kung ako y nakakapagsalita ng ingles hindi sana nila ako pinagtawanan,if i could speak english they wouldn t have laughed at me,kung kabalo lang ko mag istorya og ingles dili unta ko nila kataw an karon
sabi nila na ang aksidente ay sanhi ng hindi mahusay na pagkakagawa ng gusali,they said the accident was caused by poor construction of the building,ingon sila ang aksidente kay tungod sa gabok nga pagkabuhat sa usa ka gambalay
ayoko ng gumawa sa ganitong kalagayan,i don t want to work in this situation,dili ko gusto mohimo og ingon ani nga sitwasyon
di ko maiging masarhan ang pinto,i can t close the door,dili nako masirado og maayo ang purtahan
sa tingin ko di ito maaaring mangyari,i think this cannot happen,sa akong panan aw dili ni dapat mahitabo
ang selpon mo y di kumikilos,your cell phone is not working,ang imong selpon kay dili molihok
saan nagbiyahe si,where did travel to,asa niadto si
nagbiyahe siya sa maraming bayan,he traveled to many towns,niadto siya sa daghang siyudad
lumago ang bulaklak nang maagang tagsibol,the flower grows in early spring,nibukhad ang bulak tungod sa sayo nga panahon
gusto mong maglakad pagkatapos ng hapunan,want to go for a walk after dinner,gusto ka molakaw paghuman og panihapon
gusto kita dahil sa iyong pag unawa,i like you because of your understanding,ganahan ko sa imo tungod sa imong pagkamasinabtanon
magtatagpo kami ni lisa nitong hapon,lisa and i will meet this afternoon,magkita mi ni lisa karong hapon
magbasa ka kung saan ka tumigil,read where you left off,pagbasa kung asa ka moundang
iyon ay sa mga kuwento lamang,that s just in the stories,sa mga istorya lamang
ikaw ay kasing tangkad ko,you are as tall as me,kitang duha pareho ka tangkad
hinihiling kong magkaroon ka ng isang maligayang kaarawan,i wish you a happy birthday,unta malipay ka sa imong adlawng natawhan
wala akong kasintahan,i don t have a boyfriend,wala ko y trato
natutuwa akong makilala ka,i m glad to meet you,nalipay ko nga nagka ila ta
paano ko sasabihin ang iyan sa inyong lengwahe,how do i say that in your language,unsaon nako na pag istorya pinaagi sa inyong sinultihan
higit ang pagmamahal ko sa iyo kaysa sa pagmamahal mo sa akin,i love you more than you love me,mas labaw pa ang akong paghigugma nako sa imo ikumpara sa imong paghigugma sa akoa
si ay walang trabaho ngayon,is unemployed now,wala y trabaho si karon
kumusta ka,how are you,kumusta ka
nagkaroon ka ba ng isang maligayang paglalakbay,did you have a pleasant trip,malipayon ba ang imong pagbiyahe
masama ang aking pakiramdam,i feel bad,lain ang akong paminaw
tumawag ka ng pulis,call the police,panawag og pulis
napakamahal naman nito,it is very expensive,kamahal ba ani
nagtutulug tulogan lamang siya kaya hindi siya humihilik,he just sleeps so he doesn t snore,nagpatulog tulog lang na siya bantog wala siya nihagok
masyadong maliit ang aking mga sapatos,my shoes are too small,gamay kaayo ang akong mga sapatos
kailangan ko ng bago,i need a new one,kinahanglan nako og bag o
parati siyang nakaasul na syert,he always wears a blue shirt,pirmi siya nagasuot og asul nga sanina
may tatlong aso si,has three dogs,adunay tulo ka iro si
oras nang pumunta,time to go,oras na para molakaw
sinuysoy ko si na samahan kami,i persuaded to join us,gihangya nako si nga ubanan mi
isip niyang bagay iyon sa buhay at kamatayan,he thought it was a matter of life and death,nahunahunaan niya nga angay to sa buhi ug kamatayon
hindi na ako makalakad tatay,i can t walk anymore dad,dili nako gusto molakaw papa
pabuhat po o,lift it up oh,kargaha ko palihog
oy magpahinga na tayo rito,oy let s rest here,uy magpahuway sa ta diri
pagod na ang mga binti ko at hindi na ako makalakad,my legs are tired and i can t walk anymore,gikapoy na ang akong tiil ug dili nako gusto molakaw
sino itong kinakausap ko,who am i talking to,kinsa man ni akong ka istorya
susustentuhan ako ng ama ko,my father will support me,suportahan ko sa akong amahan
marumi ang banyo,the bathroom is dirty,hugaw ang kasilyas
ikaw mismo ang gumawa noon,you did it yourself,ikaw gyud ang naghimo ana
ito bang bulaklak ay hindi maganda,is this flower not beautiful,dili ba ni didto nga bulak
walang sinabi si,said nothing,wala y gisulti si
kahit na mabilis ka hindi ka pa handa,even if you re fast you re not ready,bisag unsa pa ka kapaspas dili pa ka andam
puwede mo bang ilagay lahat iyon sa malaking supot,can you put it all in the big bag,mamahimo ba nimo ng ibutang sa dako nga plastik
pinagbilin ko siyang gawin iyon,i ordered him to do that,gisaligan nako siya nga buhaton to
ang nangyari y katulad ng kidlat sa langit na walang ulap,what happened was like lightning in a cloudless sky,sama sa usa ka kidlat nga gikan sa langit ang panghitabo
ibibigay mo ba sa akin ang iyong numero sa telepono,will you give me your phone number,hatagan ba ko nimo sa imong numero sa telepon
bumalik siya sa tahanan pagkatapos ng matagal na paglayas,he returned home after a long run away,nibalik siya sa tindahan pagkahuman niya og layas sa dugay nga panahon
binisita niya ang hawaii nang maraming beses na,he has visited hawaii many times,nibisa siya sa hawaii sa makadaghan nga panahon
iguhit ng linya sa a hanggang b,draw a line from a to b,magdibuho oh linya nga a hantod b
may nakitang usok galing sa bintana,smoke was seen coming from the window,adunay nakita nga aso gikan sa bintana
sa sulok ng kuwarto ay isang mesa,in the corner of the room is a table,sa kilid sa kwato adunay usa ka lamesa
walang makadesisyon kung anong dapat gawin,no one can decide what to do,wala y makanuot kung unsa ang dapat buhaton
uminit ang araw,the sun got hot,niinit ang adlaw
umani ako ng marami,i reaped a lot,daghan ko og nakuha
hindi alam ni sabihin kung ano ang gusto niyang sabihin sa ingles,doesn t know how to say what he wants to say in english,dili kabalo si kung unsaon niya pagstorya sa ingles ang iyang buot iingon
hindi ko sila natalo,i didn t beat them,wala nako sila napildi
nagtuturo ako ng ingles halos araw araw,i teach english almost every day,nagatudlo ko og ingles kada adlaw
masaya ka ba sa bahay mo,are you happy at home,malipayon ba ka sa imohang balay
hindi ko na ulit ito gagawin,i will never do it again,dili na nako ni buhaton og usab
nangyari ang aksidente sa kalsada,the accident happened on the road,nahitabo ang aksidente sa kalsada
maaari tayong magkita,we can meet,mamahimo kitang magkita
maaari ba ako lumakbay,can i travel,mamahimo ba akong molakaw
umupo ako sa kanyang tabi,i sat next to him,nilingkod ko sa iyahang tapad
nakakahiya,shame,kaulaw
isulat niyo ang anong ididikta ko,write down what i will dictate,isulat kung unsa ang akong iingon
walang salita ang makakapaglarawan sa pag ibig ko para sa iyo,no words can describe the love i have for you,wala y pulong ang makalaraw sa akong paghigugma para sa imoha
hindi iyan nakakatawa,that s not funny,dili na kataw anan
ang parke ay puno ng mga bata,the park is full of children,napuno og mga bata ang parke
at saan patutungo ang lahat ng mga bata sa bahay ampunan,and where do all the children in the orphanage go,ug asa padulong ang mga bata nga sa balay amponan
siya ay nakahiga sa sofa ang mga mata y nakapikit,he was lying on the sofa eyes closed,naghigda sita sa lingkuranan nga ang mga mata kay nakapiyong
magkasing edad tayo,we are the same age,pareho ta og edad
ang bait bait mo,you are so kind,kabuotan pud nimo
ang mga paniniwala ay resulta ng ating imahinasyon,beliefs are the result of our imagination,ang mga tinuohan kay resulta sa atong mga hunahuna
alam kong alam ko iyan pero hindi ko matandaan,i know i know that but i can t remember,kahinumdom ko nga kabalo ko ana pero nakalimtan lang nako
ayaw kong kumain ng isang buhay na ulang,i don t want to eat a live lobster,dili ko gusto mokaon og isa ka buhi nga ulang
akala ko ay hindi kita mahahanap,i thought i couldn t find you,abi nako dili na tika makita
hindi konti ang petrolyo sa aming bansa,petroleum is not small in our country,dili limitado ang gasolina sa among nasud
siya ay nasa isip niya palagi,he was always on her mind,siya kay naa sa iyang hunahuna pirmi
bigyan mo ako ng anumang panulat,give me any pen,taga i ko og bisag unsa nga gamit pangsulat
siya ay may dalawang pusa,she has two cats,adunay siya y duha ka iring
wala siyang kompyuter,he doesn t have a computer,wala siya y kompyuter
ipakita niyo ang daan,show me the way,pakitaa ko sa dalan
siya ay sumusulat pa rin ng mga nobela paminsan minsan ngunit hindi na palagi tulad noon,he still writes novels from time to time but not as often as before,nagasulat gihapon siya og sugilanon usahay pero dili na pareho sauna
kapwa estudyante ang nakapasa sa lahat ng kanilang mga pagsusulit,both students passed all their exams,pareho nga mga magtutungha ang nipasar sa ilang gibuhat nga pagsukod
sobrang sama ng pakiramdam ko ngayon,i feel so bad right now,lain kaayo ang akong paminaw karon
sa tingin ko ako ay may napakataas na lagnat,i think i have a very high fever,sa akong paminaw aduna ko y taas kaayo nga hilanat
bakit mo iniligtas ang maitim na asong iyon,why did you save that dark dog,ngano ng gi salba nimo tong itom nga iro
matagal na akong hindi bumahin,i haven t sneezed in a long time,dugay nako wala naka hatsing
sa iyo ba ang aklat na ito,is this book yours,imoha ba ni nga libro
ang kabayo ay isang animal,a horse is an animal,ang kabayo kay usa ka hayop
magpakatino ka hindi ka makakamaneho kung wala ang manibela,be smart you can t drive without a steering wheel,pagtarong dira dili ka maka drayb kung wala y manibela
lahat ng mga aklat sa estante ay nabasa na,all the books on the shelf have been read,tanan nga libro sa sulod sa aparador kay nabasahan na
handa akong sumunod sa iyo,i am ready to follow you,andam ko nga mosunod sa imo
iwan mo ang aking kotse,leave my car,ibilin ang akong sakyanan
naghanap nang naghanap ang pulisya ng isang nawawalang bagay sa loob ng isang buwan,the police searched for a missing object for a month,sa sulod sa usa ka bulan wala niundang sa pagpangita ang kapulisan sa usa ka nawala nga butang
ang ibig sabihin ng amnesya ay pagkawala ng memorya,amnesia means loss of memory,ang buot pasabot sa amnesia kay ang pagkalimot nimo sa imong memorya
siya ang gumagawa ng pinakamasarap na mga sandwich sa buong mundo,he makes the best sandwiches in the world,siya ang nagahimo sa pinakalami nga sandwich sa tibuok kalibutan
iyan ay trabaho ko,that s my job,mao kana ang akong trabaho
kailangan niyo na bumuo ng apat na grupong may anim na miyembro bawat isa,you need to form four groups of six members each,kinahanglan ninyo makaugna og upat ka grupo nga adunay unom ka miyemboro kada tapok
pakiusap huwag mong gawin iyan,please don t do that,palihog ayaw kana buhata
gusto kong manirahan sa isang kastilyo,i want to live in a castle,gusto ko nga mopuyo sa usa ka palasyo
wala akong pakialam sa bagay na iyan,i don t care about that stuff,wala ko y labot mahitungod ana nga butang
ang nanalo ay ang mga babae,the winner is the women,ang mga mandadaog kay ang mga babae
iniiwan ko ang mga aklat dito,i leave the books here,akong ginabilin ang akong mga libro diri
kinuha ko ang larawang iyan noong nakaraang linggo,i took that picture last week,gikuha nako na nga hulagway atong nilabay nga dominggo
bigyan mo ako ng isang basong tubig pakiusap,give me a glass of water please,mamalihpg ko taga i ko og isa ka baso nga tubig
may aso ka diba,you have a dog right,naa ka y iro di ba
maraming tao ang dumalo sa libing,many people attended the funeral,daghan nga tao ang nitambong sa lubong
bibisitahin ko ang nanay sa ospital bukas,i will visit mom in the hospital tomorrow,akong duawon ang akong inahan sa balay tambalanan
ano ang natuklasan ni cristobal colombo,what did christopher columbus discover,unsa ang nahibaloan ni cristobal colombo
huwag mo iyang sagutin,don t answer him,ayaw kana tubaga
ito ay kailangang magbago,this has to change,kinahanglan kini magbag o
si ay bata,is young,si kay usa ka bata
wala akong oras para bumili ni para magpaalam sa aking ina,i didn t have time to buy or to say goodbye to my mother,wala nako y oras aron mananghid sa akong inahan
nagkasakit ako ako ay nanatili sa bahay buong araw,i got sick i stayed at home all day,nasakit ko nagpundo ko sa balay tibuok adlaw
may mga mansanas na dilaw kami,we have yellow apples,aduna kami y mga dalag nga mansanas
minsan may sakit ako sa tiyan,sometimes i have a stomach ache,usahay aduna ko y ginabati nga sakit sa akong tiyan
siya ay nagluluto para sa kanyang asawa araw araw,she cooks for her husband every day,nagaluto siya kada adlaw para sa iyang asawa
saan mo naman nakuha ang ideyang iyan na may alam ako sa mga robot,where did you get that idea that i know something about robots,asa man ka gikan ang imong nahunahunaan nga ako aduna y nahibal an mahitungod anang mga robot
pwede ba kitang makita ngayong gabi,can i see you tonight,mamahimo ba ta ng magkita karong gabii
sila ay umakyat sa tren,they boarded the train,nisaka siya sa tren
tinulungan ni si sa kanyang takdang aralin,helped with her homework,gitabangan ni si sa iyang buluhaton sa balay
si dimitri mendeleev ay ipinanganak noong ika ng pebrero taong,dimitri mendeleev was born on february,si dimitri mendeleeb kay gipanganak atong ika sa bulan sa pebrero tuig
masaya sila sa resulta,they are happy with the result,malipayon siya sa resulta
ang mga taong naninirahan sa kanya sa londres ay bibisita sa akin,the people who live with him in london will visit me,ang mga tao nga nagpuyo sa iyada sa nasud londres kay mobisita sa akoa
gusto ko na ang lahat ay perpekto,i want everything to be perfect,gusto nako nga ang tanan wala y mali
iwan mo ang mga aklat nang ganyan,leave the books like that,biya i na ang mga libro nga ingon ana
sa huli nakuha namin ang impormasyon,finally we got the information,sa ulahi nakuha na namo ang impormasyon
huwag manigarilyo dito,do not smoke here,ayaw panigarilyo diri
huwag hayaang makatakas ang sinuman,don t let anyone escape,ayaw pasagdi nga naa y makatakas bisan og si kinsa
natatandaan ko,i remember,nahinumdoman nako
si felipe ay gustong magpalaki ng kanyang katawan,felipe wants to increase his body,si felipe kay gusto nga padakuon ang iyang lawas
ako ay tumatawa,i am laughing,nagakatawa ako
walang ibang inisip ang aking nanay kundi ang aking pag uwi sa bahay,my mother thought of nothing but my coming home,wala y laing gihunahuna ang akong inahan pero ang akong pag uli sa among balay
ako ay may isang libo t limang daang mga baka,i have one thousand five hundred cows,aduna ko y usa ka limo ug lima ka sintos nga mga baka
si yumi ay pumunta roon nang mag isa,yumi went there alone,miadto si yumi didto nga nag inusara
ilang susi tanong ni pepperberg,how many keys asked pepperberg,pila ka susi pangutana ni pepperberg
sinira ng baha ang mga tanim,the flood destroyed the crops,giguba sa tubig baha ang mga tanom
nakatayo ka na ba ng isang bahay,have you built a house,nakapatindog na ba ka og usa ka balay
binisita ko si nara,i visited nara,gibisita nako si nara
para ba akong isang loko kung nagsasalita ako nang ganito,do i sound like a fool if i talk like this,mura ba ko g wala sa akong panghunahuna kung ingon ani akong pag istorya
tapos ka na,are you done,humana ka
sa kanya iyan,that s his,iyaha kana
dito ako nagtatrabaho,i work here,diri ko nagatrabaho
matutulungan mo ba ako sa paghugas ng mga pinggan na ito,can you help me wash these dishes,matabangan ba ko nimo sa paghugas aning mga hugason
nakakaintindi ba silang dalawa ng pranses,do they both understand french,nagkasinabtanay ba silang duha sa pranses
gusto ko ng isang keyk na bughaw,i want a blue cake,gusto ko og keyk nga asul
ang balita ngayon sa dyaryo ay may paparating na isang malakas na bagyo,today s news in the newspaper is that a big storm is coming,ang balita nga anaa sa dyaryo kay mahitungod sa paabota y nga kusog nga bagyo
gusto kong dalhin mo ako ng isang kutsilyo,i want you to bring me a knife,gusto nako magdala ka og usa ka kutsilyo
hindi ako makakapunta rito bukas,i can t come here tomorrow,dili ko magka adto diri ugma
ang gatas na ito ay nagkakahalaga ng dolyares,this milk costs dollars,kini nga gatas kay mapalit sa presyo nga tresmil ka dolyares
hanapin mo ang salita sa diksyunaryo,look up the word in the dictionary,pangitaa ang pulong sa diksyonari
anong ingay iyon,what is that noise,unsa to nga saba
si ay pumupunta rito halos araw araw,comes here almost every day,naga adto diri si halos kada adlaw
salamat,thank you,salamat
sobra kitang mahal di mo lang pinahalagahan,i love you so much you just don t appreciate me,gihigugma tika og maayo wala lang nimo gihatagan og importansya
ako ay mamamahayag,i am a journalist,usa ko ka reporter
si ay nagriribyu para sa kanyang eksamen bukas,is revising for his exam tomorrow,si kay nagatuon para sa iyang eksam ugma
ako y labinlimang taong gulang bakit mo naitanong,i am fifteen years old why do you ask,akong edad kay kinse anyos ngano ng napangutana nimo kana
si ang kauna unahang batang humalik kay,was the first boy to kiss,si ang pinaka una nga nihalok kay
isang bagyo sa isang baso ng tubig,a storm in a glass of water,usa ka bagyo sa usa ka baso nga tubig
ang websayt na ito ay umiimbag ng mga lihim na dokumentos ng ilang mga gobyerno,this website stores secret documents of several governments,kini nga websayt ginatagoan ang mga importanteng dokumento sa ubang mga taga gobyerno
kailangan ko ng konting panahon para umisip,i need some time to think,kinahanglan nako og gamay nga panahon para makahunahuna
ako y kinakabahan at di makapaghintay,i m nervous and can t wait,nakulbaan ko ug dili nako makahulat
umuulan noon kaya ako ay nanatili sa bahay,it was raining so i stayed at home,niulan ato na panahon bantog nagpundo lamang ako sa balay
walang bahing kung walang ilong walang katotohanan kung walang basehan,there is no sneeze without a nose no truth without a basis,walay hatsing kung walay ilong ug walay kamatuoran kung walay basehan
ang aking mga magulang ay diborsyado,my parents are divorced,ang akong mga ginikanan kay bulag na
may mga taong gusto ng beysbol ang iba ng saker,some people like baseball others of saker,adunay mga tao nga ang gusto kay beysbol ang uban sab kay saker
may na mga estudyante sa klaseng ito,there are students in this class,adunay kwarenta ka mga magtutungha ani nga klase
pinahintay nila ako ng kaunting sandali,they made me wait a little while,gipahulat ko nila og gamay ng panahon
ang kalusugan ay ang pinakamahalagang bagay,health is the most important thing,ang atong panlawas ang pinakaimportante sa tanang butang
basahin mo ang teksto,read the text,basaha ang pahayag
hindi ko ginustong lokohin ka,i didn t want to fool you,wala nako gigusto nga ilaron ka
ang aking nobyo ay istupido,my boyfriend is stupid,ang akong trato kay hungog
hindi ko masyadong kilala ang lungsod,i don t know the city very well,dili kaayo nako kabisado ang siyudad
nasa hokkaido ka ba isang taong nakalipas,were you in hokkaido a year ago,naa ba ka sa hokkaido atong niagi nga tuig
siya ay nagsasalita ng hapones nang mabuti,he speaks japanese very well,siya kay hawon mosulti og hapones
sa tingin mo ba y magugustuhan niya,do you think he will like it,sa imong panan aw magustohan ba ni niya
ang maliliit na hasyenda ng pamilya ay nawala,small family farms disappeared,nawala ang gagmay nga bukid sa ilang pamilya
hindi maaaring mangisda sa dikeng ito,can t fish on this dike,dili mamahimong mangisda ang diri nga kanal
sa totoo lang may gusto rin siya sa kanya,actually he likes her too,sa tinuod lang aduna sad siya y gusto sa iyaha
hindi nakikita ni ang mga nakasulat sa blakbord,cannot see what is written on the blackboard,dili makit an ni ang gisulat sa bord
para sa akin mas madaling magtrabaho sa labas kaysa gumawa sa bahay,for me it s easier to work outside than to work at home,para sa akoa mas sayon motrabaho sa gawas kung ikompara sa pagbuhat og balay
sigurado ka bang sinabi niya iyan,are you sure he said that,sigurado ba ka nga iyaha kanang gi ingon
hindi eksaktong ganyan pero sinabi niya,not exactly like that but he said it,dili gyud ingon ana pero nagsulti siya
kung luluwas ka ngayon din bukas nang gabi ay nasa boston ka na,if you leave now tomorrow night you will be in boston,kung molugsong na ka karon dayon ugma sa gabii naa na ka sa boston
ako ay bumabiyahe halos araw araw,i travel almost every day,nagabiyahe ko kada adlaw
hindi ako kasimbilis tulad niyo,i m not as fast as you,dili ko paspas sama ninyo
bukas ay isang bagong araw,tomorrow is a new day,ugma kay usa ka bag ong adlaw
maraming trabaho ang magagawa gamit ang mga kompyuter,many jobs can be done with computers,daghan nga trabaho ang mabuhat pinaagi sa usa ka kompyuter
wala akong ganang mag ehersisyo,i don t feel like exercising,wala ko giganahan mag eksersays
gusto kitang makita,i want to see you,gusto tika makit an
nang kami ay dumating doon biglang umulan,when we got there it suddenly rained,sa among pag abot didto nibundak ang ulan
tawagan mo ko bukas,call me tomorrow,tawagi ko ugma
hininto niya ang kotse,he stopped the car,gihunong niya ang sakyanan
kahit ang inay alam,even the mother knows,bisag ang mama nakabalo
pinabigay nila ito sa inyo,they gave it to you,gipahatag nila kini sa inyo
naiintindihan mo ba ang pagkakaiba,do you understand the difference,nakasabot ba ka sa kalahian
bakit ka gumising nang napakaaga,why do you wake up so early,ngano ng nimata ka og sayo
may eksamen kami sa ingles ngayon,we have an english exam today,aduna kami y eksam sa ingles karon
saglit lang talaga,just for a moment,kadiyot lang gyud
pinadalhan kita ng isang liham,i sent you a letter,gipadalhan tika og sulat
kumain ka at uminom,eat and drink,kaon na ug inom
kailangan mong panatilihing maayos ang iyong silid tulugan,you need to keep your bedroom tidy,kinahanglan nimo ipadayon ang kahapsay sa imong kwarto
tapos na siyang kumain ng agahan,he has finished eating breakfast,humana siya og kaon sa iyang pamahaw
magkakaiba ang kanilang mga opinyon,their opinions differ,managlahi ang ilang mga opinyon
eto ang aming kaibigang si,this is our friend,kini ang among higala nga si
hindi mo kailangang ako y tawagan,you don t have to call me,dili kinahanglan nga tawagan ko nimo
gusto mo ng ano,what do you want,unsa imong gusto
may galit siya sa akin,he has a grudge against me,naa siya y kasuko sa akoa
huwag kang magsalita ng hapon,don t speak japanese,ayaw pagistorya og hinapon
sa tingin ni ay alam niya kung sino ang paboritong musikero ni,thinks he knows who s favorite musician is,sa panan aw ni kabalo siya kung kinsa ang gusto nga musikero ni
gusto ko pa,i want more,ganahan pa ko
umalkila kami ng isang kabanya na malapit sa isang lawa,we rented a cabin near a lake,nag arkila kami og usa ka balay nga duol sa lawa
eto ang bahay kung saan nakatira ang punong ministro,this is the house where the prime minister lives,diri nga balay nagpuyo ang punong ministro
kung sakali hindi ako makakarating pumunta ka nang mag isa,in case i can t make it you go alone,kung dili ko mka abot adto nlng ng ikaw ra isa
walang silbi ang pagbigay ng insentibo siya ay hindi nagbabago,it s no use giving incentives he doesn t change,walay pulos ang gihatag nga kwarta waa siya nagbag o
alin ang pipiliin mo,which would you choose,unsa ang imong pilion
ako mismo ang mag aalaga sa kanya,i will take care of him myself,ako ang mag atiman sa iyaha
akin na ang armas,the weapon is mine,ihatag sa akoa ang pistula
tingnan mo kung anong dinala ng pusa dito,look what the cat brought here,tan awa kung unsa ang gibitbit sa iring diri
kaarawan ko bukas at magiging na ako,tomorrow is my birthday and i will be,ugma ang akong adlawng natawhan ug padulong nako mag desisiyete
wala akong tinatago mula sa iyo,i m not hiding anything from you,wala ko y ginatago sa imo
hindi na niya bibisitahin ang lungsod kahit kailan,he would never visit the city again,dili niya suroyon ang siyudad bisag kanus a pa man
huwag mo kaming mamaliitin,don t underestimate us,ayaw kami og insultoha
kailangan mong magpursige hanggang iyon ay makuha mo,you have to persevere until you get it,kinahanglan nimo maningkamot aron makuha nimo na
nakita ko sa discovery channel,i saw it on the discovery channel,nigawas ko sa discovery channel
ano ang talagang gusto ni ay isang bagong gitara,what really wants is a new guitar,ang pinakagusto ni kay isa ka bag o nga gitara
sa darating na taon ay eleksiyon,next year is an election,adlaw sa pinili ay karong umaabot nga tuig
mahigit sa na katao ang pumunta sa konsyerto,more than people went to the concert,labaw sa tres mil ka tawo ang nitambong sa konsert
ang aking kaibigan ay labimpitong taong gulang,my friend is seventeen years old,ang akong higala kay kinse ka anyos na
pinangako niyang pakasalan siya ngunit hindi sila ikinasal,he promised to marry her but they never got married,nisaad siya og kasal sa iya pero wala y nahitabo nga kasal
ang epekto ay madali,the effect is easy,paspas ang resulta
ang kailangan mo lamang gawin ay pindutin ang pulang boton na ito,all you have to do is press this red button,kinahanglan lamang nimo pinduton ang pula nga pislitanan
ang bansang hapon ay nasa asya,japan is in asia,naa sa asya ang nasud japan
gagawin ko ang trabaho bukas,i will do the work tomorrow,himuon nako ang trabaho ugma
ang katotohanan ay kahit kailan hindi siya pumunta sa amerika,the truth is that he never went to america,ang kamatuoran kay wala gyud na siya naka adto sa amerika
ang asawa ni ay mabilog,s husband is plump,lingin ang lawas sa bana ni
nais ko ang iyong pag ibig,i want your love,gusto nako ang imong paghigugma
kapag ika y kakain ng ganyang kadami ika y tataba,when you eat that much you will gain weight,kung mokaon ka og ingon ana kadaghan motaba ka gyud
hali kayo,come on,ali mo diri
sumama siya sa kanya papuntang sinehan,he went with her to the cinema,miuban siya sa iyaha padulong sa sinehan
sabihin mo,tell me,iingon na
sila ay nakatira malapit sa paliparan,they live near the airport,ang ilang balay kay duol sa airport
ang kwartong iyan ay hindi gaanong malaki,that room is not that big,dili kaayo dako ang kana nga kwarto
walang higit na importante kaysa ang panahon,nothing is more important than time,walay mas labaw nga importante kaysa sa oras
kasama niya ang mga magulang,his parents are with him,kauban niya ang mga ginikanan
iyan ay hindi kailangan,that is unnecessary,dili kana gikinahanglan
akin ang itim,black is mine,akoa kay itom
mabilis tumakbo ang mga bata,the children ran fast,paspas modagan ang mga bata
hindi niya gusto na siya y pupunta ng boston,he didn t want to go to boston,dili siya ganahan nga padulong siya sa boston
siya ang napili,he is the chosen one,ang napilian kay siya
oo,yes,oo
hindi kilala ni ang batang kumakausap kay,did not know the boy who was talking to,wala kaila si sa bata nga kaistorya ni
kilala niya nang mabuti ang lungsod,he knows the city well,kabisado siya sa siyudad
buksan mo ang tv,turn on the tv,panandara ang tv
hindi ka tumitingin,you don t look,wala ka nagatan aw
oy pare kumusta,hey dude how are you,uy pre kumusta ka
iyan ay para sa aking pamilya,that s for my family,kana kay para sa akong pamilya
hulaan mo kung sino ako,guess who i am,tagnaa kung kinsa
hindi ako nakakalangoy nang masyado,i don t swim very well,dili kaayo ko hawod molangoy
ano ang gusto nila,what do they want,unsa ang ilang gusto
mali ang kanyang numero,his number is wrong,ang iyang numero kay dili tama
sinuspindi ang mga klase dahil sa baha,classes are suspended due to the flood,gipaundang ang mga klase tungod sa taas nga tubig
nawala ko ang aking bolpen,i lost my pen,akong bolpen kay nawala
nakita ko ang laro sa telebisyon,i saw the game on television,nakit an nako ang dula sa tv
natakot ako sa pusa,i was afraid of the cat,nahadlok ko sa iring
huwag mong hipuin ang anak ko,don t touch my child,ayaw guniti ang akong anak
parang masaya siya,he seems happy,murag malipayon siya
tinanong niya ako sino ang unang dumating,he asked me who came first,gipangutana ko niya kinsa ang una nga niabot
taos puso ko sa kanyang binigay ang kaunting mayroon ako,i sincerely gave him the little i had,sinsero ang akong paghatag sa iyaha sa gamay nga naa sa ako
kami ay pumunta sa parke para kumuha ng mga retrato,we went to the park to take pictures,niadto mi sa parke aron magpakuha og hulagway
pakihintay po,please wait,palihog ko og hulat
kokonektahin ko po kayo sa kanya,i will connect you to him,i konek sa nako ni sa iyaha
sa mga araw na walang ulap maaaring makita ang bundok ng fuji,on clear days mount fuji can be seen,sa mga adlaw nga walay panganod mamahimo ga makit an ang bundok sa fuji
kami y kumanta sumayaw at nagkaroon ng usapan pagkatapos ng hapunan,we sang danced and talked after dinner,nikanta kami nisayaw ug nag istoryahanay pagkahuman og panihapon
sa tingin mo ba y may impluwensya ang ating klima sa ating karakter,do you think our climate has an influence on our character,sa imong panan aw aduna ba y impluwensya ang panahon sa atong batasan
anong oras ka nanonood ng telebisyon,what time do you watch television,unsa nga oras ka nagatan aw og tv
kami y humingi sa kanyang kapatid na babae na maging mabait at dedikado,we asked his sister to be kind and dedicated,nihangyo mi sa iyang igsuon nga babae na magbinuotan ug maningkamot
ako ay pumunta sa silid aklatan upang bumasa ng isang libro,i went to the library to read a book,niadto ko sa library arong magbasa og libro
nagugutom ka ba,are you hungry,gigutom ba ka
mas madaling magplano kaysa ito y implementahin,it is easier to plan than to implement,mas sayon magbuhat og plano kaysa buhaton kini
kailangan na dipositahin natin itong pera sa isang bangko,we need to deposit this money in a bank,kinahanglan nga atoa kini ng ipatago ang kwarta sa bangko
sa pagkakaalam ko siya ay isang masipag na estudyante,as far as i know he is a diligent student,sa akong pagkabalo siya kay usa ka kugihan nga magtutungha
anong oras ako kailangang dumating,what time do i have to arrive,unsang oras ko kinahanglan moabot
may kilala akong isang lalaking marunong magpranses,i know a man who knows french,aduna akoy kaila nga lalaki nga kabalo mag pranses
pagkatapos ng lahat ng trabaho sa bahay siya ay umupo sa sofa para manood ng telebisyon,after all the work at home he sat on the sofa to watch television,pagkahuman sa tanan trabahuon sa balay nilingkod siya sa lingkuranan arong motan aw og tv
iyan ay mga libro ng aking kapatid na babae,those are my sister s books,mga libro kana sa akong igsuon ng babae
kami ay umalkila ng isang kotse nang isang linggo noong kami ay nasa italya,we rented a car for a week when we were in italy,nag renta kami og usa ka sakyanan sa sulod sa usa ka semana katong naa kami sa italya
nagustuhan mo ba ang bisikleta,did you like the bike,giganahan ka sa bayk
noong ako y kanyang kinagat napakasakit na nawalan ako ng malay,when he bit me it hurt so much that i lost consciousness,katong gipaak ko niya nakuyapan ko sa kasakit
kung bakit ang mga tao ay maaaring maiklasipika sa mga kategoryang iyan samantala ay isang misteryo,why people can be classified into those categories meanwhile is a mystery,kung ngano gikinahanglan i grupo ang mga tawo ana nga matang mao ang usa ka katingalahan
hindi maaaring ihinto ang kaunlaran,progress cannot be stopped,dili mamahimon undangon ang paglambo
tama ba ang pranses na ito,is this french correct,sakto ba ang kani nga pranses
kailangang kumain para mabuhay at hindi mabuhay para kumain,must eat to live and not live to eat,kinahanglan mokaon aron mabuhi dili mabuhi aron mokaon
sila ay nagtitipid ng pera para sa isang bahay,they are saving money for a house,nagdaginot sila og kwarta para sa usa ka balay
ang maliit na paldang iyan ay kulay rosas,that little skirt is pink,kana nga gamayng saya kay kolor pula
tapos ko nang linisin ang aking silid,i finished cleaning my room,humana ko og limpyo sa akong kwarto
siguro nga tama ka napakadamot ko,maybe you re right i hate it so much,sakto gyud siguro ka hakog kaayo ko
maraming parke sa ating lungsod,there are many parks in our city,daghan og suroyanan sa atoang siyudad
hindi ako susulat ng isang liham sa ingles,i will not write a letter in english,dili ko magsulat og usa ka sulat nga ingles
kailangan natin ng mga pinuno,we need leaders,kinahanglan nato og mga lider
binigyan niya ako ng kaunting sopas niya,he gave me some of his soup,gihatagan ko niya og gamayng sabaw
nasa bahay ka ba,are you at home,naa ba ka sa balay
sinabi nila sa akin,they told me,gi ingon nila sa ako
maraming sundalo ang namatay sa ikalawang digmaang pandaigdig,many soldiers died in world war ii,daghang sundalo ang nawalaan og kinabuhi atol atong ikaduhang giyera sa tibuok kalibutan
hindi lahat ang may alam kung anong ibig sabihin niyan,not everyone knows what that means,dili tanan nakabalo kung unsa ang iyang buot ipasabot
hindi lahat ng tao ang nakakaalam sa kahulugan,not everyone knows the meaning,dili tanan tawo nakasabot sa iyang buot isulti
alam mo ba kung nakakapagsalita ng hapones si lucia,do you know if lucia can speak japanese,kabalo ba ka kung kabalo mo istorya og hapones si lucia
hindi pa umulan ngunit talagang malapit na,it hasn t rained yet but it s about to,wala pa nibundak ang ulan pero hapit na gyud
hindi ko gusto ang damit na ito magpakita ka ng iba,i don t like this dress show me something else,dili ko ganahan ani nga sanina pakit a ko sa uban
gusto ko na kantahin mo ako,i want you to sing to me,ganahan ko nga mokanta ka para sa ako
ang tren na iyan ay darating sa chicago alas mamayang gabi,that train arrives in chicago at tonight,kana nga tren mo abot unyang alas sa gabii sa chicago
isang maliit na kotse ay mas mura kaysa isang malaki,a small car is cheaper than a big one,ang gamay nga sakyanan kay mas barato kaysa sa dako nga sakyanan
ako ang palaging una sa pagdating,i m always the first to arrive,ako ang pirmi una moabot
nandiyan ka ba,are you there,naa na ka dira
nakakapagod ang araw na ito,this day is tiring,kakapoy ani nga adlaw
umupo si chopin sa harap ng pyano at nagsimulang tumugtog,chopin sat down in front of the piano and began to play,nilingkod si chopin atubangan sa pyano ug nagsugod og tugtog
kailangan kong dumagdag ng mga bagong diksyunaryo sa silid aklatan,i need to add new dictionaries to the library,kinahanglan nako modungag og diksyonari sa librarya
inaamin kong nakalimutan ko na ang ninais kong itanong,i admit i forgot what i wanted to ask,motug an ko nalimtan nako ang akong gusto ipangutana
kinuha niya ang manok,he took the chicken,gikuha niya ang manok
may mga hayop dito,there are animals here,adunay mga hayop diri
kailangan niyang pumunta rito,he has to come here,kinahanglan siya nga moadto diria
dapat may mag aalaga sa pasyente,someone must take care of the patient,kinahanglan adunay mo atiman sa masakiton
punta tayo sa patay sino ang namatay,let s go to the dead who died,moadto ta sa patay kinsa ang namatay
ang dalawang gusali ay magkadikit,the two buildings are adjacent,ang duha ka gambalay kay nagtapad
napakawalang ingat mo na iniwan mo ang iyong maleta,you were so careless that you left your suitcase behind,wala ka y pag amping sa imong gamit gibiyaan ra nimo imong bagahe
siya ay hindi tumatakbo,he is not running,dili siya nagadagan
hayaan mo akong tingnan iyan,let me look into that,pasagdi ko nga tan awon kana
nais niya lamang na lokohin ka,he just wants to fool you,gusto lang niya nga ilaron ka
hindi ko hahayaan na lokohin niya ako,i won t let him fool me,dili nako pasagdan nga ilaron ko niya
ako ay lumakad hanggang sa pintuan,i walked up to the door,nilakaw ko hantod sa purtahan
ikaw ay isang masamang tao,you are a bad person,usa ka ka daotan nga tawo
maaari ba akong umupo sa iyong tabi,can i sit next to you,mamahimo ba kong molingkod sa imong tapad
kung siya ay darating sabihin mong pumunta siya sa aking sala,if he comes tell him to come to my living room,kung moabot siya palihug ingna nga moadto siya sa akong sala
ilang beses sa isang linggo silang kumukulekta ng basura sa lungsod na ito,how many times a week do they collect garbage in this city,pila ka higayon sa usa ka semana sila manguha og basura diri nga siyudad
nasawi sa isang aksidente ang tatlong manggagawang nasa trak,three workers in the truck were killed in an accident,namatay sa usa ka aksidente ang tulo ka trabahante nga sakay sa trak
hindi niyo kailangang manatili,you don t have to stay,dili ninyo kinahanglan magpundo diri
ang taong aking hinihintay ay hindi sumipot,the person i was waiting for did not show up,ang akong ginahulat nga tawo kay wala nitambong
siya ay matutulog na,he will go to sleep,padulong na siya matulog
ang susi ay nasa mesa ng manunulat,the key is on the writer s desk,ang susi kay naa sa ibabaw sa lamesa sa tigsulat
ang ulap ay hugis oso,the cloud is shaped like a bear,ang panganod kay porma og oso
kailangang pasayahin mo ang iyong mga magulang,you have to please your parents,kinahanglan palipayon nimo ang imong mga ginikanan
maaalala kita habambuhay,i will remember you forever,mahinumdoman tika hantod sa kahanturan
ikaw ay walang permisong pumasok sa salang ito,you do not have permission to enter this room,wala kay katungod nga mosulod diri sa sala
nakita mismo ng dalawang mata ko,i saw it with my own two eyes,nakita sa akong duha ka mga mata
ang gandang takipsilim hindi ba,it s a beautiful sunset isn t it,nindot ang kaadlawon noh
dahan dahan niyang ginawa,he did it slowly,gihinay hinay niya pag gama
gusto ko sanang pumunta sa estados unidos,i would like to go to the united states,ganahan ko nga maka adto sa estados unidos
nakarinig ka na ba ng taong nagsasalita ng esperanto,have you ever heard someone speak esperanto,nakadungog na ba ka og tawo nga nagasulti og esperanto nga pamulong
habang may mga taong gustong magkaroon ng mga bagong sapatos ang iba ay gustong magkaroon lamang ng mga paa,while some people want to have new shoes others want to just have feet,samtang naa y mga tawo nga gusto maka angkon og sapatos adunay uban nga gusto lang maka angkon og tiil
magkakaroon ng isang bagyo ng nyebe,there will be a snow storm,adunay mahitabo nga pag ulan og niyebe
ang mga bata ay gumagawa ng mga kastilyong buhangin sa dalampasigan,children make sand castles on the beach,ang mga bata kay naghimo og palasyo nga balas daplin sa dagat
ang sahig ay basa ng tubig,the floor is wet with water,basa ang salog sa tubig
ako ay magaling kumanta,i can sing well,hawod ko mokanta
walang nakakahigit sa kanya,no one is better than him,walay makalabaw kaniya
kailangan ko ng isang tsuper para ako y ihatid papuntang bahay,i need a driver to take me home,kinahanglan nako og drayber arong mahatod ko padulong sa balay
ayaw ni ng keso,doesn t like cheese,dili ganahan si og keso
bago ka lumabas ng bahay pakipatay ang mga ilaw sa kusina at sa sala,before you leave the house please turn off the lights in the kitchen and living room,bago ka mogawas sa balay palihug palonga ang suga sa kusina ug sala
ang akala ko y hindi ka darating,i thought you wouldn t come,ang akong pagtuo kay dili ka moabot
ang kanyang pangalan,his name is,ang iyang ngalan
bago ba kayo rito,are you new here,bag o mo diri
lahat ng tao ay mortal lahat ng griyego ay tao kaya lahat ng griyego ay mortal,all men are mortal all greeks are men therefore all greeks are mortal,tanang tao kay mortal bantog tanang griyego kay mortal
ang aking nakatatandang kapatid na babae ay lumalangoy nang napakabilis,my older sister swims very fast,ang akong maguwang nga igsuong babae kay paspas nagalangoy
dalhin mo ito para sa nanay mo,bring it for your mother,dalaa kini para sa imong inahan
ang paaralan ay naging abo,the school was reduced to ashes,ang eskwelahan nahimong abo
ang mga patay lamang ang nakakita sa wakas ng digmaan,only the dead saw the end of the war,ang mga nangamatay lang ang nakakita sa pagkahuman sa giyera
may relo ba ang isa sa mga kwartong iyan,does one of those rooms have a clock,aduna bay orasan ang usa sa mga kwarto
kami ang nanalo sa laro,we won the game,kami ang mananaog sa dula
nasira ang kotse,the car broke down,naguba ang sakyanan
sa tingin mo magandang ideya kung pakainin mo ang aso ng tira tirang pagkain,think it s a good idea to feed the dog leftovers,sa panan aw nimo nindot nga buhaton kung pakaunon ang iro og mga salin nga pagkaon
isa sa aking mga kaibigan ay nakatira sa ibang bansa,one of my friends lives abroad,usa sa akong mga higala kay nagpuyo sa laing nasud
darating kami diyan sa loob ng isang oras,we ll be there in an hour,moabot lang mi dira sa sulod sa usa ka oras
bakit hindi mo tingnan ang mga datos na ito,why don t you check out these data,ngano ng dili nimo tan awon ang kini nga mga impormasyon
dapat kitang samahan,i should accompany you,kinahanglan kita ng ubanan
ito ang unang pagkakataon na bubuksan ko ang pintong ito,this is the first time i will open this door,kina ang pinaka unang higayon nga abrihan nako ni nga sira
pinindot ko na ang pulang boton ngunit walang nangyari,i pressed the red button but nothing happened,gipindot na nako ang pula nga pislitanan pero wala y nahitabo
nakita kitang kausap si,i saw you talking to,nakit an tika nga ka istorya si
kailangan mong atupagin ang mga bagay na makakatulong sa iyong mga anak na magkaroon sila ng magandang buhay,you need to do things that will help your children have a good life,kinahanglan nimo atimanon ang mga butang nga makatabang sa imong mga anak aron maka angkon sila og nindot nga kinabuhi
siya ang dumating na huli,he came late,siya ang ulahi nga niabot
hindi siya pumunta sa paaralan dahil may sakit siya noon,he didn t go to school because he was sick,wala siya mitungha sa eskwelahan kay nagsakit siya
kung ikaw ay masaya ako ay masaya,if you are happy i am happy,kung ikaw nalipay nalipay pud ako
maaari bang bigyan mo ako ng isang malinis na kutsilyo,can you give me a clean knife,mamalihog ko og hatag og usa ka limpyo nga kutsilyo
hindi iyan ang iniisip ng mga ginoo,that s not what gentlemen think,dili kana ang ginahunahuna sa mga ulitawo
kung ako ay mayaman bibilhin ko,if i were rich i would buy it,kung ako gamhanan paliton nako
hindi mo kailangang sumayaw maliban na lamang kung gusto mo,you don t have to dance unless you want to,dili nimo kinahanglan mosayaw pero kung gusto gyud nimo
pumasok ang buhangin sa aking mata,sand got into my eyes,nisulod ang balas sa akong mata
dahan dahan sa paglakad,walk slowly,hinay hinay sa paglakaw
siguro si andy ay nag ensayo nang husto,maybe andy practiced a lot,siguro nagbansay si andy og maayo
hindi ko matandaan ang kanyang pangalan sa horas na ito,i can t remember his name at this hour,dili nako matiman an ang iyang ngalan sa karon nga takna
maghugas ka ng mukha at kamay,wash your face and hands,hugasi ang imong nawong ug mga kamot
siya ay mabata at naka aakit,she is young and charming,siya kay tambok ug maka akit
sigurado akong magiging magaling ka riyan,i m sure you ll be good at it,nakasigurado ko nga mahimo kang hanas ana nga butang
may isang tutang balingkinitan sa ibabaw ng mesa,there was a slender puppy on the table,adunay usa ka itoy nga payatot sa ibabaw sa lamesa
maligayang pagdating sa bahay,welcome home,malipayong pag abot sa balay
sino ang matandang babaeng ito,who is this old woman,kinsa ni nga tiguwang nga babae
marami akong bagay na hindi kailangan,i have a lot of unnecessary things,daghan og mga butang nga dili nako gikinahanglan
mas matanda ako sa kapatid mo,i m older than your brother,mas tigulang ko kaysa sa imong igsuon
sa pagkakaalam ko ay ito ang pinakamabuti,as far as i know this is the best,sa akong pagkabalo kini ang pinakamaayo
ang panaginip ko ngayo y isa nang bituing walang ningning,my dream is now a star without brightness,ang akong pangandoy karon kay usa na ka bituon nga walay sidlak
ang kagubatan ay puno ng mga puno,the forest is full of trees,ang lasang kay napuno og mga punoan
kaninong guhit ang iyong nagustuhan,whose drawing do you like,kay kinsang dibuho ang imong giganahan
wala siya rito ngayon bakit mo ba siya hinahanap,he is not here now why are you looking for him,wala siya diri karon ngano ng ginapangita nimo siya
hindi ko ginustong ito y mangyari,i didn t want this to happen,dili nako gusto nga mahitabo kini
ako ay kasintanda niya,i am as old as him,pareho ko katigulang niya
pwede ko bang gamitin ang iyong diksyunaryo,can i use your dictionary,mamahimo ba nakong gamiton ang imong diksyonari
pakibukas ang iyong mga mata,please open your eyes,abriha ang imong mga mata
hanapan mo nga ako ng isang magandang aklat sa silid aklatan,do find me a good book in the library,pangita i daw og usa ka nindot nga libro sa librarya
kailangan kong mag isip,i have to think,kinahanglan nako maghuna huna
hindi namin itinuloy ang planong mag piknik,we didn t go through with the picnic plan,wala mi nadayon sa among plano nga mag piknik
maliit ang aking gana,my appetite is small,gamay ang akong gana
siya ay aking kapitbahay,he is my neighbor,silingan nako siya
gusto kong pumayat,i want to lose weight,ganahan ko nga mamayat
ako ay magsisimula,i will start,magsugod nako
pasasayahin kita,i will make you happy,himuon kita nga malipayon
ayaw ko pang matulog,i don t want to sleep,dili pa ko gusto matulog
oras na para matulog,it s time to sleep,takna na arong nga matulog
ayon sa radyo uulan bukas,according to the radio it will rain tomorrow,gi inngon sa radyo nga mo ulan ugma
siya ay labindalawang taong gulang,he is twelve years old,siya kay napulo ug duha ka tuig na
matangkad siya para sa kanyang edad,he is tall for his age,taas siya para sa iyang edad
saan naroroon ang padre,where is father,asa niadto si padre
walang banyo rito umihi ka sa likod ng punong iyan mismo,there is no bathroom here pee behind that very tree,walay kasilyas diri pangihi sa likod ana nga punoan
maling kumopya sa liksyon ng kaklase,incorrectly copying a classmate s lesson,sayop ang pagkopya sa kaklase
maaari niyo bang sabihin paano ko mararating ang istasyon,can you tell me how to get to the station,mamahimo ba ninyo nga isulti kung unsaon nako pag adto sa istasyon
araw araw kaming pumupunta sa paaralan maliban ang linggo,we go to school every day except during the week,adlaw adlaw kami naga adto sa eskwlehan pero wala y labot ang dominggo
huminto siya malapit sa silya ni,he stopped near s chair,nihunong siya duol sa gilingkuran ni
nanatili silang sabay nang isa pang araw,they stayed together for another day,sila gihapon ang nagsabay sa usa pa ka adlaw
salamat sa pagbati sa akin,thank you for congratulating me,salamat sa pagtimbaya sa akoa
gusto niya ng isang diborsyo,he wants a divorce,gusto siya og diborsyo
nakakakita tayo ng libu libong mga bituin sa langit,we see thousands of stars in the sky,makakita kita og lino lino ka bituon sa kalangitan
wala kahit isang bituin sa langit,there is not a single star in the sky,wala y bisag usa ka bituon sa langit
sawa na siya sa kanyang trabaho,he is fed up with his job,gikapoy na siya sa iyang trabaho
masungit ang panahon ng isang buong linggo,the weather was rough for a whole week,lain ang panahon sa sulod sa usa ka semana
kahit na mas mahigpit ang asawa higit na mabuti na iyon kaysa mag isa,even if the husband is more strict that is better than being alone,bisag mas strikto ang asawa mas maayo na kaysa mag inusara
ang kanyang bestida ay tumawag ng pansin ng lahat na naroon sa okasyon,her outfit drew the attention of everyone present on the occasion,ang iyang gisuot kay mapansin gyud sa tanna nga nitambong sa okasyon
ang publiko ay nagpalakpak sa aktris,the public applauded the actress,ang tanan tawo namalakpak sa artista
pagkatapos ng almusal kami ay pumasyal,after breakfast we went for a walk,paghuman og pamahaw nanuroy mi
huwag kang mag ingay sa ganitong okasyon,do not make noise on this occasion,ayaw pagbanha kung ingon ani ang okasyon
kung maaari gusto kitang makita,if possible i would like to see you,kung mamahimo ganahan ko nga magkita kita
hinihingi kong ilagay mo iyan sa kanyang lugar muli,i ask you to put it back in its place,mamalihug ko og butang ana sa iyang butanganan og usab
ang daming mwebles sa kwartong ito,there is a lot of furniture in this room,daghan og kasangkapan diri nga kwarto
sumilang siya ng kambal,she gave birth to twins,nanganak siya og kambal
matagal na akong naghahanap ng trabaho,i have been looking for a job for a long time,dugay nako nagapangita og trabaho
kahit anong kainin niya hindi siya tumataba,no matter what he eats he doesn t gain weight,bisag unsa pa ang iyang kaunon dili gyud siya motaba
ako ay gumawa ng isang malaking pagkakamali,i made a big mistake,naghimo ko og usa ka dakong sayop
ang ginoo ay maaaring umupo rito,the gentleman can sit here,ang mister mamahimong molingkod diri
si ay naliligo bago mag almusal araw araw,takes a bath before breakfast every day,si kay maligo una mokaon sa iyang pamahaw adlaw adlaw
iyong may mga id lamang ang pahihintulutang makapasok,only those with ids will be allowed to enter,katong mga naa y id lang ang ginatugtan nga makasulod
ipakita mo muna ang id mo bago kita papasukin,show your id before i let you in,ipakita una sa akoa ang imong id bag o tika pasudlon
naiwan mo ang id mo sa bahay kaya hindi ka makakapasok,you left your id at home so you can t enter,nabilin nimo ang imong id sa inyong balay bantog dili ka makasulod
huwag mong kalimutan ang iyong id upang makapasok ka sa konsyerto bukas,don t forget your id so you can enter the concert tomorrow,ayaw kalimti ang imong id aron nga makasulod ka sa konsert ugma
wala kaming ganyan sa europa,we don t have that in europe,wala mi ingon ana sa europa
masaya talaga ako para sa iyo,i m really happy for you,malipayon gyud ko para sa imo
bakit ang buhay ay puno ng pasakit,why is life full of pain,nganong ang kinabuhi kay puno og kasakit
ikaw ay napakaganda kapag galit,you are so beautiful when you are angry,gwapa kaayo ka kung suko
ano ang itinatayo nila sa pook na ito,what are they building in this place,unsa ang ilang itukod diri nga lugar
luma na ang kotse pero maganda,the car is old but nice,karaan na ang akong sakyanan pero nindot
huwag niyo akong kausapin,don t talk to me,ayaw ko ninyo g istoryaha
hindi niya naabot ang tren noong alas otso imedya,he did not catch the train at eight o clock sharp,wala niya naabtan ang tren kaganinang alas otso i medya
gusto mo bang pumunta sa konsyerto na kasama ko,do you want to go to the concert with me,ganahan ba ka motambong sa konsyerto nga kauban ko
humingi siya ng patawad ukol sa kung bakit siya hindi sumipot,he apologized for not showing up,nangayo siya og pasaylo tungod kay wala siya naka adto
nawalan siya ng paningin sa aksidente,he lost his sight in the accident,nawala ang iyang panan aw atong aksidente
tungkol sa opersayon maaaring maging masakit,regarding the operation it can be painful,tungod sa operasyon basig mahimong sakit
gusto kong bumili ng iba,i want to buy another one,ganahan ko mopalit og uban pa
dahil hindi ko alam anong gagawin wala akong ginawa,because i didn t know what to do i didn t do anything,tungod kay wala ko kabalo unsa akong buhaton wala ko y gibuhat
dumating na ba ang mga bata hindi pa ni isa,have the children arrived not yet not one,niabot na ba ang mga bata wala pa bisag isa
masaya si,is happy,malipayon si
ang mga sinasabi mo ay wala nang epekto sa akin,what you say has no effect on me,ang imong mga gina ingon kay wala na y epekto sa akoa
anong ganda mo,how beautiful you are,kagwapa ba nimo
tinanong ni si kung saan nakatira si,asked where lived,nangutana si kay kung asa nagpuyo si
huwag mo siyang pigilin,don t stop him,ayaw siya pugngi
ang mga siyentipiko ay iisip ng mga bagong paraan para madagdag ang suplay ng pagkain sa mundo,scientists are thinking of new ways to increase the world s food supply,ang mga sayantipiko naghunahuna og mga bag ong pamaagi arong madungagan ang suplay sa pagkaon sa kalibutan
tila kasindami ang ginagawa niya kaysa kay,he seems to be doing as much as,murag pareho lang ang kadaghanon sa iyang ginabuhat kaysa kay
maliit ang lungsod,the city is small,gamay ang siyudad
nasagasaan ng isang trak ang aming aso,a truck ran over our dog,nagligsan og trak anng among iro
huwag mong buksan ang pinto,don t open the door,ayaw abrihi ang purtahan
tanungin mo siya kung gaano karaming sopas ang gusto niya,ask him how much soup he wants,pangutan a siya kung unsa kadaghan nga sabaw ang iyang gusto
halimbawa alas siyete na sa londres ngayon,for example it is seven o clock in london today,pananglitan alas siyete na sa londres karon
naniniwala ka ba sa isang diyos,do you believe in a god,nagatuo ba ka sa usa ka diyos
hindi ka natatakot sa kahit ano,you are not afraid of anything,wala ka y kahadlok sa bisag unsa
ang susunod na tren ay may higit na kaunting tao kaysa ito,the next train has much less people than this one,ang musunod nga tren kay mas gamay ra og sakay kaysa ani
magpaalam ka sa iyong mga kaibigan,say goodbye to your friends,pananghid na sa imong mga higala
baka ikaw ay mahuhuli sa eskuwela,you might be late for school,basig maulahi ka sa eskwela
mahina siya sa kimika,he is weak in chemistry,hinay siya sa kemika
ang puno ng mansanas ay may kaunting prutas sa taong ito,the apple tree has little fruit this year,ang punoan sa mansanas kay mas gamay ra og prutas kaysa karong tuiga
gusto ng kanyang tatay na siya ay maging isang piyanista,his father wanted him to be a pianist,iyang tatay gusto nga mahimo siyang usa ka piyanista
magkano ang dapat kong bayarin,how much should i pay,pila ang akong bayadunon
sana mahulog ka sa isang poso,i hope you fall into a trap,unta mahulog ka sa balon
saan mo natutuhan ang ingles,where did you learn english,asa ka nakatuon og ingles
ang sombrero ay napakaliit para sa akin,the hat is too small for me,ang kalo kay gamay kaayo para sa ako
gusto kitang makilala nang mas mabuti,i want to know you better,ganahan ko nga mas maka ila tika og maayo
ikaw ang nag iisang taong kilala ko na kasing edad ko,you are the only person i know who is my age,ikaw lamang ang akong kaila nga kapareho nako og edad
umamin akong ninakaw ko ang pera,i confessed that i stole the money,nitug an ko nga ako ang nagkuha sa kwarta
wala siyang natatandaan na kahit ano,he doesn t remember anything,wala siya y nahinumdoman nga bisag unsa
ikaw ay mamamatay,you will die,mamatay ka
ang aking pamilya ay gumigising nang maaga,my family wakes up early,ang akong pamilya nagamata og sayo
kayo bang lahat ay nagsasalita ng pranses,do you all speak french,kamo ba tanan nagasulti og pranses
binuhusan niya ang gatas sa isang mangkok,he poured the milk into a bowl,gibubuoan niya og gatas ang usa ka yahong
sobrang nilalamig ang aking mga paa,my feet are very cold,grabe ka tugnaw ang akong mga tiil
ang radyo ay nasira,the radio is broken,naguba ang radyo
pinatay ni betty ang kanyang sariling ina,betty killed her own mother,gipatay ni betty ang iyang kaugalingon nga inahan
iyon ay aking ginawa para lamang sa ikabubuti mo,i did that only for your own good,gibuhat nako yo para sa imong ikamaayo
nabangga ang kotse ko sa isang motorsiklo,my car collided with a motorcycle,nabangga ang akong sakyanan sa motor
sa inyong kahilingan,at your request,sa inyong pangandoy
bakit galit na galit ka sa akin,why are you so mad at me,ngano suko kaayo ka sa akoa
kaunti na lamang ang panahon natin,our time is short,gamay nlng ang atong oras
may bangko bang malapit dito,is there a bank near here,naa ba y bangko nga duol diri
si mike ay may isang kaibigang naninirahan sa chicago,mike has a friend who lives in chicago,si mike adunay higala nga nagapuyo sa chicago
naniwala silang ang pagkakataong iyon ay magiging iba na ang kanilang mga boses ay ang kaibhan,they believed that chance would be different that their voices are the difference,nagatuo sila ang kato nga takna kay mabag o nga ang ilang mga tingog ang lahi
siya ay hindi gutom,he is not hungry,dili siya gutom
bakit siya ay napakasikat,why is he so famous,nganong sikat kaayo siya
hindi na importante,it s not important anymore,dili na importante
magugustuhan ko ang larong iyan,i would love that game,maganahan ko ana nga dula
ang aking utang ay malaki,my debt is huge,dako ang akong utang
ang mga sundalo ay may mga armas,soldiers have weapons,ang mga sundalo kay naa y mga armas
bibilhin ko sana kapag hindi masyadong mahal,i would have bought it if it wasn t so expensive,paliton unta nako kung dili kaayo mahal
kailangang sumunod sa mga patakaran,must follow the rules,kinahanglan motuman sa mga mando
si ay bumili ng dalawang kopya ng aklat na iyon,bought two copies of that book,si kay nagpalit og duha ka kopya ato nga libro
hindi siya masaya sa lahat ng kanyang tagumpay,he is not happy with all his success,dili siya malipayon sa iyang tanan nga kadaogan
siya ay nakatira sa nueva york,he lives in new york,nagpuyo siya sa nueva york
kailangan kong pakainin ang aking pusa,i have to feed my cat,kinahanglan nako pakaunon ang akong mga iring
nasa kusina,in the kitchen,naa sa kusina
hindi siya pwedeng bumili ng isang kotse,he can t buy a car,dili siya pwede mopalit og sakyanan
pwede niyang gawin iyan,can he do that,mamahimo niya kanang buhaton
ginawa ko ang lahat ng trabaho,i did all the work,gihimo nako ang tanan trabaho
hindi ko sinagot kahit isa sa dalawang liham na iyon,i did not answer either of those two letters,wala nako gitubag bisag isa sa iyang duha nga sulat
may ginagawa ako ngayon,i m doing something now,naa koy ginabuhat karon
palaging pagod si pagkatapos ng trabaho,is always tired after work,pirmi kapuyon si paghuman sa iyan trabaho
siya ay may isang anak na babaeng piyanista,he has a pianist daughter,aduna siyay usa ka anak nga babae nga piyanista
talagang mura,really cheap,barato kaayo
masaya siya sa bagong bestida,she is happy with the new clothes,malipayon siya sa iyang bag o nga sanina
alam ng lahat na dalawa higit sa dalawa ay apat,everyone knows that two more than two is four,kabalo ang tanan nga ang duha dungagan og duha kay upat
hindi alam ni kung sasama sa kanya si bukas o hindi,doesn t know if will come with him tomorrow or not,wala kabalo si kung mouban si sa iyaha ugma o dili
nandito na sila,they are here,naa na sila diri
siya ay nandito upang matuto,he is here to learn,naa siya diri arong magtuon
ako ay nagtataka kung bakit para sa ilang mga tao ang mga pusang itim ay nagdadala ng kamalasan,i wonder why for some people black cats bring bad luck,nagakatingala ko kung ngano para sa ubang mga tawo ang iring nga itom kay nagadala og malas
si ay nagtuturo ng pranses sa boston,teaches french in boston,si kay nagatudlo og pranses sa boston
sa tatay ko iyan,that s my dad s,sa akoang amahan kana
nagawa niya sa wakas,he finally did,nahimo niya sa ulahi
interesado ka ba sa mga bulaklak,are you interested in flowers,interesado ba ka sa mga bulak
hindi ko naiintindihan ang salitang ito may diksyunaryo ka ba,i don t understand this word do you have a dictionary,wala ko kasabot ani nga pulong naa ka y diskyonari
nang hindi dahil sa hangin at tubig walang maaaring mabuhay,without air and water nothing could survive,kung dili tungod sa hangin ug tubig wala y mabuhi
ang pula ng itlog ay isa sa mga pangunahing pinagkukunan ng bitamina a,egg yolk is one of the main sources of vitamin a,ang pula nga itlog kay usa sa mga gigikanan sa bitamina a
bakit mo ba ako sinasaktan nang husto,why are you hurting me so much,ngano ng gipasakitan ko nimo og maayo
ano iyang sa kamay mo,what is that in your hand,unsa kanang naa sa imong kamot
kailangan mong bumalik bago dumilim,you have to get back before dark,kinahanglan nimo mobalik bago mongit ngit
sumulat sa akin si jim nakalipas na linggo at sinabi niya na siya ay bumalik may dalawang buwan na,jim wrote to me last week and he said he s been back for two months,nagpadal og sulat sa akoa si jim atong ni agi nga semana ug niingon siya nga nakabalik na siya duha ka bulan na
bumalik kami sa aking bahay para mag hapunan,we went back to my house for dinner,nibalik mi sa akong balay arong manihapon
gusto kitang makalaro ng tenis balang araw,i want to play tennis with you one day,ganahan ko makadula tika og tenis pag abot sa panahon
ikaw ay may isang magandang ideya,you have a great idea,aduna kay usa ka nindot nga ideya
ako y may dalawang anak na lalaki isa sa tokyo at isa sa nagoya,i have two sons one in tokyo and one in nagoya,aduna koy duha ka anak nga lalaki si tokyo ug si nagoya
kinuhaan nila ako ng dugo sa ospital,they took my blood at the hospital,gikuhaan ko og dugo didto sa balay tambalanan
nasaan ang museo,where is the museum,asa ang museo
hindi pwede rito napakainit ng araw,it s not possible here the sun is very hot,dili pwede diri init kaayo ang adlaw
kaylaking aso,what a big dog,kadako nga iro
iniligtas niya ako,he saved me,gisalba ko niya
sumusulat siya sa kanyang mga magulang isang beses sa isang buwan,he writes to his parents once a month,nagasulat siya sa iyang mga ginikanan ika isa ssulod sa usa ka bulan
patayin mo ang ilaw,turn off the light,palunga ang suga
at ikaw sino ka,and you who are you,ug ikaw kinsa ka
ako ay si paulo,i am paulo,ako si paulo
anong dapat kong gawin,what should i do,unsa ang akong dapat buhaton
ang mga batang babaeng iyon ba ay nakapaldang puti,are those girls in white skirts,kato ba nga mga bata nga babae kay nagsuot og saya nga puti
tapos na ang bakasyon,the vacation is over,humana ang bakasyon
alam mo ba kung paano ang buhay natin na walang kuryente,do you know how our life would be without electricity,kabalo ba ka kung unsa ang atong kinabuhi kung wala y kuryente
huminto na ang tatay sa paninigarilyo,dad has stopped smoking,niundang na ang amahan sa pagpanigarilyo
si roger ay nagtatrabaho mula umaga hanggang gabi,roger works from morning to night,si roger kay nagatrabaho gikan sa buntag hantod sa gabii
parang babahing ako bigyan mo ako ng panyo,i feel like sneezing give me a tissue,kahatsingon ko tagai ko og panyo
gusto niyang makita siya muli,he wanted to see her again,ganahan siya nga makita siya og usab
isinasara ko na ang aking tindahan,i am closing my shop,ginasirado na nako ang akong tindahan
gusto niyang kainin ang prutas na ito,he wants to eat this fruit,ganahan siya kaunon ni nga prutas
kumakain ng kahoy ang mga anay,termites eat wood,nagakaon og kahoy ang mga anay
naiintindihan mo ba ang lahat na kanyang sinasabi,do you understand everything he says,nakasabot ba ka sa tanan niyang gi ingon
si ang higit na matangkad sa dalawang batang lalaking iyon,was the taller of the two boys,si ang pinakatangkad kung ikompara atong duha ka bata nga lalake
sinabi ba nila kung paano,did they say how,gina ingon ba nila kung unsaon
kinakabahan ako,i m nervous,ginakulbaan ko
tatawagan kita pagkarating ko sa istasyon,i ll call you when i get to the station,tawagan tika pag abot nako sa istasyon
kahit kailan hindi kami sasang ayon,we will never agree,bisag kanus a dili kami mo uyon
alam mo ba kung kanino ang kotseng iyan,do you know whose car that is,kabalo ba ka kung kay kinsa kanang sakyanan
gusto kitang makasama,i want to be with you,ganahan ko maka uban ka
mahal ko ang aking asawa,i love my husband,gihigugma nako ang akong asawa
sa aling paaralan ka pupunta,which school are you going to,sa asa nga eskwelahan ka padulong
pagtuturo ng ingles ang kanyang propesyon,his profession is teaching english,pagtudlo og ingles ang iyang trabaho
ay sira ang aking kompyuter,oh my computer is broken,ay guba ang akong kompyuter
pinakita sa amin ng profesora kung paano gamitin ang kompyuter,the professor showed us how to use the computer,gipakita sa amoa sa among profersora kung unsaon pag gamit og komputer
natatandaan niyo ba kailan kayong unang kumain sa restawran na ito,do you remember when you first ate at this restaurant,nakahinumdom ba kamo kung kanus a ang pinaka una na higayon nga nikaon mo diri nga restawran
umakyat ka sa bubong,go up to the roof,saka didto sa atop
gusto kong pumunta sa estados unidos balang araw,i want to go to the united states one day,ganahan ko maka adto sa edtados unidos pag abot sa panahon
dadalhin ka ng bus na ito sa istasyon,this bus will take you to the station,dalhon ka ani nga bus sa istasyon
kahihinto lamang ng ulan,the rain just stopped,bag o ra niundang ang ulan
tayo ay maaari nang magsimula,we can now begin,mamahimo na kitang magsugod
maaaring basahin ang ruler na ito gamit ang dalawang paraan na magkakaiba,this ruler can be read using two different methods,mamahimong basahon sa duha ka nagkalain lain nga pamaagi ang kini nga ruler
matigas ang ulo niya,he is stubborn,gahi siya og ulo
anong gusto niyong gawin bukas,what do you want to do tomorrow,unsa ang imong gusto buhaton ugma
ayaw niyang tanggapin ang inaalok kong biskwit,he didn t want to accept the biscuit i offered,dili niya dawaton ang aong gihanyag nga biskwit
nalaman naming siya ay naaksidente,we found out that he had an accident,nahibal an namo nga na aksidente siya
wala akong kinalaman sa insidenteng iyan,i had nothing to do with that incident,wala koy kalabotan ana nga aksidenta
siya ay ipinanganak na pranses ngunit ngayon ay isa nang mamamayan ng estados unidos,he was born french but is now a citizen of the united states,gipanganak siya sa pranses pero karon usa na siya ka lumulupyo sa estados unidos
tikman niyo ito,taste it,tilawi ninyo kini
alam na niya ngayon kung ano ang ibig kong sabihin,he now knows what i mean,kabalo na siya karon kung unsa ang akong buot ipasabot
nakahanap ka ng isang mabait na lalaki,you found a nice guy,nakakita ka og usa ka buotan nga lalaki
hindi nagkaroon ng pinsala ang aming barko sa labanan,our ship suffered no damage in the battle,wala nadanyos ang among barko sa giyera
may isang itim na pusa si,has a black cat,adunay usa ka itom nga iring si
ang mga estudyante ay hindi masyadong itinataas ang mga kamay,students don t raise their hands much,ang mga magtutuon kay dili kaayo nagataas og kamot
kailan ka dumating sa bahay,when did you come home,kanus a ka niabot sa balay
akala ko ay alam ko ang lahat,i thought i knew everything,nagtuo ko nga nakabalo ko sa tanan
sobrang gusto ko ang tunog ng kanyang pangalan,i really like the sound of his name,ganahan kaayo ko sa tingog sa iyang ngalan
ako ay nagtataka bakit niya nagawa iyon,i wonder why he did that,nagapangutana ko sa akong sarili kung nganong nabuhat to niya
kulang ang pera ko ngayon,i don t have enough money now,kulang ang akong kwarta karon
natatakot akong umalis,i m afraid to leave,nahadlok ko mohawa
ang mga preso ay pinalaya ng gobernador,the prisoners were released by the governor,ang mga piniriso kay gipagawas sa gobernador
hindi ko maakyat ang bundok na ito,i can t climb this mountain,dili nako ni masaka nga bundok
siya ay nasa telepono,he was on the phone,naa siya sa telepono
may gagawin ka ba biyernes nang hapon,do you have anything to do on friday afternoon,naa kay buhaton biyernes sa hapon
kahit na ikaw ay mayaman nagdududa akong ikaw ay masaya,even if you are rich i doubt you will be happy,bisag ikaw usa ka datu nagaduda ko kung malipayon ba ka
si jim ay may sombrerong puti sa ulo,jim has a white hat on his head,si jim nagsuot og kalo nga puti
hindi ko alam paano magpasalamat,i don t know how to say thank you,dili ko kabalo unsaon pagpasalamat
hindi mo kailangang gawin iyan ngayon mismo,you don t have to do that right now,dili nimo kinahanglan nga buhaton kana karon dayon
ingat paririto ang kotse,take care the car is here,pag amping padulong diri ang sakyanan
ako ay may kapayapaan sa bahay,i have peace at home,naa koy kalinaw sa balay
itinatago ni ang lahat ng mga liham na sa kanya ay pinadala ng kanyang nanay,keeps all the letters that his mother sent him,ginatago ni tanan sulat nga gipadala sa iyang inahan
ang sobrang tangkad niya,he is so tall,katangkad niya
umaga na ang mga bata ay nag aagahan,it s morning children eat breakfast,buntag na nagapamahaw ang mga bata
ako ay isang kusinero,i am a cook,usa ko ka kusinero
gusto ko ng servesa,i want a server,ganahan ko og servesa
pinapakain ni ang kanyang aso dalawang beses sa isang araw,feeds his dog twice a day,ginapakaon ni ang iyang iro duha ka higayon sa usa ka adlaw
humingi siya sa akin ng pahintulot para gamitin niya ang telepono,he asked me for permission to use the phone,nananghid siya sa akoa aron gamiton niya ang telepono
siya ba ay tinawagan mo na,have you called him yet,gitawagan na ba nimo siya
may isang hotel dito,there is a hotel here,adunay usa ka hotel diri
gusto mo bang maging milyonaryo sinong may ayaw,do you want to be a millionaire who doesn t want,gusto ba ka mahimong milyanoryo kinsa ba ang dili gusto
siya ay nakakapagsalita ng limang mga wika,he can speak five languages,kabalo siya mostorya og lima ka linggwahe
ang kanyang ambisyon ang umudyok sa kanyang magtrabaho nang husto,his ambition drives him to work hard,ang iyang pangandoy ang nagtulak sa iya nga magtrabaho og maayo
andito siya,he s here,naa na siya
ito ang unang beses na inimbitahan ko si,this is the first time i have invited,kini ang unang higayon nga giimbitahan nako si
sa panahong iyon ang aking bahay ay ginagawa pa lamang,at that time my house was still under construction,kato nga panahon ang akong balay ginahimo pa lamang
sa kabila ng kanyang murang edad siya ay gumawa ng isang magandang trabaho,despite his young age he did a good job,bisag bata pa siya nagahimo siya og nindot nga trabaho
bakit mo nililinis ang bahay linggo linggo,why do you clean the house every week,nganong ginalimpyohan nimo ang balay kada semana
mayroon bang hindi sumasang ayon sa bagong plano,does anyone disagree with the new plan,naa ba y dili mo uyon sa bag o nga plano
nais kong kunin ang pagkakataong ito upang pasalamatan ang lahat na nagbigay ng kanilang kooperasyon,i would like to take this opportunity to thank everyone who has given their cooperation,gusto nako kuhaon ang opurtinadad nga makapasalamat ko sa tanan nga nahatag nilang kooperasyon
napakawalang kabuluhan,what nonsense,wala y pulos
ibaba mo ang baril,put the gun down,i naog ang pusil
hindi mo maaaring makuha palagi ang gusto mo,you can t always get what you want,dili nimo kinahanglan makuha pirmi ang imong gusto
oo gusto ko iyan,yes i like that,oo ganahan ko ana
sarado ang tindahan nang pinuntahan ko,the store was closed when i went,sira ang tindahan katong ni adto ko
isang bagay na kailangan mong malaman tungkol sa akin ay ayaw na ayaw kong mag ehersisyo,one thing you need to know about me is that i hate working out,usa ka butang nga kinahanglan nimo mahibal an mahitungod sa ako kay dili gyud ko ganahan mag ehersisyo
sinabi niya sa kanya na susunod siya kahit saan man siya pupunta,he tells her that he will follow her wherever she goes,gi ingon niya sa iyaha nga mosunod siya bisag asa man siya maka adto
hinanap kita,i looked for you,gipangita tika
siya ay ipinanganak sa aprika,he was born in africa,gipanganak siya sa aprika
si ay isang kilalang pintor,is a famous painter,si kay usa ka ilado nga pintor
ano ang inihampas nila sa iyo,what did they hit you with,unsa ang ilang gihapak sa imo
dapat maghugas ng kamay bago kumain,must wash hands before eating,kinahanglan manghugas og kamot bag o mokaon
ang mesang ito ay marumi,this table is dirty,kini nga lamesa kay hugaw
bakit hindi tayo lumipat sa mesang yaon,why don t we move to that table,ngano dili man ta mobalhin ato nga lamesa
iyan ang gusali kung saan nagtatrabaho ang aking tatay,that s the building where my dad works,dira nga gambalay nanarbaho ang akong amahan
kahit kailan hindi kita lolokohin,i will never fool you,bisag kanus a dili tika ilaron
sana wala kang sinabi sa kanya tungkol sa plano,i hope you didn t tell him anything about the plan,unta wala ka y gisulti sa iya mahitungod sa plano
hindi ka mehikano,you re not mexican,dili ka mehikano
oo ngunit ako ay nakatira ngayon sa arhentina,yes but i now live in argentina,oo pero diri ko nagpuyo karon sa arhentina
iyan ay hindi tama humingi ka ng paumanhin sa kanya,that s not right apologize to him,sayop kana pangayo og pasaylo sa iyaha
ang babae ay mataba,the woman is fat,tambok ang babae
sasagot sila,they will answer,motubag sila
napakatahimik,very quiet,kahilom
nauubos na ang panahon natin,our time is running out,mahurot na ang atong mga panahon
bumili si ng isang trak na gamit na,bought a used truck,nipalit si og usa ka trak nga ginamit na
si ay ikinulong nila,was imprisoned by them,gikulong nila si
siya ang nagpagawa sa kanya niyan,he made her do that,nagpahimo siya sa iyaha ana
ang gusto lamang naming gawin ay ang kumain,all we want to do is eat,ang gusto lamang namo nga buhaton kay ang mokaon
gusto ko sanang makita ang iyong koleksyon ng mga selyos,i would love to see your stamp collection,gusto unta nako makit an ang imong koleksyon sa mga selyo
paghatian ninyong tatlo ang keyk na iyan,divide that cake between the three of you,hati a ninyo nang tulo ang keyk
gusto ko lamang makita kung ano ang mangyayari,i just want to see what happens,gusto lang nako makit an kung unsa ang mahitabo
ingatan mo si,take care,ampingi si
kahit pagod nagpatuloy ako sa pagtatrabaho,even though i was tired i continued to work,bisag kapoy nagpadayon ko sa pagpanarbaho
ako ay nalito sa ekspresyon ng kanyang mukha,i was confused by the expression on his face,nalibog ko sa ekspresyon sa iyang nawong
ipinapangako ko sa iyo na hindi ko na gagawin iyan muli kahit kailan,i promise you i will never do that again,nagasaad ko nga dili na nako na buhaton og usab hantod sa hantod
naiintindihan ko bakit,i understand why,nakasabot ko og ngano
ang dami kong tanong,i have so many questions,daghan ko og mga pangutana
niloloko mo ba ako,are you fooling me,gina ilad ko nimo
ako ay magtatrabaho buong araw bukas,i will work all day tomorrow,magtrabaho ko tibuok adlaw ugmang adlawa
sa dahilan na hindi ko kayang bayaran ang alkila humingi ako sa kanya ng tulong,because i couldn t pay the rent i asked him for help,tungod kay dili na nako kaya bayaran ang renta nangayo oko og tabang sa iya
ano ang kinain mo,what did you eat,unsa ang imong gikaon
ibebenta ko ang aking bahay,i will sell my house,ibaligya nako ang akong balay
ang rosas na ito ay maganda,this rose is beautiful,nindot kini nga rosas
may lindol kahapon,there was an earthquake yesterday,adunay linog kagahapon
lumindol kahapon,there was an earthquake yesterday,naglinog kagahapon
tumawa ang dalawang batang babae,the two girls laughed,nikatawa ang duha ka bata nga babae
kunin mo iyan,take that,kuhaa na
kahit kailan hindi siya bumiyahe sa tren,he never traveled by train,bisag kanus a dili siya nagasakay sa tren
sa internet mo ba nahanap iyan,did you find that on the internet,sa internet ba na nimo nakit an
si ay rispetado ng lahat,is respected by everyone,si kay respetado sa tanan
palagi kong kinikiliti ang paa ng aking bunsong kapatid,i always tickle my youngest brother s feet,pirmi nako ginagitik ang mga tiil sa akong kinamahuran nga igsuong lalaki
ikinalungkot niya nang husto ang balita,he was deeply saddened by the news,gikasubo niya og maayo ang balita
sa atin ang tagumpay,victory is ours,sa atoa ang kadaogan
umuulan noong ako ay pumapasyal kahapon,it was raining when i was walking yesterday,niulan katong pagsuroy nako kagahapon
nais kong manirahan sa italya,i want to live in italy,gusto nako mopuyo sa italya
ako ay nasa silid aklatan,i am in the library,naa ko karo sa silid aklatan
anong kalat,what a mess,kagubot
sinampal ko siya,i slapped him,gisagpa nako siya
sinabi sa akin ni na hindi niya nakilala si sa huling pagkikita nila,told me he didn t recognize the last time they met,niingon si sa akoa nga wala siya nakaila kay katong ulahi nila nga panagkita
naglalaro ako noong naramdaman ko ang lindol,i was playing when i felt the earthquake,nagadula ako katong nakabati ko sa linog
dumugo ang kanyang sugat,his wound bled,nagdugo ang iyahang samad
tuwing siya ay kumakanta tila siya ay sinasabayan ng lahat ng mga ibon,whenever he sings all the birds seem to accompany him,samtang siya kay nagakanta mura siyag ginasabayan sa mga langgam
madilim na madilim doon sa labas,it s very dark out there,pirting ngit ngita didto sa gawas
ang daming bulok na mansanas sa buslo,a lot of rotten apples in the bush,daghan og lata nga mansanas sa bukag
magsisimula tayo sa loob ng kalahating oras,we start in half an hour,magsugod kita sa sulod sa tunga sa oras
naiintindihan mo ba siya,do you understand him,nakasabot ba ka sa iyaha
naku ang lamig ngayon,oh it s cold today,hala katugnaw karon
alagaan mo siyang mabuti na siya ay gagaling sa madaling panahon,take good care of him he will get well soon,ampingi siya og maayo aron nga paspas ang iyahang pagka ayo
pwede mo bang sabihin ang kaibhan sa pagitan ng isang hapon at isang tsino,can you tell the difference between a japanese and a chinese,mamahimo mo bang masulti ang kalahian sa usa ka hapon ug sa usa ka intsik
kahit na maysakit ako isang buwan na ginagawa ko ang lahat para gumaling,even though i ve been sick for a month i m doing everything to get better,bisan pa og aduna koy sakit sulod sa usa ka bulan ginabuhat gihapon nako ang tanan aron maayo ko
bumilang ako hanggang,i counted to,nag ihap ko hantod duha ka gatos
ikaw ay dumating sa paaralan kahapon hindi ba,you came to school yesterday didn t you,niabot ka sa eskwelahan kagahapon di ba
siya ay kaibigan mo,he is your friend,higala nimo siya
papatayin ako ng aking asawa,my husband will kill me,patyon ko sa akong asawa
ang araw na ito ay napakainit,today is very hot,kini nga adlaw kay init kaayo
kwentuhan mo pa kami,tell us more,istoryahi pa mi
parang hindi nag kokonek ang printer sa kompyuter ko,the printer doesn t seem to connect to my computer,murag dili nakakonek ang printer sa akong kompyuter
anong higit na mahalaga,what is more important,unsa ang labaw nga importante
hindi nagbibigay ng gatas ang aming baka,our cow does not give milk,wala nagahatag og gatas ang among baka
ito ang kailangan ko,this is what i need,mao kini ang akong gikinahanglan
hindi masyadong nakilala ni si,didn t know very well,wala kaayo nailhan ni si
wala ako sa pagpupulong,i m not in the meeting,wala ko nitungha sa panagtapok
may masasamang balita ako para sa iyo,i have bad news for you,aduna koy dili maayo nga balta pra sa imoha
hindi nila alam kung anong gagawin sa kanya,they didn t know what to do with him,wala sila kabalo unsa ang buhaton sa iyaha
wala akong pasensya,i have no patience,wala nako y pasensya
dinilaan niya ang kanyang mga labi,he licked his lips,gitilapan niya ang iyang wait
itinanggol nila ang kanilang bansa,they defended their country,gidepensahan nila ang ilang nasud
ako ay tumalon mula sa kama,i jumped out of bed,niambak ko gikan sa katre
huwag kang mag alala,don t worry,ayaw og kaguol
narinig kong kumukulekta ka rin ng mga selyo,i heard you also collect stamps,nahibal an nako nga nagakolekta pud ka og mga selyo
hindi lamang tayo ang naniniwalang siya ay ang maysala,we are not the only ones who believe he is the culprit,dili lang kita ang nagatuo nga siya ang adunay sala
marunong ka bang gumawa ng mga plaskards,do you know how to make plaskards,hawod ka ba mobuhat og mga plaskards
gusto ni ng mga ebidensya,wants evidence,ganahan si makakuha og ebidensya
may bolpen ako,i have a pen,aduna ko y bolpen
sipain mo siya,kick him,sudli siya
wala kayong ni isang ebidensya,you don t have a single piece of evidence,wala mo y usa ka pagpamatuod
higit na mahalaga ang kalusugan kaysa kayamanan,health is more important than wealth,mas labaw nga importante ang kahimsog kaysa sa ubang butang
gusto ko sanang pumunta ngunit wala akong kotse,i would like to go but i don t have a car,gusto unta ko mo adto kaso wala ko y sakyanan
marami pang gagawin,there is more to do,daghan pa og buhatunon
ngunit bakit mo itatago ang iyong pag ibig mula sa kanya,but why would you hide your love from him,pero nganong gilo im mo ang imong paghigugma para sa iyaha
ang tao ay namamatay,the man is dying,ang tao kay mangamatay
napakalawak ng karagatang pasipiko,the pacific ocean is vast,lapad kaayo ang dagat pasipiko
napakahaba ng iyong buhok,your hair is very long,taas kaayo ang imong buhok
buong araw akong nagtrabaho kahapon,i worked all day yesterday,tibuok adlaw ko nagtrabaho kagahapon
buti pa kaya ay iwan mong mag isa si,you better leave alone,mas maayo pa siguro biyaan nimo nga mag inusara si
kailangan kita rito,i need you here,kinahanglan ka diri
huwag mo siyang parusahan,don t punish him,ayaw siya paantosa
wala siyang kasalanan,he is not guilty,wala siya y sala
ang bunso kong kapatid na lalaki ay natutulog pa rin,my youngest brother is still sleeping,ang akong kinamanghuran nga igsuong lalaki kay natulog pa gihapon
nag aaral kami ng pranses,we are learning french,nagatuon kami og pranses
ang bahay niya ay malapit sa ilog,his house is near the river,ang iyang balay duol sa sapa
kayo ay umuunlad,you are progressing,naga asenso kamo
ang hinlalaki ng paa ko ay nag umpisang magdugo,my big toe started bleeding,ang kumagko sa akong mga tiil kay nagasugod og dugo
pinuno ni ang kahon ng mga pagkain,filled the box with food,gipuno ni ang mga kahon og mga pagkaon
hindi pa pumunta rito ang mamang kartero,the postman hasn t been here yet,wala pa ni adto diri ang tao nga nagahatod og mga sulat
pinaputol niya ang kanyang buhok,he cut his hair,ginaputol niya ang iyang buhok
maaari mo bang i email iyan,can you email that,mamahimo mo ba kanang i e mail
tapos mo na bang basahin ang dyaryo,have you finished reading the newspaper,humana ba ka g basa sa mantalaan
hindi ako sigurado kung kailan ang balik niya,i m not sure when he ll be back,dili ko makasiguro kung kanus a siya makabalik
hindi ko mahanap ang baon ko,i can t find my pocket,dili nako makit an ang akong baon
siya ay may bigat na pitumpung kilo,he weighs seventy kilograms,siya adunay kabug atong nga sitenta ka kilos
bakit kaya ginagawa ni iyan,why is doing that,ngano kaha ginabuhat kana ni
paumanhin hindi namin kayo matutulungan,sorry we can t help you,pasensya pero dili mi makatabang sa inyoha
pinatay lahat ni betty,betty killed everyone,gipatay tanan ni betty
sana ay makahanap na ng solusyon sa aids ang mga siyentipiko sa madaling panahon,hopefully scientists will find a solution to aids soon,unta makakita na og tambal ang mga nag istudyo nga doktor sa sakit nga aids sa mas paspas nga panahon
pasok ka rito,come in here,sulod ka diri
wala kami sa bahay kahapon,we were not at home yesterday,wala mi sa balay kagahapon
gusto niyang makita kang patay,he wants to see you dead,gusto siya makakita og patay
siya ay nabulag,he was blinded,nabuta siya
siya ay tinawanan ng ibang mga batang lalaki,he was laughed at by the other boys,gikataw an siya sa uban nga lalaking bata
sa osaka ako ipinanganak,i was born in osaka,sa siyudad sa osaka ako gipanganak
aling ahas ang pinakamatulin sa buong mundo,which snake is the fastest in the world,unsa nga bitin ang pinakapaspas mokamang sa tibuok kalibutan
hindi ko siya napansin,i didn t notice him,wala nako siya nabantayan
hindi ninyo kailangang magpunta sa paaralan ngayon,you don t have to go to school today,dili ninyo kinahanglan moadto sa eskwelahan karon
ang pulisya ay hindi nakahanap ng kahit anong ebidensya ng kanino man,the police did not find any evidence of anyone,ang mga pulis kay wala nakakita og bisag unsa nga butang aron makapagpamatuod nga sila ang naa y sala
isang ilog ang humahati sa lungsod,a river divides the city,usa ka sapa ang nagapikas sa siyudad
oo tinulungan ako ni bob,yes bob helped me,oo gitabangan ko ni bob
wala kang kahit anong halaman o hayop hindi ba,you don t have any plants or animals do you,wala ka y bisag unsa nga tanom o hayop
ikaw ay nagsusuot ng mamahaling mga hikaw,you wear expensive earrings,nagasuot ka og mahal nga aryos
paumanhin huwag kang sumigaw,sorry don t shout,mohangyo ko ayaw lang og siyagit
magaling magluto ang aking nanay,my mother is a good cook,hawod magluto ang akong inahan
kasal pa ba kayo,are you still married,kasal ba gihapon mo
ang mga bagay na nangyari ay nakaraan na,things that happened are in the past,ang mga panghitabo kay nahuman na
ang kanyang kapatid na lalaki ay nawala sa lungsod,his brother has disappeared from the city,nawala ang iyang igsuon nga lalaki sa siyudad
sa susunod na taon ang aking kaarawan ay sa isang linggo,next year my birthday will be on a sunday,sa musunod nga tuig ang akong adlawng natawhan kay naa sa adlaw nga dominggo
gusto ni ng reggae,likes reggae,ganahan si og raggae
iyan ay nasa kamay ng diyos,that is in god s hands,kana kay anaa sa kamot sa ginoo
maaari pumunta ka rito eksaktong alas,yes come here exactly at o clock,kung maayo umari ka diri sa eksaktong alas sais
ang bundok fuji ay halos apat na beses higit na mataas kaysa sa bundok rokko,mount fuji is about four times higher than mount rokko,ang mount fuji hapit upat ka pilo nga mas taas kaysa kanhing mount rokko
alam mo bang tumira nang taon sa moscow si julia,did you know that julia lived in moscow for years,kahibalo ba ka nga si julia nning puyo sa moscow ug ka tuig
kung kaya napakagaling niyang magsalita ng ruso,that s why he speaks russian very well,mao nga maayo kaayo siya mo storya ug ruso
si antoine lavoisier ay namatay sa paris pransya,antoine lavoisier died in paris france,si antoine lavoisier kay ning panaw sa paris pransya
ano ang dahilan,what is the reason,unsa ang hinungdan
ang dahilan ng kanyang sakit sa ngipin ay ang labis na pagkain niya ng matatamis,the cause of his toothache was that he ate too many sweets,ang hinungdan sa iyang sakit sa ngipon mao ang pag kaon niya sa mga tam is
kastila ka ba,are you spanish,kastila ba ka
hindi ngunit marunong akong mangastila,no but i know how to kill,dili apan makasulti ako sa kinastila
wala kang pakialam hindi ba,you don t care do you,diba wala kay labot
mahilig siyang gumawa ng tsismis kaya marami siyang kalaban,he likes to gossip so he has many enemies,ganahan siya mu buhat ug istorya maong daghan siya ug kontra
natulog na ako bago pa dumating ang tatay sa bahay,i fell asleep before dad came home,mihigda na ako sa wala pa mopauli ang akong amahan
nagluto ako ng talong at itlog para agahan ko,i cooked eggplant and eggs for breakfast,nagluto ako talong ug itlog alang sa pamahaw
masarap ang talong kung kakainin mo sabay ang suka,eggplant is delicious if you eat it with vinegar,lami ang talong kung magdungan ka mokaon og suka
may talong bang puti,is there a white eggplant,aduna bay puti nga talong
sabi nila na maraming nikotina ang talong,they say that eggplant has a lot of nicotine,matod pa nila ang talong adunay daghang nikotina
hindi siya kumakain nito diba,he doesn t eat it does he,dili diba niya kini gina kaon
ikuwento mo sa akin kung ano ang nalaman mo,tell me what you find out,isulti kanako kung unsa ang imong nahibal an
ako ay isang muslim,i am a muslim,usa ako ka muslim
hinahabol ng aso ang pusa at ang daga ay hinahabol ng pusa,the dog chases the cat and the mouse is chased by the cat,ginagukod sa iro ang iring ug giapas sa ilaga ang iring
natanggap ko ang kanyang tawag kahapon,i received his call yesterday,nadawat nako iyang tawag gahapon
hindi nakayanan ng istruktura ang lindol,the structure could not withstand the earthquake,dili makasugakod ang istruktura sa linog
walang humpay kung magsalita ang mga babae,there is no stopping if women talk,wala y hunong kung magtabi ang mga babaye
mukhang hindi pintor ang puminta nito,it doesn t look like an artist painted it,murag dili pintador ang ni pinta niini
hindi mo alam kung ano ang mawalan ng pamilya sa isang digmaan,you don t know what it s like to lose a family in a war,wala ka nasayod kung unsa ang mamatyan ug usa ka pamilya tungod sa giyera
may hinala akong sangkot siya sa terorismo,i suspect he is involved in terrorism,nagduda ako nga naapil siya sa terorismo
ang hotel na ito ay sa kapatid ng asawa ko,this hotel belongs to my husband s brother,kini nga hotel iya sa igsoon sa akong bana
ang hotel na ito ay sa bayaw ko,this hotel belongs to my brother in law,kini nga hotel kay iya sa akong bayaw
hindi ko maandar ang kotse,i can t start the car,dili nako mapaandar ang awto
iyon ay dahil nagtrabaho ang tatay niya roon,that s because his father worked there,kana tungod kay nagtrabaho didto ang iyang amahan
iyon ay hindi bibilhin ng kapatid mo,your brother won t buy that,kana kay dili paliton sa imong igsoon
parang bakla siyang gumalaw,he moved like a gay man,mura siyag bayot mu lihok
namatay na ang lahat ng mga rebelde,all the rebels are dead,patay na ang tanan nga mga rebelde
siya ay ang anak ng aking tiyo ay tiya,he is the son of my uncle and aunt,anak siya sa akong uyoan nga iyaan
pinsan ko siya,he is my cousin,ig agaw nako siya
gusto ko kung paano sinusulat ng mga pranses ang salitang ladybug sa kanilang wika,i love how the french write the word ladybug in their language,ganahan ko kung giunsa pagsulat sa pranses ang pulong nga ladybug sa ilang sinultian
tamad akong magtrabaho,i m lazy to work,tapulan ko mu trabaho
mapanganib magpasok sa kampo ng mga kalaban,it is dangerous to enter the enemy s camp,kuyaw mosulod sa kampo sa mga kontra
walang manggang kulay bughaw,no mangoes are blue,walay manga na asul
huwag mo kong iwanang mag isa,don t leave me alone,ayaw ako pagbiyai nga nag inusara
ang kwarto ko ay may numerong,my room is number,ang akong kuwarto adunay numero
kailangan mong maging masunurin sa iyong mga magulang,you have to be obedient to your parents,kinahanglan nga magmasinugtanon ka sa imong ginikanan
inamin ng magnanakaw ang kanyang ginawang pagnanakaw,the thief confessed to the theft,ang kawatan mikumpisal sa pagpangawat
siya ay umiiwas sa pagkwento tungkol sa pagkamatay ng kanyang asawa,she avoids talking about her husband s death,naglikay siya nga mag istorya bahin sa pagkamatay sa iyang bana
ayaw ko ng mga palabas na malulungkot,i don t like sad shows,dili ko gusto ug mga salida nga masulub on
ang sahig ng kubong iyon ay gawa sa kawayan,the floor of that hut was made of bamboo,ang salog sa payag kay gama sa kawayan
ang nag iisang karot sa kusina ay naging ilong ng taong niyebe na aming ginawa,the only carrot in the kitchen became the nose of the snowman we made,ang naginusara nga karot sa kusina nahimong ilong sa snowman nga among gihimo
siya ay umaakit ng mga lalaking mabubuhok,she attracts hairy men,nagdani siya ug mga laking balahiboon
ang batang magnanakaw ay hindi nakita muli ng mga pulis,the young thief was never seen again by the police,ang batan ong kawatan wala na nasakpan sa pulis
para sa kanya ang baha ay nagdudulot ng mas kaunting takot kaysa lindol,for him floods cause less fear than earthquakes,alang kaniya ang baha nagdala ug dili kaayo dakong kahadlok kaysa usa ka linog
gusto kong basahin ang aklat na iyan kapag matapos mong basahin,i want to read that book when you finish reading it,gusto nako basahon nang libroha pagkahuman nimo ug pagbasa
pumunta ka ba sa o sa aleksandrya,did you go to or to,miadto ba ka sa o aleksandriya
dapat mong maging malungkot dahil nasawi ang isa sa iyong mga kaibigan,you must be sad because one of your friends died,kinahanglan maguol ka tungod kay namatay ang usa sa imong mga higala
hindi ko alam na inuuod na pala ang prutas na iyon bago ko binalatan,i didn t know that the fruit was wormed before i peeled it,wala nako nahibal an nga ang prutas gikaon sa wate sa wala pa nako kini panit
kahit na walang sugat ang prutas na ito nangangamoy nang sobra,even though this fruit has no wound it smells very bad,bisan kung wala y samad ang kini nga prutas nanimaho na ug taman
may mga restawran sa loob mismo ng paliparan,there are restaurants right inside the airport,adunay mga restawran sa sulud ra sa tugpahanan
sabi nila may sakit daw siya,they said he was sick,matod nila aduna daw siyay sakit
ang dagat ay napakaluntian,the sea is very green,lunhaw kaayo ang dagat
ako ay naniniwala sa pagkakaibigan,i believe in friendship,mituo ko sa pakighigala
humahawak siya ng isang sandok sa kanyang kaliwang kamay,he holds a ladle in his left hand,gigunitan niya ang usa ka kutsara sa iyang wala nga kamot
siya ay may apat na selpon,he has four cell phones,naa siyay upat ka cellphone
ikaw ay sumusulat at ang mga bata ay sumusulat lahat kayo ay nakaupo at sumusulat,you write and the children write you all sit and write,nagsulat ka ug nagsulat ang mga bata tanan kamo naglingkod ug nagsulat
ang bus ay maraming mga bagay na maaaring masunog,the bus has many things that can burn,ang bus adunay daghang mga butang nga mahimong masunog
may nakita akong isang piraso ng papel sa loob ng kwarto,i found a piece of paper in the room,nakakita ko ug usa ka papel sa sulud sa kwarto
hindi na nating kailangan pang lumikas sapagkat humupa na ang baha,we no longer need to evacuate because the flood has receded,dili kinahanglan nga mobakwit kita tungod kay milurang na ang baha
magiging mahirap kumbinsihin ang may ari na ibenta ang bahay,it will be difficult to convince the owner to sell the house,lisud nga makumbinser ang tag iya nga ibaligya ang balay
sigurado ako na malalagpasan iyan ni,i m sure will get over it,sigurado ako nga malampos kana ni
wala kahit isang guwardiya sa pasukan ng restawran na ito,there is not even a guard at the entrance of this restaurant,wala y bisan usa nga nagbantay sa entrada sa restawran
ang daga ay tumakbo sa ilalim ng kama,the mouse ran under the bed,nagdagan ang ilaga ilawom sa kama
ang daigdig ay hugis ng isang narangha,the world is shaped like a ring,ang yuta porma og ganghaan
paano ako makakarating sa su mula rito,how do i get to su from here,unsaon nako makaadto su gikan dinhi
si ang may kasalanan sa lahat ng ito,is to blame for all of this,si thomas ang naka sala niining tanan
ang iingay ng mga sasakyan dito sa amin,the noise of cars here to us,ka banha sa mga awto diri sa amo
mahina ang mga boses ng mga taong nasa loob ng opisina,the voices of the people inside the office were weak,hinay ang tingog sa mga tawo sa sulud sa opisina
ang amason ay isang ilog,the amazon is a river,ang amason kay usa ka suba
palagi siyang dumarating nang maaga,he always comes early,kanunay siyang moabot og sayo
ang tinta ng pusit ay maaaring kainin samantala ang tinta ng bolpen ay hindi,squid ink is edible while pen ink is not,mahimo nga kan on ang tinta sa pusit apan dili ang tinta sa bolpen
maghintay ka hanggang ako y bumalik,wait until i come back,paghulat hangtod nga mubalik ko
huwag mong galawin ang kutsara at ang basong iyan,don t move that spoon and glass,ayaw hilabti na nga kutsara ug baso
ikinubli niya ang kanyang pangit na mukha,he hid his ugly face,gitago niya ang iyang maot nga nawong
si ay may pangit na mukha,has an ugly face,si adunay maot nga nawong
kapag gusto mong umiyak umiyak ka,when you want to cry cry,kung gusto nimo mohilak hilak ka
gusto mo bang iwanan iyan nang ganyan,do you want to leave it at that,gusto ba nimo nga biyaan kana nga ingon ana
ang abokado ay isang prutas,avocado is a fruit,ang abokado kay usa ka prutas
magtitimpla ako ng kape,i will make coffee,mag timpla ko ug kape
nais mo bang mag iwan ng isang mensahe hindi salamat,would you like to leave a message no thank you,gusto ba nimo magbilin ug usa ka mensahe dili salamat
ang ninong ko ang nagbigay sa akin ng pulang damit na iyon,my godfather gave me that red dress,gihatagan ako sa akong ninong sa pula nga sinina
tumae ang bata habang ito y nasa loob ng silid paaralan,the child defecated while in the classroom,nalibang ang bata samtang kini naa sa tulunghaan
napakabaho ng tae mo,your shit stinks,nanimaho ang imong tae
umihi sa dayaper ang anak mo,your child peed in the diaper,nangihi ang imong anak sa dayaper
ang aklat na ito ay napakahalaga sa mga estudyante ng agham,this book is very important to students of science,kini nga libro hinungdanon kaayo alang sa mga estudyante sa syensya
hindi ko alam kung may pandesal din sa ibang bansa,i don t know if there is pandesal in other countries too,wala ko nasayud kung aduna bay pandesal sa ubang nasud
masarap kumain ng pandesal kapag may kape,it s good to eat pandesal with coffee,lami kan on ang pandesal nga adunay kape
maraming pandesal ngayon ay hindi na maalat,many pandesals are now no longer salty,daghang mga pandesal karon dili na parat
umambag kayo sa tatoeba,contribute to tatoeba,pag amot sa tatoeba
sabihin mo ang katotohanan,tell the truth,isulti ang tinuod
maaaring hindi siya masaya,he may not be happy,mahimong dili siya malipayon
tumulo ang dugo mula sa kanyang sugat,blood dripped from his wound,ni sirit ang dugo sa iyang samad
ang kalusugang mental ay magkasinhalaga kaysa kalusugang pisikal,mental health is more important than physical health,ang kahimsog sa pangisip labi ka hinungdanon kaysa kahimsog sa lawas
hindi mahilig magluto ang aking kapatid na babae,my sister doesn t like to cook,dili ganahan magluto akong igsoon nga babae
hindi ko pa siya hinalik,i haven t kissed her yet,wala pa nako siya gihagkan
wala siyang magagawa kung hindi tumanggap,he can do nothing but accept,wala siyay nahimo gawas sa pagdawat
bulag ang kanyang isang mata,he is blind in one eye,nabuta ang iyang usa ka mata
sinaklolohan siya ng mga bumbero,firefighters helped him,ang mga bombero nagluwas kaniya
hindi na niya minantikilyahan ang ibabaw ng sunog na tinapay,he no longer buttered the surface of the burnt bread,wala na niya gi mantikilyahan ang ibabaw sa nasunog nga pan
tulungan mo ako pakiusap,help me please,tabangi ko palihog
may karayom at sinulid ka ba,do you have a needle and thread,adunay ba kamo usa ka dagum ug hilo
ang pangungusap na ito ay tama,this sentence is correct,husto kini nga tudling pulong
nakakapagtataka wala siya rito,it s a wonder he s not here,nakurat nga wala siya dinhi
palagi siyang dumarating sa ganitong oras,he always comes at this time,kanunay siyang moabut sa kini nga taknaa
dapat kang humingi ng tawad sa kanya at ngayon din,you should apologize to him and now,kinahanglan ka nga mangayo pasaylo kaniya ug karon usab
saan mo sila pinakain,where did you feed them,asa nimo sila gina pakaon
mas gusto kong lumabas kaysa manatili sa loob,i d rather go out than stay in,mas buot pa nako nga mogawas kaysa magpabilin sa sulod
kumain ng ilang bahagi ng hamon si at pagkatapos itinago ang iba sa ref,ate some of the ham and then hid the rest in the refrigerator,gikaon ni ang pipila ka mga bahin sa hamon ug pagkahuman gitago ang uban sa ref
sabay sabay kaming tumayo,we stood up together,nag dungan mi ug tindog
kinailangan kong bigyan si ng kaunting tulong,i had to give a little help,kinahanglan nako hatagan si ug gamay nga hinabang
dahan dahan ka hindi kita marinig,take it easy i can t hear you,hinay hinaya lang di ko ka dungog
hindi ba itim iyan,isn t that black,dili ba kana itom
pwede ko bang buksan ang ilaw,can i turn on the light,mahimo ba nako ipasiga ang suga
hali tayo y lumangoy,come on let s swim,dali langoy kita
pagod na pagod na akong mabuhay,i m so tired of living,gikapoy na kaayo ko ma buhi
wala ni isa sa amin ang nakasagot,neither of us answered,wala ni isa sa amo ang nakatubag
bakit mo ba hindi naiintindihan,why don t you understand,ngano nga wala ka makasabut
gusto naming matuto ng ilang mga awit na kastila,we want to learn some spanish songs,buot namo maka hibalo ug pipila nga mga kanta sa espanya
wala siyang anak,he has no children,wala siyay anak
huminga siya nang malalim,he breathed deeply,ni ginhawa siya ug lalom
takot ka,you are afraid,na hadlok ka
ikaw ay natatakot,you are afraid,ikaw kay nahadlok
takot kayo sa akin,you are afraid of me,nahadlok ka nako
ang mga hari ay may mahahabang braso,kings have long arms,ang mga hari adunay taas nga bukton
sa tingin mo ba imposibleng matapos ang trabaho bago mag alas singko,do you think it s impossible to finish work before five o clock,sa imong hunahuna imposible nga tapuson ang trabaho sa wala pa y alas singko
huwag mong ulitin ang salitang iyan sa loob ng bahay ng diyos,do not repeat that word inside the house of god,ayaw pag usab kana nga pulong sa sulod sa balay sa ginoo
hindi kinailangang pintahin ni ang bakod,didn t have to paint the fence,dili kinahanglan pintalan ni ang koral
iyon ay inalis nila isang linggo pagkatapos niyang pintahin,they removed it a week after he painted it,kana ilang gikuha usa ka semana pagkahuman sa iyang pagpamintal
ilan sa mga mag aaral mo ang nandito,how many of your students are here,pila sa imong mga estudyante ang ania dinhi
may dalawang anak na babae sila,they have two daughters,aduna silay duha ka anak nga babaye
kailangan nating ipagtanggol ang ating bansa kahit ano pang gugulin natin,we have to defend our country no matter what we spend,kinahanglan nato panalipdan ang atong nasud bisan unsa pa ang atong kinahanglan buhaton
kapag malaman ng aking mga magulang na pumarito ka maaari silang gumawa ng bagay na hindi kanais nais,when my parents find out you re here they might do something unpleasant,kung nahibal an sa akong mga ginikanan nga mianhi ka makahimo sila usa ka butang nga dili maayo
guro ako nang labinlimang taon,i have been a teacher for fifteen years,ako usa ka magtutudlo sa kinse ka tuig
sino si marco,who is marco,kinsa si marco
siya ay kapatid ko,he is my brother,igsuon nako siya
sa tingin ko okey ang trabaho mo,i think your work is okay,sa akong hunahuna okay ra ang imong trabaho
palagi siyang nakikinig ng balita sa radyo,he always listens to the news on the radio,kanunay siyang namati sa balita sa radyo
alam ko anong iniisip mong gawin,i know what you re thinking of doing,kabalo ko sa imong nahunahunaan buhaton
ang kapilyang iyan ay itinayo ng mga kastila ilang siglo na ang nakalipas,that chapel was built by the spaniards centuries ago,ang kana nga kapilya gitukod sa mga katsila gatusan na ka tuig ang milabay
mali ba ako,am i wrong,nasayop ko
malamig ang pagkain,the food is cold,bugnaw ang pagkaon
ito ang pinakamataas na tore sa bansang hapon,it is the tallest tower in japan,kini ang pinakalabing taas nga tore sa nasud japan
umikot siya noong narinig niya ang kanyang boses,he spun around when he heard his voice,ni lingi siya sa dihang nabati niya ang tingog niini
pahiramin mo ba ako ng steypler,can you lend me a stapler,mahimo ba nimo nga pahulamon ako ug steypler
humintay kami ng mahabang oras ngunit siya ay hindi sumipot,we waited for a long time but he did not appear,naghulat kami sa dugay nga panahon apan wala siya mingtungha
sa edad mong iyan dapat mas maalam ka,at that age you should know better,sa kana nga edad unta ikaw pa mas labi ka maalamon
naglaro siya ng tenis buong araw,he played tennis all day,nag dula siya ug tenis tibuok adlaw
ako rin gusto ko ng damit na iyan,me too i want that dress,ako usab gusto nako ang kana nga sinina
tumingin siya sa kanya sa salamin,he looked at her in the mirror,gitan aw siya sa salamin
hinamon ni si sa isang laro ng ahedres,challenges to a game of chess,gi hagit ni si ug dula ug chess
sa pagkakataong ito hindi mo matatakasan ang parusa,this time you cannot escape the punishment,ning orasa dili ka makalikay sa silot
siya ay isang estudyanteng napakasipag mag aral,he is a very diligent student,siya usa ka kugihan mag tuon na estudyante
ang gumigising nang maaga madaling yumaman,he who wakes up early gets rich easily,ang sayo mu mata magpadato dayon
huwag magtrabaho nang labis,don t work too hard,ayaw pa sobra sa trabaho
pinapasaya ni marie ang mga bata,marie makes the children happy,gipalipay ni marie ang mga bata
pinatugtog mo si ng gitara,you made play the guitar,gipa duyog nimo ug gitara si
sinasabi ng lahat na sila ay inosente,everyone says they are innocent,giingon sa tanan nga wala silay sala
natatakot siyang lumangoy,he is afraid to swim,nahadlok siya molangoy
bakit hindi mo hanapin sa direktori ng telepono,why don t you look it up in the phone directory,ngano nga dili nimo pangitaon ang direktoryo sa telepono
ang inakala ng lahat ng nasa barko ay lulubog iyon,everyone on the ship thought it would sink,ang pag tuo sa mga pasahero sa barko nga nga kini malunod
siya ay naglalaba ng kotse,he washes the car,nanghugas siya sa awto
kumain ng kaunting lugaw ang matanda,the old man ate some porridge,ni kaon ug gamayng lugaw ang tigulang
may diksyunaryo ako,i have a dictionary,aduna koy diksyoanryo
nakikita ko ang ilaw,i see the light,nakitan na nako ang suga
maaari mo bang ilagay ang mga bagahe sa kotse,can you put the luggage in the car,mahimo ba nimo ibutang ang mga bagahe sa awto
nakilala ko siya kina,i met him with,nahimamat nako siya mahitungod ni
nakilala ko siya sa bahay ni,i met him at s house,nahimamat nako siya sa balay ni
ako ay pumunta sa su,i went to su,ako kay ni adto sa su
bantayan mo ang bata para sa akin nang saglit,watch the boy for me for a while,bantayi ang bata alang nako kadiyot
sa mismong minutong iyon tumugtog ang kanyang selpon,at that very minute his cell phone rang,ni adtong taknaa mismo ni tingog ang iyang selpon
ako ay naninigarilyo mula ako y labing siyam na taong gulang,i have been smoking since i was nineteen years old,nanigarilyo ako gikan sa nag edad ako ug napulog siyam ka tuig
ang matandang mag asawa ay umupo nang magkatabi,the old couple sat side by side,nagtupad paglingkod ang tigulang nga magtiayon
hindi nila ibinebenta iyan,they don t sell that,wala nila kana gibaligya
bakit ang saya saya mo,why are you so happy,ngano nga nalingaw ka kaayo
hulaan mo kung sino ang nakita ko sa araw na ito,guess who i saw today,tagnaa kung kinsa ang akong nakita karon
siya ang unang tumulong sa kanya,he was the first to help her,siya ang una nga mitabang kaniya
ano ang bumago sa isip mo,what changed your mind,unsa ang nakapausab sa imong hunahuna
kung hindi mo magawa ang gusto mo ginagawa mo ang anong kaya mo,if you can t do what you want you do what you can,kung dili nimo buhaton ang gusto nimo gibuhat lang nimo kutob sa imong mahimo
kailangan mong maging mas maingat,you have to be more careful,kinahanglan nga mag amping ka
sila ay dilaw,they are yellow,sila kay dalag
patayin natin ang telebisyon,let s turn off the television,patayon nato ang telebisyon
malapit ka ba sa iyong pamilya,are you close to your family,suod ba ka sa imong pamilya
kailangan naming bilhin sila buhat sa ibang bansa,we have to buy them from other countries,kinahanglan nato sila paliton gikan sa gawas sa nasud
itutulog ko iyan,i ll put that to sleep,ikatulog ko na
kami ay walang asukal,we are sugar free,wala miy asukar
ako ay nasa ibang ambulansya,i was in another ambulance,naa ko sa laing ambulansya
gumamit siya ng katas ng bulaklak sa paggawa ng sorbetes,he used flower juice to make ice cream,gigamit niya duga sa bulag sa paghimo og ice cream
bakit ginto ang isa sa mga ngipin ng taong iyon,why is one of that person s teeth gold,ngano bulawan ang usa ka ngipon sa kanang tawhana
ang sopas na napakaalat ay masama,soup that is too salty is bad,ang sabaw nga sobra ka parat makadaot
labhan mo ang damit sa tubig na may sabon at matatanggal ang mga mantsa,wash the garment in soapy water and the stains will be removed,hugasi ang mga sinina sa tubig nga adunay sabon aron ma kuha ang mga lama
ang daling mantsahin ang telang ito,this fabric stains easily,dalia ra sad mahugawan ning panaptona
hindi hindi hindi,no no no,dili dili dili
dapat akong pumili sa pagitan ng dalawang ito,i must choose between these two,kinahanglan nga mopili ako taliwala niining duha
binigay ng sundalo ang kanyang pangalan,the soldier gave his name,gihatag sa sundalo ang iyang ngalan
nahulog ang mansanas,the apple fell,natagak ang mansanas
bago ko lang natanggap ang iyong mensahe,i just received your message,bag o ra nako nadawat ang imong mensahe
ikaw at ako ay matalik na magkakaibigan,you and i are best friends,ikaw ug ako labing suod nga managhigala
kahit anong laro ang nilalaro niya palagi siyang nananalo,no matter what game he plays he always wins,dili igsapayan kung unsang dula ang iyang dulaon kanunay siyang nagadaog
hindi siya marunong magmaneho ng isang kotse,he doesn t know how to drive a car,wala siya kahibalo kung unsaon pag drayb ang usa ka awto
ayaw ni na ako ay narito kung narito si,doesn t want me to be here if is here,dili gusto ni nga ania ako kung anaa usab si
pangako ko na hindi ko sasabihin sa kanino man,i promise i won t tell anyone,misaad ako nga dili ko isulti bisan kinsa
gusto niya ng isang kalaro,he wants a friend,gusto niya ang usa ka kadula
posible na pupunta siya rito bukas,it is possible that he will come here tomorrow,posible nga ugma siya moanhi
mas magaling siya sa matematika kaysa akin,he is better at math than me,mas maayo siya sa matematika kaysa ako
maligayang pagdating sa aking bahay,welcome to my house,maayong pag abot sa akong balay
pinahiram ko ang aking amerikana sa isang kaibigan ng kapatid ko,i lent my coat to a friend of my brother s,gipahulam ko ang akong coat sa usa ka higala sa akong igsoon
nag iingay ang mga bata,the children are making noise,nagsinggit ang mga bata
huwag kang bababa mula sa tren hanggang ito y hihinto,do not get off the train until it stops,ayaw paggawas sa tren hangtod nga mohunong kini
umabsent siya sa paaralan dahil sa pagkakasakit,he was absent from school due to illness,absent siya sa tulunghaan tungod sa sakit
kapag matunaw ang yelo ito y magiging tubig,when ice melts it turns into water,kung mutunaw ang ays mahimo kini nga tubig
walang kabuluhan ang mga sinasabi mo,what you say is meaningless,wala y pulos ang imong gisulti
sumasakit ang aking lalamunan dahil sa labis na paninigarilyo,my throat hurts from smoking too much,ni sakit sa akong tutunlan tungod sa sobrang panigarilyo
malapit ba ang hotel sa paliparan,is the hotel close to the airport,duol ra ba ang hotel sa paluparan
ang mga bintana ay tinakpan ng mga bahay ng gagamba,the windows were covered with spider webs,ang mga bintana sa silingan natabunan na sa mga damang
alam ni na may naririnig siya,knew he was hearing something,kahibalo sii nga adunay siyay mga nadunggan
hindi ako pwede ngayon,i can t now,dili ko mahimo karon
siya ay pumasok sa kwarto nang patakbo,he entered the room at a run,misulod siya sa kuwarto nga nagdagan
sumagot ka sa ingles,you answer in english,tubag ka ug iningles
ang kanilang mga ugali ay talagang nakakatawa,their habits are really funny,katawanan gyud ang ilang batasan
lahat ay humahanga kay henry,everyone admires henry,gidayeg sa tanan si henry
ang huli niyang sulat ay sa taglagas ng,his last letter was in the fall of,ang iyang katapusang sulat kaniadtong tingdagdag pa sa
wala sa kaalaman ni ang anong nangyari,didn t know what happened,wala y alamag si sa nahitabo
lahat kami naririto,we are all here,tanan mi ania diri
anong palabas sa,what show at,unsay salida sa
itong bagay ay ibinebenta,this item is for sale,gibaligya kini nga butang
hindi naglalagay ng asukal sa kanyang kape si,doesn t put sugar in his coffee,wala gibutngan ni ug asukar iyang kape
kailangan na lumabas ang mga bata para mag laro,the children must go out to play,ang mga bata kinahanglan nga mogawas aron magdula
nais kong malaman ang mga detalye,i want to know the details,buot nako mahibal an ang mga detalye
palagi akong nagkakamali,i always make mistakes,kanunay ako masayop
nais kong iwan sa kanya ang mahirap na trabahong ito,i want to leave this difficult job to him,gusto nakong biyaan saiya kining hago nga trabaho
nakatira ako sa hyogo,i live in hyogo,nagpuyo ko sa hyogo
talaga,really,tinood ka
may paborito kang manunulat na binabasa mo,do you have a favorite author that you read,aduna ka bay pinalabi nga manunulat nga imong gibasa
binuksan ko ang kahon at tumingin sa loob,i opened the box and looked inside,giablihan nako ang karton ug ni lili sa sulod
sila ay pumasyal sa ibang bansa sa unang pagkakataon,they went on a trip abroad for the first time,sa una nga higayon nagbiyahe sila sa gawas sa nasud
bakit pa mabuhay kapag mamamatay man din lang tayo,why live when we will die,ngano nga mabuhi pa kita kung ma hanaw ra gihapon
mag ingat ka sa pagtawid ng daan,be careful when crossing the road,pag amping sa pagtabok sa dalan
tumingin siya sa kanyang sarili sa salamin,he looked at himself in the mirror,gitan aw niya ang iyang kaugalingon sa samin
binili ko ang aklat na ito noong isang araw,i bought this book the other day,gipalit nako kini nga libro katong miaging adlaw
hindi siya seryoso,he is not serious,dili siya seryuso
hindi ko kayang magputol ng kuko at magplantsa nang sabay,i can t cut nails and iron at the same time,dili ako makahingoko samtang namalansa na dungan
hindi ko matanggal ang mga taghiyawat ko,i can t get rid of my pimples,dili mawala ang akong bugas
magsaing ka,you sing,pag lung ag na
naniniwala ka pa ba sa mga kwentong tulad nito,do you still believe in stories like this,mutoo ka pa ba sa mga istorya nga ingon niini
tumayo siya sa harapan ng salamin,he stood in front of the mirror,ni tindog siya sa atubangan sa samin
bakit napakabango ng trapong hawak mo,why does the rag you re holding smell so bad,ngano nga mahumot ang trapo nga imong gikuptan
maraming dayuhan ang pumupunta rito sa bansang hapon para matuto ng hapones,many foreigners come here to japan to learn japanese,daghan nga dayu ang naga adto sa lungsod sa hapon para magtuon ug hapones
ayaw ko ng inihaw na isda ano pa kaya ang hilaw na isda,i don t like grilled fish what about raw fish,dili ko ganahan ug inihaw nga isda unsa pa ang hilaw nga isda
si murielle ay taga indya,murielle is from india,si murielle kay lumulupyo sa indya
pumunta kami sa likuran ng kotse at saka tumulak,we went to the back of the car and then drove off,nangadto kami sa likud nga bahin sa awto ug dayon naglawig
huwag kang manigarilyo sa loob ng kwartong ito,do not smoke inside this room,ayaw pagpanigarilyo sa sulud sa kwarto
nagmadali si ann kaninang umaga,ann was in a hurry this morning,nagdali si ann kaganinang buntag
bakit ang sobrang init,why is it so hot,ngano igang kaayo
makati ang ilong ko,my nose itches,katol akong ilong
kumakati ang mga mata ko,my eyes itch,nangatol ang akong mga mata
dinidiligan ko ang bakuran,i water the yard,gina bubuan nako ang tugkaran
naubos ang aming pagkain,we ran out of food,nahurot ang among pagkaon
huwag magbasa habang oras ng pagkain,do not read while eating,ayaw pagbasa sa takna sa pagkaon
nagrereklamo siya palagi,he complains all the time,kanunay siya nagareklamo
katatanggap ko lang ang balita,i just received the news,bag o ra nako nadawat ang balita
kumuha siya ng isang aklat mula sa istante,he took a book from the shelf,gikuha niya ang usa ka libro sa estante
nakalimutan niyang magdala ng mga damit,he forgot to bring clothes,nakalimot siya magdala sinena
walang pasahero ang namatay sa aksidente,no passengers died in the accident,wala y pasahero ang ni panaw sa aksidente
sigurado ka bang tutulungan niya tayo,are you sure he will help us,sigurado ka nga tabangan ta niya
hindi ito ang huling tren hindi ba,it s not the last train is it,dili kini ang katapusan nga tren dili ba
ipahid mo ang ketsap sa pakpak ng manok na nasa platong iyan,spread the ketchup on the chicken wings on that plate,ibutang ang ketchup sa mga pako sa manok sa kanang plato
magaspang ang mga kamay niya,his hands are rough,gaspang kaayo iyang mga kamot
mahalimuyak ang bulaklak na iyon ngunit hindi ko pinitas,that flower was fragrant but i didn t pick it,humot ang kana nga bulak apan wala ko kini gipunit
napakapangit ng bulaklak na pinitas mo mula sa hardin,the flower you picked from the garden is very ugly,labihan ka ngil ad ang bulak nga imong gikuha gikan sa tanaman
saan patutungo ang butiking may limang binti,where will the lizard with five legs go,asa man padulong ning tuko nga lima ang tiil
bakit may limang binti ang butiking ito,why does this lizard have five legs,ngano nga kini nga tuko adunay lima nga mga bitiis
naputol ang buntot ng butiking may limang binti,the tail of the five legged lizard was cut off,na putol ang ikog sa lima ka tiil nga tuko
gutom pa rin ako,i m still hungry,gigutom pa ko
marunong siyang mag ingles at mag pranses din,he knows how to speak english and also french,kamao siya mu storya ug ingles apan kahibaw sad siya ug pranses
hindi siya sigurado anong gagawin niya,he wasn t sure what to do,wala siya na sayod sa iyang buhaton
makakagawa ka ba ng mga gamot mula sa laboratoryo,can you make drugs from the laboratory,maka mugna ba ka ug mga tambal gikan sa laboratoryo
hindi pa ako patay,i m not dead yet,wala pa akong mingpanaw
ang anino ng patpat ay lantad,the shadow of the stick is obvious,klaro kaayo ang anino ug tukog
pumasyal siya,he went for a walk,ni suroy siya
hindi niyo dapat basahin ang mga sulat ng iba nang walang pahintulot,you should not read other people s letters without permission,dili nimo basahon ang mga sulat sa uban nga wala y pagtugot
ilayo mo ang bata mula sa apoy,keep the child away from the fire,ipahilayo ang bata sa kalayo
sinabi ko sa mga bata na tumahimik sila ngunit nagpatuloy lamang ang kanilang pag iingay,i told the kids to shut up but they just kept making noise,giingnan nako ang mga bata nga hilum sila apan nagpadayon ang ilang kasaba
dapat mo nang matulog ngayon,you should sleep now,kinahanglan ka matog karon
saan ka nanggaling,where are you from,diin ka gikan
ang saging na kulay berde ay hindi pa hinog nang husto para kainin,bananas that are green are not ripe enough to eat,ang mga berdeng saging wala pa nahinog aron kaonon
nasawi ang mga magulang ko,my parents died,namatay akong ginikanan
kalilipat lamang nila rito noong isang araw,they just moved here the other day,nibalhin ra sila dinhi katong miaging adlaw
siya ay bumiyahe mula boston papuntang san francisco sa pamamagitan ng chicago,he traveled from boston to san francisco via chicago,nagbiyahe siya gikan sa bostonpadulong sa san francisco agi sa chicago
ano man ang gawin ko sinasabi niyang magagawa ko pa nang mas maayos,whatever i do he says i can do better,bisan unsa ang akong buhaton giingon niya nga mas maayo ang akong mahimo
dumating na ba ang mamang kartero,has the postman come yet,dumating na ba ang mamang kartero
kung may sapat na pera lamang ako binilhin ko na sana ang bag na iyon,if only i had enough money i would have bought that bag,kung adunay pa unta ako igo nga salapi mapalit ko kana nga bag
lumakad lamang ako papunta,i just walked towards it,naglakaw ra ko
pwede mong basahin ang anumang aklat na interesante para sa iyo,you can read any book that interests you,mahimo nimong mabasa ang bisan unsang libro nga buot nimo lantawon
sa totoo lamang kailangan kitang pasalamatan dahil dito,i actually have you to thank for this,sa tinuud lang kinahanglan nga magpasalamat ako kanimo alang niini
pwede mo bang mapa ayos iyan,can you fix that,mahimo ba nimo kini ayohon
inalis niya ang mga pinggan sa mesa pagkatapos ng hapunan,he cleared the dishes from the table after dinner,gikuha niya ang mga platso gikan sa lamesa pagkahuman sa panihapon
siya ba ay pwedeng pumunta sa pulong bukas,can he come to the meeting tomorrow,mahimo ba siya mo duaw sa miting ugma
nagdala ako ng isang dosenang mga kutsara at doble pa ng mga tinidor,i brought a dozen spoons and twice as many forks,nagdala ako usa ka dosena nga kutsara ug bisan duha nga mga tinidor
anong gusto mo tsaa o kape,what would you like tea or coffee,unsa ang gusto nimo tsa o kape
pwede bang huwag mo gawin iyan,can you please not do that,mahimo ba na dili nimo na buhaton
hindi ko naiintindihan ang kahit anong salitang kanyang sinasabi,i couldn t understand a word he was saying,wala ako makasabut sa bisan unsang mga pulong nga iyang gisulti
siya mismo ang pumunta roon,he himself went there,siya mismo ni duaw didto
kung sakali mang mahuli ako hindi mo kailangang maghintay sa akin,if i ever get caught you don t have to wait for me,kung masakpan ako dili na nimo ako paabuton
ng mga mamamayan ay nagmula sa bansang hapon,of the citizens come from japan,sa populasyon nag gikan sa nasod japan
ang mga batang ito ay lalaki at ang mga iyon ay babae,these children are boys and those are girls,kini nga mga bata mga lalaki ug sila mga babaye
may nagnakaw sa lahat ng pera ko,someone stole all my money,adunay nangawat sa tanan nakong mga kwarta
mas masaya na si ngayon na umalis na si,is happier now that has left,malipayon na si karon nga ni biya na si
ang dami kong bulaklak may pula at may dilaw,i have many flowers there is red and there is yellow,pagka daghan sa akong mga bulak adunay pula ug adunay dalag
tatanggap ka ng isang pabuya dahil sa ikaw ay tumulong,you will receive a reward for helping,makadawat ka usa ka ganti alang sa imong tabang
gusto niya ng mga tigre,he likes tigers,gusto siya ug mga tigre
gusto kong tiyakin na ikaw ang sinasabi mong ikaw,i want to make sure you are who you say you are,gusto nako masiguro nga ikaw ang giingon nimo
ito y isang bagay na nakikita natin pero hindi nililinis araw araw,it s something we see but don t clean every day,kini usa ka butang nga atong nakita apan dili malimpyo matag adlaw
dapat araw araw mong linisin ang silid mo,you should clean your room every day,kinahanglan nimo nga limpyohan ang imong sulud matag adlaw
ihele mo ang anak mo,ihele your child,atimana ang imong anak
ang nakatatandang kapatid ko ay nagnanais na mag aral sa ibang bansa,my elder brother wants to study abroad,gusto sa among kamagulangan nga magtuon sa gawas sa nasud
nais kong matuto ng tsino sa susunod na taon,i want to learn chinese next year,gusto kong makakat on ug inintsik sa sunod tuig
mahalaga ang pasaporte sa iyong pagbibiyahe,a passport is essential for your travel,mahinungdanon ang mga pasaporte sa imong pagbiyahe
walang duda siya y babalik,no doubt he will be back,wala y duda nga mubalik siya
isang kamalasan ang nangyari sa kanya,a misfortune happened to him,usa ka dili maayo nga butang ang nahitabo kaniya
nakalimutan mo na,you have forgotten,nakalimtan na nimo
parang hindi ka masyadong masayang makita ako,you don t seem too happy to see me,morag dili ka kaayo malipayon nga makita ako
syempre pwede mong gawin ang anumang nais mo,of course you can do whatever you want,bitaw mahimo nimo ang bisan unsa nga gusto nimo
bakit kaya gusto mong gawin ang mga ganyang bagay,why would you want to do such things,ngano nga gusto nimo buhaton ang ingon ana nga mga butang
walang nakikipag usap sa akin,no one talks to me,wala y tawo nga nakighinabi kanako
hindi ko sinasabing mag isa kang magpunta,i m not saying you should go alone,wala ko giingon nga moadto ka nga mag inusara
sigurado ka bang ayaw mong gawin iyon,are you sure you don t want to do that,sigurado ka nga dili nimo gusto buhaton kana
kahit anong sabihin mo hindi magbabago ang isip ko,no matter what you say i won t change my mind,bisan unsa ang imong isulti dili na mausab ang akong hunahuna
ang mga sapatos na ito ay hindi angkop para gamitin sa pagtatakbo,these shoes are not suitable for running,kini nga sapatos dili angay alang sa pagdagan
napakaraming ginagawa ni na hindi siya nanganghalian,is so busy that he doesn t eat lunch,daghan kaayo ang gibuhat ni nga wala siya naniudto
binigyan niya siya ng maiinom,he gave him something to drink,gihatagan siya ug ilimnon
mabuti pang ipagawa mo iyan sa akin para sa iyo,better yet let me do that for you,mas maayongpang ipa buhat mo kana kanako alang kanimo
tinatangkilik ng mga tinedyer ang kanyang mga aklat,teenagers enjoy his books,nalipay ang mga tin edyer sa iyang mga libro
ang swerte walang nabasag,the luck nothing broke,ka biwenas wala y nabuak
ngayon ay umiinom ako ng servesa,now i m drinking cervesa,karon nag inom ako ug usa ka ilimnon
mananatili ako nang ilang araw sa inyo,i will stay with you for a few days,magpabilin ako kaninyo ug pila ka adlaw
labinlimang taong gulang ako sa retratong ito,i am fifteen years old in this picture,kinse anyos ako sa kini nga litrato
araw araw kaming nagtatrabaho maliban ang linggo,we work every day except sunday,manarbaho mi adlaw adlaw gawas sa domingo
nais kong magbasa,i want to read,gusto nako magbasa
hindi niya pwedeng gawin ang ganitong klaseng trabaho kahit siya ay hindi rin,he can t do this kind of work not even him,dili niya mahimo kini nga klase nga trabaho bisan magdumili siya
kapag tiningnan mula sa kalawakan ang ilog ay mukhang isang malaking ahas,when viewed from space the river looks like a huge snake,kung tan awon gikan sa kawanangan ang suba maora g usa ka dako nga bitin
may humawak sa akin sa likod,someone grabbed me from behind,adunay naghawid sa akong likud
gagawin ko iyan sa kondisyon na tutulungan mo ako,i will do that on the condition that you help me,buhaton ko kana kung tabangan sad ko nimo
nagsusuot siya ng salamin,he wears glasses,nagasuot siya ug antipara
hindi masyadong maganda ang aking pakiramdam,i m not feeling very well,dili kaayo maayo ang akong pamati
ikaw ang pinakamatangkad,you are the tallest,ikaw ang pinakalabing taas
ikaw ang pinakamatangkad sa aming lahat,you are the tallest of us all,ikaw ang labing kataas sa among tanan
ako ay isang masahista,i am a masseuse,ako usa ka manghihilot
tinalo ako ni sa larong chess,beat me in a game of chess,gilupig ako ni sa dula nga chess
umupo kami sa gitna ng silid,we sat in the middle of the room,nanglingkod kami sa tunga sa kwarto
makinig ka,listen,paminaw ka
napakalutong ng maning ito,this peanut is very crunchy,lutong kaayo ning mania
maraming mga guro ay walang desenteng hanapbuhay kung titingnan ang oras na sila y nagtatrabaho,many teachers do not have a decent job considering the hours they work,daghang magtutudlo wala y tarong nga panarbaho kung buot susion ang oras sa ilang pagtrabaho
kailangan mo ring magpunta roon,you have to go there too,kinahanglan pud nimo magadto didto
ang aklat na ito ay sa silid aklatan ng paaralan,this book is in the school library,kini nga libro naa sa librarya sa tulunghaan
ang mga paa niya ay bisibleng nakabakas sa niyebe,his feet were visible in the snow,ang iyang mga tiil mahimo g masubay sa niyebe
nakadipende ang lahat sa kung ika y papasa sa eksamen,it all depends on whether you pass the exam,kini ang tanan nakasalig kung makapasar ka sa pasulit
sinubukan niyang tahanin siya pero nagpatuloy siya sa pag iyak,he tried to hold her but she continued to cry,gisulayan niya nga kuptan siya apan padayon siya nga naghilak
kumakanta ang tandang tuwing pagsikat ng araw,the rooster sings every sunrise,ang manok nag awit sa pagsubang sa adlaw
ooperahan ang aking tatay,my father will be operated,adunay operasyon ang akong amahan
ako ay nanood ng tv nang dalawang oras kahapon,i watched tv for two hours yesterday,nagtan aw ako ug tv sulod sa duha ka oras kagahapon
nawala ang lalaki sa kagubatan,the man disappeared into the forest,nawala ang tawo sa kalasangan
pakasalan mo ako,marry me,pakasli ko
maaasahan mo ako,you can count on me,makasalig ka nako
ayaw ko ng mga pagkaing maaanghang,i don t like spicy foods,dili ko ganahan ug pagkaon nga halang
pwede ko bang makita anong meron sa ibang mga tsanel,can i see what s on other channels,mahimo ba nako makita kung unsa ang naa sa ubang mga tsanel
nakinig ako ngunit wala akong naintindihan,i listened but i didn t understand anything,naminaw ko apan wala koy nasabtan
wala akong ideya kung sino siya,i have no idea who he is,wala ko kabalo kung kinsa siya
hindi siya nakakuha ng eksamen,he didn t get the exam,wala siya makakuha sa eksamen
hindi ako pwedeng magpunta mamayang gabi,i can t go tonight,dili ako makaadto karong gabii
kapag naririnig ko ang awit na iyon naaalala ko ang mga araw ng aking kabataan,when i hear that song i remember the days of my youth,kung madungog nako kana nga sonata nahinumduman nako ang mga adlaw sa akong pagkabatan on
narinig ko anong sinabi ni kay,i heard what said to,nadungog ko ang gisulti ni kay
pinatulog ng ina ang kanyang anak,the mother put her son to sleep,gipakatulog sa inahan ang iyang anak
ang mesa ay puno ng alikabok,the table is full of dust,ang lamesa puno sa abog
si ay may maikling buhok,has short hair,si adunay mubu nga buhok
may paparating na isang kotse,a car is coming,adunay umaabot nga awto
huwag kang mag alala sa iyong aso aalagaan ko siya,don t worry about your dog i will take care of him,ayaw kabalaka bahin sa imong iro ako na atiman sa iya
kailangan mong matutong mag bisikleta,you need to learn to ride a bike,kinahanglan nimo nga mahibal an ang pag gamit ug bayk
malayo ang aking bansa sa bansang hapon,my country is far from japan,ang akong nasud layo ra sa japan
nag aral ka ba kahapon,did you study yesterday,nagtuon ka gahapon
mahaba ba o maikli ang daan,is the road long or short,taas ba o mubu ang dalan
ngayon lamang siya dumating nalaman mo ba,he just came did you find out,karon ra siya nakaabot kamatikod ka
maaari ko bang kausapin si mike,can i talk to mike,mahimo ba nga makigstorya ako kang mike
may posporo ka ba,do you have a match,adunay ba kamo mga posporo
paumanhin pero hindi ako naninigarilyo,sorry but i don t smoke,pasensya apan dili ko naga panigarilyo
hindi ka ngumingiti,you don t smile,wala ka nagapahiyom
hilaw kapag kumakain kami ng isda,raw when we eat fish,hilaw kung mokaon kami ug isda
iyan ay nararapat sa akin,that s what i deserve,kana ang angay kanako
kailan kayo ikakasal,when are you getting married,kanus a mo ikasal
pahiramin mo ba ako ng iyong bolpen,can you lend me your pen,ipahulam mo ba kanako ang imong bolpen
tinawagan mo na ba siya,have you called him,gitawag na nimo siya
pumunta ka na ba sa trabaho sa linggo,do you go to work on sunday,nakasulod ka na ba sa trabaho niadtong domingo
nawala kami ng daan at ang mas masama pa y inabutan kami ng ulan,we lost our way and to make matters worse the rain overtook us,nawala ang among dalan ug labi ka daotan naabtan kami sa ulan
si ay may ilan pang mga bagay na gagawin bago siya makakaalis,has a few more things to do before he can leave,si adunay pipila pa nga mga butang nga kinahanglan buhaton usa siya mu lakaw
parang hindi interesado si,didn t seem interested,morag dili interesado si
gaano kadalas ka naliligo sa isang linggo,how often do you shower in a week,kanus a ka kanunay ka maligo sa usa ka semana
kahapon pa ako walang ginagawa,yesterday i was doing nothing,gahapon pako walay gi buhat
binisitahan ni ang puntod ni,visits s grave,gibisita ni ang lubnganan ni
kailangan ko nang umalis,i have to leave,kinahanglan kong mobiya
gusto kang makilala ng lahat sikat ka,everyone wants to know you you are famous,ang tanan gusto nga mahibal an ka bantogan ka
ang tatay ko ay may limang kapatid,my father has five brothers,ang akong amahan adunay lima ka mga igsoon
ito ang bibliya ng beysbol,this is the baseball bible,kini ang bibliya sa baseball
maraming karunungan ang matatagpuan sa bibliya,there is much wisdom found in the bible,adunay daghang kaalam ang bibliya
isa isang bumagsak ang mga plano ko,my plans fell apart one by one,tagsa tagsa nga nahugno ang akong mga plano
dalhin mo ang mga bagahe sa itaas,take the luggage upstairs,kuhaa ang bagahe sa taas
napanood ko ang pelikulang iyan matagal na panahon na ang nakaraan,i watched that movie a long time ago,nalantawan ko nana na salida kaniadtong dugay na
ang mang aawit ay sikat hindi lamang sa bansang hapon pati na rin sa europa,the singer is famous not only in japan but also in europe,ang mag aawit bantugan dili ra sa japan apan lakip usab sa europa
ang dami kong trabahong dapat gawin,i have a lot of work to do,daghan pa kaayo ko ug trabaho nga buluhaton
sa mayo ba ako ipinanganak,was i born in may,natawo ba ako sa mayo
niligtas niya tayong lahat,he saved us all,giluwas niya kitang tanan
ikinasal niya ang kanyang anak na babae sa isang mayamang lalaki,he married his daughter to a rich man,gipangasawa niya ang iyang anak nga babaye sa usa ka dato
alam mo ba ano ang kabisera ng belgium,do you know what the capital of belgium is,nahibal an ba nimo kung unsa ang kapital sa belgium
nagdesisyon si na kanselahin ang mga reserbasyon,decides to cancel the reservations,nakahukom si nga kanselahon ang mga reserbasyon
ang sinabi mo ay nagpaalala sa akin ng isang kakaibang karanasan nang maraming taon ang nakalipas,what you said reminded me of a strange experience many years ago,ang imong giingon nagpahinumdom kanako sa usa ka katingad an nga kasinatian daghang tuig na ang milabay
patawad talaga ngunit hindi ako sang ayon,i m really sorry but i disagree,pasensya gyud pero dili ko mosugot
dadalhin ko sila kay kate,i ll take them to kate,ihatod ko sila ila kate
magluluto ang tatay ko ng isang masarap na pagkain bukas nang umaga,my father will cook a delicious meal tomorrow morning,magluto ang akong amahan ug usa ka lamian nga pagkaon ugma sa buntag
mas matanda nang dalawang taon si kaysa sa akin,is two years older than me,mas magulang ug duha ka tuig si sa ako
walang problema,no problem,walay problema
ang daming linta sa aking bukid,there are many leeches in my farm,daghang mga linta sa among bungtod
sisikat muli ang araw sa madaling panahon,the sun will rise again soon,ang adlaw mosubang usab sa dili madugay
ang lola ko ay nakakapagmaneho ng motorsiklo,my grandmother can drive a motorcycle,ang akong lola makadrayb og motorsiklo
sasakay ako ng eroplano papuntang hanoi bukas,i will take a plane to hanoi tomorrow,mosakay ako og ayroplano padulong sa hanoi ugma
kinain ni ang kendi mo,ate your candy,gikaon ni ang imong kendi
kailangan mo ba ang mga susi,do you need the keys,kinahanglan ba nimo ang mga yabi
nasa bahay ba si kahapon,was at home yesterday,naa ba si sa balay gahapon
may dalawang kotse siya,he has two cars,naa siyay duha ka awto
saan mo nakita ang mga babaeng iyon,where did you see those girls,asa nimo nakita nang bayhana
kailangan ko ng isang kutsilyo,i need a knife,kinahanglan nako ug usa ka kutsilyo
siya ay kasal na at may dalawang anak,he is married and has two children,minyo na siya ug adunay duha ka mga anak
nangibang bansa ka na ba,have you ever moved abroad,nakaadto ka na ba sa laing nasud
anong ibibigay mo sa kanya,what will you give him,unsa imong ihatag sa iya
ako ay matandang matanda na para magpunta sa alemanya,i am too old to go to germany,tigulang na ako aron makaadto sa alemanya
kakailanganin kong kanselahin ang aking tagpuan,i will have to cancel my meeting,kinahanglan kong kanselahon ang akong tigum
ayaw kong umalis agad,i don t want to leave right away,dili ko gusto nga mobiya dayon
kapag may kaunting panahon ka pa gusto sana kitang makausap tungkol sa ilang mga problema,when you have a little more time i would like to talk to you about some problems,kung adunay ka gamay nga oras gusto nako nga makigsulti kanimo bahin sa pipila ka mga problema
mabuhay ang reyna,long live the queen,daygon ang rayna
sumama siya sa kanilang bahay para malaman kung saan siya nakatira,he went to their house to find out where she lived,miadto siya sa ilang balay aron mahibal an kung diin siya nagpuyo
ang isang baka ay may isang mahabang buntot,a cow has a long tail,ang usa ka baka adunay taas nga ikog
natututo ang tao kapag siya ay nagtuturo,man learns when he teaches,makasabot ang tawo kung siya nag tudlo
hindi ko iniisip na may tumira sa bahay na ito nang mahabang taon,i don t think anyone has lived in this house for many years,sa akong hunahuna wala y bisan kinsa nga nagpuyo sa kini nga balay sa daghang mga tuig
ang sagot ay oo,the answer is yes,ang tubag mao kay oo
walang lunas para sa sakit sa siko,there is no cure for elbow pain,wala y tambal sa kasakit sa siko
sikuin mo siya,elbow him,sikoha siya
siguro mali ang daang tinahak natin,maybe we took the wrong road,tingali sayup ang dalan nga atong giagian
hindi mo kailangang itago ang iyong nararamdaman,you don t have to hide your feelings,dili nimo kinahanglan itago ang imong gibati
nasa panganib ba tayo,are we in danger,nameligro ba kita
may mga barya ka ba sa pitaka mo,do you have coins in your wallet,aduna ka bay mga sinsilyo sa imong pitaka
hindi mukhang matanda si,doesn t look old,dili ingon tigulang ang hulagway ni
sabihin mo pupunta ba ang inay sa istasyon ng tren para maghintay kay itay,tell me will mother go to the train station to wait for father,ingna didto moadto ba si mama sa estasyon sa tren aron hulaton si papa
mukhang isang turista ka,you look like a tourist,mura siya ug turista
hinihintay ko ang isang sulat mula sa kanya,i am waiting for a letter from him,naghulat ako ug usa ka sulat gikan kaniya
makikita mo ang mga batang nagtitinda ng sampaguita sa kalye,you will see children selling tulips on the street,makita nimo ang mga bata nga namaligya ug mga sampaguita sa dalan
gusto kong kamayan siya,i want to hold her hand,gusto nako siya duolon ug kamayon
bakit ka ba sobrang nangangati may kuto ka siguro,why are you so itchy do you have lice,nganong nangatol ka naa guro kay daghang kuto
bakit mo ginawa iyon,why did you do that,ngano nga nabuhat to nimo
buksan ninyo ang pinto,open the door,ablihi ang pultahan
ano iyong gusto mong gawin,what do you want to do,unsa imong gusto buhaton
nadapa siya sa sahig,he fell to the floor,naumod siya sa salog
sa una ay parang hindi siya palakaibigan,at first he seemed unfriendly,sa una dili siya ingon mahigalaon
hindi ko sila hinele,i don t recognize them,wala nako sila gi alamalam
huwag mong kamutin ang kagat ng lamok magiging pula iyan,do not scratch the mosquito bite that will be red,ayaw paggisi ang pinaakan sa lamok mamula kana
maging maingat sa paggamit ng posporo,be careful when using matches,pag amping sa paggamit sa mga posporo
si ay isang bruha,is a witch,usa ka barangan si
huwag iwanan ang tv na nakabukas,don t leave the tv on,ayaw pasagdi nga nakapasalida ang tv
pangit ang mga ngipin ng batang lalaki dahil hindi niya sila sinisipilyuhan,the boy s teeth are ugly because he doesn t brush them,ang bata nga lalaki daot na ang ngipon tungod kay wala niya kini ginasipilyo
hindi pa luto ang kanin,the rice is not cooked yet,wala pa luto ang kan on
isang minuto na lang ha,just a minute huh,usa ra ka minuto ha
huwag takbo nang takbo,don t run too fast,ayaw sige ug dagan
baka mabangga mo ang mamahaling estatwang iyan,maybe you bump into that expensive statue,basi makabangga ka ug mamahalon nga estatwa
ang lalaki talaga nila,they really are men,ka dagko diay nila
huwag humawak ng kahit ano,do not hold anything,ayaw pag gunit ug bisan unsa
kailangan kong uminom ng anuman para sa aking sipon,i need to drink something for my cold,kinahanglan ko moinom og usa ka butang alang sa akong subaw
sinong tumutugtog ng piyano,who plays the piano,kinsa ang ni duyog sa piyano
ibibigay ko sa iyo ang pera bukas,i will give you the money tomorrow,ihatag ko kanimo ang kwarta ugma
sa tingin niya ang bughaw ang pinakamagandang kulay,he thinks blue is the best color,nagtuo siya nga ang asul ang labing kaayo nga kolor
maingat na maingat siya kaya hindi siya madalas nagkakamali,he is very careful so he doesn t make mistakes very often,nag amping siya kaayo busa dili siya kanunay masayup
nakuha ko itong bisikleta nang libre,i got this bike for free,nakuha nako kini nga bayk nga libre
si ang sinong nakakita sa bangkay,was the one who found the body,si ang nakakita sa patayng lawas
walang maiinom si kahapon,had nothing to drink yesterday,wala y mainom si kagahapon
pwede rin ba akong sumama,can i come too,mahimo ba ako mouban usab
bising bisi ngayon si melanie,melanie is very busy now,bisi na kaayo si melanie karon
umiinom pa si melanie ng gatas,melanie is still drinking milk,naga inom pa og gatas si melanie
naka upo ang pusa sa ibabaw ng mesa,the cat is sitting on the table,ang iring ni lingkod sa ibabaw sa lamisa
kaya sinasabihan na kita huwag kang pumunta nang magisa,so i m telling you not to go alone,mao nga sultihan ko ikaw nga dili mulakaw nga mag inusara
ikaw ay sinungaling,you are a liar,bakakon ka
ang ingay ay nagpanatili sa akin nang gising buong gabi,the noise kept me up all night,ang kasaba nagpabilin kanako sa bug os nga gabii
isang kaibigan ko ay tumawag sa akin kagabi,a friend of mine called me last night,gitawag ko sa akong usa ka higala kagabii
anong gandang rosas ito,what a beautiful rose it is,pagkanindot niini nga rosas
hindi kapani paniwala na walang sinuman ang natabunan ng gumuhong gusali sa lindol kaninang umaga,it s unbelievable that no one was trapped by the collapsed building in this morning s earthquake,dili katuohan nga wala y natabunan sa nahugno nga bilding sa linog kaganinang buntag
binati niya ang ginang,he greeted the lady,nitahud siya sa babaye
ako ay may mabahong hininga,i have bad breath,dili maayo ug baho ang akong ginhawaan
ang tao ay mortal,man is mortal,mamatay ang tawo
parang may nangyayaring sobrang kakaiba sa parke,something very strange seems to be happening in the park,adunay katingad hang panghitabo nga nahitabo sa parke
dahil sa gusto niyang magtanong itinaas niya ang kanyang kamay,wanting to ask a question he raised his hand,tungod kay gusto niya mangutana giisa niya ang iyang kamot
alam na alam ni na si ay nasa ospital,knew very well that was in the hospital,nahibal an sa hingpit ni nga si naa sa ospital
siya mismo ang nagluto sa hapunan,he cooked the dinner himself,siya mismo ang nagluto og panihapon
kapag gusto mong lokohin ang mundo sabihin mo ang katotohanan,when you want to fool the world tell the truth,kung gusto nimo binuangan ang kalibutan isulti ang kamatuoran
maigi kong sinulat ang lahat na sinabi ng aking guro,i carefully wrote down everything my teacher said,gisulat nako pag ayo ang tanan nga giingon sa akong magtutudlo
nagsimulang magtrabaho ang kanyang asawa dahil sa pangangailangan,her husband started working out of necessity,ang iyang bana nagsugod sa pagtrabaho tungod sa panginahanglan
ganoon siya natuto ng ingles,that s how he learned english,ingon ato siya naka kat on ug ingles
gusto kong mag aral sa ibang bansa,i want to study abroad,gusto ko magtuon sa gawas sa nasud
plinaplano niyang umpisahan ang kanyang negosyo,he plans to start his business,plano niya nga magsugod sa iyang kaugalingon nga negosyo
mayroon pa bang ibang takot,are there other fears,aduna ka bang uban pang kahadlok
kaming lahat ay basa sa pawis,we were all drenched in sweat,tanan kaming basa sa singot
pakidilig ang mga bulaklak,water the flowers,palihug pagpamobo sa mga tanom na bulak
siya ay higit sa apatnapu,he is over forty,siya kay sobra sa kwarenta
ilang oras ka nagtatrabaho bawat linggo,how many hours do you work each week,pila ka oras ang imong pagtrabaho matag semana
si ay isang mapagkakatiwalang tao,is a trustworthy person,si usa ka makasaligan nga tawo
hindi ko ito sinasabi para sa sarili ko,i m not saying this for myself,wala ko kini gisulti alang sa akong kaugalingon
nakita ko siya nang ako ay papauwi,i saw him on my way home,nakita ko siya sa akong pagpauli
kailangan kong umuwi nang maaga nang kaunti ngayon,i have to go home a little early today,kinahanglan ko nga mopauli og sayo karon
huwag limuting patayin ang apoy,don t forget to put out the fire,ayaw kalimti ug pagpalong sa kalayo
ang pulong ay magaganap bukas,the meeting will take place tomorrow,ang tigum himuon ugma
isang lalaki ang sumipot sa pintuan,a man appeared at the door,usa ka lalaki ang ni abot sa pultahan
tingnan mo ang bulalakaw na iyon,look at that meteor,tan awa kana nga bulalakaw
ang sulat ito ay personal at ayaw kong basahin ito ng iba,this letter is personal and i don t want anyone else to read it,personal kini nga sulat ug dili ko gusto nga basahon kini sa uban
si ann ay may maraming kaibigan,ann has many friends,si ann adunay daghang mga higala
tapos nang linisin ng katulong ang kwarto nang pumasok sa loob si carol,the maid had finished cleaning the room when carol entered,na human na ug limpyo sa katabang ang sulod niadtong ni sulod si carol
ingat sa aso,watch out for the dog,pagbantay sa aso
kinailangan kong alagaan ang kanyang sanggol,i had to take care of her baby,kinahanglan kong atimanon ang iyang bata
wala akong pakialam sa kanya,i don t care about him,wala koy paki sa iya
kung sakaling nais mo pa ng higit na impormasyon huwag kang magdalawang isip na tawagan ako,if you ever want more information don t hesitate to call me,kung gusto pa nimo ug dugang nga impormasyon ayaw pag duha duha nga twagan ko
sawa na ako sa kakakain sa restawran,i m tired of eating at restaurants,na pul an nako mokaon sa mga restawran
nagplantsa ka na ba ng sariling damit mo,have you ever ironed your own clothes,giplantsa na ba nimo ang imong kaugalingon nga sinina
wala siyang malay,he was unconscious,wala siyay panimuot
dinilaan siya ng tuta sa pisngi,the puppy licked her cheek,gitilaan siya sa itoy sa aping
para sa resiping ito isang sibuyas lamang ang kailangan,for this recipe only one onion is needed,alang sa kini nga resipe usa ra nga sibuyas ang gikinahanglan
ilang oras siyang umiyak nang walang hinto,she cried non stop for several hours,walay hunong iyang hilak sa pila ka oras
may grabeng problema tayo rito,we have a serious problem here,aduna kita t dakong problema
sinabi ko sa kanyang huwag magmaneho nang mabilis,i told him not to drive fast,giingnan nako siya nga dili magdali og drayb
pinaiyak ko siya,i made him cry,gipahilak ko siya
nalunod silang lahat,they all drowned,nangalumos silang tanan
ang aso ay nakahiga sa ilalim ng mesa,the dog is lying under the table,ang iro naghigda sa ilawom sa lamesa
siya ay nakakalangoy nang mas malayo kaysa sa akin,he can swim farther than me,siya makalangoy nga mas layo pa sa akong mahimo
siya ay bumiyahe na ang kasama ay isang aso lamang,he traveled with only a dog as his companion,usa ra ka iro ang iyang kauban sa byahe
pinangako mo sa aking aalagan mo sila,you promised me you would take care of them,nisaad ka nako nga ampingan nimo sila
ang pagsusulit ay sa alas ng hapon,the exam is at pm,alas sa hapon ang eksam
hindi mo kailangang gawin iyan dito,you don t have to do that here,dili nimo kinahanglan buhaton kana dinhi
huwag mo akong tanungin ng mahirap na tanong,don t ask me a hard question,ayaw ako pangutan a usa ka lisud nga pangutana
dapat mo siyang pigilin,you must stop him,kinahanglan nimo siyang pugngan
natanggap namin ang balita ng inyong kasal,we received the news of your marriage,nadawat namon ang balita sa imong kasal
ang kailangan niya ay hindi pera ngunit pag ibig,what he needs is not money but love,ang iyang kinahanglan dili kwarta apan gugma
galit ang nanay ko,my mother is angry,nasuko akong mama
siya ay masaya na parang hari,he was as happy as a king,malipayon siya sama sa usa ka hari
sino ang tagagawa ng telepono si bell o si meucci,who is the phone manufacturer bell or meucci,kinsa ang nag buhat sa telepono bell o meucci
lumabas kami kahit na napakaginaw,we went out even though it was very cold,nanggawas mi bisan bugnaw kaayo
dahil sa napakaganda ng panahon pwede ba akong magbukas ng isang bintana,since the weather is so nice can i open a window,tungod sa matahum nga panahon mahimo ba ako mag abli ug usa ka bintana
ibinaba niya ang kanyang ulo sa hiya,he lowered his head in shame,gipaubos niya ang iyang ulo sa kaulaw
seryosohin mo ang mga bagay nang higit na kaunti pa,take things a little more seriously,seryusoha ang mga butang samtang pipila palang kini
lima hanggang sampung taon pa ang kailangan bago maging handa ang teknolohiya,another five to ten years are needed before the technology is ready,moabut pa usa ka lima hangtod napulo ka tuig aron maandam ang teknolohiya
anong mangyayari sa mga anak natin kapag magsisimula ang isang digmaang nukleyar,what will happen to our children when a nuclear war starts,unsa man ang mahinabo sa atong mga anak kung magsugod ang giyera nukleyar
ipinaliwanag ko ang proseso sa kanya,i explained the process to him,gipasabut ko kaniya ang proseso
nagbukas si ng isang lata ng tuna,opened a can of tuna,gi abrihan ni ang usa ka lata sa tuna
ilayo ninyo siya,keep him away,ipalayo siya
sumusuko ako,i give up,dili nako
kahit na siya ay mayaman hindi siya masaya,although he is rich he is not happy,bisan kung siya adunahan dili siya malipayon
magpahinga tayo sa maaninong lugar,let s rest in a shady place,pahulay kita sa usa ka malinawon nga lugar
may anino ba ang mga multo,do ghosts have shadows,aduna bay mga anino ang mga abat
sigurado kang ayaw mo ng makakain,are you sure you don t want to eat,sigurado ba nga dili ka gusto mokaon
walang masama kapag matutulog ka nang gabing gabi sa linggo,there s nothing wrong with staying up late on sunday,walay makadot kung matulog kagtungang gabii sa domingo
hindi ka dapat umasa sa tulong ng ibang tao,you should not rely on other people s help,dili ka angay mosalig sa tabang sa ubang tawo
ilabas mo kami rito,get us out of here,pagawasa mi dinhi
may gagawin ka bukas,do you have something to do tomorrow,aduna ka bay buhaton ugma
tumawag ka ng sinumang marunong mag hapon pakisuyo,call someone who can speak japanese please,panawag ug maski kinsang kahibalo mag hapon palihog
maligayang pagbabalik hanap hanap ka namin,welcome back we are looking for you,maayong pagbalik gimingaw kaayo kami kanimo
hindi siya malupit sa mga hayop,he is not cruel to animals,dili siya mangtas sa mga hayop
ito ay isang magandang pook para sa pangangaso,it is a good place for hunting,kini usa ka maayong lugar alang sa pagpangayam
ang pusang ito ay hindi naghahabol ng mga daga,this cat does not chase mice,kini nga iring dili mag gukod sa mga ilaga
si ay matalik na kaibigan ni,is s best friend,si mao ang suod nga higala ni
hindi mo dapat sabihin sa kanya kahit anong may kinalaman sa iyong kasintahan,you shouldn t tell him anything about your boyfriend,dili nimo angay isulti kaniya ang bisan unsa bahin sa imong hinigugma
ako ay naglalakbay sa malayo bumibisita sa mga dayuhang bansa gumagawa ng mga bagay na hindi ko pa nagawa noon,i am traveling far visiting foreign countries doing things i have never done before,layo ang akong pagbiyahe pagbisita sa mga langyaw nga nasud pagbuhat og mga butang nga wala pa nako mahimo kaniadto
wala akong alam na kahit ano tungkol sa anong nangyari,i don t know anything about what happened,wala koy nahibal an bahin sa kung unsa ang nahitabo
anong tren ang sasakyanan mo,what train do you take,unsang tren ang imong sakyan
siya ay nagsasalita habang tulog,he talks in his sleep,naga sulti siya ug maski sa kasamtangan sa pagtulog
huwag mo na akong kausapin kahit kailan,don t talk to me ever again,ayaw na ko storyaha hangtod sa hangtod
sa tingin ko ay may kumakatok sa pinto,i think someone is knocking on the door,sa akong hunahuna adunay nagtuktok sa pultahan
ano ang pinagkakaabalahan mo sa linggong ito,what have you been up to this week,unsa man ang imong gika busyhan karong semanaha
mahirap intindihin ang teorya niya,his theory is hard to understand,lisod sabton iyang teyorya
sawa na ako sa mga museo libingan ng mga sining,i m sick of museums graveyards of the arts,gikapoy na ako sa mga museyo lubnganan sa mga sining
paumanhin talaga ang tao na iyong nais na kausapin ay hindi pwede ngayon,i m really sorry the person you want to talk to is not available right now,pasensya gyud ang tawo nga gusto nimo makigsulti dili mahimamat karon
bakit walang laman na pagkain ang aking ref,why is my fridge empty of food,ngano nga wala ma y sulod pagkaon ang akong ref
tinulungan ko siyang itaas ang kanyang mga bagahe,i helped him carry his luggage,gitabangan nako siya sa pagbayaw sa iyang bagahe
dumating ako sa bansang hapon dalawang taong nakaraan,i came to japan two years ago,miabut ako sa japan duha ka tuig na ang milabay
ikaw ang itong hindi nakakaintindi,you are the one who doesn t understand,ikaw ang wala kasabot
ikaw ba ay may babasahin na kahit ano,do you have anything to read,aduna ba kay materyal buot pagabasahon
nay ineestorbo ako ni hector,mom hector is bothering me,mama gihasol ko ni hector
maaari bang iwanan mo kami nang saglit,can you leave us for a moment,mahimo ba nimo nga biyaan kami kadiyot
hindi kami pwedeng mabuhay na walang tubig kahit ni isang araw,we cannot live without water not even for a day,dili kita mabuhi kung wala y tubig bisan sa isa ka adlaw
alam kong galit ka sa akin,i know you hate me,nahibal an nako nga gidumtan mo ako
nakita mo ba sila,did you see them,nakaplagan mo ba sila
walang tao noong siya ay pumasok sa kusina,no one was there when he entered the kitchen,wala y tawo sa pagsulod niya sa kusina
huwag kang maglaro ng apoy,don t play with fire,ayaw pagdula sa kalayo
sumisikat ang araw nang mas maaga kapag tag araw,the sun rises earlier in summer,sayo sa pagsubang sa adlaw sa ting init
ang isdang ito ay may maraming maliliit na buto sa katawan,this fish has many small bones in its body,kini nga isda adunay daghang gagmay nga mga bukog sa lawas
kinausap ni ang mga kapitbahay ni at sa kanila y nagtanong kung alam nila kung saan siya pumunta,talked to s neighbors and asked them if they knew where she had gone,giistorya ni ang mga silingan ni ug sa ilaha nangutana kung kabalo ba sila kung asa sila muadto
hindi ako pwedeng sumigaw kay marika,i can t yell at marika,dili ko makasinggit kay marika
siya ay isang bisita na mula sa ibang bansa,he is a visitor from another country,usa siya ka bisita gikan sa laing nasud
nabibilang si kina at,belongs to and,si iya ni ug
ang gusaling ito ay malapit nang matapos,this building is nearing completion,hapit na mahuman ang kini nga bilding
siya ay kumain ng keyk at uminom ng tsaa,he ate cake and drank tea,nikaon siya og cake ug miinom og tsa
parang isang selda ang paaralan,the school is like a cell,ang tulunghaan sama sa usa ka selda
lumipad ang lobo sa langit,the balloon flew into the sky,ang lobo milupad sa langit
sila ay malinis,they are clean,limpyo sila
ang agham ay hindi relihiyon,science is not religion,ang syensya dili relihiyon
sana nakinig ako sa kung anong sinabi ng aking nanay,i wish i had listened to what my mother said,unta namati ako sa gisulti sa akong inahan
ang tatay at kapatid ko ay parehong mahilig sa pagsusugal,my father and brother are both fond of gambling,ang akong amahan ug igsoon parehas nga mahiligon sa sugal
hindi natin pwedeng palayain ang mga bilanggo sa araw na ito,we cannot release the prisoners today,dili nato angay buhian ang mga piniriso karong taknaa
sana nasa paris ako,i wish i was in paris,unta naa ko sa paris
dumating ang gabi,night came,niabot ang gabii
dumadagdag ka ba ng mga bagong pangungusap sa tatoeba,are you adding new sentences to tatoeba,nagdugang ba ka bag ong mga tudling pulong sa tatoeba
ang tren ay puno ng tao,the train is full of people,ang tren puno sa mga tawo
dalawang pamilya ang naninirahan sa bahay,two families live in the house,duha ka pamilya ang nagpuyo sa balay
ako ay kumanan,i m on the right,ni liko ko sa tuo
halika rito,come here,dali ngari
ang mga paaralan sa pransiya ay walang pasok ngayong miyerkules,french schools are closed this wednesday,ang mga eskuylahan sa pransya sirado karong miyerkules
nasaan ang relo ko,where is my watch,asa ang akong relo
mahal ang buhay sa malalaking bahay,life is expensive in big houses,mahal ang kinabuhi sa mga dagku nga balay
kami ay may dalawang anak na babae,we have two daughters,adunay kami duha ka anak nga babaye
hindi maayos ang pagkakaputol ng aking buhok,my hair is not cut properly,wala ma putol ug maayo ang akong buhok
iyon ba ay isang panaginip,was that a dream,kato ba usa ka damgo
ako ay may isang tasang plastik,i have a plastic cup,naa koy usa ka plastik nga tasa
lahat ay itim at puti sa aking kwarto,everything is black and white in my room,itom ug puti ang tanan sa akong kwarto
anong pangalan nitong prutas,what is the name of this fruit,unsa ang ngalan sa ani nga prutas
ang titik ng pambansang awit ng canada ay unang isinulat sa wikang pranses,the lyrics to canada s national anthem were first written in french,ang mga liriko sa nasudnon nga awit sa canada una nga gisulat sa pranses
hindi na uso ang pula,red is out of fashion,dili na uso ang pula
pinangako ni na siya ay uuwi nang maaga ngayong gabi,promised that he would be home early tonight,misaad si nga mopauli siya sayo karong gabii
isang lindol ay sumira sa gusali,an earthquake destroyed the building,usa ka linog ang ni guba sa bilding
siya ay magaling sa fisika,he is good at physics,maayo siya sa pisika
sa ikalimang araw ang bibe ay buhay pa rin,on the fifth day the chick was still alive,sa ikalimang adlaw buhi pa ang pato
may isang aklat tungkol sa mga sayaw sa ibabaw ng mesa,there is a book about dances on the table,adunay usa ka libro bahin sa mga sayaw sa lamesa
nagkakamali ka kung iniisip mong siya ay mali,you are wrong if you think he is wrong,nasayup ka kung imong gihunahuna nga siya sayup
nakikita ko ang luha sa iyong mga mata,i see tears in your eyes,nakita nako ang luha sa imong mga mata
ginusto kong magbalik sa iyong baryo,i would like to return to your village,gi gusto nako nga mobalik sa inyong baryo
sa tingin ko mali ka,i think you are wrong,sa akong hunahuna sayop ka
nasa panganib ang buhay niya,his life is in danger,nameligro ang iyang kinabuhi
siya ay ikinasal sa gulang na labimpito,he was married at the age of seventeen,naminyo siya sa edad nga napulog pito
ang lawa ng poyang ay ang pinakamalaking lawa na may tubig na hindi maalat sa tsina,poyang lake is the largest freshwater lake in china,ang lanaw sa poyang mao ang pinakadako nga lanaw sa tubig alat sa tsina
nakikita ko ang krus na gawa sa ginto,i see the cross made of gold,nakit an nako ang krus nga hinimo sa bulawan
ang paaralan ay itinatag noong taong,the school was founded in the year,ang eskuylahan gitukod sa tuig
sinipon si kate,kate was caught,gi subawan si kate
ang sydney ay malayo mula rito,sydney is far from here,layo ang sydney gikan ngari
ang pusa ay hindi tao,a cat is not a person,ang iring dili tawo
ikaw ay hindi hapon,you are not japanese,dili ka hapon
ang kanyang lolo ay namatay sa kanser isang taon ang nakaraan,his grandfather had died of cancer a year earlier,ang iyang apohan namatay sa kanser kaniadtong miaging tuig
mali,wrong,mali
nilagdaan ang kasunduan,the agreement was signed,gipirmahan ang kasabutan
alam mo na gusto ko malaman iyon,you know i want to know that,kahibalo ka na gusto nako mahibal an kana
kahit ang isang manok na bulag ay nakakahanap ng butil,even a blind chicken can find a grain,bisan ang usa ka buta nga manok nakakaplag ug lugas
may nawalan ng isang pitaka,someone lost a wallet,adunay na wad an ug pitaka
may dalawang dolyar lamang tayo,we only have two dollars,ania laman tay duha ka dolyar
bigyan mo ako ng isang dolyar para sa libro,give me a dollar for the book,hatagi ako usa ka dolyar alang sa libro
ang pangulong jackson ay umalis pagkatapos ng ilang minuto,president jackson left after a few minutes,si presidente jackson mibiya pagkahuman sa pipila ka minuto
kung babatayin sa pisikal na anyo ang dalawang lalaki ay magkaibang magkaiba,based on physical appearance the two men are very different,pinauyon sa pisikal nga panagway ang duha ka lalaki kay layo ra kaayo
ang mga papeles ay inihalo sa isang malaking kahon,the papers were mixed up in a big box,ang mga papel gisagol sa usa ka dako nga karton
pagod ang kanyang mga paa pagkatapos ng isang mahabang araw ng pagtatrabaho,his feet were tired after a long day of work,gikapoy ang iyang mga tiil pagkahuman sa usa ka adlaw nga pagtrabaho
ang artista ay palaging nagsusuot ng mamahaling mga alahas,the actress always wears expensive jewelry,kanunay nagsul ob ang aktres og mahal nga mga alahas
iniilawan ng araw ang lupa,the sun lights up the earth,ang adlaw nagdan ag sa yuta
ako ay bakla,i am gay,bayot ko
may kapitbahay ako na isang bakla,i have a neighbor who is gay,naa koy silingan nga bayot
bakla ka ba,are you gay,bayot ka
ako ay isang pulis,i am a policeman,usa ako ka pulis
siya ay nagdesisyong sumubok muli,he decided to try again,nakahukom siya nga mosulay usab
siya ay nagluluto ng hapunan sa mga oras na iyon,he was cooking dinner at that time,nagluto siya panihapon atong taknaa
siya ay dumalo sa pagpupulong,he attended the meeting,mitambong siya sa miting
alam ko na ikaw ay mayaman,i know you are rich,kabalo ko dato ka
sa loob ng sampung taon ang ating bayan ay magbabago nang husto,in ten years our country will change a lot,sa napulo ka tuig mahinungdanon nga magbag o ang atong lungsod
sila ay nag aalaga ng mga bulaklak sa hardin,they take care of flowers in the garden,giatiman nila ang mga bulak sa tanaman
kanino iyan,whose is that,kang kinsa kana
kailangan nating sundin ang mga panuntunan,we have to follow the rules,kinahanglan nato nga sundon ang mga balaod
palagi siyang nagrereklamo tungkol sa aking maliit na sweldo,he always complains about my small salary,kanunay siyang nagreklamo bahin sa akong gamay nga suweldo
ang mga nakatira ay muling bumalik sa lungsod,the occupants again returned to the city,ang mga lumulupyo kay namalik sa siyudad
sinong nagbabantay sa asong ito,who watches over this dog,kinsa ang nagbantay sa kini nga iro
maaari ba kitang istorbohin na isara ang mga bintana,can i bother you to close the windows,mahimo ba nako nga mahasol ka sa pagsira sa mga bintana
ang sulat ba ay dumating na,has the letter arrived yet,naabut na ang sulat
siya ay tumayo sa likuran ko,he stood behind me,nagtindog siya sa akong likud
kahit kailan ay hindi ako malaya sa mga alinlangan tungkol sa aking anak,i was never free from doubts about my son,wala gyud ako makalaya gikan sa mga pagduhaduha bahin sa akong anak
ito ay isang katotohanan,this is a fact,kini mao ang kamatuoran
sa palengke kung saan ako bumili ng mga gulay pwede ka ring bumili ng mga bulaklak,in the market where i bought vegetables you can also buy flowers,sa merkado diin nagpalit ako mga utanon mahimo ka usab makapalit mga bulak
si ay kumindat kay,winked at,gi kidhatan ni si
ako ay kumikindat sa kanya pero hindi siya nakatingin,i was winking at him but he wasn t looking,gikidhat ko siya apan wala siya nagtan aw
ako ay isang pilipino,i am a filipino,pilipino ako
siya ay namatay sa kanyang kama,he died in his bed,namatay siya sa iyang katre
ang kabisera ng hungary ay budapest,the capital of hungary is budapest,ang kapital sa hungary mao ang budapest
narito pa ba siya noong ikaw ay dumating,was he still here when you arrived,naa pa ba siya dinhi pag abot nimo
sinabi ng doktor sa akin na iwanan ko ang paninigarilyo,the doctor told me to quit smoking,giingnan ako sa doktor nga mo undang na sa pagpanigarilyo
ito ang aking tanong,this is my question,kini ang akong pangutana
ako ang pinakamagaling,i am the best,ako ang pinakamaayo
huwag na huwag mo itong kalimutan pakiusap,never forget it please,ayaw kini kalimti palihog
mukhang alam ng kanyang sekretarya ang lihim,his secretary seems to know the secret,nahibal an sa iyang sekretarya ang sekreto
isang krimen ang pagdura sa sahig sa singapore,it is a crime to spit on the floor in singapore,usa ka kalapasan sa balaod ang pag luwa sa salog sa singapore
ngayon na nasa edad ka na may karapatan ka na sa pagboto,now that you are of age you have the right to vote,karon nga ikaw anaa na sa hustong edad aduna kanay katungod sa pagboto
siya ay pangalawang ina ko,she is my second mother,ikaduha nako siya nga inahan
wala akong kahit isang butas sa ngipin,i don t even have a single tooth cavity,wala koy bisan usa ka lungag sa ngipon
sino ang nagmamay ari sa bahay na ito,who owns this house,kinsa ang tag iya niini nga balay
ikaw ay kasimputla ng isang multo,you are as pale as a ghost,sama sa abat ang imong ka luspad
ito ang mga taong nakakita sa pagsabog,these are the people who saw the explosion,kini ang mga tawo nga nakakita sa pagbuto
may gagawin ka ba bukas nang hapon,do you have anything to do tomorrow afternoon,aduna ka bay buhaton ugma sa hapon
sobrang bata mo para umibig,you are too young to fall in love,bata pa kaayo ka aron mahigugma
dali dali silang lumabas,they hurried out,nagdali dali silang nanggawas
siya ay nasaktan nang nahulog siya,he was hurt when he fell,nasakitan siya sa iyang pagka tagak
punan ang porm gamit ang isang bolpen,fill out the form with a pen,sulati ang porm gamit ang usa ka ballpen
pinakita niya sa akin ang kanyang album,he showed me his album,gipakita niya sa ako ang iyang album
magagawa ko iyan nang mag isa,i can do that on my own,ma himo ko ra ni ug inusara
busog na ako at hindi na makakain,i m full and can t eat any more,nabusog nako ug dili na nako kaya mukaon pa
mag isa si sa biyernes nang gabi,will be alone on friday night,nag inusara si kaniadtong biyernes sa gabii
hindi siya kasingganda ng kanyang nanay,she is not as beautiful as her mother,dili siya ingon ka gwapa sa iyang inahan
ang langit ay puno ng maiitim na ulap,the sky is full of dark clouds,ang langit napuno sa ngitngit nga mga panganod
hindi pa ako nakapagdesisyon,i haven t decided yet,wala pa ako nakadesisyon
hindi sinabi ni kung ilang pera ang kanyang ginastos,did not say how much money he spent,wala gi saysay ni kung pila gyud iyang nabayran
naiinis ako sa mga pulitikong ganyan,i hate politicians like that,mairita ko sa mga pulitiko nga ingon niana
naglagay ako ng nilagang itlog at kaunting patis sa aking sopas,i put a poached egg and some fish sauce in my soup,gibutang nako ug nilung ag nga itlog ug gamay nga sarsa sa isda sa akong sabaw
may nakita kaming isang pagong sa hardin,we saw a turtle in the garden,nakakita mi ug usa ka bao sa tanaman
gusto kong iuwi ang pagong iyon,i want to bring that turtle home,gusto nakong dad on na nga pawikan
wala akong napansin na kahit ano,i didn t notice anything,wala koy napansin nga maskin unsa
sa bansang hapon ang klase ay nagsisimula sa abril,in japan classes start in april,sa japan ang klase magsugod sa abril
pwede mo bang ulitin ang sinabi mo,can you repeat what you said,mahimo ba nimo usab balikon ang imong giingon
winasak ng lindol ang lumang bahay,the earthquake destroyed the old house,gi guba sa linog ang karaang balay
may kabuluhan ba ang tulang ito para sa iyo,does this poem mean something to you,mahinungdanon ba kini na balak sa imo
sabay natutulog ang aso at ang pusa sa isang buslo,the dog and the cat sleep together in a bed,ang iro ug iring dungan nga natulog sa usa ka bukag
bukas ba ang silid aklatan ng unibersidad sa mga oras na ito,is the university library open during these hours,abli ba ang librarya sa unibersidad sa niining mga orasa
may gusto ka kay no,you like don t you,na ibog ka kay dili ba
may magagandang arkitektura ang mga dayuhang bansa,foreign countries have beautiful architecture,ang mga langyaw nga nasud adunay matahum nga arkitektura
magnanakaw ako,i will steal,kawatan ko
aalis ako kapag nakuha ko ang gamit,i ll leave when i get the stuff,mobiya ko sa pagkuha nako sa gamit
isumbong mo ako at sasaksakin kita,report me and i will stab you,isumbong mo ako ug dunggabon ko ikaw
hawakan mo nang mahigpit ang raketa,hold the racket tightly,hugti ug kupot ang raket
ang manggagamot na kanyang pinuntahan ay tanyag,the physician he went to was famous,bantog ang doktor nga iyang giadto
hindi ako pumunta sa paaralan kahapon,i did not go to school yesterday,wala ko nag eskuyla gahapon
alam mo saan ko mahahanap iyon,do you know where i can find that,kahibalo ba ka asa ko ni mapangita
huwag gumawa ng ingay sa loob ng silid aklatan,do not make noise inside the library,ayaw pagsaba sa sulod sa librarya
dadating ka na di kakilala aalis ka na isang kaibigan,you will come as a stranger you will leave as a friend,moabut ka ingon usa ka estranghero mobiya ka usa ka higala
anong ginagawa ng ganyang klaseng larawan sa loob ng kuwarto ni,what is a picture like that doing in s room,unsa ang gibuhat sa kana nga klase nga litrato sa kwarto ni
sa teatro si kathy at ang kanyang ina ay nagpalitan ng upuan,at the theater kathy and her mother switched seats,sa sinehan si kathy ug ang iyang inahan nag baylo ug mga lingkuranan
kinumpirmahan niyang iyon ay mga labi ng titanic,he confirmed that it was the remains of the titanic,gikumpirma niya nga kana ang nahabilin sa titanic
siya ay umuupo at nagbabasa ng isang libro,he is sitting and reading a book,naglingkod siya ug nagbasa ug usa ka libro
mananatili ako sa bahay sa araw na ito,i will stay at home today,magpabilin ako sa balay karon
malapit nang mag alas ng hapon,it s almost pm,hapit na mag alas sa hapon
manirahan kasama ang isang leyon ay mapanganib,living with a lion is dangerous,peligro ang mamuyo kauban ang liyon
tumatanggap ba kayo ng visa,do you accept visa,naga dawat ba mo ug visa
gusto ng mga batang makarinig ng isang nakakatakot na kwento,children love to hear a scary story,gusto sa mga bata nga makadungog ug usa ka makahadlokon nga istorya
iniwan niya akong naghihintay,he left me waiting,gibiyaan ko niya nga naghulat
anong ginawa mo sa kotse,what did you do with the car,unsa imong gibuhat sa awto
dumating siya sa bansang hapon noong siya y bata,he came to japan when he was a child,miabut siya sa japan kaniadtong bata pa siya
pwede na ba akong umuwi sa bahay,can i go home now,mahimo ba ako mopauli karon
pinangalanan nilang at jerry ang kanilang mga pusa,they named their cats and jerry,ginganlan nila ang ilang mga iring nga ug jerry
dalawang babae ay umaawit,two women are singing,duha ka mga babaye ang nag awit
iyan ay labag sa batas,that is against the law,supak kana sa balaod
may panahon ka pang makapag isip tungkol doon,you still have time to think about that,aduna ka pay panahon sa paghunahuna bahin niana
ang kulay ng kompyuter ay pula,the color of the computer is red,pula ang kolor sa kompyuter
ang kagandahan niya ay umagaw sa kanyang atensyon,her beauty grabbed his attention,nakakuha sa iyang atensyon ang iyang kaanyag
ang sugat ay nag iwan ng peklat sa aking braso,the wound left a scar on my arm,nag bilin ug peklat ang iyang samad sa bukton
ang binibining ito ay nagmula sa rusya,this lady is from russia,kini nga batan ong babaye kay gikan sa russia
nasusunog ang bahay,the house is on fire,nasunog ang balay
nakalimutan ko ang kanyang pangalan,i forgot his name,nakalimtan nako ang iyang ngalan
binuksan niya nang mabuti ang kanyang bibig,he opened his mouth wide,gibuka niya ang iyang baba
nawala ng maliit na batang lalaki ang pera na bigay ng kanyang tatay,the little boy lost the money his father had given him,nawala sa gamay nga bata ang salapi nga gihatag sa iyang amahan kaniya
hindi na iyan kakailanganin,that will not be necessary,dili na kana kinahanglan
hindi alam ni ang kaibhan sa pagitan ng semana santa at pasko,doesn t know the difference between holy week and christmas,wala hibal i ni ang kalainan sa semana santa ug pasko
pinarkehan niya ang kanyang kotse sa isang bakanteng lote,he parked his car in an empty lot,giparking niya ang iyang awto sa usa ka bakante nga lote
ito y huling huli na para sa kanila,it was too late for them,ulahi na kaayo kini alang kanila
para sa akin imposibleng sagutin ang tanong ito,for me it is impossible to answer this question,alang kanako imposible nga matubag kini nga pangutana
pumili ka ng isang armas,you choose a weapon,pamili ka ug usa ka armas
magandang gabi,good evening,maayong gabii
may isang aklat ako doon sa kanya ngunit hindi pa niya iyon sinauli sa akin,i have a book there with him but he has not returned it to me,aduna akoy usa ka libro kaniya apan wala na niya kini giuli sa ako
nakikita ko ang isang babaeng naka itim,i see a woman in black,nakita ko ang usa ka babaye nga naka itum
nagbato siya ng isang bato sa lawa,he threw a stone into the lake,gilabay niya ang usa ka bato sa lanaw
sinusubukan nilang kontakin siya,they are trying to contact him,gipaningkamutan nila nga makontak siya
sobrang haba ng aking palda,my skirt is too long,taas kaayo ang akong sayal
parang maputla si may problema ba sa kanya,looked pale is there a problem with him,luspad ang hitsura ni aduna bay problema kaniya
tulad ko maraming kaibigan si lucy,like me lucy has many friends,sama nako daghang mga higala si lucy
kailangan nating bilhin sila mula sa ibang bansa,we have to buy them from other countries,kinahanglan nato sila paliton gikan sa gawas sa nasud
tumakbo kami sa parke,we ran to the park,nidagan mi sa park
kayo ay nasa europa,you are in europe,naa ka sa europe
inutusan ako ng manggagamot na manatili sa kama,the physician ordered me to stay in bed,gimandoan ako sa doktor nga maghigda ra
nasaan ang pinakamalapit na bangko,where is the nearest bank,asa ang pinakaduol nga bangko
hinding hindi na ako magkaka anak na babae,i will never have a daughter,dili na ako makabaton ug mga anak nga babaye
sinulat niya ang aklat na ito noong siya ay dalawmpung taong gulang,he wrote this book when he was twenty years old,gisulat niya kini nga libro sa edad nga baynte anyos
pinapangako ko sa diyos na hindi ko pinatay si,i promise god i didn t kill,misaad ako sa diyos nga wala ko patya si
napakadilim ng salang ito,this living room is very dark,ngitngit kaayo kini nga sala
gusto nila ang wikang ingles,they like the english language,gusto nila ang ingles nga sinultian
gusto mong sabihin ko sa iyo anong hinihintay ko,do you want me to tell you what i m waiting for,gusto ba nimo nga isulti ko kanimo kung unsa ang akong ginahulat
wala akong sasabihin sa taong iyan,i won t say anything to that person,wala akoy isulti sa kanang tawhana
kumain ako kasabay ng aking batang kapatid,i ate with my little brother,nangaon ko kauban akong manghud
ang mga ulat panahon ay mahirap na palaging magkatotoo,weather reports are difficult to always come true,ang mga ulat sa panahon lisud nga kanunay matuman
kailangan ni na dumating sa tanghali,needs to come at noon,kinahanglan nga moabut si sa udto
kahit na ang aksidente ay anim na buwan nang nakalilipas sumasakit pa rin ang leeg ko,even though the accident was six months ago my neck still hurts,bisan kung ang aksidente nahitabo unom ka bulan ang milabay sakit gihapon ang akong liog
anong binebenta mo,what do you sell,unsa man ang imong gibaligya
ang mga baka ay nagbibigay sa atin ng gatas at ang mga manok naman ay itlog,cows give us milk and chickens give us eggs,ang mga baka naghatag kanamo gatas ug ang mga manok nangitlog
hindi ako sigurado kung ano iyon ngunit parang putok ng baril,i m not sure what it was but it sounded like a gunshot,dili ko sigurado kung unsa kana apan ingon kini ug usa ka buto sa pusil
mas maraming keso mas maraming butas,more cheese more holes,daghang keso daghang buslot
mas maraming butas mas kaunting keso,more holes less cheese,mas daghang buslot mas gamay ra ang keso
kaya mas maraming keso mas kaunting keso,so more cheese less cheese,mao nga daghang keso mas gamay ra ang keso
kailangan mong maging mas maingat sa susunod,you need to be more careful next time,kinahanglan nga mag amping ka sa sunod
hindi ko alam paano baybayin ang salita,i don t know how to spell the word,wala ko kahibalo unsaon pagsulat ang pulong
hindi mabubuhay ang mga makata nang walang pag ibig,poets cannot live without love,ang mga magbabalak dili mabuhi kung wala ang gugma
ikaw ba ang nag iwan ng pinto na nakabukas kagabi,did you leave the door open last night,gibiyaan ba nimo nga abli nag pultahan gabii
walang tubig walang buhay,no water no life,wala y tubig wala y kinabuhi
dahil sa matinding init ng araw nasunog ang balat ng kanyang likod,due to the intense heat of the sun the skin on his back was burnt,tungod sa grabe nga kainit sa adlaw nasunog ang panit sa iyang likud
pakakasalan mo ba ako,will you marry me,pakaslan ba ko nimo
ilang taon ka noong unang nagkaroon ka ng isang nobya,how old were you when you first had a girlfriend,pilay edad nimo atong una ka naka uyab
tumakbo siyang dala dala ang mga itlog,he ran with the eggs,nagdagan siya dala ang mga itlog
sa bakuran ay may isang tandang at tatlong inahin,in the yard there is a rooster and three hens,sa tugkaran adunay usa ka manok ug tulo ka mga
nahulog ang pinggan ng kapatid kong babae sa sahig,my sister s plate fell on the floor,nahulog sa salog ang plato sa akong igsoon
gusto ni na ang kape niya ay itim,likes his coffee black,gusto ni nga itom ang iyang kape
malapit na akong matapos,i m almost done,hapit na ko mahuman
maninirahan ako sa aking tiya sa kyoto,i will live with my aunt in kyoto,mopuyo ko sa akong iyaan sa kyoto
may tatlong tao sa larawan,there are three people in the picture,adunay tulo ka mga tawo sa litrato
patawad hindi ko inabutan ang tren,sorry i missed the train,pasensya wala naki na abtan ang tren
kailangang manahimik ang mga mag aaral habang nagkaklase,students must be quiet during class,ang mga estudyante kinahanglan maghilum sa panahon sa klase
paghambingin ang estilo ng tatlong titik na iyon,compare the style of those three letters,itandi ang estilo sa tulo ka letra
alam ko kung saan tayo,i know where we are,nahibal an na nako kung diin kami
sa hardin ko ay may maraming gulay letsugas sibuyas bawang atbp,in my garden there are many vegetables lettuce onion garlic etc,sa akong tanaman daghang mga utanon letsugas sibuyas ahos ug uban pa
ako ay naghahapunan pagkatapos ng trabaho,i m having dinner after work,nanihapon ko pagkahuman sa trabaho
wala akong kahit kaunting duda,i don t have the slightest doubt,wala akoy bisan gamay nga pagduha duha
pinatay ko ang diyos,i killed god,gipatay ko na ang ginoo
isang inahin ay nangitlog sa loob ng aking aparador,a hen laid eggs inside my closet,usa ka manok ang nangitlog sa akong aparador
bumabasa ako para matuto,i read to learn,naga basa ko aron mas maka kat on
kinain si ng isang buwaya,was eaten by a crocodile,gikaon si ug usa ka buaya
may sinabi siya sa kanya,he said something to her,naa siyay gi sulti sa iya
sa tingin ko oras na para ako y magsalita,i think it s time for me to speak,sa akong hunahuna panahon na nga mu lungtad ako
makakabahagi ka ba ng pagkain sa iba sa panahon ng kagutuman,can you share food with others in times of hunger,mahimo ba nimo ipaambit ang pagkaon sa uban sa mga panahon sa gutom
siya ay isang tsuper ng bus,he is a bus driver,usa siya ka drayber sa bus
wala akong pakialam kung ika y aalis o mananatili,i don t care if you leave or stay,wala koy labot kung mobiya ka o magpabilin
may ginagawa sila,they are doing something,aduna silay gibuhat
hinalikan ko siya sa bibig,i kissed her on the mouth,gihagkan ko siya sa labi
kailangan niyang tumakbo ng napakabilis,he has to run very fast,kinahanglan ba siya modagan og ingon paspas
kakailanganin niyang pumunta riyan,he will have to go there,kinahanglan siya moadto didto
alam kong ikaw ay magugutom,i know you will be hungry,kabalo ko nga gutumon ka
ilang aklat sa tingin mo ang nabasa mo na hanggang ngayon,how many books do you think you have read so far,pila ka libro ang nabasa na nimo hangtod karon
pagod na ako sa kakalakad,i m tired from walking,gikapoy nakog lakaw
kailangan ko ng mga kaibigan,i need friends,kinahanglan nako ug mga higala
kahit gaanong magaling ka palaging may taong higit na magaling kaysa sa iyo,no matter how good you are there will always be someone better than you,bisan kung unsa ka ka maayo kanunay adunay usa nga labi ka maayo kanimo
ito ay isang lumang aklat,this is an old book,kini usa ka daan nga libro
hindi ako sasagot kapag itatanong niya sa akin ang tanong na iyon,i won t answer when he asks me that question,dili ko tubagon kung gipangutana niya ako sa kana nga pangutana
talagang hindi gumagana iyan,that really doesn t work,dili gyud kana magsilbi
may dalawang aso tatlong pusa at anim na inahin kami,we have two dogs three cats and six hens,adunay kami duha ka mga iro tulo nga mga iring ug unom ka manok
hindi sila bagay sa isa t isa,they are not suitable for each other,dili sila hinungdan sa matag usa
umulan nang tatlong beses sa biyahe,it rained three times during the trip,ika tulo nga ni ulan sa biyahe
hindi naiintindihan ni kung bakit nagalit sa kanya si,does not understand why is angry with him,wala masabut ni kung nganong nasuko kaniya si
paano mo nalalaman,how do you know,giunsa nimo pag kabalo
anong mga gulay ang gusto mo,what vegetables do you like,unsang mga gulay ang gusto nimo
hindi ako madamot,i can t get hurt,dili ko kuripot
ang mga leksiyon niya ay talagang nakakayamot,his lessons are really boring,maka puol ni iyang mga leksyon
ako ay bumibilang hanggang sampu,i count to ten,ako nagaihap hangtod napulo
hindi na mauulit,it won t happen again,dili na mausab
nagamit na ni ang lahat ng mga bala niya,has used all his bullets,gigamit ni ang tanan niyang bala
walang nakakagalaw sa malaking kahon,no one moves the big box,walay manghilabot sa dakong karton
talagang nakakainis ngayon ay sumasakit palagi ang ulo ko kung gumagamit ng kompyuter,it s really annoying now i get a constant headache when using the computer,makalagot gyud karon kanunay sakit ang akong ulo tungod sa sige nako ug gamit sa computer
matagal na kitang hindi nakita,i haven t seen you in a long time,dugay na kita wala na himamat
ang dami mong pera at ako wala ni isa,you have a lot of money and i don t have any,ka daghan nimo ug kwarta ug ako wala maski isa
hindi dumidikit ang pandikit na ito sa plastik,this glue does not stick to plastic,dili mani mu dikit na papilit kani na papilit dili mu dikit sa plastik
sino ang batang babaeng iyon na kumakaway sa iyo,who is that little girl waving at you,kinsa kadtong bata nga babaye nga nanagad ug ni kaway kanimo
ang makita siya ay ibigin siya,to see him is to love him,ang mahimamat siya kay mahigugma siya
narinig ko na siya ay bumili ng bagong kompyuter,i heard that he bought a new computer,nakadungog ko nga nagpalit siya bag ong kompyuter
ang layo ng tindahang iyon,that shop is far away,ka layo sad ana nga tindahan
ipinanganak siya noong sa ika ng agosto sa california,he was born in on the th of august in california,natawo siya kaniadtong kaniadtong agosto sa california
ang mga elepante ang pangunahing atraksyon ng sirko,elephants are the main attraction of the circus,ang mga elepante mao ang nanguna sa pagdani sa sirko
ang kanyang kapatid na babae at ang asawa ng kapatid na babae niya ay naninirahan sa canada,her sister and her sister s husband live in canada,ang iyang igsoon nga babaye ug ang bana sa iyang igsoong babaye nagpuyo sa canada
inilagay niya ang kanyang kamay sa aking balikat,he put his hand on my shoulder,gibutang niya ang iyang kamot sa akong abaga
anong magandang oras para sa iyo,what is a good time for you,unsang maayong oras para kanimo
kapag mas mataas ang puno mas mahirap itong akyatin,the taller the tree the more difficult it is to climb,kung labi ka taas ang kahoy mas labi ka lisud katkaton
ang tumal ng negosyo sa mag araw na ito,business is slow these days,ka hinay sa negosyo karong adlawa
huwag mong kalimutang isama ako sa mabibilang,don t forget to include me in the count,ayaw kalimti nga iapil ako sa ihap
ang pelikulang iyan ay para sa mga bata,that movie is for kids,kana nga salida alang sa mga bata
sinong nagtuturo sa iyo ng wikang aleman,who teaches you german,kinsa ang nagtudlo kanimo sa istoryang aleman
buntis ba ako,am i pregnant,mabdos ba ko
tulog ang mga tao kapag sila y nabubuhay sila y gumigising kapag sila y namamatay,people sleep when they live they wake up when they die,ang mga tawo nangatulog sa diha nga sila nagpuyo sila nahigmata sa diha nga sila namatay
dalhin mo ako ng suka at mantika pakisuyo,bring me vinegar and oil please,dad i ako suka ug mantika palihog
ang mga inca ay mga taong relihiyoso,the incas were a religious people,ang mga inca mga relihiyoso nga tawo
may kulangot ka sa buhok mo,you have frizz in your hair,naa kay kugmo sa imong buhok
ito ang pinakamainit na tag araw na nagkaroon tayo sa loob ng limampung taon,this is the hottest summer we ve had in fifty years,mao kini ang pinakainit nga ting init nga natagamtaman nato sulod sa singkwenta ka tuig
ang aklat na ito ay hindi kasing interesante kaysa sa aklat na iyon,this book is not as interesting as that book,kini nga libro dili ingon ka nindot kaysa atong libroha
si ay nagsusuot ng isang bagong pares ng sapatos,is wearing a new pair of shoes,si nagsul ob sa usa ka bag ong pares nga sapatos
kotse ko ito,this is my car,awto nako kini
bibisitahin tayo bukas ng isang kaibigan mula sa oregon si g brown,a friend from oregon mr brown will visit us tomorrow,bisitahon kami ugma sa usa ka higala gikan sa oregon si g brown
gisingin mo ako,wake me up,pukawa ko
hindi lang damit ang ibinigay niya sa amin kundi pati kaunting pera,he gave us not only clothes but also some money,gihatagan niya kami dili lamang mga sinina apan adunay usab gamayng salapi
oo pumunta ako roon o beses,yes i went there or times,oo niadto ako didto o ka beses
saan ang pinakamalapit na museo,where is the nearest museum,asa ang pinakaduol nga museyo
hindi pa rin natapos ang digmaan,the war is still not over,wala pa gihapon na human ang giyera
pagkadating niya sa bahay naglaro siya ng isang laro sa kompyuter,when he got home he played a computer game,pag abut niya sa balay nagdula siya sa usa ka dula sa kompyuter
pumunta siya sa amerika,he went to america,pumunta siya sa amerika
narinig ko na pumasa siya sa eksamen,i heard that he passed the exam,nakadungog ko nga naka sugakod siya sa exam
martes ang araw ng kalayaan,tuesday is independence day,martes mao ang adlaw sa kagawasan
nakatanggap ako ng masamang balita mula sa bahay ngayong araw,i received bad news from home today,nakadawat ako dili maayong balita gikan sa balay karon
suot niya ang sapatos ngunit hindi niya suot ang medyas,he is wearing the shoes but he is not wearing the socks,nagsul ob siya og sapatos apan wala siya nagsul ob og medyas
bawal magdikit ng papel sa pader,don t stick paper on the wall,gidili ang pagdikit papel sa dingding
magkakaroon siya ng sanggol sa darating na buwan,she will have a baby next month,manganakay siya sa umaabot nga mga bulan
tapos ko nang gawin ang lahat ng aking takdang aralin at nais kong magpahinga nang saglit,i have finished doing all my homework and i want to rest for a while,nahuman nako ang tanan nga buluhaton sa balay ug gusto nako nga mopahulay kadiyot
palagi siyang natatagalan sa pagpili ng kanyang damit,she always took a long time choosing her clothes,kanunay siya maulahi sa pagpili sa iyang sinina
sumulat si fred ng isang mahabang sulat sa kanyang nanay,fred wrote a long letter to his mother,si fred nagsulat usa ka taas nga sulat alang sa iyang inahan
ako sa inyo mananahimik ako,as for you i will be silent,kung ako ninyo mag hilom ko
pupunta kami sa libingan ngayon na,we are going to the grave now,mu adto mi sa lubnganan karon dayon
nakilala siya ng marami sa loob ng teatro,he was recognized by many inside the theater,daghan naka ila niya sa sulod sa teatro
nagdala sila sa akin ng ilang libro,they brought me some books,gi dad an ko nila ug pila ka libro
mas nagalit ako dahil tinawanan niya ako,i was even more angry because he laughed at me,mas nasuko ko kay gikataw an ko niya
sino ang taong ito,who is this person,kinsa ning tawhana
nais kong malaman bakit ganoon ang sinabi niya,i want to know why he said that,gusto nako mahibal an kung ngano ingon ato iyang gi ingon
naligo kami sa putik,we bathed in mud,naligo kami sa lapok
kalbo si,is bald,opaw si
ilarawan mo sa akin si,describe to me,ihulagway kanako
pahintayin siya nang sandali,make him wait a moment,pahulata siya kadiyot
ang mga manggagamot ay nagliligtas ng mga buhay,physicians save lives,ang mga doktor nagaluwas ug kinabuhi
ang malungkot na istorya ay nagpaiyak sa amin,the sad story made us cry,ang masulub on na istorya ang nagpa hilak kanamo
gusto ko siya hindi dahil sa siya y mabait ngunit dahil siya y matapat,i like him not because he is nice but because he is honest,ganahan ko niya dili tungod kay buotan siya apan tungod kay siya matinuoron
iyon ay mangyayari,that will happen,maghitabo kana
sumulat siya ng isang liham,he wrote a letter,nagsulat siya usa ka sulat
walang nakakapaglutas sa problemang ito,nothing solves this problem,wala y makasulbad sa kini nga problema
hindi palaging nakukuha ni ang kanyang gusto,doesn t always get what he wants,dili kanunay makuha ni ang gusto niya
salamat sa pagtitiwala sa akin,thank you for trusting me,salamat sa pagsalig nako
sila ay isa sa amin,they are one of us,siya kay usa saato
hindi siya nakapag aral sa ibang bansa dahil sa kakulangan sa pera,he could not study abroad due to lack of money,wala siya nakatuon sa gawas sa nasud tungod sa kakulang sa kwarta
hindi mo alam kung gaano akong nag aalala,you don t know how worried i am,wala nimo hibal an kung unsa ako nabalaka
trabaho ng mga mag aaral ang linisin ang kanilang mga silid aralan,it is the students job to clean their classrooms,trabaho sa mga estudyante ang paglimpiyo sa ilang mga classroom
tumingin ako sa paligid,i looked around,ni tan aw ko sa palibot
ang kapatid kong babae ay naglalaro ng manika,my sister is playing with a doll,ang akong igsoon nga babaye nagdula ug mga manyeka
oo may magandang ideya ako,yes i have a great idea,oo adua akoy maayong ideya
nabulag siya,he went blind,nabuta siya
natagpuan nila ang bangkay ng isang sanggol na bagong kapanganak sa loob ng isang freezer,they found the body of a newborn baby inside a freezer,nakit an nila ang lawas sa usa ka bag ong natawo nga bata sa sulod sa usa ka freezer
anong masasabi ko,what can i say,unsa man ang akong masulti
hindi ko maaaring sabihin sa iyo kung anong dapat mong gawin,i can t tell you what to do,dili ko isulti kanimo kung unsa ang kinahanglan nimo buhaton
gusto kong sabihin ni sa akin anong ibig sabihin niya doon,i want to tell me what he means by that,gusto nako isulti ni nako kung unsa ang iyang gipasabut didto
walang dumating sa araw na ito,no one came today,wala y ning abut karong adlawa
siya ay may matitibay na buto at ngipin,he has strong bones and teeth,gahi ang iyang bukog ug ngipon
pinapangarap kong pumunta sa mexico,i dream of going to mexico,nagdamgo ko nga maka adto sa mexico
siya ay may tatlong kapatid na babae ang isa ay nars at ang iba ay mga guro,he has three sisters one is a nurse and the others are teachers,adunay siya tulo ka igsoong babaye ang usa nars ug ang usa magtutudlo
lumubog kahapon ang isang bapor malapit dito,a ship sank yesterday near here,usa ka barko ang nalunod duol diari gahapon
nakalimutan kong dalhin ang aking payong,i forgot to bring my umbrella,nakalimot ko sa pagdala sa akong payong
sa paris sila ay nagsasalita ng pranses,in paris they speak french,sa paris pranses ilang gina sulti
siya ay ang asawa niya sa ngayon,she is his wife now,asawa niya siya karon
sana mamatay ka,i hope you die,unta mamatay ka
dumating siya na bitbit ang isang malaking kumpol ng bulaklak,he came carrying a large bunch of flowers,miabut siya nga nagdala usa ka daghang hugpong sa mga bulak
sa una hindi ko alam anong gagawin,at first i didn t know what to do,sa una wala ko kabalo kung unsa ang buhaton
ang agang dumating ni hindi pa handa si,s early arrival is not ready yet,sayo nga miabut si si dili pa andam
alam ko ang buong kwento,i know the whole story,kahibalo ko sa tibuuk nga istorya
walang sakit na diyabetis si,does not have diabetes,si wala y sakit na diabetes
hindi pa tapos si,isn t done yet,wala pa nahuman si
hindi tumutulong si,is not helping,dili motabang si
hindi namangha si,was not surprised,hindi namangha si
wala si,is not there,wala na si
posible na nagsasabi siya ng kasinungalingan,it is possible that he is telling a lie,posible nga nagsulti siya bakak
bakit wala ka sa boston,why aren t you in boston,ngano nga wala ka sa boston
halos handa na ang hapunan,dinner is almost ready,hapit na andam ang panihapon
lahat ng klase ng tao ang naninirahan sa tokyo,all kinds of people live in tokyo,tanan nga lahi lahi na mga tawo nagpuyo sa tokyo
hindi ko na siya nakita muli,i never saw him again,wala na nako siya nakita pa ug usab
si ay masuwerte sa buong buhay niya,has been lucky all his life,swerte si sa tibuok niyang kinabuhi
namana niya ang bahay,he inherited the house,napanunod niya ang balay
mabuti pa y dalhin na kita sa bahay,i better take you home,maayo pa nga ihatud ko ikaw sa balay
kung nagsasabi siya ng mahal kita palagi hindi iyon totoo,if he says i love you all the time it s not true,kung kanunay niyang giingon nga gihigugma tika dili kana tinuud
sana nakinig ka sa akin,i hope you listened to me,unta gipamati mo ako
akala ko hindi mo ako magugustuhan,i thought you wouldn t like me,nagtuo ko nga dili ko nimo ma ganahan
nagpaalam ako sa mga bisita,i said goodbye to the guests,nananghid na ko sa mga bisita
bigyan mo ako ng isang tasa ng kape,give me a cup of coffee,hatagi ako usa ka tasa nga kape
nandito na ang daga,the mouse is here,ania na ang mga ilaga
tawagin mo ang pusa,call the cat,tawga ang iring
tumira ako sa sendai nang sampung taon bago dumating sa tokyo,i lived in sendai for ten years before coming to tokyo,nagpuyo ako sa sendai sa napulo ka tuig sa wala pa moadto sa tokyo
hindi kayang bumili ng bagong bisikleta ni,can t afford a new bike,dili mapalit ang bag ong bayk ni
hindi ingles ako,nope i am english,dili ingles ko
hindi ko nakikita ang maliit na kotse,i don t see the little car,wala ko makita ang gamay nga awto
seryoso ako sa trabaho ko,i am serious about my work,seryuso ko sa akong trabaho
kung nais mong malaman paano gamitin ang isang salita hanapin mo sa diksyunaryong ito,if you want to know how to use a word look it up in this dictionary,kung gusto nimo mahibal an kung unsaon paggamit usa ka pulong tan awa kini sa kini nga diksyonaryo
dumating si dito bago ako,got here before me,niabot si diri bago ko
pwede mong kainin ang natitirang pay,you can eat the rest of the pay,mahimo nimong kan on ang nahabilin nga bayad
maaamo ang mga hayop na ito,these animals are tame,buotan ang kini nga mga hayop
katatanghalian ko pa lamang,i just had lunch,bag o ra ko naniudto
sumunod sa akin ang aso,the dog followed me,gisundan ko sa iro
mga babae muna,girls first,mga babaye una
ano ang malaking gusaling iyan sa harap natin,what is that big building in front of us,unsang taas nga bilding ang naa sa atong atubangan
pakihugas ang inyong kamay,please wash your hands,palihug hugasi ang imong mga kamut
hindi kita pinapayagang umalis,i won t let you leave,dili ko motugot nga mobiya ka
bumiyahe siya sa buong mundo,he traveled all over the world,nagbiyahe siya sa tibuuk kalibutan
sa tingin mo dapat kong pumuntang mag isa,do you think i should go alone,sa imong panan aw angay ba kong mu adto nga nag inosara
natuto ako ng wikang pranses bago pumunta sa europa,i learned french before going to europe,naka kat on ko ug sinultiang pranses sa wala pa moadto sa europa
hindi mura kumain dito,it s not cheap to eat here,hindi mura kumain dito
kumusta siya kahapon,how was he yesterday,kumusta siya gahapon
sasabayan kita papuntang paliparan,i will accompany you to the airport,mokuyog ko nimo sa airport
ang daan patungong baryo ay napakalubak,the road to the village is very bumpy,labihan kabangag ug lubak ang dalan padulong sa barrio
mahal ang isang piyano,a piano is expensive,mahalon ang iyan piyano
bisitahin mo kami pakiusap,visit us please,duawa mi palihog
kumakain sila ng tsokolate,they eat chocolate,nagkaon sila og tsokolate
ikaw ay bumibihis,you are getting dressed,nag ilis ka
ang anak na babae ng isang hari ay isang prinsesa,a king s daughter is a princess,ang anak nga babaye sa usa ka hari kay usa ka prinsesa
maganda ang kulay berde kay alice,green is beautiful on alice,si alice matahum sa kolor berde
ang tanyag na gusali na taj mahal ay nasa bansang indya,the famous building taj mahal is in the country of india,ang bantog nga taj mahal nga bilding naa makita sa india
natagpuan namin siyang buhay,we found him alive,nakit an namo siya nga buhi
ang karahasan ay tumagal nang dalawang linggo,the violence lasted for two weeks,ang pagpanlupig milungtad sa duha ka semana
sinabi ko iyan,i said that,giingon ko na
maglagay ng kaunting tubig sa paso,put some water on the burn,pagbutang gamay nga tubig sa paso
tumalab ang gamot,the medicine is thick,ni epekto ang tambal
saan mong gustong pumunta,where do you want to go,asa nimo gusto moadto
sinuri nila ang makina kung may depekto,they checked the machine for defects,gisusi nila ang makina kung adunay mga depekto
higit na maikli ang kanyang hintuturo kaysa palasingsingan,his index finger is shorter than his ring finger,ang iyang tudlo sa tudlo mas mubo kaysa sa singsing nga tudlo
sinabi mo sa mga magulang mo,did you tell your parents,gi ingon nimo sa imong mga ginikanan
walang nakukuha ang sinong nagnanais nang labis,he who desires too much gets nothing,wala y maka ambit sa gusto kaayo nila
ipagtanggol ang sariling bayan ay isa nang kasalanan ngayon,defending one s country is a sin now,ang pagpanalipod sa sarili nga nasud kay usa na ka sala karon
mabaho ba ako,do i smell bad,baho ba ko
nananghalian ka na ba,have you had lunch,naniudto ka na
nakilala mo na siya,have you met him,nailhan na nimo siya
may aklat ba sa ibabaw ng mesa,is there a book on the table,naa bay libro sa igbabaw sa lamesa
kami ay may dalawang anak na babae at dalawang lalaki,we have two daughters and two sons,aduna kami duha ka anak nga babaye ug duha ka anak nga laki
may nagnakaw sa aking payong sa panaderya,someone stole my umbrella at the bakery,adunay nangawat sa akong payong didto sa panaderya
palaging nanonood ng tv si,always watches tv,kanunay nagtan aw og tv si
mamimiss din kita,i will miss you too,mingawon sad ko nimo
heto ang aking blog na magpapakilala sa akin at maghahayag ukol sa aking pang araw araw na buhay,this is my blog which will introduce me and reveal about my daily life,kini ang akong blog nga magapaila sa akoa ug mag magpadayag sa akoang pang adlaw adlaw nga kinabuhi
gusto ko ng tokwang mapo at dalawang mangkok ng kanin,i want tokwang mapo and two bowls of rice,gusto nako og tokwa nga mapo ug duha ka panaksan sa kan on
ilang mangkok ng kanin ang kinain mo,how many bowls of rice did you eat,pila ka panaksan nga kan on ang gikaon nimo
hindi mo pwedeng gamitin ang gripong ito sira ito,you cannot use this faucet it s broken,dili ni nimo pwede gamiton ang gripo guba ni
hugis puno ang keyk,the shape of the cake is full,porma g puno ang keyk
akala ko siya ay kapatid ko,i thought he was my brother,abi nako g igsoon nako siya
ilang barbero ang nagtatrabaho sa barberyang ito,how many barbers work in this barber shop,pila ka barbero ang nagatarbaho diria nga barberya
anong awit ang tinutugtog niya,what song is he playing,unsa nga kanta ang iyang ginapatugtog
ang iyong tagumpay ay resulta ng iyong kasipagan,your success is the result of your hard work,ang imong kadaugan ang resulta sa imong pagkakugihan
gusto ko na magsalita ka ng wikang pranses,i want you to speak french,gusto ko nga mustorya ka og sinultian nga pranses
sinabihan ni si na huwag pumunta roon mag isa,tells not to go there alone,giingnan ni si nga dili muadto didto nga siya ra usa
nandito si bukas,will be here tomorrow,naa si diri ugma
pagkatapos ng halos isang buwan natatandaan ko pa ang salita,after almost a month i still remember the word,pagkahuman og halos usa ka bulan nakahinumdum pa ko sa inistoryahan
pasok sa kotse,get in the car,sulod sa sakyanan
kailangan kong umuwi,i have to go home,kinahanglan nako nga muoli
na kay brid ang pera,the money is brid s,naa kay brid ang kwarta
ang bahay ay may tatlong palapag,the house has three floors,ang balay adunay tulo ka andana
wala akong pakialam sa gastos,i don t care about the cost,wala koy labot sa gasto
malaki ang dibdib niya,her chest is big,dako iyang dughan
nagsasalita ako ng wikang pranses sa mga guro ko,i speak french with my teachers,nagastorya ko og sinultian nga pranses sa akoang mga magtutudlo
hindi ka ba marunong magsalita nang mahina,can t you speak softly,dili ka kabalo mustorya og hinay
kailangan ko ng nars ngayon,i need a nurse now,kinahanglan nako og nars karon
palagi siyang naglalakad papuntang paaralan,he always walks to school,pirme siya magbaktas paadto og skwelahan
may isang binti lamang si,has only one leg,naa ray usa ka batiis si
ang paninigarilyo ay isang masamang kagawian,smoking is a bad habit,ang pagpanigarilyo kay usa ka daotan nga buhat
ano ang pinakamasarap na prutas sa bansang hapon,what is the most delicious fruit in japan,unsa ang pinakalami nga prutas sa nasud sa hapon
sinira mo ang lahat,you ruined everything,giguba nimo ang tanan
ano ang sinasabi niya sa liham,what does he say in the letter,unsa iyang gipangstorya sa sulat
wala akong nabenta sa araw na ito,i didn t sell anything today,wala koy nabaligya karong adlawa
si ay isang pari,is a priest,si kay usa ka pari
parang hindi masyadong pagod si,doesn t seem too tired,murag wala kaayo gikapoy si
alam mo kung saan mo ako hahanapin kapag may kailangan ka,you know where to find me when you need something,kabalo ka kon asa ko pangitaon kon naa kay kinahanglan
huwag umiyak,don t cry,ayaw og hilak
siya ay nakapula,he was blushing,siya kay nakapula
wala na silang asukal,they are out of sugar,wala na silay asukar
gusto kong malaman kung sino ang sasama sa atin,i want to know who will be with us,gusto nako masayran kon kinsa ang muuban sa atoa
ang unggoy ay umaakyat sa isang mataas na puno,the monkey climbs a tall tree,ang unggoy kay nikatkat sa usa ka tag as nga puno
wala ako ni pera ni kaibigan,i have neither money nor friends,wala koy ni kwarta ni amigo
naglagay ako ng kaunting gatas sa kape ko,i put some milk in my coffee,nagbutang ko og gamay gatas sa akong kape
papatayin ka nila,they will kill you,patyon ka nila
magkano ang ibinayad mo para diyan,how much did you pay for that,pila imong gibayad para ana
gusto ni na may magmahal sa kanya,wants someone to love him,gusto ni nga naay mohigugma niya
hindi ito mura hindi ba,it s not cheap is it,dili ni barato di ba
at bakit ko naman gagawin iyon,and why would i do that,ug nganong buhaton man nako to
siya lamang ang dumating sa parti,he was the only one who came to the party,siya ra ang niabot sa parti
kapag ikaw ay isang mabait na bata magkakaroon ka ng kendi,when you re a good kid you get candy,kon ikaw usa ka buotan nga bata matagaan ka og kendi
itinayo ni ang sarili niyang bahay,built his own house,gipatindog ni ang iyang sarili nga balay
dumikit ang basang damit sa katawan ko,the wet clothes stuck to my body,nipilit ang basa nga sinina sa akong lawas
amoy tabako ang kuwarto,the room smelled of tobacco,baho og tabako ang kwarto
kung ang gitarang iyon ay hindi masyadong kamahalan mabibili ko iyon,if that guitar wasn t so expensive i d buy it,kon kato nga gitara kay di masyado mahal mapalit nako to
iniilawan ng araw ang daigdig,the sun lights up the world,ginasinagan sa adlaw ang kalibutan
hindi alam ni kung bakit hindi siya gusto ni,doesn t know why doesn t like him,wala kabalo si kon ngano di siya gusto ni
ano ang habol niya,what is he after,unsa ang gigukod niya
kung makatingin ang asong ito sa akin ay parang nais niya akong kainin,if this dog can look at me it s like he wants to eat me,kon makatan aw ning iro a sa akoa kay murag gusto ko niya kaonon
kung may hardin lamang tayo,if only we had a garden,kon naa lang tay tanmanan
gusto mo ang berde o ang asul,do you like the green or the blue,gusto nimo ang lunhaw o bughaw
kahit ano pareho lang iyan,whatever it s the same,bisan og unsa parehas ra na
marunong ka bang mag mandarin,can you speak mandarin,kabalo ba ka mag mandarin
walang kapatid na babae si ann,ann has no sisters,walay lumon nga babaye si ann
magsipilyo pagkatapos kumain,brush your teeth after eating,pagsipilyo inig kahuman mokaon
lahat kami ay nagsasalita ng wikang pranses,we all speak french,tanan mi nagastorya og sinultian nga pranses
sabihin mo sa kanya na ako ay nangingisda,tell him i m fishing,ingna siya nga ako kay mangisda
ako y nagmamaneho ng kotse,i drive a car,ako kay naga drayb og sakyanan
eto ang mga susi mo,here are your keys,naa na imong susi
ayaw ni ng mga aso,doesn t like dogs,dili ganahan si og iro
maraming gitara ang may anim na kwerdas,many guitars have six strings,daghang gitara ang naay unom ka kwerdas
kami ay mga arabo,we are arabs,kami kay mga arabo
nagtrabaho sila na parang mga bubuyog,they worked like bees,nagtarbaho sila nga murag mga buyog
gagawin namin kapag may oras kami,we will when we have time,buhaton namo kon na mi oras
sa kasamaang palad ay umulan,unfortunately it rained,sa kasubo kay niulan
klaro na mali ang lalaki,the man was obviously wrong,klaro nga mali ang laki
anong ginagawa niya ay ipinagbabawal,what he is doing is forbidden,kon unsa iyang ginabuhat kay gibawal
saan nalaman ni iyon,how did know that,asa to nabal an ni
maghahanap ako ng trabaho sa tsina,i will look for a job in china,mangita ko og tarbaho sa tsina
tinanong niya ang propesor nang maraming beses,he asked the professor several times,gipangutana niya ang propesor og daghan na ka higayon
hindi ako nakinig ng balita kahapon,i didn t listen to the news yesterday,wa ko naminaw sa balita gahapon
kotse mo ba iyon,is that your car,sakyanan nimo to
kumain ng buwaya si,ate a crocodile,nikaon og buaya si
napakawalang silbi ng tuwalya,the towel is so useless,pagka way pulos sa tuwalya
ibigay mo ang mga iyan sa kanya,give them to him,ihatag nang mga na sa iyaha
ang sabi ay ikakasal si anne itong hunyo,it is said that anne is getting married this june,ang ingon kay kakaslon si anne katong hunyo
tama ang sagot mo,your answer is correct,tama imong tubag
gusto mo ba na tatawag ako ng pulis,do you want me to call the police,gusto ba nimo nga motawag ko og pulis
saan man siya magpunta nagsisinungaling siya,wherever he goes he lies,asa man siya niadto nangatik siya
naiintindihan mo ba anong sinasabi ko sa iyo,do you understand what i m telling you,nasabtan ba nimo akong mga gipansulti nimo
gustong gusto ng mga tao na magsalita nang magsalita,people love to talk,gusto kaayo sa mga tawo nga magstorya nga magstorya
sana sinabi mo na magsisimula ang pulong alas,i wish you said the meeting would start at,unta niingun ka nga magsugod na ang pulong og alas
noong ako y nagising nasa kotse ako,when i woke up i was in the car,katong nagimata ko naa ko sa sakyanan
hindi nila ako naiintindihan kapag ako y nagsasalita sa wikang pranses,they don t understand me when i speak in french,di ko nila masabtan kon ako kay magstorya sa sinultian nga pranses
binasag ng batang babae ang salamin ng bintana,the girl broke the glass of the window,gibuak sa bata nga babaye ang samin sa bintana
nagtatanong ako sa sarili kapag dadating ang eroplano sa oras,i ask myself when the plane will arrive on time,ginapangutana nako akoang kaugalingon nga kon moabot ang eroplano sa oras
ang kailangan mong gawin lamang ay magwalis ng sahig,all you have to do is sweep the floor,ang kinahanglan ra nimo nga buhaton kay manilhig og salog
sino ang syota ni,who is s sweetheart,kinsa ang uyab ni
higit na mura kapag ika y sasakay ng bus papunta roon,it s much cheaper if you take a bus to get there,mas barato pa kon ikaw mosakay og bus paadto didto
hindi mo alam kung gaano kadaming asukal mayroon ang biskwit na iyan,don t know how much sugar that cookie has,wa ka kabalo kon unsa kadaghan nga asukar ang naa diraa nga biskwit
sa tindahang ito nagbebenta kami ng kahit ano,in this store we sell anything,sa kani nga tindahan nagabaligya kami og bisan unsa
ang propesor namin ang nagbayad para sa amin lahat,our professor paid for us all,ang among propesor ang nagbayad para sa amoa tanan
tahimik,quiet,hilom
nakikita mo ba ang bituin,do you see the star,makit an ba nimo ang mga bituon
mas malapot ba ang pulot kaysa losyon para sa balat,is honey thicker than skin lotion,mas lapot ba ang pulot kaysa sa losyon para sa kutis
nakita ko ang tiya ko sa europa,i saw my aunt in europe,nakit an nako akong iyaan sa europa
nagmamaneho nang mabilis na mabilis si barrichello,barrichello drives very fast,nag drayb og paspas kaayo si barrichello
walang sapat na bangko sa loob ng conference room,there are not enough benches inside the conference room,walay igo nga bangko sa sulod sa conference room
pupunta ka ba roon,are you going there,moadto pa ba ka didto
pwede kang pumili kahit ano sa mga iyon,you can choose any of them,pwede ka mopili og bisan unsa ato
kailan magsisimula ang palabas,when does the show start,kanus a magsugod ang salida
babalik siya bukas o sa makalawa,he will be back tomorrow or the day after,mobalik siya ugma o sa sunod pa nga adlaw
paano ako maging isang robot ang mga robot ay hindi nananaginip,how do i become a robot robots don t dream,unsaon nako mahimo nga usa ka robot ang mga robot kay dili nagadamgo
mahalin mo ang iba gaya ng pagmamahal mo sa sarili,love others as you love yourself,higugmaa ang uban sama sa imong paghigugma sa imohang sarili
kailangan mong pumunta roon agad,you need to go there immediately,kinahanglan nako moadto dayon didto
hindi ko kasalanan iyan,it s not my fault,di nako na sala
lalangoy siya bukas,will he swim tomorrow,molangoy siya ugma
oo,yes,oo
may bakanteng silid ba kayo para sa gabing ito,do you have a spare room for tonight,naa moy bakante nga kwarto karong gabhi ona
kumain kami ng piniritong karne,we ate fried meat,nikaon mi og pinrito nga karne
babalik siya pagkatapos ng isang oras,he will be back after an hour,mobalik siya inig human sa usa ka oras
ang kalapati ay simbolo ng kapayapaan,the dove is a symbol of peace,ang kalapati kay simbolo sa kalinaw
ang mga luha ang sandata ng isang bata,tears are a child s weapon,ang mga luha kay ang hinagiban sa usa ka bata
kilala mo siya sa personal,do you know him personally,kaila nimo siya sa personal
kailangan mo ba talaga ng isang kotse,do you really need a car,kinahanglan ba gyud nimo og usa ka sakyanan
alam ko na mahiyain si,i know is shy,ang nabal an nako kay maulawon si
hindi ako gutom,i m not hungry,di ko gutom
huwag magdala ng kahit anong pagkain sa loob ng laboratoryo,do not bring any food into the laboratory,ayaw pagdala og bisan unsa nga pagkaon sa sulod sa laboratoryo
huwag kumain sa loob ng laboratoryo,do not eat inside the laboratory,ayaw og kaon sa sulod sa laboratoryo
ang panahon ay nagbubura ng maraming alaala,time erases many memories,ang panahon kay nagapawala og daghan nga handumanan
iyon ay kasintigas ng isang bato,that is as hard as a rock,kato kay parehas ka gahi sa bato
nagalit siya sa amin,he was angry with us,nasuko siya sa amoa
nandito na si ngunit hindi pa dumating si bill,is here but bill hasn t arrived yet,naa na diri si pero wa pa niabot si bill
bakit ka malungkot,why are you sad,ngano ka magul anon
iyan ay isang mapa,that s a map,kana kay usa ka mapa
dalawang bomba ang nahulog sa lungsod,two bombs fell on the city,duha ka bomba ang nahog sa lungsod
ang tatay ko ay nasa ospital ngayon,my father is in the hospital now,ang akoang tatay kay naa sa ospital ron
magkano ang radyong ito,how much is this radio,tagpila ning radyo
inimbitahan nila akong maglaro ng baraha,they invited me to play cards,giimbitahan ko nila og dula og baraha
mahal ko siya,i love him,gihigugma nako siya
anong ibig mong sabihin ayaw ko,what do you mean i don t want,unsay buot pasabot sa di ko
marami akong kaibigan,i have many friends,daghan ko og amigo
mga karpintero ang tatay at kapatid kong babae,my father and sister are carpenters,mga panday ang amahan og lumon nako nga babaye
huwag na huwag kayong maglaro sa daan,never play on the road,ayaw gyud og dula sa dulan
hindi ako ang nanay ni,i m not s mother,dili ko ang inahan ni
hinding hindi magkakaroon ng komunismo habang ako ay nabubuhay,there will never be communism in my lifetime,dili gyud magka komunismo samtang ako kay buhi pa
sa lugar na ito naganap ang labanan,in this place the battle took place,dinhi nga lugar nahitabo ang gubat
ito ang lugar kung saan naganap ang labanan,this is the place where the battle took place,kini mao ang lugar kon asa nahitabo ang gubat
itim ang pusa,the cat is black,itom ang iring
kinakabahan siya sa resulta ng kanyang eksamen,he is nervous about the result of his exam,ginakulbaan siya sa resulta sa iyang eksamen
ang kadiliman ay ang kawalan ng ilaw,darkness is the absence of light,ang kangitngit kay ang kawad an sa suga
may aso siya,he has a dog,naa siyay iro
sabihin mo sa akin ang totoo,tell me the truth,iingon sa akoa ang tinuod
iyan ang bolpen na nawala ko kahapon,that s the pen i lost yesterday,kana ang bolpen nga nawala nako gahapon
gusto mong magpahinga,do you want to rest,gusto nimo magpahulay
masa akan datang,i will come soon,ang umaabot
kinuha ko ang eksamen na iyon sa silid para sa mga pulong,i took that exam in the meeting room,gikuha nako ang eksamen nga kato para sa mga pulong
mababa ang mga ulap,the clouds are low,ang mga panganod mubo
abot langit ang presyo ng mga lupa sa bansang hapon,land prices in japan are sky high,abot sa langit ang presyo sa mga kalupaan sa nasud sa hapon
hindi mawawala ang mga langaw kung saan may pulot,flies will not disappear where there is honey,di mawala ang mga langaw kon asa naay basura
iyon ay plinano para lumabas na parang isang aksidente,it was planned to appear as an accident,kato kay giplano aron mogawas nga mura og usa ka aksidente
ako y may ginagawa,i am doing something,naa koy ginabuhat
hindi madaling matuto ng pisika,it is not easy to learn physics,di dali makatuon og pisika
ang karamihan ng mga pulis ay nawalan ng trabaho,the majority of the police have lost their jobs,ang kadaghanan sa mga pulis kay nawad an og tarbaho
pumunta kami sa lawa para maligo,we went to the lake to bathe,niadto mi sa lawa aron mangaligo
malaya kang sabihin anong nasa isip mo,you are free to say what s on your mind,libre ka nga sultion kon unsa naa sa imong hunahuna
ang mga bote ng servesa ay gawa sa bubog,cervesa bottles are made of foam,ang mga botelya sa servesa kay gihimo gikan sa buak nga baso
ito ang daan na dinadaanan ko araw araw,this is the road i walk every day,kini ang dalan nga ginaagi an nako adlaw adlaw
pinag awayan ng dalawang aso ang buto,two dogs fought over the bone,ginaawayan sa duha ka iro ang bukog
gawin mo ang lahat na kanyang ipapagawa,do whatever he tells you to do,himoa ang tanan niya nga ginapabuhat
sinamahan ng malalakas na hangin ang ulan,strong winds accompanied the rain,giubanan sa mangkakusog nga hangin ang ulan
nakita ng pulis ang taong pumatay sa kanya,the police found the person who killed him,nakit an sa pulis ang tawo nga nipatay sa iyaha
tinabihan ako ni sa bangko,asked me to the bank,gidiktan ko ni sa bangko
kape lamang ang iniinom ni,only drinks coffee,kape ra ang ginainom ni
lumuwas siya para sa amerika,he came out for america,nigawas siya para sa amerika
sa tingin mo,do you think,sa pagtuo nimo
kailangan ko ng masahe,i need a massage,kinahanglan nako og masahe
gusto kong ibigin kita habambuhay,i want to love you forever,gusto nako higugmaon ka hangtod hangtod
hindi tumitigil ang pagdurugo,the bleeding does not stop,wala nihunong og dugo
alin ang higit na malaki ang araw o ang lupa,which is bigger the sun or the earth,asa ang mas dagko ang adlaw o ang lupa
sigurado ka na hindi sapat ang pera mo para bilhin iyan,are you sure you don t have enough money to buy that,sigurado ka nga di igo ang kwarta nimo aron paliton na
kaygandang tanawin,beautiful scenery,kanindot nga talan awon
ang araw ay tinakpan ng isang kumot ng ulap,the sun was covered by a blanket of clouds,ang adlaw kay gitabunan sa usa ka tabon sa langit
siya ay natutulog sa isang mamahaling banig,he sleeps on an expensive mat,nagatulog siya sa usa ka mahalon nga banig
talagang naniniwala ako sa kakayahan mo,i really believe in your ability,tinuod ng nituo ko sa imohang kapasidad
binuksan mo ang maling kahon,you opened the wrong box,giablihan nimo ang mali nga kahon
nandito lang ako kahapon,i was just here yesterday,naa pa ko diri gahapon
umalis siya sa silid pagkapasok ko,he left the room when i entered,nilakaw siya sa kwarto pagkasulod nako
bakit hindi kayo pumasok,why don t you come in,ngano wa mo nisulod
sanay na ako diyan ngayon,i m used to that now,anad na ko ana ron
tingnan mo ang bundok na iyon,look at that mountain,lantawa to nga bukid
babalik ako sabi ni,i ll be back said,mobalik ko ingon ni
maging malikhain kayo,be creative,magmamugnaon mo
umaamoy ako gamit ang aking ilong,i smell with my nose,nagasimhot ko gamit akoang ilong
ang mga dahon ay nagsimulang maging pula t dilaw,the leaves started to turn red and yellow,ang mga dahon kay nagsugod na og kapula ug ka dalag
ako y dukha,i am poor,ako kay pobre
sino ang minamahal mo,who do you love,kinsa imong ginahigugma
kailangan mo akong turuan ng anong alam mo,you have to teach me what you know,kinahanglan ko nimo tudloan kon unsa imong nabal an
ang tatay ko ay nakapaghuli ng tatlong isda kahapon,my father caught three fish yesterday,ang akong amahan kay nakadakop og tulo ka isda gahapon
sino ang gustong magsimula,who wants to start,kinsa ang gusto magsugod
gusto mo ng maiinom,would you like something to drink,gusto mo og ilimnon
hindi salamat magmamaneho ako,no thank you i will drive,dili salamat mag drayb ko
anong barko ang nakikita mo,what ship do you see,unsa nga barko ang imong nakit an
akala ko niloko ako ng aking mga mata,i thought my eyes tricked me,abi nako nga giloko ko sa akoang mga mata
ang simbahang ito ay isang napakasikat at napakagandang lugar,this church is a very famous and very beautiful place,kani nga simbahan kay grabe ka sikat ug grabe ka nindot nga lugar
si peter ang aking matalik na kaibigan,peter is my best friend,si peter akoang suod nga amigo
kailangan kong humiga,i need to lie down,kinahanglan nako mohigda
nasa ibabaw ng mesa ang diksyunaryo,the dictionary is on the table,naa sa igbabaw sa lamesa ang diksyunaryo
masaya akong ang mansanas na aking kinakain ay kulay berde,i am happy that the apple i am eating is green,nalipay ko nga ang mansanas nga akong ginakaon kay kolor lunhaw
kailangan kong bumili ng pagkain ngunit wala akong sapat na pera,i need to buy food but i don t have enough money,kinahanglan nako mopalit og pagkaon pero wa koy igo nga kwarta
kailangan ko bang gamitin ang tinta sa pagsusulat,do i have to use the ink to write,kinahanglan ba nako gamiton ang tinta sa pagsulat
pinaplantsahan ko ang aking bestida,i ironed my clothes,ginapalanstsahan nako akoang sinina
bakit ang laki ng buwan ngayong gabi,why is the moon so big tonight,nganong dako ang bulan karong gabhi ona
si ay mas matanda nang kaunti kaysa sa ibang mga estudyante sa klase,is a little older than the other students in the class,si kay mas tigulang gamay kaysa sa lain nga mga estudyante sa klase
pupunta kami sa sinehan sa sabado at pagkatapos sa restawran,we go to the cinema on saturday and then to the restaurant,moadto mi sa sinehan sa sabado ug pagkahuman sa restawran
ikaw ba iyong umubo,did you cough,ikaw ba tong niubo
doon kung saan ako nakatira may niyebe sa enero,where i live it snows in january,didto kon asa ko nagpuyo naay niyebe sa enero
akyat,climb,saka
hindi na kami nagkita simula,we haven t seen each other since,wa na mi nagkita sugod
matagal na ba iyon,was that long ago,dugay na ba to
ako y may isang asong malaki,i have a big dog,naa koy usa ka iro nga daku
sumubok siya at nagawa niya,he tried and he did,nisulay siya ug nabuhat niya
sa tingin ko naglalagay ka ng maraming asukal,i think you are putting too much sugar,sa paguto nalp nagabutang ka og daghan nga asukar
iyan ay akin,that s mine,kana kay akoa
hindi ko alam kung nasaan ang sa iyo,i don t know where yours is,wa ko kabalo kon asa ang imuha
walang nangyari,nothing happened,walay nahitabo
hindi siya pwedeng maging isang makata,he cannot be a poet,di siya pwede mahimong usa ka magbabalak
nauhaw siya,he was thirsty,giuhaw siya
ang silid ay pipintahan bukas,the room will be painted tomorrow,pinturahan ang kwarto ugma
muntik na ngumiti si,almost smiled,hapit mongisi si
siya ay anak mayaman,he is the son of a rich man,anak siya sa datu
siya ay anak ng isang mayamang pamilya,he is the son of a rich family,siya kay anak sa usa ka datu nga pamilya
dalawang beses siyang pinagkamalang espanyola,twice he was mistaken for a spaniard,duha na ka higayon siya nasaypan nga espanyola
ang mga damit na iyan ay magkatulad maliban lamang sa kulay ng mga botones,those clothes are similar except for the color of the buttons,kana nga mga sinina kay magkaparehas gawas sa kolor sa mga botones
nakita ko siyang hubad,i saw him naked,nakit an nako siya nga hubo
si ay isang taga ulat,is a reporter,usa ka taga balita si
anong sasabihin ko kapag siya ay darating,what will i say when he comes,unsay iingon nako kon moabot siya
may malaking bahay ka ba,do you have a big house,naa ba kay dagko nga balay
lumabas ang araw,the sun came out,nigawas ang adlaw
may dalawang bintana ang silid,the room has two windows,naay duha ka bintana sa kwarto
mahal ko ang aking wika,i love my language,gihigugma nako akong sinultian
kailangang ayusin ang silyang ito,this chair needs to be fixed,kinahanglan nako tarungon ning lingkuranan
kumakain ka ba ng karne o purong gulay lamang,do you eat meat or only pureed vegetables,nagakaon ba ka og karne o puro nga gulay ra
bibigyan kita ng ibang pagkakataon,i ll give you another chance,tagaan ta ka og lain pa nga higayon
hindi ko alam anong masasabi ko,i don t know what to say,wa ko kabalo unsa akong masulti
paumanhin pwede niyo bang huwag lagyan ng wasabi ang sushi,excuse me can you please not put wasabi on the sushi,pasensyahi pwede dili ninyo butngan og wasabi ang sushi
kukunin ko iyon,i ll take that,kuhaon nako to
ang sanggol na iyon ay si,that baby is,kato nga bata kay si
ngunit hindi pa niya alam iyan,but he didn t know that yet,pero wa pa siya nakabalo
siya ay lumalapit,he is coming closer,nagaduol siya
gusto ng lahat ang maging maligaya,everyone wants to be happy,gusto sa tanan ang mahimong malipayon
siya y kumain ng karne ng baka ang sagot ng babae,he ate beef the woman answered,nikaon siya og karne nga baka ang tubag sa babaye
hindi ako pwedeng bumiyahe gamit ang eroplano,i can t travel by plane,di ko pwede mobiyahe gamit ang eroplano
mga anak mo ay nasa hardin,your children are in the garden,imong mga anak kay naa sa tanmanan
paminsan pumupunta siya sa trabaho sakay ang kotse,sometimes he goes to work by car,usahay kay nagaadto siya sa tarbaho sakay ang sakyanan
ang sabi nina at paulo ay mamamatay din tulad ng isang martir,peter and paul said they would also die like a martyr,ang ingon nila ug paulo kay mangamatay sad parehas og usa ka martir
sa ayaw mo o sa hindi kailangan mong gawin iyan,like it or not you have to do that,gusto man nimo og dili kinahanglan nimo na buhaton
magaling at marunong kang mag tagalog,you are good and know how to speak tagalog,maayo kaayo og kabalo ka mag tagalog
nagkasakit siya noong nakalipas na mga araw,he got sick a few days ago,nasakit siya atong niagi nga mga adlaw
may mukha siyang nakakatawa,he has a funny face,naay siyay nawong nga kataw anan
walang laman ang kanyang mga kamay,his hands were empty,walay sulod iyang mga kamot
sinong tumulong sa iyo si,who helped you it s,kinsay nitabang sa imoha si
umakyat kami hanggang sa itaas,we climbed up to the top,nisaka mi hangtod sa taas
hindi mo pinahiram sa kanya,you didn t lend it to him,wa nimo gipahulam sa iyaha
huwag tumulak,don t push,ayaw paglawig
kailangan niya ng pera,he needs money,kinahanglan niya og kwarta
hindi ba siya iyong nakaupo sa bangko,isn t he the one sitting on the bench,di ba siya tong naglingkod sa lingkuranan
siya ay nagtatrabaho ngayon,he is working now,nanarbaho siya karon
naninirahan kayo kasama ang mga magulang ninyo,you live with your parents,nakipuyo mo kauban inyong mga guinikanan
magkakilala ba kayo,do you know each other,magkaila ba mo
mabuti naman ako,i m fine,maayo ra man ko
mas gusto ko ang mansanas kaysa sa dalandan,i prefer apples to oranges,mas gusto nako ang mansanas kaysa sa dalandan
ang abokado ay mayaman sa bitamina e,avocado is rich in vitamin e,ang abokado kay datu sa bitamina e
kahit kailan hindi ako nanigarilyo,i have never smoked,bisan pa kanus a wa ko nanigarilyo
nasa aling baitang ang iyong kapatid na babae,what grade is your sister in,unsa na nga grado imong lumon nga babaye
hindi ako naniniwalang uulan bukas,i don t believe it will rain tomorrow,wa ko nagatuo nga moulan ugma
nakarinig kami ng isang putok ng baril,we heard a gunshot,nakadungog mi og usa ka buto sa baril
kailangan kong kumain,i need to eat,kinahanglan nako mokaon
isa lamang ang kanyang mithiin sa buhay ang magkaroon ng pera,he has only one goal in life to have money,usa ra ang iyang pangandoy sa kinabuhi ang maadunay kwarta
tumakbo si,ran,nidagan si
hindi pumunta sa trabaho si noong nakaraang lunes,didn t go to work last monday,wa niadto og tarbaho si atong niaging lunes
may marunong bang magsalita ng hapones dito,does anyone here speak japanese,naa bay nakabalo og storya og hapones diri
hindi ko pwedeng tanungin ang propesora tungkol diyan,i can t ask the professor about that,di nako pwede pangutan on ang propesora matod ana
ang mga estudyanteng iyon ay nasa loob ng silid aralan,those students are inside the classroom,kato nga mga estudyante kay naa sa sulod sa eskwelahan
pakiusap tanggapin mo ang aking pagdadalamhati,please accept my grief,palihog dawata ang akong kaguol
kung ako y isang ibon lilipad ako patungo sa iyo,if i were a bird i would fly towards you,kon ako kay usa ka langgam molupad ko paadto nimo
hindi ko ginawa sapagkat ayaw ko,i didn t do it because i didn t want to,wa nako gibuhat kay di nako gusto
nais ko ring malaman,i want to know too,gusto sad nako masayran
labis ang pagtatrabaho mo,you work too much,grabe imong pagpanarbaho
ang aklat ay maliit,the book is small,ang libro kay gamay
ibigay mo sa akin ang tasa ng kape,give me the cup of coffee,ihatag sa akoa ang tasa sa kape
sana hindi ako matatalo,i hope i don t lose,unta di nako mapildi
naliligo ako sa banyo,i m taking a shower in the bathroom,nagaligo ko sa banyo
ano kaya ang gagawin mo,what would you do,unsa imong kaya nga buhaton
nawalan siya ng buhay sa aksidente ng kotse,he lost his life in a car accident,nawad an siya og kinabuhi sa aksidente sa sakyanan
nawala ko ang pasaporte ko,i lost my passport,nawala nako akong pasaporte
kumakain kayo ng kanin sa bansa ninyo,do you eat rice in your country,nagakaon mo og kan on sa inyong nasud
bahay mo ito,is this your house,balay nimo ni
mahal ko ang aking lungsod,i love my city,gihigugma nako akong lungsod
taga saan ka karen,where are you from karen,taga asa ka karen
napaiyak ang nanay ko dahil diyan,my mother cried because of that,nakahilak akong inahan tungod ana
ang kasamahan ko sa kwarto ay masyadong maingay,my roommate is very noisy,ang kauban nako sa kwarto kay samok kaayo
hindi pa ako kumain ng tanghalian,i haven t eaten lunch yet,wa pa ko nikaon og paniudto
iwan mo iyan diyan,leave it there,biyae na na dira
totoo bang nilinis mo ang hardin,did you really clean the garden,tinuod ba nga gilimpyohan nimo ang tanmanan
kaninong medyas ang mga ito sa aking kapatid na babae,whose socks are these to my sister,kay kinsa ni nga mga medyas sa akong igsoon nga baye
may hawak siyang mga bulaklak sa kamay,she is holding flowers in her hand,naa siyay gigunitan nga mga bulak sa kamot
madaling matutunan ang ingles,english is easy to learn,dali ra matun an ang ingles
nagtatrabaho tayo sa umaga at natutulog sa gabi,we work in the morning and sleep at night,nagatarbaho ta sa buntag ug nagatulog sa gabii
buhay pa rin ako,i m still alive,buhi pa gihapon ko
magdurugo ang kanilang mga ilong,their noses will bleed,nagadugo ilang mga ilong
iniwan niya akong naghihintay nang mahabang panahon,he left me waiting for a long time,gibiyaan ko niya nga naghulat og tag as nga panahon
walang pasok sa agosto,no school in august,walay klase sa agosto
bawat bata ay mayroong kanya kanyang paraan ng pag iisip,every child has his own way of thinking,kada bata kay naay kanya kanya nga pamaagi sa paghunahuna
hinalikan niya ako sa noo,he kissed me on the forehead,gihalukan ko niya sa toktok
gusto niyang gisingin siya ng kanyang asawa nang maaga,he wanted his wife to wake him up early,gusto niya pukawon ang iyang asawa og sayo
naghahanap ako ng sino mang nakakapag portuges,i m looking for someone who can speak portuguese,nagahanap ko kon kinsa man ang naga portuguese
nagsimulang walang tao ang mundo at ganyan din ito magwawakas,the world began without people and that is how it will end,nagsugod nga walay tawo sa kalibutan ug diri sad ni mahuman
maraming tao ang sumusubok na bumili ng isang bahay,many people are trying to buy a house,daghang mga tawo ang nagasulay og palit sa usa ka balay
hindi ako pwedeng maniwala sa kanyang sinasabi,i can t believe what he says,di ko pwede motuo sa iyang mga ginapangsulti
ang asawa niya ay paririto sa loob ng ilang minuto,his wife will be here in a few minutes,ang iyang asawa kay moanhi diri sa sulod mga pila ka minuto
nagsisipilyo ako bawat umaga,i brush my teeth every morning,nagasipilyo ko kada buntag
susubukan kong tigilin ang aking paninigarilyo,i will try to stop my smoking,sulayan nako nga undangan ang pagsigarilyo
ano ang kanyang itinatago,what is he hiding,unsa iyang ginatago
pwede niyang gawin ang anong gustuhin niya,he can do what he wants,pwede niya buhaton bisan unsa iyang gusto
kinausap ko siya,i talked to him,giistorya nako siya
anong wala ka,what don t you have,unsay wala ka
kumukulo ang kanyang dugo,his blood was boiling,nagakulo iyang dugo
pakihugas ang mga pinggan,please wash the dishes,pakihugas sa mga plato
pakiusap tandaan na gisingin ako bukas nang alas syete ng umaga,please remember to wake me up tomorrow at seven in the morning,palihog timan e nga pukawon ko ugma og alas syete sa buntag
sumayaw kami sa musika,we danced to the music,nisayaw mi sa musika
hubad si,is naked,hubo si
kalimutan natin iyon,let s forget about that,kalimtan na nato to
kinailangan ng maraming taon para itayo iyon,it took years to build that,gikinahanglan og daghan nga tuig aron patindogon to
parang ibon kung kumain si,it s like a bird if eats,murag langgam kon mokaon si
pumunta siya sa paris para mag aral ng sining,he went to paris to study art,niadto siya sa paris aron mag eskwela og sining
hindi siya nilalamigan,he doesn t catch a cold,wa siya gitugnaw
napakainit ng sopas,the soup was very hot,init kaayo ang sopas
tumalsik ang tubig mula sa sirang gripo,water splattered from the broken faucet,nipisik ang tubig gikan sa guba nga gripo
akala ko kayong dalawa ay magkakapatid,i thought you two were brothers,abi nako nga igsoon mong duha
magkakaroon ka ng ano,what will you have,ikaw adunay unsa
nagmamadali ako,i m in a hurry,nagdali ko
huwag mawalan ng pag asa hindi pa nawala ang lahat,don t despair all is not lost,ayaw kawad i og paghandom wa pa nawala ang tanan
napakatangkad ni,is very tall,tag as kaayo si
gusto mo bang pumunta rito para sa interbyu sa darating na linggo,would you like to come here for an interview next week,gusto ba nimo moanhi diri para sa interbyu sa umaabot nga semana
iyon ay propesora ko,that s my professor,propesora nako to
kunin mo ang buto at ihagis mo sa aso,take the bone and throw it to the dog,kuhaa ang bato og ilabay sa iro
may sakit si david hindi ba,david is sick isn t he,naay sakit si david di ba
inaamoy ni ang mga bulaklak,smells the flowers,ginasimhot ni ang mga bulak
bakit tayo lilipat,why do we move,nganong mobalhin ta
subukan mong huwag mabasa sa ulan,try not to get wet in the rain,sulayi og dili mabasa sa ulan
hindi matandaan ni kung saan niya itinago ang mga dokumento,couldn t remember where he hid the documents,di mahinumdoman ni kon asa niya gitago ang mga dokumento
gusto kitang makita bago ka umalis,i want to see you before you leave,gusto ta ka makit an bago ka molakaw
susunduin kita alas para pumunta sa gym,i will pick you up at to go to the gym,sundoon ta ka alas aron moadto sa gym
nanood ako ng telebisyon,i watched television,nitan aw ko og telebisyon
ayaw ko sa iyo,i don t like you,di ko nimo
sasayaw ka kasama ako,will you dance with me,mosayaw ka kauban ko
nananghalian ako roon alas onse dahil nagutom ako,i had lunch there at eleven because i was hungry,naniudto ko didto og alas onse kay gigutom ko
ito ang unang pagkakataon na naghintay ako nang ganitong katagal,this is the first time i have waited this long,kani ang una nga higayon nga naghulat ko og ingun ani ka dugay
huwag mo silang alalahanin,don t worry about them,ayaw na kabalaka bahin nila
mabuti ba ang gatas,is milk good,maayo ba ang gatas
sampung taon ay talagang isang mahabang panahon,ten years is a really long time,napulo ka tuig kay usa gyud ka tag as nga panahon
may swerte kayo,you guys are lucky,naa moy swerte
naiintindihan namin ang importansya ng pag aaral,we understand the importance of education,nasabtan namo ang importansya sa pag eskwela
isang napakalakas na lindol ang tumama sa mehiko itong tag lagas,a very strong earthquake hit mexico this fall,usa ka kusog kaayo nga linog ang niigo sa mehiko karong tig lagas
gawin natin ang sinasabi ni,let s do what says,himuon nato ang giistorya ni
kung ako sa iyo susundan ko siya hanggang sa ang mundo y magwawakas,if i were you i would follow him until the end of the world,kon ako pa nimo sundan nako siya hangtod sa ang kalibutan kay mahuman
maririnig ang kulog nang magdamag,thunder could be heard all night long,madunggan ang dalugdog tibuok gabii
hindi ko nakikita ang hardin mo ngunit nakikita ko ang akin,i can t see your garden but i can see mine,wa nako nakita imong tanmanan pero makita nako akoa
kinakain ng bata ang karne,the child eats the meat,ginakaon sa bata ang karne
hindi isda ang mga iyan,those are not fish,dili isda nang mga na
gustong matuto ng griyego ni emily,emily wants to learn greek,gusto makatuon og griyego ni emily
nakalimutan kong maglagay ng selyo bago ko pinadala ang sulat,i forgot to put a stamp before i sent the letter,nalimtan nako magbutang og selyo bag o nako gipadala ang sulat
ginawa namin ang lahat para sa ikabubuti ng mga anak namin,we did everything for the good of our children,gibuhat namo ang tanan para sa kaayuhan sa atong mga anak
gagawin ko anong gugustuhin mo,i will do what you want,buhaton nako kon unsa imong gustohon
naramdaman ko na may gumagapang sa likod ko,i felt someone crawl behind me,nabati nako nga naay nagakamang sa akong likod
pakiusap tingnan mo nang mabuti ang aking anak,please take a good look at my son,palihog tan awa og maayo ang akong anak
nakabukas ang ilaw,the light is on,nakaabli ang suga
nasa banyo si nang dumating si,was in the bathroom when arrived,naa sa banyo si tong niabot si
kailangan kong magmadali papuntang klase,i have to hurry to class,kinahanglan nako magdali paadto sa klase
magandang umaga,good morning,maayong buntag
ako ay si peter,i am peter,ako kay si peter
at ikaw anong pangalan mo,and you what is your name,ug ikaw unsa imong ngalan
kinamumunghian ko ang aking pamilya,i hate my family,nagadumot ko sa akong pamilya
mukhang may sakit ang aso,the dog looks sick,murag naay sakit ang iro
nakarating ka na ba sa nara,have you been to nara,nakaadto na ba ka sa nara
doon nag aaral ang kapatid mong babae,does your sister study there,didto naga eskwela ang igsoon nimo nga baye
nais kong malaman kung saan nanggaling iyan,i want to know where that came from,gusto nako mahibal an kon asa na gikan
gusto kong manatiling mag isa,i want to stay alone,gusto nako magpabilin nga ako ra
tatlong araw na akong hindi natutulog,i haven t slept in three days,tulo na ka adlaw ko na wa natulog
hindi ako nagbibigay ng ikalawang pagkakataon,i don t give second chances,di ko nagahatag og ikaduha nga higayon
hindi ko alam kung alam niya,i don t know if he knows,wa ko kabalo kon nakabalo siya
iyon ay nangyari malapit sa bahay,that hit close to home,kato kay nahitabo duol sa balay
huwag mong batuhin ang aso,don t stone the dog,ayaw og batoha ang iro
ang itlog ay ang pandaigdigang simbolo ng buhay at muling pagkasilang,the egg is the universal symbol of life and rebirth,ang itlog kay simbolo og kinabuhi para sa tanan ug pagkatawo balik
mayroon akong ipapakita sa iyo,i have something to show you,naa koy ipakita nimo
ako ay taong gulang din,i am also years old,ako kay sad ka tuig
kaninong pera ito,whose money is it,kang kinsa ni kwarta
ang kending ito ay nagkakahalaga ng walumpung sentimos,this candy costs eighty cents,kani nga kendi kay tag sentabos
sa tingin ko iyan ang anong nangyari kay,i think that s what happened to,sa panan aw nako kay kana ang nahitabo kay
ginising niya ako nang maaga,he woke me up early,gipukaw ko niya og sayo
hindi ako pwedeng sumang ayon sa iyo tungkol dito,i can t agree with you on this,di ko pwede modapig nimo matod niini
anong mangyayari kung pipindutin natin ang boton na iyon,what happens if we press that button,unsay mahitabo kon pindton nato to nga boton
pinapalakas tayo ng gatas,milk makes us strong,ginapakusog ta sa gatas
ang mundo ay mas mapanganib kaysa sa aking inakala,the world is more dangerous than i thought,ang kalibutan kay mas delikado kaysa sa akong pagtuo
bumilang kayo mula isa hanggang isang daan,count from one to one hundred,pag ihap mo gikan sa uno hangtod sa usa ka gatos
punuin mo iyan pakiusap,fill it in please,punoa na palihog
gusto ko na magkaroon si ng isang kopya ng nobela ko,i want to have a copy of my novel,gusto na nako nga maadunay usa ka kopya si sa akoang nobela
talon kayo,you jump,lukso mo
mahal na mahal ko ang panganay na kapatid mong babae,i love your oldest sister very much,gihigugma gyud nako ang imong panganay nimo nga igsoon nga baye
kailangan kong gumising nang maaga bukas pwede mo akong tawagan alas seis,i have to get up early tomorrow can you call me at six,kinahanglan nako nga makamata og sayo ugma pwede ko nimo tawagan alas seis
dadating si pavel pagkatapos ng alas dos,pavel will arrive after two o clock,moabot si pavel pagkahuman og alas dos
alam kong mahal mo ako,i know you love me,alam kong gihigugma ko nimo
hindi ko alam anong nangyari sa iyo,i don t know what happened to you,wa ko kabalo unsa nahitabo sa imoha
nakasalamin siya,he is mirrored,nakasalamin siya
kung saan may usok may apoy,where there s smoke there s fire,kon naay aso naay kayo
eto ang batang lalaki,here is the boy,kani ang bata nga laki
nakatira siya sa isang mansyon,he lives in a mansion,nagpuyo siya sa usa ka mansyon
ako ay isang taong maingat,i am a careful person,ako kay usa ka tawo nga maampingon
pwedeng maghintay tayo nang kaunting sandali pa,can we wait a little longer,pwede maghulat ta og kadali nalang
ang mga batang kalalakihan ay may sari sariling bisikleta sa mga panahong ito,young men have their own bikes these days,ang mga bata nga mga laki kay naay sari sarili nga bisekleta karon nga mga panahona
akala ko nasa loob ka ng kwarto mo,i thought you were inside your room,abi nakog naa ka sa sulod sa imong kwarto
gusto ni na mawalan ng kaunting taba ngunit sa tingin ni hindi niya kailangang gawin iyon,wants to lose some fat but doesn t think she needs to,gusto ni na mawad an og gamayng taba pero sa panan aw ni di niya to kinahanglan nga buhaton
huwag kang umalis nang walang nakuha,don t leave without getting anything,ayaw og lakaw nga wa kay nakuha
uuwi ako sa bahay kasama ka,i will go home with you,muuli ko sa balay kauban ka
alam ni itay na sinira mo ang relo niya,did dad know you broke his watch,kabalo si itay nga giguba nimo iyang relo
balang araw makikita mo ako,one day you will see me,puhon makit an ko nimo
ito ang paaralan kung saan siya nagtuturo,this is the school where he teaches,kani ang eskwelahan kon asa siya nagatudlo
lahat ay nakatingin kay,everyone was looking at,ang tanan kay nakatan aw kay
hinding hindi ko kayo pagtataksilan,i will never betray you,dili gyud ta mo traydoron
isang lalaki ang nabundol sa harap ng bahay ko mismo,a man was hit right in front of my house,usa ka lalaki ang nabundol sa atubangan sa balay nako mismo
mag isa ako noon at hindi ko alam ang gagawin,i was alone and didn t know what to do,usa ra ko sauna ug wa ko kabalo unsa buhaton
may ilang mga hayop na kakaiba sa su,there are some animals that are unique to su,naay pila ka mga hayop nga katingad an sa su
hindi sila interesado sa ibang mga wika,they are not interested in other languages,di sila interesado sa ibang mga wika
kailangan mong umalis ngayon din,you have to leave right now,kinahanglan nimo nga molakaw karon dayun
isang sanggol ay natutulog sa kuna,a baby is sleeping in the crib,usa ka bata kay natulog sa kuna
huwag mong sabihin na ako ang nagsabi,don t say i said that,ayaw og ingna nga akong ang nag ingon
sinubukan niyang lutasin ang problema pero wala siyang swerte,he tried to solve the problem but he had no luck,gisulayan niya nga solbahon ang problema pero wala siyay swerte
ang pagtuturo sa mga bata ay hindi madali,teaching children is not easy,ang pagtudlo sa mga bata kay di dali
binigay namin ang mga aklat sa mag aaral,we gave the books to the students,gihatag namo ang mga libro sa mga estudyante
apat na buwan ko na hindi nakita si,i haven t seen in four months,upat ka bulan ko nga wala nakit an si
mabilis siyang matuto,he learns quickly,dali siya makatuon
bakit kinamumunghian ako ng lahat,why does everyone hate me,nganong gikontra ko sa tanan
gaano katagal,how long,unsa kadugay
ayaw kong magpustahan,i don t want to bet,di ko gusto mopusta
may kapatid na lalaki ka ba ana,do you have a brother ana,naa ba kay igsoon nga laki ana
sa mga pelikulang amerikano palaging nauunang namamatay ang negro,in american movies the negro always dies first,sa mga salida nga amerikano pirme una mamatay ang negro
kailangan mong mag aral tulad ng kapatid mong babae,you need to study like your sister,kinahanglan nimo magtuon parehas sa igsoon nimo nga baye
mas magaling maglaro ng chess si kaysa sa akin,plays chess better than me,mas maayo modula og chess si kaysa sa akoa
ang isang bundok ay hindi nangangailangang berde,a mountain does not need green,ang usa ka bukid kay di kinahanglan nga lunhaw
lahat ay nagsimula sa araw nang ako y isinilang,it all started the day i was born,tanan kay nagsugod sa adlaw nga ako kay gipanganak
sa tingin ko ako y nababaliw na,i think i m going crazy,sa panan aw nako kay naboang na ko
alam niya anong nararamdaman mo,does he know how you feel,kabalo siya sa imong gibati
saan na po kayo nakatira ngayon,where do you live now,asa na mo nagpuyo karon
sino iyong tumawag sa telepono,who did you call on the phone,kinsa tong nitawag sa telepono
gusto mong gawin iyan ngayon na,want to do that now,gusto nimo buhaton na karon dayun
iyan ay mura,that s cheap,kana kay barato
gusto kong makita anong nasa loob,i want to see what s inside,gusto nako makita unsay naa sa sulod
bigyan mo ako ng kalahating kilo ng mansanas,give me half a kilo of apples,tagae ko og tunga sa kilo nga mansanas
gusto ninyong sumayaw,do you want to dance,gusto ninyo mosayaw
hindi ko alam anong gagawin mula ngayon,i don t know what to do from now on,wa ko kabalo unsay buhaton sugod karon
namatay ang matanda kaninang umaga,the old man died this morning,namatay ang tigulang ganihang buntag
dumating ako sa tokyo tatlong taong nakalipas at mula noon dito na ako nakatira,i came to tokyo three years ago and have been living here ever since,niabot ko sa tokyo tulo ka tuig na niagi ug sugod ato diri na ko nagpuyo
sigurado akong pareho ang gagawin ni,i m sure would do the same,sigurado ko nga parehas ang buhaton ni
kung kaya hindi ako dumating kahapon,that s why i didn t come yesterday,kon kaya wa ko niabot gahapon
kailan kang natutong magmaneho,when did you learn to drive,kanus a ka nakabalo mag drayb
may mga tao kaya na hindi marunong kahit isang salitang ingles,are there people who do not know a single word of english,naa bay mga tawo nga wa kabalo bisan og usa ka sinultian nga ingles
ito ang unang beses na pinawisan ako nang husto,it was the first time i sweated so much,kani ang una nga higayon nga gipaningot ko og ayo
ang tanda niyo,your sign,mga tigulang na mo
humihitit siya ng isang sigarilyo pagkatapos mananghalian,he smokes a cigarette after lunch,nagahithit siya og usa ka sigarilyo pagkahuman og paniudto
ang aksidente ay nagdulot ng maraming kamatayan,the accident caused many deaths,ang aksidente ang hinungdan sa daghan nga kamatayan
mukhang tinakasan natin ang panganib,we seem to have escaped the danger,murag gitakasan nato ang kadelikado
tutulungan ko si,i will help,tabangan nako si
ang kesong ito ay gawa sa gatas ng kambing,this cheese is made from goat s milk,kani nga keso kay gibuhat sa gatas sa kanding
kahit isang lapis ay wala siya,he didn t even have a pencil,bisan usa ka lapis kay wala siya
may nakikita ka ba,do you see anything,naa ba kay nakit an
hindi ko alam na ganyan ka palang klaseng tao,i didn t know you were that kind of person,wa ko kabalo nga ing ana diay ka nga klase nga tawo
kasalanan ba kapag ako y bakla,is it a sin if i m gay,sala ba kon ako kay bayot
gabi ng sabado iyon ay este linggo,it was saturday night yes sunday,gabii to sa sabado ay di dominggo
lasing siya,he is drunk,hubog siya
hindi ko kayang maniwala diyan,i can t believe that,di nako kaya mutuo ana
isara mo ang mga mata hanggang sa sasabihin kong buksan,close your eyes until i tell you to open them,sirad e imong mga mata hangtod sa mag ingon nako nga ablihan
akala ko kinamumunghian mo si,i thought you hated,abi nako ginadumtan nimo si
ginagawa ko ang aking takdang aralin pagkatapos ng klase,i do my homework after school,ginabuhat nako akong asaynment pagkahuman sa klase
sige iiwanan na kitang mag isa,alright i ll leave you alone,sige biyaan na ta ka nga ikaw ra
mukhang musikero siya,he looks like a musician,mura siya og musikero
walang asong mas malaki kaysa dito,there is no dog bigger than this,walay iro nga mas dagko pa kaysa niini
nasa kama ang matanda,the old man is in bed,naa sa kama ang tigulang
amoy masarap ang pagkain,the food smells delicious,humot og lami nga pagkaon
hinding hindi kita pababayaan,i will never leave you,dili gyud ta ka pasagdan
marumi ang ref,the refrigerator is dirty,hugaw ang ref
wala siyang ginawang masama,he did nothing wrong,wala siyay gibuhat nga daotan
iniiwasan ka ni,is avoiding you,ginalikayan ka ni
inamin mong mali ka,you admit you were wrong,giangkon nimo nga mali ka
mag isa siyang gumising,he woke up alone,usa ra siya nimata
naiintindihan lahat ng mga bata,all children understand,nasabtan tanan sa mga bata
tinulungan nila siyang makapunta sa canada,they helped him get to canada,gitabangan nila siya nga makaadto og canada
sa nobyembre ang aking kaarawan,my birthday is in november,sa nobyembre akong adlaw nga natawhan
babalik siya pagkatapos ng tanghalian,he will be back after lunch,mobalik siya human sa paniudto
matatagalan ka ba sa pagdating,will it take you long to arrive,dugay ba ka moabot
buksan mo ang iyong puso,open your heart,ablihi imong kasingkasing
marunong magbasa ng alpabeto si ginoong legros nang pabaligtad,mr legros can read the alphabet upside down,kabalo magbasa og alpabeto si ginoong legros og pabaliktad
nagtawanan ang mga mag aaral,the students laughed,nagkinataw anay ang mga estudyante
iyan ay hindi masyadong importante,that s not very important,kana kay di masyado importante
ang anak kong babae ay may gusto sa pula ng itlog,my daughter likes egg yolks,ang anak nako nga babaye kay gusto ang pula sa itlog
ang pusa ay hindi sa akin,the cat is not mine,ang iring kay dili akoa
sila ay may isang buslong puno ng mansanas,they have a bush full of apples,naa silay buslo nga puno sa mansanas
wala siyang panahong maglaro ng baraha,he has no time to play cards,wala siyay higayon nga magdula og baraha
ambabaho nila,they stink,baho kaayo sila
may isang mansanas sa mesa,there is an apple on the table,naay usa ka mansanas sa lamesa
sobrang masaya siyang makita siya,he was very happy to see her,lipay kaayo siya nga makita siya
lumaki siya malapit sa dagat ngunit ayaw na ayaw niyang lumangoy,he grew up near the sea but he never wanted to swim,nidako siya duol sa dagat pero dili gyud siya molangoy
hindi pwedeng ihalo ang tubig at langis,water and oil cannot be mixed,di pwede isagol ang tubig ug lana
kailangan ninyo ng mga bagong sapatos,you need new shoes,kinahanglan ninyo og bag o nga sapatos
kailan ka babalik sa estados unidos,when are you coming back to the united states,kanus a ka mobalik sa estados unidos
hindi ko kailangan ng pera ngayon,i don t need money now,di nako kinahanglan og kwarta karon
nasa bahay sina at sa araw na ito,and are at home today,naa sa balay sila ug karong adlawa
sana ay sinunod ko ang mga payo ng doktor,i wish i had followed the doctor s advice,unta kay gisunod nako ang mga tambag sa doktor
ako y nawawala maari niyo ba akong tulungan,i m missing can you help me,nagaka wala wala ko pwede ba ko ninyo tabagan
marami pa ring gagawin,there is still much to do,daghan gihapon bulohatonon
ang aming aso ay narinig naming tumatahol nang magdamag,we heard our dog barking all night,ang amoang iro kay nadunggan namo nga samok tibuok gabii
magandang gabi mahal kong kaibigan,good evening my dear friend,maayong gabii akong pinalanggang higala
siya y nagsisinungaling,he is lying,nangatik siya
gaano katagal ang lipad,how long is the flight,unsa kadugay ang paglupad
pumuntang mangaso ang mga lalaki,the men went hunting,niadto og pangpangayam ang mga laki
okey lang ba kayong dalawa,are you two okay,okey lang ba mo duha
ibigay mo sa akin ang susi,give me the key,hatagan sa akoa ang susi
ang kamatis ay isang gulay hindi prutas,a tomato is a vegetable not a fruit,ang kamatis kay usa ka gulay di prutas
lumapag ang c,c lands,mitugpa na ang c
anong ginagawa mo sa linngo,what are you doing at linngo,unsay ginabuhat nimo sa dominggo
siya y malupit,he is cruel,isog siya
alisin mo siya dito,get him out of here,palakwa siya diri
kami ay humihinga ng malinis na hangin,we are breathing clean air,nagaginhawa mi og limpyo nga hangin
ang tatay niya ay namatay,his father died,namatay iyang amahan
ako ay nagmula sa kyoto,i am from kyoto,gikan ko sa kyoto
ayaw kong mabuhay,i don t want to live,di ko gusto mabuhi
ano ang iyong gagawin kapag hindi mo magagawa,what do you do when you can t,unsa imong buhatin kon dili nimo mabuhat
nawalan ng asawa si,lost his wife,nawad an og asawa si
sinabi ni na siya ay tatlumpung taong gulang,said he was thirty years old,nag ingon si nga siya kay ka tuig
huwag mahuli sa klase muli,don t be late to class again,ayaw na og ka leyt sa klase usab
ikwento mo sa akin ang istorya,tell me the story,iistorya sa akoa ang storya
ito ay isang retrato ng barkong sinakyan ko,this is a picture of the ship i was on,kani kay usa ka retrato sa barko nga akong gisakyan
huwag kang sumuko,don t give up,ayaw og undang
walang makakapagturo sa isang tao matututo lamang siya nang mag isa niya,no one can teach a person he can only learn on his own,walay makatudlo sa usa ka tawo makakat on ra siya nga siya ra
nais kong makita si g kosugi,i want to see mr kosugi,gusto nako makit a si g kosugi
ngayon ay ligtas na kayo,now you are safe,karon kay luwas na mo
kumuha ng isang taksi si para sa akin,got a cab for me,nikuha og usa ka takos si para sa akoa
nais kong mag almusal kasama ka,i want to have breakfast with you,gusto nako mamahaw nga kauban ka
sinusulat ko iyan sa ngalan ng ating mga kaibigang nasawi,i am writing that on behalf of our friends who lost their lives,gisulat nako na para sa atoang mga amigo nga nangamatay
habang ikaw ay narito ligtas ka,while you are here you are safe,samtang naa ka diri luwas ka
madilim na kaya umuwi na ako sa bahay,it was dark so i went home,ngitngit na maong niuli na ko sa balay
galit siya sa asawa niya,he is angry with his wife,nasuko siya sa iyang asawa
ano ang gustong malaman ng batang babae,what does the girl want to know,unsa ang gusto mabal an sa bata nga baye
ano ang gustong malaman ni,what does want to know,unsa ang gusto mabal an ni
kailan mong huling dinala ang mga bata sa tabing dagat,when was the last time you took the kids to the beach,kanus a nimo huli nga gidala ang mga bata sa baybayon
iniwan ko ang relo ko sa bahay,i left my watch at home,gibilin nako akoang relo sa balay
magpinsan sina at jane,and jane are cousins,magkatagsa sila ug jane
hindi na ako naniniwala sa kanya,i don t believe him anymore,di ko mutuo sa iyaha
hindi ninyo pwedeng samahan ang pasyente sa oras ng operasyon,you cannot accompany the patient during the operation,di ninyo pwede ubanan ang pasyente sa oras sa operasyon
nahihiya talaga ako sa sarili ko dahil sa aking ginawa,i m really ashamed of myself for what i did,naulaw gyud ko sa akong sarili tungod sa akong gibuhat
anong gusali iyon,what building is that,unsa to nga bilding
dinala mo na ba ang aso mo sa beach na ito,have you ever taken your dog to this beach,gidala ba nimo ang imong iro diri nga beach
saan siya pumunta,where did he go,asa siya niadto
gusto ng lahat ng isang reporma sa sistema ng edukasyon,everyone wants a reform in the education system,gusto sa tanan sa usa ka reporma sa sistema sa edukasyon
sa aling kama mong gustong matulog,which bed do you want to sleep in,sa unsa nga kama nimo gusto nimo matulog
sumang ayon siya sa aking ideya,he agreed with my idea,nisugot siya sa akong ideya
tumatalon ang batang babae,the girl is jumping,nagalukso lukso ang bata nga babaye
pumunta ako sa paliparan para magpaalam sa isang kaibigan,i went to the airport to say goodbye to a friend,niadto ko sa airport aron manamilit sa akong usa ka amigo
nagbabasa ako ng iilang aklat sa anak ko tuwing gabi,i read a few books to my son every night,nagabasa ko og pipila ka libro sa akong anak kada gabii
ang silyang gawa sa plastik ay mura,plastic chairs are cheap,ang lingkuranan nga gibuhat gamit ang plastik kay barato
isulat mo ang alpabeto sa malalaking titik,write the alphabet in capital letters,sulata ang alpabeto sa dako nga mga letra
gusto kong magbakasyon sa poland,i want to go on vacation to poland,gusto nako magbakasyon sa poland
kung gusto mong pumunta pumunta ka,if you want to go go,kon gusto nimo moadto adto
hindi ito bago,this is not new,di ni bag o
iyan ay mga aklat ko,those are my books,kana kay mga libro nako
kahit kailan ay hindi ako sasang ayon sa iyo kahit gaano pang makatuwiran ang iyong mga ideya,i will never agree with you no matter how reasonable your ideas are,bisan kanus a pa kay dili ko mouyon sa imo bisan unsa pa ka makatarunganon ang imohang mga ideya
tawagan mo ako mamaya okey,call me later okay,tawagi ko unya okey
sinasayang mo ang oras mo,you are wasting your time,giusik ra nimo imong oras
hindi ko pa nakita ang ganyang klaseng ibon kahit kailan,i have never seen such a bird before,wa pa nako ang ingun ana nga klase nga langgam bisan pa ug kanus a
ano ang gusto mong malaman tungkol sa aking trabaho,what do you want to know about my work,unsa ang imong mga masayran matod sa akong tarbaho
kalalaman lamang ni na siya ang tatay ni,only knows that he is s father,bag o ra nasayran ni nga siya ang amahan ni
nangisda ang tatay,dad went fishing,nangisda si tatay
alam ko na wala akong alam,i know that i know nothing,kabalo ko na wa ko kabalo
hindi marunong sumayaw si,can t dance,wa kabalo molangoy si
naging matalik na kaibigan sina at,and became best friends,nahimong suod nga mag amigo sila ug
alam ni ang katotohanan ngunit hindi niya pinahintulutang malaman ng iba na may alam siya,knew the truth but he didn t let others know that he knew,kabalo si sa tinuod pero wa niya gitugot nga mabal an sa lain nga kabalo siya
walang sinuman ang may gusto niyan,nobody likes that,walay bisan kinsa ang ganahan ana
huwag sobrang maniwala,don t believe too much,ayaw kaayo og tuo
sa tingin ko ay oras na para ipakita ko sa iyo kung paano ang tamang paggawa niyan,i think it s about time i show you how to do that the right way,sa panan aw nako kay oras na para ipakita nako sa imoha kon unsaon ang tama nga pagbuhat ana
lalakad ako,i will walk,molakaw ko
aalis ako,i m leaving,molakaw ko
ang nobya ko ay isang intsik,my girlfriend is chinese,ang akong uyab kay usa ka intsik
nag iwan ako ng isang mensahe para sa inyong lahat,i left a message for you all,nagbilin ko og usa ka mensahe para sa inyong tanan
paano namatay si,how did die,giunsa pagkamatay si
hindi ako marunong magsalita o magsulat sa wikang pranses,i can t speak or write french,wa ko kabalo magstorya o magsulat sa sinultian nga pranses
hinding hindi ko kayo sasaktan,i will never hurt you,dili ta gyud mo pasakitan
anong oras aalis ang tren papuntang boston,what time does the train leave for boston,unsa oras molakaw ang tren paadto sa boston
dalawang oras na akong nag aaral,i have been studying for two hours,duha ka oras na ko nag istudyo
sila y nagyakapan,they hugged,nag ginaksanay sila
siya ay lasinggera,he is drunk,sige siya og maoy
napakaganda ng panahon,the weather is beautiful,nindot kaayo ang panahon
sila y naging magkasintahan,they became lovers,nagkauyab sila
ang lakas lakas niya,his strength,kusgan kaayo siya
magkaka anak sina at,and will have a child,magka aduna og anak sila ug
kumakain ako ng kahit ano maliban sa sibuyas,i eat anything except onions,nagakaon ko og bisan og unsa gawas sa sibuyas
biglang naging mapukla ang mukha niya,suddenly his face turned pale,kalit namula iyang nawong
kailangan mo ba ng aming tulong,do you need our help,kinahanglan ba nimo among tabang
wala ni isa sa mga kotse ang sa akin,none of the cars are mine,wa ni usa sa mga kotse ang akoa
malapit na ang kaarawan ko,my birthday is coming up,hapit na akong adlaw nga natawhan
pwede mo ba sabihin sa akin kung bakit mo siya gusto,can you tell me why you like him,pwede ba nimo iingon nganong gusto nimo siya
huwag maging mahiyain,don t be shy,ayaw og magmaulawon
nagising ako nang alas singko,i woke up at five o clock,naggimata ko og alas singko
dito ba nakatira si ginoong,does mr live here,diri ba nagpuyo si ginoong
hindi ko alam saan ako maghihintay sa kanya,i don t know where to wait for him,wa ko kabalo asa ko maghulat sa iya
ako y lumalangoy sa karagatan,i am swimming in the ocean,ako kay nagalangoy sa kadagatan
ang problema ay ang bata bata mo pa,the problem is that you are still young,ang problema kay bata pa kaayo ka
pwede ba akong umupo sa tabi mo,can i sit next to you,pwede ba ko molingkod tapad sa imoha
nangyari na noon at posibleng mangyari muli,it has happened before and it may happen again,nahitabo na sauna ug posible nga mahitabo na sad ron
pwede kang umupo rito,you can sit here,pwede ka molingkod diri
isa lamang ang kunin ninyo,take only one,usa ra ang kuhaon ninyo
hindi masyadong naaarawan ang silid na ito,this room doesn t get much sunlight,di masyado masidlakan sa adlaw kaning kwartoha
kilala ng buong mundo ang kanyang pangalan,the whole world knows his name,ilado sa tibuok kalibutan ang iyang pangalan
mag uuwi ako ng maraming pagkain,i will bring home a lot of food,magdala ko og daghan nga pagkaon
pwede kong gamitin ang banyo,can i use the bathroom,pwede nako gamiton ang banyo
nagkakahalaga ng malaki ang relos na ito,this watch is worth a lot,mahal ning reloha
pwede mo akong tawagan kahit anong oras,you can call me any time,pwede ko nimo tawagan bisan unsa nga oras
kopyahin mo ang adres ni para kay,copy s address for,kopyaha ang adres ni para kay
ako y mataba,i am fat,tambok ko
kapag ayaw ng isa ang dalawa y hindi mag aaway,when one doesn t want to the two won t fight,kon di gusto sa isa mag away ang duha
gusto ko ng kulay na pula,i like the color red,gusto nako og kolor nga pula
parang nakakita ng isang multo si jody,jody seemed to see a ghost,murag nakakita og usa ka multo si jody
ikaw ay kaibigan ko,you are my friend,amigo ta ka
hindi mo na nilalaro ang mga laruan na iyan,you don t play with those toys anymore,wa na nimo gidulaan kanang mga dulaan
siguro dapat na nating ipamigay ang mga iyan,maybe we should give those away,siguro angay na nato na ipanghatag
sino ang nakakita ng isang nawawalang aso,who found a lost dog,kinsay nakakita og usa ka nawala nga iro
naliligo ang tatay ko bago maghapunan,my father takes a bath before dinner,nagaligo akong amahan bag o manihapon
hinuhugas ko ang kamay ko dahil marumi,i wash my hands because they are dirty,ginahugasan nako akong kamot tungod kay hugaw
una ay gusto kong sabihin mo sa akin paano ka dumating doon,first i want you to tell me how you got there,una kay gusto nako nga iingon nimo sa akoa giunsa nimo pagka adto didto
sabihin ninyo sa kanya ang totoo iyon lang,tell him the truth that s all,ingna ninyo sa iyaha ang tinuod kana ra
ako y naninirahan dito nang maraming taon na,i have lived here for many years,nagpuyo ko diri og daghan nang mga tuig
paalam sayoko,goodbye sayoko,manamilit ko sayoko
sa aking pagkaka alam siya ay hindi kasal,as far as i know he is not married,sa akong nabal an di pa siya kasal
saan ko kayo matatagpuan,where can i find you,asa mo makita
bumisita sa okinawa ang presidente ng pransiya,the french president visited okinawa,nibisita sa okinawa ang presidente sa pransiya
kailangan kong sipilyuhin ang aking ngipin,i have to brush my teeth,kinahanglan nako sipilyohan ang akoang ngipon
kailangan ni na tumakbo nang mabilis,needs to run fast,kinahanglan ni nga modagan og paspas
maraming bulaklak sa hardin,lots of flowers in the garden,daghang bulak sa tanmanan
kailangan mong ensayuhin ang iyong biyolin araw araw,you need to practice your violin every day,kinahanglan nimo ensayohon ang imong biyolin adlaw adlaw
kapag labis kang kumain tataba ka,when you eat too much you will gain weight,kon grabe ka pakaonon motambok ka
walang usok kung walang apoy,there is no smoke without fire,way aso kon way kayo
kailangang kumpunihin ang bisikletang ito,this bike needs repair,kinahanglan ayoson ning bisekleta
kumuha ng dalawang pasahero ang taksi,the cab took two passengers,nikuha og duha kabuok nga pasahero ang taksi
may isang langaw sa kisame,there is a fly on the ceiling,naay usa ka langaw sa kisame
napakaluma ng mga librong ito,these books are very old,daan na kaayo ning libroha
bakit ayaw mo ng pagkain mo sobrang anghang,why don t you like your food too spicy,nganong di ka gusto sa imong pagkaon grabe ka halang
ang pangalan ko ay sally,my name is sally,ang akong ngalan kay sally
marami akong natutunan mula sa iyo,i learned a lot from you,daghan kaayo ko natun an gikan sa imoha
ikinasal ang nanay ko noong siya ay taong gulang,my mother got married when she was years old,gikasal akong nanay tong pa lang iyang edad
ambabata pa nila,they are still young,mga bata pa kaayo sila
ang tubig ng gripo ay mapanganib,tap water is dangerous,ang tubig sa gripo kay delikado
lahat ng mga bansa ay may pambansang bandila,all countries have a national flag,tanan sa mga nasud kay naay mga sarili nga bandila
ako y malaya na ngayon,i am free now,libre na ko karon
hindi pinapakain ni ang kanyang aso sa umaga sa gabi lamang,doesn t feed his dog in the morning only at night,wa ni ginapakaon iyang iro sa buntag sa gabii ra
hindi ko mahanap si umalis na ba siya,i can t find has he left,di nako makita si nilakaw na ba siya
nagmukhang galit si grace,grace looked angry,murag nasuko si grace
mas maraming babae kaysa lalaki sa kumpanyang ito,there are more women than men in this company,mas daghang babaye kaysa sa lalaki diri a nga kompanya
sasabihin ko sa tatay ko,i will tell my father,iingon nako sa akong amahan
ang pagtulong at paghimok sa kalaban ay itinuturing pagtataksil,aiding and abetting the enemy is considered treason,ang pagtabang ug pagdani sa kalaban kay ginaingon nga pagtraydor
ika y isang taksil,you are a traitor,traydor ka
ako y nanatili,i stayed,nagpabilin ko
saan siya nanggaling,where did he come from,asa siya gikan
nasa simbahan siya ngayon,he is in church now,naa siya sa simbahan karon
kinailangan kong mag overtime kahapon,i had to work overtime yesterday,gikinahanglan nako mag overtime gahapon
oras na para umuwi sa bahay,it s time to go home,oras na aron muoli sa balay
kinailangan kong gumising nang maaga,i had to wake up early,kinahanglan nako mobakod og sayo
nakita ko siyang tumalon,i saw him jump,nakita nako siya nga nilukso
labas ayaw ko kayong makausap,out i don t want to talk to you,gawas di ta mo gusto storyahon
ingat,take care,amping
sila y lumangoy,they swam,nilangoy siya
malapit ang pransiya sa alemanya,france is close to germany,duol ang pransiya sa alemanya
sabihin mo sa ibang paraan,say it another way,ingna sa laing pamaagi
sana ay malakas ang memorya ko,i hope my memory is strong,unta kay kusog memorya nako
ako y musikero,i am a musician,musikero ko
kakain si pagkarating niya sa bahay,will eat when he gets home,mokaon si inig abot niya sa balay
nahihiya si sa kanyang ginawa,is ashamed of what he did,naulaw si sa iyang gibuhat
ito y isang ospital,this is a hospital,kani kay usa ka ospital
taos puso ko kayong pinasasalamatan,i sincerely thank you,kinasing kasing akong pagpasalamat sa inyo
hindi ko iiwanang bukas ang pinto,i won t leave the door open,di nako biyaan nga abli ang pultahan
nabubuhay siyang mag isa,he lives alone,nabuhi siya nga nag inusara
sa tingin ko y mali ka,i think you are wrong,sa panan aw nako kay mali ka
saan nakatira si,where does live,asa nagpuyo si
nakaputi ang nars,the nurse is in white,nakaputi ang nars
lahat ay may halaga,everything has value,tanan kay naay importansya
magagawa ko lahat iyan nang mag isa,i can do it all by myself,mahimo nako na tanan nga ako ra
nakinig siya sa akin nang nakaupo sa silya,he listened to me while sitting on the chair,naminaw siya sa akoa tong nakalingkod na siya sa lingkuranan
alam nila kung sino ka,they know who you are,kabalo sila kon kinsa ka
parang ayaw kong magtrabaho,i don t want to work,murag di nako gusto manarbaho
ano kaya kung pumunta tayo sa sinehan,what if we go to the cinema,unsa kaha kon moadto ta sa sinehan
maagang gumigising ang aking lolo,my grandfather wakes up early,sayo nimata akong lolo
ipinagbabawal ang pagpaparke rito,parking is prohibited here,ginabawal ang pag grahe diri
hindi mo alam kung gaanong pagod na ako sa lahat ng mga reklamong ito,you have no idea how tired i am of all these complaints,wa ka kabalo kon unsa ko kakapoy sa tanan aning reklamoha
dumating kami sa lisboa bago ang pagsikat ng araw,we arrived in lisbon before sunrise,niabot mi sa lisboa ang pagsinag sa adlaw
hindi mo alam kung nasaan na siya,you don t know where he is,wala ka kabalo kon asa na siya
si g tanaka ay isa sa aming mga kaibigan,mr tanaka is one of our friends,si g tanaka kay usa sa amoang mga higala
gusto kong maniwala diyan,i want to believe that,gusto nako mutuo ana
pakiulit pwede sobrang ingay na hindi ko naririnig,please repeat can you it was so loud that i couldn t hear it,pausab pwede banha kaayo nga wa koy nadunggan na nuon
nagbanta siyang kunin ang lahat ng mayroon ako,he threatened to take everything i had,naghulga siya nga kuhaon niya ang tanan nga naa ko
kumakain ng karne ang leyon,the lion eats meat,nagakaon og karne ang leyon
pupunta sa aming lungsod ang bandang iyon bukas,that band is coming to our city tomorrow,moanhi sa among lungsod ang kato nga banda ugma
lumaki ako sa bahay na iyan,i grew up in that house,nidako ko dirang balaya
nakikita ko sina at,i see and,nakita nako sila ug
ang mahal nito,it s expensive,mahal kaayo ni
pinakain ni ang pusa ng mga kapitbahay habang sila y wala,fed the neighbors cat while they were away,gipakaon ni ang iring sa mga silingan samtang wa sila
kailan magwawakas,when will it end,kanus a mahuman
hindi ko alam ano iyan,i don t know what that is,wa ko kabalo unsa na
walang nakapagsabi kung nasaan siya,no one could tell where he was,walay nakaingon kon asa siya
tulad ko alam mo na mamamatay tayo rito,like me you know we re going to die here,parehas nako kabalo ka nga mangamatay na ta diri
kailangang isauli ang librong ito sa totoong may ari,this book must be returned to its rightful owner,kinahanglan nga iuli kining libroha sa tinuod nga tag iya
handa na ba kayo,are you ready,andam na ba mo
sinabi ko sa iyo na hindi gagana,i told you that wouldn t work,giingnan ta ka nga di mogana
kailan mong nais mag umpisa,when do you want to start,kanus a nmo gusto magsugod
hinahanap ko ang isa sa aking mga kaibigan,i m looking for one of my friends,ginapangita nako ang usa sa akong mga amigo
siguro siya y mali,maybe he is wrong,sgiuro mali siya
walang hanggan ang leksiyong ito,this lesson is timeless,walay katapusan ning leksyona
tinanong ko siya ng isang mahirap na tanong,i asked him a difficult question,gipangutana nako siya og lisod nga pangutana
ang selpong iyan ay napakamahal,that cell phone is very expensive,kana nga selpon kay mahal kaayo
sinabi niya sa lahat sa paaralan,he told everyone at school,giingon na niya ang tanan sa eskwelahan
hindi umiinom ng kape si,doesn t drink coffee,di nagainom og kape si
iyon ay kapitbahay namin,that is our neighbor,silingan namo to
sinong may sumasakit na ngipin ay pupunta sa dentista,who has a toothache goes to the dentist,kinsay naa nagasakit nga ngipon kay moadto sa dentista
siya ay may sulat kamay na hindi mababasa,he has illegible handwriting,siya kay naay sinulatan nga di mabasa
hindi ako mahilig sa manok,i don t like chicken,di ko hilig og manok
hindi ko nahahanap ang mga susi ko,i can t find my keys,di nako mahanapan ang akong mga susi
pwede kong hawakan ang buhok mo,can i touch your hair,pwede nako magunitan ang buhok nimo
ang mercury ay ang pinakamalapit na planeta sa araw,mercury is the closest planet to the sun,ang mercury ang pinakaduol nga planeta sa adlaw
alam mo kung kailan sila darating,do you know when they will arrive,kabalo ba ka kanus a sila moabot
sinabi ni na minahal niya si,said he loved,giingon ni nga gihigugma niya si
ako ay taba,i am fat,tambok ko
kakaalis ko lamang sa bahay nang nag umpisang umulan,i had just left the house when it started to rain,bag o ra ko nilakaw sa akong balay nga nisugod na og ulan
nakakabigo kung hindi masabi ang anong gustong sabihin,it s frustrating not being able to say what you want to say,makaguol kon di maingon ang gusto nga iingon
naniniwala siya sa kanya,he believed in her,nituo siya sa iyaha
kumain si nang mabilis,ate quickly,nikaon si og paspas
gusto mong umalis o manatili sa bahay,do you want to leave or stay at home,gusto nimo molakaw o magpabilin sa balay
para sa akin kahit ano na,for me whatever,para sa akoa bisag unsa ra
nagsitinginan sina at,and looked at each other,nagtinan away sila ug
ang bakasyon ay mainam para sa mga taong nababagot sa buong taon,vacation is ideal for people who are bored all year round,ang bakasyon ky angay sa mga tawo nga gipanglaay tibuok tuig
sinabi niya na pwede niyang gawin ngunit hindi niya sinabi kung paano,he said he could do it but he didn t say how,giingon niya nga di niya pwede buhaton pero wa niya giingon kon unsaon
naghihintay sila sa balkonahe hanggang titigil ang ulan,they wait on the balcony until the rain stops,naghulat sila sa balkonahe hangtod nga muhunong ang ulan
madali ang pagbiyahe sa panahon natin ngayon,traveling is easy nowadays,dali ra ang pagbiyahe sa panahon nato karon
sinasabi ng mga tao na ang krisis ay tapos na,people say the crisis is over,gina ingon sa mga tawo nga ang krisis kay human na
hindi ako ulyanin,don t let me down,di ko malimtanon
ang babaeng nakaputi ay nobya ko,the girl in white is my girlfriend,ang baye nga nakaputi kay uyab nako
huwag kumain na parang baboy,don t eat like a pig,ayaw og kaon nga murag baboy
sila ay may sariling kultura,they have their own culture,naa silay sarili nga kultura
hindi ka sumagot sa akin,you didn t answer me,wa ka nitubag sa akoa
iwanan mo ako nang mag isa,leave me alone,biya e ko nga ako ra
hindi alam ni kung anong kanyang aabangan,didn t know what to expect,wa kabalo si kon unsa iyang hulatan
saan na,where is it,asa na
nag atubili ang lahat,everyone hesitated,nag duhaduha ang tanan
ang dalawang magkapatid ay parehong musikero,the two brothers are both musicians,ang duha ka managsuon kay pareho nga musikero
wala siyang kaibigan,he has no friends,wala siyay amigo
gustong maramdaman ng mga tao na sila ay ligtas,people want to feel that they are safe,gusto mabati sa mga tawo nga sila luwas
hinding hindi ko malilimutan ang iyong kabaitan,i will never forget your kindness,dili gyud nako malimtan ang imong kabuotan
ang nais ko ay matuto ng pagpipinta sa paris,what i want is to learn painting in paris,ang gusto nako kay makabalo og pagpinta sa paris
hindi madaling magsalita ng isang wikang banyaga,it is not easy to speak a foreign language,di dali magsulti og usa ka wika nga banyaga
nagulantang ang lahat nang nalaman nila na ang babeng alipin ay isang totoong prinsesa,everyone was shocked when they found out that the slave girl was a real princess,nakugaan ang tanan inig kabalo nila nga ang babaye nga mutsatsa kay usa ka prinsesa
may nangyaring nakakahiya sa nakaraang linggo,something embarrassing happened last week,naay nahitabo nga makaulaw sa niagi nga semana
ayaw ko na sa iyo,i don t want you anymore,di na ko nimo
huwag kang umalis,don t leave,ayaw og lakaw
bukas ang bintana,the window is open,abli ang bintana
sa iyo na ang sukli,the change is yours,imoha na ang sukli
hinugas mo lahat,did you wash everything,gihugasan nimo tanan
bakit ito nangyari,why did this happen,nganong nahitabo ni
tingnan mo ito,check it out,tan awa ni
ikandado mo ang pinto,lock the door,sirado e ang pultahan
o aking puso,oh my heart,o akoang kasingkasing
siya ay maganda tulad ng isang rosas,she is beautiful like a rose,gwapa siya sama sa usa ka rosas
kumusta ang iyong pamilya,how is your family,kumusta ang imong pamilya
huwag kalimutang magdala ng isang kamera,don t forget to bring a camera,ayaw og kalimti nga magdala og usa ka kamera
hindi ko alam kung magkakaroon ako ng panahon para gawin iyan,i don t know if i will have time to do that,wa ko kabalo kon naa ba koy panahon nga buhaton kana
kapag pwede ka sama ka sa amin,when you can come with us,kon pwede ka uban sa amoa
tamad ang aking asawa,my husband is lazy,tapulan akong asawa
ang roma ay nasa italya,rome is in italy,ang roma kay naa sa italya
kahit na vegetarian ang kaibigan ko hindi ko sinabi sa kanya na may karne ang sopas,even though my friend is a vegetarian i didn t tell him that the soup had meat in it,bisan nga vegetarian akong amigo wa nako giingon sa iyaha nga naay karne ang sopas
matalino siya ngunit kahit ganyan siya ayaw ko sa kanya,he s smart but even so i don t like him,utokan siya pero bisan ing ana siya kay di ko niya
nasaan ka kagabi,where were you last night,asa ka gabii
kapag uulan ng niyebe hindi makakalipad ang mga eroplano,when it snows planes can t fly,kon muulan og niyebe di makalupad ang mga eroplano
sinabi niya sa kanya na siya ay masaya,he tells her that he is happy,giingon niya sa iyaha na siya kay malipayon
mananatili ako rito gaya ng sabi ng bosing ko,i will stay here as my boss said,magpabilin ra ko diri sama sa giingon sa akong bossing
pakiusap huwag kayong manood ng telebisyon,please don t watch television,palihog ayaw kamo og tan aw og telebisyon
ayaw ko ng tsokolate,i don t like chocolate,di ko og tsokolate
noong siya ay nasa aking bahay tumayo siya nang isang buong oras sa may bintana,when he was at my house he stood for a whole hour by the window,katong naa siya sa akoang balay nitindog siya og usa ka oras dapit sa bintana
kailangan nating magmadali,we have to hurry,kinahanglan nato magdali
interesado ka bang matutuo ng wikang aleman,are you interested in learning german,interesado ba ka nga makabalo og sinultian nga aleman
mas mabuti ito,this is better,mas maayo ni
nagbayad ako sa kanya ng apat na dolyar,i paid him four dollars,nagbayad ko sa iyaha og upat ka dolyar
bilisan mo kapag hindi ka tatakbo mahuhuli tayo,hurry up if you don t run we ll be caught,dalii kon di ka mudagan masakpan ta
hiniram ko itong aklat mula sa kanya,i borrowed this book from him,gihulman nako ning libro gikan sa iyaha
iyan ay isang magandang balita para sa akin,that s good news for me,kana kay usa ka nindot nga balita para sa akoa
hoy madaya iyan,hey that s tricky,hoy tikas na
sumakit ang ulo niya,he had a headache,nisakit iyang ulo
karamihan sa mga babae ay mahilig sa pag shopping,most women love shopping,kadaghanan sa mga babaye kay hilig og shopping
paluin mo siya gamit ang walis,beat him with the broom,bunali siya gamit sa walis
sunog ang sigaw niya,fire he shouted,sunog iyang gisyagit
hindi ko pwedeng sabihin sa iyo ang totoo,i can t tell you the truth,di nako pwede iingon sa imoha ang tinuod
gusto mong sabayan ako sa pananghalian,do you want to join me for lunch,gusto ba ko nimo ubanan sa pagpaniudto
nagawa natin,we did it,nabuhat nato
gumamit ng katas ng limon imbes na suka,use lemon juice instead of vinegar,nigamit og katas sa limon imbis nga suka
walang maraming sinabi si g william,mr william didn t say much,walay daghan nga gisulti si g william
isang oso ang sumulat sa istorya,a bear wrote the story,usa ka oso ang magsulat og istorya
pulis ka ba,are you a policeman,pulis ba ka
hindi bakit mo tinatanong,nope why do you ask,dili nganong napangutana nimo
hulihin ninyo sila bago nila tayo hulihin,catch them before they catch us,dakpa ninyo bag o ta nila dakpon
palaging nagdadala si ng pagkain na higit pa sa kaya niyang kainin,always brought more food than she could eat,pirme magdala si og pagkaon nga mas daghan pa sa iyang kaya nga kaonon
nagtatago ang araw sa likod ng mga ulap,the sun hides behind the clouds,nagatago daw ang adlaw sa likod sa mga panganod
basahin mo ang aklat na ito,read this book,basaha ning libroha
kaunting gutom pa ako,i m still a little hungry,gutom ko gamay
gumawa ako ng isang desisyon,i made a decision,nihimo ko og usa ka desisyon
umalis ang tao sa lungsod,the man left the city,nilakaw ang tawo sa lungsod
tinutulungan nila ang isa t isa,they help each other,ginatabangan nila ang usa g usa
wala kaming pasok sa araw na ito,we don t have school today,wala mi klase karong adlawa
kailangan mong mag isip nang mabuti bago umoo sa kanya,you need to think carefully before settling down with him,kinahanglan nimo mag hunahuna og maayo ba o mu oo sa iyaha
at kung sinabi kong hindi,and if i said no,ug kon giingon nako nga dili
araw araw akong nanananghalian sa restawran na iyon,i have lunch at that restaurant every day,adlaw adlaw ko naniudto didto nga restawran
hindi ko pwedeng sabihin sa iyo anong sinabi ni sa akin,i can t tell you what told me,di nako pwede iingon sa imoha ang giingon sa akoa ni
hindi pwedeng maging totoo ang ganyang mga bagay,such things cannot be true,di pwede mahimong tinuod ang mga ing ana nga mga butang
payat ako,i m thin,niwang ko
ako y payat,i am thin,ako kay niwang
kunwari ikaw ay nasesante ano ang una una mong gagawin,pretend you are sane what will you do first,kontahay nawad an ka g tarbaho unsa imong una nga buhaton
sasama ka sa amin,will you come with us,mouban ka sa amoa
hindi mo magugustuhan ang larong iyan,you won t like that game,di ka maganahan kanang dulaa
hindi ako nagsasalita ng kastila,i don t speak spanish,wa ko nagastorya og kastila
may kilala ba kayong isang g green,do you know a mr green,naa ba mo kaila nga usa ka g green
halos puno ang kahong iyan,that box is almost full,halos puno na nga kahoy
ipinanganak ako roon,i was born there,gihimugso ko didto
alam ko talaga iyan,i really know that,kabalo gyud ko ana
mangangaso ako,i will hunt,mangangayam ko
kanino ka sumama,who did you go with,kay kinsa ka niuban
ano ang aking kinalaman diyan,what does that have to do with me,unsay labot nako ana
pero may nangyaring hindi inaasahan,but something unexpected happened,pero naay nahitabo nga wa gipaabot
ang musika ay isang wikang naiintindihan ng lahat ng tao,music is a language that everyone understands,ang musika kay usa ka inistoryahan nga masabtan sa tanang tawo
siya y umiinom ng isang baso ng tubig kada umaga,he drinks a glass of water every morning,naga inom siya ig usa ka baso sa tubig kada buntag
kilala ba kita,do i know you,kaila ba ta ka
dilaw ang mga iyon,they are yellow,mga dalag to
ito ay isang leyon,it is a lion,kani kay usa ka leyon
hindi ko naintindihan ang ibig sabihin,i didn t understand the meaning,di nako masabtan ang buot pasabot
bibigyan ko ng isang kompyuter ang aking anak na lalaki sa katapusan ng buwan,i will give my son a computer at the end of the month,tagaan nako og usa ka kompyuter ang akong anak nga laki sa katapusan sa bulan
kaunti na lamang ang asukal sa garapon,there is only a little sugar left in the jar,gamay na lang ang asukar sa garapon
inakala mo ba na ako y nagbibiro,did you think i was joking,pagtuo ba nimo nangatik ra ko
ang kalusugan ang lahat sa akin,health is everything to me,ang kahimsog ang tanan sa akoa
yinakap niya ako nang mahigpit,he hugged me tightly,gigakos ko niya og taman
maraming mag aaral ang hindi pumasok sa araw na ito,many students did not come to school today,daghang mga estudyante nga wa nisulod karong adlawa
kahit kailan ang mga balita ay hindi nagsasabi ng totoo at ang katotohanan ay hindi kailanman magiging balita,news never tells the truth and the truth will never be news,bisan pa kanus a ang mga balita kay di naga ingon og tinuod ug ang tinuod dili gyud mamahimo nga balita
may garahe ba ang bahay,does the house have a garage,naa bay garahe ang balay
ulitin mo isang beses pa,repeat one more time,utroha kausa pa
maaari mo ba akong tulungan hanapin ang walet ko,can you help me find my wallet,pwede ba ko nimo tabangan og pangita sa akoang walet
dapat mong makita para maniwala,you must see to believe,dapat nimo nga makita aron nga mutuo ka
nakagawian na ng mga sundalo ang panganib,soldiers are used to danger,naandan na sa mga sundalo ang kadelikado
paumanhin pero saan na ang mga itlog,excuse me but where are the eggs,pasayloa pero asa na ang mga itlog
sa tingin ko nga,i think so,sa panan aw gani nako
may nakita akong isang magandang ibon,i saw a beautiful bird,naa koy nakit an nga nindot nga langgam
gusto kong kausapin ang tito mo,i want to talk to your uncle,gusto nako istoryahon ang imong uyoan
naiintindihan mo ba,do you understand,nasabtan ba nimo
magandang gabi matulog ka nang mahimbing,good evening sleep well,maayong gabii katog og lawom kaayo
at sa wakas biyernes na,and finally it s friday,biyernes na gyud
marami ang aking nakain kaninang umaga,i ate a lot this morning,daghan kong nakaon ganihang buntag
posibleng uulan muli,chance of rain again,posible nga muulan na sad
darating siya rito sa ilang sandali,he will be here shortly,moabot siya diri taod taod
kapag hindi siya pupunta hindi rin ako pupunta,if he doesn t go i won t either,kon di siya moadto di sad ko moadto
ang bata bata mo pa para bumiyahe nang mag isa,you are too young to travel alone,bata pa kaayo ka aron mobiyahe nga ikaw ra
kailangan mong sumama sa akin,you have to come with me,kinahanglan nimo nga mouban nako
proprotektahin ka niya,he will protect you,protektahan ka niya
hindi sumasang ayon si kay,disagrees with,wa niuyon si kay
sino ang nagtatago sa likod ng mga kurtina,who is hiding behind the curtains,kinsa ang nagtago sa likod sa kurtina
imbitado ako sa kanyang kasal,i was invited to his wedding,imbitado ko sa iyahang kasal
ben ikaw ang maghuhugas ng mga pinggan,ben you wash the dishes,ben ikaw na og hugas og mga plato
ako ay isang kaibigan ni roberts,i am a friend of roberts,ako kay usa ka amigo ni roberts
kamukhang kamukha niya ang kanyang nanay,she looks exactly like her mother,kanawong gyud niya iyang nanay
siya ay may dalawang pusa,she has two cats,naa siyay duha ka iring
ang isa ay itim at ang iba ay puti,one is black and the other is white,ang usa kay itom ug ang uban kay puti
ako y may martilyo at hindi ako natatakot na gamitin ito,i have a hammer and i m not afraid to use it,naa koy martilyo ug wa ko nahadlok nga gamiton kini
hinalal namin si para maging kapitan,we elected to be captain,gibotohan namo si aron mahimong kapitan
nag aalmusal ka ba sa bahay,do you have breakfast at home,nagapamahaw ba ka sa balay
ang lalaking iyon ay kumain ng tinapay,that man ate bread,kato nga laki kay nikaon og pan
alam kong ayaw mo sa akin,i know you don t like me,kabalo ko nga di ka nako
may pakialam ka ba sa anong iniisip ng ibang tao tungkol sa iyo,do you care what other people think about you,naa ba kay pakialam sa ginahunahuna sa laing tawo sa imoha
kumakain ako ng isang mansanas,i eat an apple,nagakaon ko og usa ka mansanas
kapag nalaman niya ang totoo sasabihin niya sa atin,when he finds out the truth he will tell us,kon nabal an niya ang tinuod iingon niya sa atoa
sumigaw siya ng layas,he shouted get away,nisyagit siya og layas
hindi tayo masyadong nakakasiguro,we can t be too sure,di kaayo ta makasiguro
nilinis ni ang kanyang salamin,cleaned his glasses,gilimpyohan ni iyang antipara
tanungin ninyo si trang kung lalabas siya ngayong gabi,ask trang if she s coming out tonight,pangutanaha si trang kon mogawas siya karong gabii
dapat kang maging masaya para kay,you should be happy for,angay ka nga malipay para kay
ang diksyunaryong nasa ibabaw ng mesa ay kay,the dictionary on the table is s,ang diksyunaryo sa igbabaw sa lamesa kay kang
ang laki ng gusaling ito,the size of this building,dako ning bilding
akala ko umalis ka,i thought you left,abi nako nilakaw ka
lahat ay nangyayari nang may dahilan,everything happens for a reason,nahitabo ang tanan nga naay rason
sa bansang hapon halos lahat ng pamilya ay may isang washing machine,in japan almost every family has a washing machine,sa nasud nga hapon halos tanan pamilya kay naay usa ka washing machine
kami y sumasang ayon,we agree,niuyon kami
ang langit ay maulap at uulan,the sky is cloudy and rainy,ang langit kay dug om ug muulan
uminom ako ng tubig dahil nauuhaw ako,i drank water because i was thirsty,niinom ko og tubig kay giuhaw ko
nasugatan ang lolo ko sa digmaan,my grandfather was injured in the war,nasamaran ang lolo nako sa gubat
inalagaan tayo ng ating mga magulang at ngayon tayo naman ang aalaga sa kanila,our parents took care of us and now we take care of them,gialagaan ta sa atong mga guinikanan ug karon kita na sad ang moalaga sa ilaha
pumuntang bumili kasama ang kapatid kong lalaki ang nanay ko,my mother went shopping with my brother,niuban og palit akong igsoon nga laki sa akong inahan
ano ang nahanap mo,what did you find,unsa imong nakit an
buhay na buhay ang mga pusa sa gabi,cats are very lively at night,buhi kaayo ang mga iring sa gabii
kayraming iba t ibang tao sa europa,there are so many different people in europe,daghan kaayong lain lain nga tawo sa europa
tinanggap ni ang alok ni na sabayan siya sa hapunan,accepts s offer to accompany him to dinner,gidawat ni ang tanyag ni nga ubanan siya sa panihapon
umawit ka ng kahit ano pakiusap,sing anything please,kanta og bisan unsa palihog
sino ang babae sa larawan,who is the woman in the picture,kinsa ang babaye sa piktsyur
sinadya niyang magkamali,he intended to make a mistake,gituyo niya nga mosipyat
tumigas ang tinapay,the bread hardens,nigahi ang pan
piniktyuran niya ang magandang tanawin,he painted the beautiful scenery,gipiktyuran niya ang nindot nga talan awon
si mike ito nariyan ba si hiroshi,this is mike is hiroshi there,si mike ni naa ba dira si hiroshi
umulan nang malakas na malakas mga kalahating oras,it rained heavily for about half an hour,niulan og kusog kaayo mga tunga sa oras
si obama lamang ang nakakaalam niyan,only obama knows that,si obama lang ang nakabalo ana
hindi kailangang mag alala ni,needn t have worried,di kinahanglan mabalaka ni
walang masamang magaganap,nothing bad will happen,walay maot nga mahitabo
hinuli ko ang lahat ng mga paruparong iyan,i caught all those butterflies,gidakop nako tanan na nga alibangbang
may dahilan ba ang iyong pagtatanong,is there a reason for your question,naa bay rason imong pagpangutana
nakita ko ang lahat ng gusto kong makita,i saw everything i wanted to see,nakit an nako tanan ang gusto nako nga makit an
ako y ikakasal sa darating na linggo,i m getting married next sunday,kaslon nako sa umaabot nga dominggo
sinubukan niyang magpakamatay,he tried to commit suicide,gisulayan niya nga magpakamatay
tayo y nakatira sa daigdig,we live in the world,nagpuyo ta sa kalibutan
tayo y nakatira sa lupa,we live on earth,nagpuyo ta sa lupa
narinig ko ang mga batang kumakanta nang sabay sabay,i heard children singing in unison,nadunggan nako ang mga bata nga dungan nikanta
akin na ang mga papeles mo,i have your papers,akoa na imohang mga papeles
ipinakilala niya ako sa kanya sa parti,he introduced me to him at the party,gipa ilaila ko niya sa iyaha sa parti
tulog na tulog ang bata,the child is fast asleep,tog kaayo ang bata
ilan pa ang kailangan kong bilangin,how many more do i need to count,pila pa ang kinahanglan nako nga iphon
mabilis na tumitibok ang aking puso,my heart was beating fast,kusog nga nipitik akong kasingkasing
ang babaeng malungkot at matindi ang pag iyak ay kinuwento ang kanyang istorya,the sad and crying woman told her story,ang babaye nga magul anon ug grabe ang paghilak kay giistorya ang iyang storya
ang mga magulang ang responsable sa pagpapa aral ng mga anak nila,parents are responsible for their children s education,ang mga guinikanan ang responsable sa pagpa eskwela sa ilang mga anak
kailangan nating tawagan ang pulisya,we need to call the police,kinahanglan nato tawagan ang pulis
patawarin niyo kami sa aming mga kasalanan,forgive us for our sins,pasayloa kami sa among mga sala
may naghahanap sa iyo sa telepono,someone is looking for you on the phone,naay nangita sa imoha sa telepono
gusto kong bumalik sa normal ang lahat,i want everything to go back to normal,gusto nako mobalik sa normal ang tanan
nais kong maging normal ulit ang lahat,i want everything to be normal again,gusto nako nga mahimong normal balik ang tanan
may lumabas na isang pusa mula sa ilalim ng mesa,a cat came out from under the table,naay nigawas nga iring gikan sa ilawom sa lamesa
ilang beses na kitang sinabihan na huwag kausapin si,how many times have i told you not to talk to,pila pa ka higayon na ta ka giingnan nga di istoryahon si
hininto ko,i stopped,ihunong nako
hindi niya alam kung ano ang kanyang sasabihin,he didn t know what to say,wa siya kabalo unsa iyang isulti
ang init dito,it s hot here,igang diri
kahapon ang diyaryo,the newspaper was yesterday,gahapon ang diyaryo
alam mo kung saan ako nakatira,do you know where i live,kabalo ka asa ko nagpuyo
bumili ako ng isang relos,i bought a watch,nipalit ko og usa ka relo
kumuha ng isang saging ang unggoy gamit ang patpat,the monkey gets a banana with the stick,nikuha og usa ka saging ang unggoy gamit ang sungkod
ito si david kapatid ni joe,this is david joe s brother,si david ni igsoon ni joe
huwag magsalita kapag puno ang bibig mo,don t talk when your mouth is full,ayaw og istorya kon puno imong baba
ang tanghalian ay nasa mesa,lunch is on the table,ang paniudto kay naa sa lamesa
ang lolo ko ang siyang nagkwento sa akin ng istroyang iyan,my grandfather told me that story,ang akong lolo ang nag istorya sa akoa anang storyaha
nananaginip si,is dreaming,nagdamgo si
wala akong panahon ngayon,i don t have time now,wala koy higayon ron
gusto ko na umawit ka ng isang awit,i want you to sing a song,gusto nako nga mokanta ka og usa ka kanta
pinatanggal ko ang aking ngiping nabubulok,i had my decaying tooth removed,gipatanggal nako akong ngipon nga nadaot
napakahigpit ng mga magulang ko,my parents are very strict,strikto kaayo akong mga guinikanan
kumusta ang panahon kahapon,how was the weather yesterday,kumusta ang panahon gahapon
natutulog pa rin ang aking kapatid na lalaki,my brother is still sleeping,natog gihapon akong igsoon nga laki
paano pinatay si,how was killed,giunsa pagpatay si
hindi ka pwedeng humindi,you can t say no,di ka pwede mo dili
palagi siyang nagrereklamo tungkol sa pagkain,he always complains about food,pirme siya nagareklamo mahitungod sa pagkaon
bakit ka sobrang pagod,why are you so tired,nganong gikapoy kaayo ka
nakakapag ingles ako nang kaunti,i can speak a little english,naga ingles ko gamay
napakatanda ko na ngayon para maglakad,i m too old to walk now,tigulang na kaayo ko ron aron magbaktas
hindi ayaw niya ng tubig,nope he doesn t want water,dili di siya gusto og tubig
sa akin ang manikang ito,this doll is mine,akoa ning manika
naupo siya malapit sa kanya,he sat near her,nilingkod siya duol sa iyaha
hindi kami nagkakamali,we are not wrong,dili mi mosipyat
hindi tayo nagkakamali,we are not wrong,wa ta nisipyat
may pagkain sa ref,there is food in the fridge,naay pagkaon sa ref
hinahanap ko ang isang matandang lalaki,i m looking for an old man,gipangita nako ang usa ka tigulang nga laki
anong klaseng isda ito,what kind of fish is this,unsa ni nga klase nga isda
hindi ako nasiyahan sa ginawa mo,i was not satisfied with what you did,wa ko nalipay sa imong gibuhat
diretsong umuwi sa bahay si mayuko,mayuko went straight home,niuli diretso sa balay si mayuko
sinabayan ko siya sa piyano,i accompanied him on the piano,gisabayan nako siya og pyano
dito ako nakatira,i live here,diri ko nagpuyo
sasabihin ko sa iyo bago ko makalimutan,i ll tell you before i forget,iingon nako sa imoha bag o nako malimtan
puno ng masasayang alaala ang kanyang isipan,his mind was full of happy memories,puno og malipayon nga mga handumanan ang iyang hunahuna
sino ang bumato ng bato sa aso ko,who threw a stone at my dog,kinsay nipatlag og bato sa akoang iro
siya ay inaresto nila,he was arrested by them,gi aresto nila siya
ayaw ko sa mga taong tinititigan ako,i don t like people staring at me,di nako gusto ang mga tawo nga ginatitigan ko
wala akong masyadong alam tungkol sa alemanya,i don t know much about germany,wala koy masyado nabal an mahitungod sa alemanya
ang mga ibon ay lumipad patimog sa paghahanap ng mainit na lugar,the birds flew south in search of a warm place,ang mga langgam kay nilupad pa habagatan sa pagpangita og init nga lugar
kaya tama rin pala ako,so i was right too,mao tama sad diay ko
anong oras ka bumabangon sa mga araw na may pasok,what time do you get up on weekdays,unsa oras ka mobakod sa mga adlaw nga naay klase
hindi kita iiwanan kasama si,i won t leave you with,di ta ka biyaan kauban si
kumakain siya ng taho sa plastik na baso,he eats taho in a plastic cup,nikaon siya og taho sa plastik nga baso
sa kalikasan pagulung gulong ang mga bagay,in nature things roll,sa palibot nagligid ligid ang mga butang
sa tapat ng ilog nakatira sina at,and live across the river,sa atubangan sa sapa nagpuyo sila ug
kakaunti na ang siyopaw sa kusina,there is less noise in the kitchen,gamay na lang ang siyopaw sa kusina
sa kabundukan nakatira ang mga anito,the anito people live in the mountains,sa kabukiran nagpuyo ang mga anito
nakamaskara ang mga tagasayaw sa pista,dancers wear masks at the festival,nagmaskara ang mga mananayaw sa pista
nasaan na ang mga kalesa sa bayan,where are the carriages in town,asa na ang mga kalesa sa lungsod
naggigitara ang mga bisita,the guests play guitar,naggitara ang mga bisita
gaano kalayo mula dito papuntang susunod na baryo,how far is it from here to the next village,unsa kalagyo gikan diri paadto sa sunod nga baryo
tingnan mo ang bundok na iyon na natatakpan ng niyebe,look at that mountain covered in snow,lantawa kato nga bukid nga natabunan sa niyebe
gutom ako kaya kukuha ako ng makakain,i m hungry so i ll get something to eat,gigutom ko mao mokuha ko og makaon
siguro siya ay lagpas sesenta,maybe he was over sixty,siguro kay lagpas siya og sitinta
pinangako niya sa akin na darating siya nang hindi lalagpas sa alas singko,he promised me that he would come no later than five o clock,gisaad niya sa akoa nga moabot siya nga di molagpas og alas singko
parang isang panaginip,it s like a dream,mura og usa ka damgo
pumayat ka ba,did you lose weight,niniwang ba ka
ito ang silid kung saan nagpakamatay ang awtor,this is the room where the author committed suicide,kini ang kwarto kon asa nagpakamatay ang awtor
peke yan,that s fake,peke na
kailangan ko ng salamin para magbasa,i need glasses to read,kinahanglan nako og samin aron magbasa
mukha siyang asawa ng isang magsasaka,she looks like a farmer s wife,mura siya og asawa sa usa ka tagabasak
hindi ako sigurado kung ito y tama,i m not sure if this is correct,dili ko sigurado kon tama kini
ilang aklat ang binasa mo,how many books have you read,pila ka libro imohang gibasa
hinding hindi gagawin ng isang hapon ang ganyang bagay,a japanese would never do such a thing,dili gyud mahimo sa usa ka hapon ang ingun ana nga butang
hindi akong pwede kumain ng karne,i can t eat meat,dili ko pwede mokaon og karne
may isang bahay sa italya ang tito ko,my uncle has a house in italy,naay balay sa italya akong uyoan
bababa ang mga presyo,prices will drop,mubaba ang mga presyo
sabay silang nag umpisa,they started together,dungan sila og sugod
nahulog ang unggoy mula sa puno,the monkey fell from the tree,natakdag ang unggoy gikan sa punoan
ang mga magulang ko ay nagmamahalan,my parents love each other,ang mga guinikanan nako kay nanag hinigugmaay
may nakita akong isang itim na pusang tumako paloob ng bahay,i saw a black cat crawling inside the house,naa koy nakita nga usa ka itom nga iring nga nidagan pasulod sa balay
gumawa ng maraming mali si,made many mistakes,nibuhat og daghang mali si
ang pagkakatuklas sa kuryente ay nagbago sa ating kasaysayan,the discovery of electricity changed our history,ang pagkadiskubre sa kuryente kay nagbag o sa atong kasaysayan
huwag kang magsinungaling sa akin,don t lie to me,ayaw og pamakak sa akoa
isa sa mga pangunahing produkto ng bansang ito ay ang kape,one of the main products of this country is coffee,usa sa mga pinakauna nga produkto aning nasura kay ang kape
papalitan ko,i will change it,kambyuan nako
bibili ako ng kamera para sa anak kong babae,i will buy a camera for my daughter,mopalit ko og kamera para sa akong anak nga babaye
ano ang kahulugan ng salitang ito,what is the meaning of this word,unsay buot pasabot aning sulti a
dalawang tao ang nagsasabing nakarinig sila ng isang putok,two people say they heard a shot,duha ka tawo ang nag ingon nga nakadungog sila og isa ka buto
masaya ka ba sa bigat mo,are you happy with your weight,nalipay ba ka sa imong kabug aton
nakilala ko siya sa isang tingin,i recognized him at a glance,nailhan nako siya sa usa ka tan aw
nakatulog ba ako,did i sleep,nakatog ba ko
huwag tumapak sa damuhan,don t step on the grass,ayaw og tamak sa sabgutan
susulat ako ng isang pangungusap sa wikang aleman,i will write a sentence in german,magsulat ko og usa ka sentens sa panulti an nga aleman
bata ka pa,you are still young,bata pa ka
alam ni mac kung paano gamitin ang kompyuter na ito,mac knows how to use this computer,kabalo si mac unsaon paggamit aning nga kompyuter
napakahina ng aking mga ngipin para sa mansanas ang sabi ng batang lalaki,my teeth are too weak for apples said the boy,hina kaayo akong mga ngipon para sa mansanas ingon sa bata nga laki
agad na sumagot si,answered immediately,nitubag dayun si
pinangako kong hindi ako magsasabi sa kanya,i promised not to tell him,gisaad nako nga dili nako iistorya sa iyaha
hinding hindi siya umiinom ng gamot para sa sipon,he never takes cold medicine,dili gyud siya nagainom og tambal para sa iyang sip on
naniniwala akong isa siyang mabuting tao,i believe he is a good man,nituo ko nga usa siya ka maayo nga tawo
isang maliit na dahilan isang malaking epekto,a small cause a big effect,usa ka gamay nga rason usa ka daku nga epekto
siya ay nagtuturo sa amin ng wikang ingles,he teaches us the english language,siya ang nagtudlo sa amoa sa panulti on nga ingles
may bangkay sa sala wala wala ni isang bangkay doon,there s a dead body in the living room no there s not a single dead body there,naay patay sa sala wala walay bisan usa ka patay didto
sumasakay siya ng bus papuntang trabaho,he takes the bus to work,nagasakay siya og bus padulong sa tarbaho
takot ako sa mga lindol,i m afraid of earthquakes,hadlok ko og mga linog
nakasakay ako sa eroplano limang minutos bago ito lumipad,i got on the plane five minutes before it took off,nakasakay ko og eroplano lima ka minutos bag o ni nilupad
may apat na silya malapit sa mesa,there are four chairs near the table,naay upat ka lingkuranan sa lamisa
pinilit ni na magdala ng payong ang kanyang anak na lalaki,insisted that her son bring an umbrella,gipugos ni nga magdala og payong ang iyang anak nga laki
ipinaghanda kami ni nanay ng tanghalian,mom made us lunch,gihandaan mi ni nanay og paniudto
takot ako sa mga mababangis na hayop,i am afraid of wild animals,hadlok ko sa mga isog nga mga hayop
ay oo naaalala ko,oh yes i remember,ay oo nahinumdoman nako
madalas pumunta sa boston si,often goes to boston,pirme mag adto og boston si
para gumawa ng isang keyk kailangan mong gumamit ng itlog mantikilya at asukal,to make a cake you need to use eggs butter and sugar,pag magbuhat og usa ka keyk kinahanglan mogamit og itlog mantikilya ug asukar
nakita ko siya sa sinehan,i saw him in the cinema,nakit an nako siya sinehan
narinig ko na wala na sina carol at will,i heard that carol and will are gone,nadunggan nako nga wala na sila caril ug will
nasa bahay si,is at home,naa sa balay si
ang sanggol ay natutulog,the baby is sleeping,ang bata kay natulog
ang aga aga nilang dumating,they arrived early,sayo kaayo sila niabot
sagutin mo ako kapag kinakausap kita,answer me when i talk to you,tubaga ko kon kaistorya ta ka
pumasok siya sa silid na nakatanggal ang sombrero,he entered the room with his hat off,nisulod siya sa kwarto nga nakatanggal ang kalo
naiintindihan mo ba anong ibig kong sabihin,do you understand what i mean,nasabtan ba nimo akong buot ipasabot
ayaw kong uminom ng tsaang malamig,i don t like to drink cold tea,di ko gusto moinom og tugnaw nga tsaa
isa akong pasyente,i am a patient,usa ko ka pasyente
nagpakuha ng retrato si,took a picture,nagpakuha og ritrato si
pwede na isang libong yen,it can be a thousand yen,pwede na usa ka libo nga yen
sana mayaman ako,i wish i was rich,unta datu ko
tinanggap niya ang sumang galing sa kanyang lola,he accepted the agreement from his grandmother,gidawat niya ang suman nga gikan sa iyang lola
nasaan na ang mga laruan ng mga mabait na bata,where are the good children s toys,asa na ang mga dulaan sa mga buotan nga mga bata
kumain kami ng bola bola sa tabi ng kalye,we ate meatballs by the side of the street,nikaon mi og bola bola sa gilid sa kalsada
nanininda ng koton kendi sa tapat ng sambahan,selling cotton candy in front of the church,nagatinda og koton kendi sa atubangan sa simbahan
ito ay isang pang abay,it is an adverb,kani usa ka pang abay
may oras ka,you have time,naa kay oras
kailangan niya ng isang tasa ng asukal,he needs a cup of sugar,kinahanglan niya og usa ka sa tasa nga asukar
ang kaibigan kong si mike ay nag aaral ng kimika sa pamantasan ng oxford,my friend mike is studying chemistry at oxford university,ang amigo nako nga si mike kay nag eskwela og kimika sa pamantasan sa oxford
paano iyan napunta rito,how did that get here,naunsa na naadto diri
bakit,why,ngano
kailangan nating magbasa ng kahit isang aklat kada buwan,we need to read at least one book a month,kinahanglan nato magbasa og bisan usa ka libro kada bulan
lumalangoy ang bata sa malawak na ilog,the boy is swimming in the wide river,nagalangoy ang bata sa daku nga suba
inimbitahan nila ako para maghapunan,they invited me for dinner,giimbitahan ko nila aron manihapon
ipinanganak siyang hapon,he was born in japan,gitawo siya nga hapon
nakalimutan ko ang payong ko,i forgot my umbrella,nalimtan nako akong payong
tatlong araw na lamang bago ang pasko,it s only three days before christmas,tulo ka adlaw na lang bag o mag pasko
nahihiya siya sa kahirapan ng kanyang tatay,he is ashamed of his father s poverty,naulaw siya sa kapobre sa iyang amahan
nakaupo ako sa ibabaw ng mesa,i am sitting on the table,nagalingkod ko sa ibabaw sa lamesa
naghihintay siyang may interesanteng magaganap,he was waiting for something interesting to happen,nagahulat siya nga naay interesado nga butang nga mahitabo
nakita ko na ang larawang iyan noon,i ve seen that picture before,nakit an na nako na nga ritrato sauna
wala na akong pakialam,i don t care anymore,wala na koy pakialam
hindi pwedeng magtagal masyado,it can t take too long,dili pwede nga magdugay kaayo
nasa mesa sina at kumakain ng tsampurado,and are at the table eating tsampurado,naa sa lamesa sila ug nagakaon og tsampurado
nagliligo sa ilog ang mga bata ng baryo,village children bathe in the river,nagaligo sa suba ang mga bata sa baryo
namamasyal sila sa dalampasigan,they are walking on the beach,nagsuroy suroy sila sa baybayon
bibigyan kita ng sakay kung gusto mo,i ll give you a ride if you want,tagaan ta ka og sakay kon ganahan ka
gusto ko ang mga aso mo,i like your dogs,ganahan ko sa imong mga iro
loko ka,you are crazy,loko ka
magiging mabuti ang lahat,everything will be fine,motarong gihapon ang tanan
nangingisda sila sa ilog na katabi ng baryo,they fish in the river next to the village,nagapangisda sila sa suba sa pikas sa baryo
dahil napakainit nakabentilador sila sa bahay nila,because it s so hot they have a fan in their house,tungod kay grabe ka init nakabentilador sila sa ilang balay
wala na akong magagawa kung hindi huwag nang isipin ang pagpunta sa labas ng bansa,i can t do anything but don t even think about going out of the country,wala na koy mabuhat kon dili ayaw na og hunahunaa og adto sa lain nga nasud
lumalangoy ang batang lalaki kasama ang kanyang mga kaibigan,the boy is swimming with his friends,nagalangoy ang bata nga laki kauban iyahang mga amigo
sumulat siya ng isang aklat tungkol sa tsina,he wrote a book about china,nisulat siya og usa ka libro tungkol sa tsina
ginawa niya iyon para sa kanyang kapatid na babae,he did it for his sister,gibuhat niya to para sa iyahang lumon nga baye
nagtanim sila ng ube sa kanilang hardin,they planted pears in their garden,nagtanom sila og ube sa ilang tanmanan
hinalo niya ang asukal sa buko dyus,he mixed sugar with knuckle juice,gihalo niya ang asukar sa buko dyus
maligayang pasko,merry christmas,malipayong pasko
maligayang pasko mahal ko,merry christmas my love,maligayang pasko akong pinalangga
ang mga prutas ay may mga buto sa loob,fruits have seeds inside,ang mga prutas kay naay mga liso sa sulod
umupo ka riyan,sit there,paglingkod dira
walang tigil ang pag ulan,it s raining non stop,walay hunong ang ulan
kinain ni ang lahat ng gusto niyang kainin,ate all he wanted to eat,gikaon ni ang tanan sa iyang gusto kaonon
huwag kang magsalita tungkol sa pamilya ko,don t talk about my family,ayaw og istorya tungkol sa akong pamilya
nagluto ang kusinero para sa pamilya nang maraming taon,the cook cooked for the family for many years,nagluto ang kusinero para sa pamilya og daghan nang mga tuig
pinagsilbihan ng tagaluto ang pamilya nang maraming taon,the cook served the family for many years,gisilbihan sa tagaluto ang pamilya og daghan nang mga tuig
marumi ang bata,the child is dirty,hugaw ang bata
si alister ang siyang pumatay kay barbara,alister is the one who killed barbara,si alister ang nagpatay kay barbara
huwag mong pabayaang mangyari iyon,don t let that happen,ayaw og pasagdi nga mahitabo to
gusto ko ang bahay nila,i like their house,ganahan ko sa ilang balay
kasintanda ni ang kapatid kong lalaki,my brother is as old as,parehas na ka tigulang si ug ang lumon nako nga laki
magkasing edad si at ang kapatid kong lalaki,and my brother are the same age,parehas na og edad si ug ang lumon nako nga laki
ang mga baka ay nagbibigay sa atin ng gatas,cows give us milk,ang mga bata kay nagahatag sa atoa og gatas
may dalawang anak na lalaki si,has two sons,naay duha ka anak nga laki si
lumipad ang aming eroplano nang eksaktong alas ng gabi,our plane took off at exactly pm,nlupad ang among eroplano og eksakto alas sa gabii
ang mga patalastas ang nag uudyok sa ating bumili ng maluluhong bagay,advertisements motivate us to buy luxury items,ang mga impormasyon nga naga anyag sa atoa nga mopalit og mahalon nga mga butang
bagay talaga sa kanya ang maikling buhok,short hair really suits her,angay gyud sa iya ang gamay nga buhok
mabuhay ang republika,long live the republic,mabuhay ang republika
pinapalo ni si,beat,ginabunalan ni si
tinuturuan ako ni ng wikang pranses,teaches me french,ginatudloan ko ni og sinulti an nga pranses
mapili ka talaga,you re really picky,pilian gyud ka
dumating siya sa tokyo sa edad na,he arrived in tokyo at the age of,niabot siya og tokyo sa edad nga
sang ayon ako sa lahat ng sinabi mo,i agree with everything you said,uyon ko sa tanan nga imong gisulti
may dalawang kundisyon ako,i have two conditions,naa koy duha ka kondisyon
gusto mo ng prutas,you like fruit,ganahan ka og prutas
may nagmamahal sa ating lahat,someone loves us all,naay nagahigugma sa atong tanan
patawad gagawin ko ang kahit ano para makumpuni iyan,sorry i ll do anything to fix that,pasayloa himuon nako tanan para maayo na
kailan iyon nangyari,when did that happen,kanus a to nahitabo
kailan nangyari ang ano,when did what happen,kanus a nahitabo ang unsa
hindi niya kinain ang lahat ng kakanin,he didn t eat all the food,wala niya gikaon ang tanan nga makaon
sana sinabi mo sa akin kahapon,i wish you had told me yesterday,unta giingun nimo sa akoa gahapon
natutulog ako nang nakatayo,i sleep standing up,nagatog ko nga nagatindog
gaano katagal ka na sa shanghai,how long have you been in shanghai,unsa na ka kadugay sa shanghai
may malalaking bato sa lupa,there are big stones on the ground,naay daku nga bato sa lupa
ako ang iyong kambal,i am your twin,ako ang imohang kambal
hindi nagbubunga ng pera ang puno alam mo,a tree doesn t produce money you know,di nagabunga og kwarta ang punoan kabalo ka
sabihin mo na lang sa kanya ang totoo,just tell him the truth,ingna na lang sa iyaha ang kamatuoran
ano ang nangyari sa aso mo,what happened to your dog,unsay nahitabo sa imong iro
bakit ka nagsasalita sa kanya na parang siya ay matanda,why are you talking to him like he s old,ngano naga istorya ka sa iyaha nga mura siya og tigulang
gagawin ko ang lahat ng makakaya ko,i will do my best,himuon nako sa tanan nakong makaya
tahimik at makinig,be quiet and listen,hilom ug paminaw
nagbulakbol si,blurted out,nagpabadlong si
parang walang kahit sino ang nakaka alam sa sagot,no one seems to know the answer,murag walay bisan kinsa ang nakabalo sa tubag
ang ganda sa pakiramdam,it feels good,nindot sa pamati
binili ni ang kamerang ito para sa kanyang sarili hindi para sa kanyang asawa,bought this camera for himself not for his wife,gipalit ni kining kamera para sa iyahang sarili di para sa iyang asawa
mas malalakas ang mga leyon kaysa mga lobo,lions are stronger than wolves,mas mangkakusog ang mga leyon kaysa sa mga lobo
bago ang kompyuter,the computer is new,bag o ang kompyuter
maaaring tama si,may be right,pwede nga tama si
dalhin mo lamang ang pinaka importante,bring only the most important,dad a lamang ang pinaka importante
huwag lumabas pagkatapos ng dapithapon,do not go out after midnight,ayaw og gawas inig hapit na ma gabii
magkano ang utang ko sa iyo,how much do i owe you,pila ang utang nako nimo
sabihin mo sa akin kung paano niya nakuha iyon,tell me how he got that,iingon sa akoa kon giunsa niya og kuha ato
ang mga asal niya ay hindi tulad ng isang babae,her manners are not like a woman,ang mga pamatasan niya kay di na parehas sa usa ka babaye
hindi kumakain ng maraming prutas ang tatay ko,my father doesn t eat a lot of fruit,di nagakaon og daghan nga prutas ang amahan nako
dahil sa kanyang malaking sweldo nakakabiyahe siya sa ibang bansa taon taon,because of his large salary he is able to travel abroad every year,tungod sa iyahang daku nga sweldo makabyahe siya sa lain laing nasud kada tuig
binisita ko ang hollywood habang ako ay nasa los angeles,i visited hollywood while i was in los angeles,gibisita nako ang hollywood samtang naa ko sa los angeles
siya ay mahirap pero matapat,he is poor but honest,pobre siya pero di matinuoron
napakasaya ko,i am very happy,lipay kaayo ko
mga kaibigan isang pamilya kung saan pinipili natin ang mga miyembro,friends a family where we choose the members,mga amigo usa ka pamilya nga ginapili nato ang mga miyembro
sino ang pangulo,who is the president,kinsa ang presidente
aalis akong papuntang estados unidos bukas,i am leaving for the united states tomorrow,molakaw ko paadto og estados unidos ugma
tanyag ang parkeng ito dahil sa kanyang mga bulaklak,this park is famous for its flowers,sikat ning parkeha tungod sa iyang mga bulak
ang trumpeta ay isang instrumentong pangmusika,trumpet is a musical instrument,ang trumpeta kay usa ka instrumento nga pangmusika
ipinagbabawal kitang manigarilyo,i forbid you to smoke,ginabawalan ta ka nga manigarilyo
naramdaman niya ang init ng araw sa kanyang balat,he felt the heat of the sun on his skin,nabati niya ang init sa iyang panit
hindi kumakain ng karne o itlog si,does not eat meat or eggs,dili nagakaon og karne o itlog si
imposible nang lumabas ngayon,it s impossible to get out now,imposible na nga mogawas karon
ang kaibigan sa kagipitan ay kaibigang tunay,a friend in need is a true friend,ang amigo sa kalisod kay amigo nga tinuod
ang dula ay hango sa totoong mga pangyayari,the play is based on true events,ang dula kay gikuha gikan sa tinuod nga mga panghitabo
sa tuwing pupunta ako sa bahay niya wala siya,every time i go to his house he is not there,kada adto nako sa iyang balay wala siya
namatay siya ilang araw pagkalipas ng kanyang ika isandaang kaarawan,he died a few days after his hundredth birthday,namatay siya pila ka adlaw pagkahuman sa iyang ika sagatos nga pagselebrar sa iyang pagkatawo
ikaw ay isang estudyante lamang,you are just a student,ikaw kay estudyante ra
pulutin mo ang lapis sa sahig,pick up the pencil from the floor,kuwaa ang lapis sa bantaw
may nakatingin sa iyo,someone is looking at you,naay nagatan aw nimo
nakakatawa ka talaga,you are really funny,kataw anan gyud ka
alis,go away,hawa
napakahusay nito,it s very good,kuyaw kaayo ni
kailangan niyang pumunta roon bukas,he has to go there tomorrow,kinahanglan niya mag adto didto ugma
walang diyos walang buddha,no god no buddha,walay diyos walay buddha
inamin niyang hindi siya marunong mag pranses,he admits that he doesn t know french,giangkon niya nga dili sya kabalo mag pranses
ginaya niya ang mga likha ni van gogh,he imitated the works of van gogh,gisundog niya ang mga gibuhat ni van gogh
walang kahit isang mesang bakante sa restawran,there was not a single empty table in the restaurant,walay bisan usa ka lamesa nga bakante sa restawran
isulat mo ang iyong apelyido sa ika apat na linya,write your last name on the fourth line,isuwat nimo ang imong apelyido sa ika upat nga linya
noong isang araw kasama ko si carlos at isa niyang kaibigan,the other day i was with carlos and one of his friends,katong usa ka adlaw kauban nako si carlos ug iyang usa ka amigo
walang mas mabubuti kaysa riyan,there is nothing better than that,wala nay mas maayo kaysa sa iya
pinilit ng mga sundalo ang mga binata na lumahok sa hukbo,the soldiers forced the young men to join the army,gipugos sa mga sundalo ang mga ulitawo nga moapil sa ila
pakiusap tandaang patayin ang ilaw bago matulog,please remember to turn off the light before going to bed,daan nga naandan nga patyon ang suga bag o matulog
binasa ko ang aklat hanggang sa pahina kahapon,i read the book up to page yesterday,gibasa nako ang libro hangtod sa peyj gahapon
gumawa ako ng isang manika para kay ann,i made a doll for ann,nagbuhat ko og usa ka manika para kay ann
sinubukan kong magsulat gamit ang kaliwang kamay,i tried to write with my left hand,gitistingan nako ug sulat gamit akong tuo nga kamot
ang kutsilyong ito ay ginagamit sa pagputol ng karne,this knife is used to cut meat,kani nga kutsilyo kay gigamit pangputol og karne
nagkaroon ba ng sapat na pera,was there enough money,naa ba tama tama nga kwarta
pipiliin ko ang mamatay kaysa magnakaw,i would rather die than steal,pilion nako nga mamatay kaysa sa mangawat
kailan iyon itinayo,when was that built,kanus a to gibuhat
ito ba ang susi na hinahanap mo,is this the key you re looking for,kani ba nga susi imong ginapangita
mas mahal niya si kaysa ako,she loves more than me,mas gihigugma niya si kaysa sa akoa
narinig ko iyon sa radyo,i heard that on the radio,nadunggan nako to sa radyo
walang duda,no doubt,walay duda
kami ay nag aaral ng wikang arabo,we are learning the arabic language,nagatuon mi og panulti ang arabo
sino ang may gusto pwedeng kumuha,who wants it can take it,kinsa ang naay gusto pwede mukuha
nagtataka ako kung may sakit talaga siya,i wonder if he is really sick,natingala ko kon naa ba gyud siyay sakit
kumakain ng ubas ang aso ko,my dog eats grapes,nagakaon og parras akoang iro
tawagan mo ako kung nagiging mapanganib na,call me if it gets dangerous,tawagi ko kon delikado na
hindi ko alam kailan siya pupunta rito,i don t know when he will come here,wa ko nahibalo kanus a siya moanhi diri
nasaan ang bahay mo,where is your house,asa imong balay
gustong lumabas ang aso ni,s dog wants to go out,gusto mogawas ang iro ni
lahat kami pumasok sa kotse,we all got into the car,tanan mi nisulod sa sakyanan
huwag kang pumasok sa kwarto ko nang hindi kumakatok,don t come into my room without knocking,ayaw og sulod sa kwarto nako nga walay panuktok
hindi pa ako nakakita ng ganito noon,i have never seen anything like this before,wala pa ko nakakita og ing ani sauna
sa tingin ko kailangan kong pumasok nang mag isa,i think i have to go in alone,sa panan aw nako kinahanglan ko mosulod nga ako ra isa
nagpanggap siya bilang siya,he pretended to be her,nagtakuban siya nga siya
bakit ayaw mong sumama sa akin sa sinehan,why don t you want to go to the cinema with me,ngano di man ka mouban sa akoa sa sinehan
kuba ako,i m a hunchback,buktot ko
matingkad na pula ang dugo,the blood was bright red,sinag nga pula ang dugo
sa iyo ba ang librong ito,is this book yours,imoha ba ning libro
simula bukas hindi na ako maninigarilyo,starting tomorrow i won t smoke anymore,sugod ugma di na ko manigarilyo
kamayan mo ako,hold my hand,kamayi ko
huwag bumilad sa araw nang matagal,do not expose to the sun for a long time,ayaw og bilad sa adlaw nga dugay
hindi ko alam anong pinagsasabi mo,i don t know what you are talking about,wa ka kabalo sa imong ginapangsulti
may nakita siyang isang barko sa malayo,he saw a ship in the distance,naa siyay nakita nga usa ka barko sa lagyo
sabihin mo sa lahat na uuwi na ako,tell everyone i m coming home,igna ang tanan nga mouli nako
imbestigahan natin,let s investigate,imbestigahan nato
hindi pasko ngayon,it s not christmas today,dili pasko karon
ang kabayong ito ay may malalaki at magagandang mata,this horse has big and beautiful eyes,kani nga kabayo kay mangkadagko ug mangkanindot ang mga mata
siyempre may katwiran siya,of course he had a point,siyempre naa siyay rason
ang lasang tsokolate ang paborito ko,the chocolate flavor is my favorite,ang lasa nga tsokolate akoang paborito
sino ang nobyo mo,who is your boyfriend,kinsa ang uyab nimo
pinagawa niya sa amin ang trabaho,he made us do the work,gipabuhat niya sa amoa ang tarbaho
may kaunting pera na ako ngayon,i have a little money now,naay gamay nga kwarta ko karon
hindi pa niya binasa ang aklat,he has not read the book,wala pa niya gibasa ang libro
mahirap magkatotoo ang ganyang klaseng plano,such a plan is hard to come true,lisud matinuod ang ingun ana nga klase nga plano
hindi ako kumakain,i don t eat,dili ko nagakaon
nag aral ng ingles si yumi kagabi,yumi studied english last night,naga estudyo og ingles si yumi gabii
nagniningning ang mga bituin sa langit,the stars are shining in the sky,nagasiga ang mga bituon sa langit
paano ka aasenso nang walang mabuting edukasyon,how can you advance without a good education,unsaon nimo pag asenso og wala kay tarong nga edukasyon
isa siyang sikat na mang aawit,he is a famous singer,usa siya ka sikat nga tagakanta
ilang taon ang anak mong lalaki,how old is your son,pilay edad sa imong anak nga laki
nagsasayang ng maraming pagkain si,wastes a lot of food,nagakalas og daghan nga pagkaon si
maghanap tayo ng ibang mapagtataguan,let s find somewhere else to hide,mangita ta og lahi nga kitaanan
natumba nang mag isa ang puno,the tree fell by itself,natumba og iya ra ang puno
gusto ko ang lasa ng pakwan,i like the taste of watermelon,ganahan ko sa lami sa pakwan
tumaba ako,i gained weight,nitambok ko
nasa boston ako sa darating na linggo,i m in boston this coming week,naa ko sa boston sa umaabot nga semana
gusto mo ba na ilagay ko ito sa mesa,do you want me to put it on the table,gusto ba nimo nga ibutang nako ni sa lamesa
ikinasal kami pagkatapos ng anim na buwan,we got married six months later,gikasal mi pagkahuman sa unom ka bulan
sinara niya ang kanyang mga mata,he closed his eyes,gisarad an niya ang iyang mga mata
kainin mo ang sopas mo nang walang ingay,eat your soup quietly,kaona ang sopas nimo nga walay pagbanha
may araw ngunit mainit,there is sun but hot,naay adlaw pero init
akala ko sinabi ko sa iyo na huwag pumunta rito,i thought i told you not to come here,abi nako giingon nako sa imoha nga dili mag anhi dinhi
bumili ako ng isang pares ng botas,i bought a pair of boots,nipalit ko og usa ka pares sa botas
nobyo ni si bago niya nakilala si,was s boyfriend before she met,uyab ni si bag o pa niya nailhan si
pinunas ni ang mukha niya,wiped his face,gipahid ni iyang nawong
humupa ang bagyo,the storm subsided,nihunong ang bagyo
pumunta siya sa londres noong,he went to london in,niadto siya sa londres tong
dumating siya sa paaralan sa tamang oras,he came to school on time,niabot siya sa eskwelahan sa tama nga oras
ano ang tawag sa ibon na iyan,what is that bird called,unsay tawag anang langgama
ano ang mga pangunahing pangyayari kahapon,what were the main events yesterday,unsa ang una nga nahitabo kagahapon
naghihintay ako ng magandang balita mula sa kanila,i am waiting for good news from them,nagahulat ko og nindot nga balita gikan sa ilaha
isinauli mo ang damit dahil maliit talaga hindi ba,you returned the dress because it was too small didn t you,gibalik nimo ang sinina kay gamay gyud di ba
sampung taon na siyang patay,he s been dead for ten years,napo ka tuig na siya patay
iyon lang ba,is that all,kato lang ba
mapapagod ka,you will be tired,kapoyon ka
mananalo si sa larong ito,will win this game,modaog si aning bisyoha
may iilang panulat ako,i have some pens,naa koy maihap nga pangsulat
galing sa tsina ang tsaa,tea comes from china,gikan sa tsina ang tsaa
magkukuwento ako sa iyo tungkol sa kanya,i will tell you a story about him,ma istorya ko sa imoha tungkol sa iyaha
kasal siya sa isang dentista,she is married to a dentist,kasado siya sa usa ka dentista
gabi na talaga kaya kailangan ko na matulog,it s really late so i have to go to sleep,gabii na gyud kinahanglan na nako matulog
nahulog nang nahulog ang palaka,the frog fell down,nahog nga nahog ang palaka
ano ang dapat kong gawin para makinig ka sa akin,what do i have to do to get you to listen to me,unsa dapat akong himuon para maminaw ka sa akoa
huwag mong sabihin ang plano natin sa iba,don t tell anyone else about our plan,ayaw og iingon atong plano sa lain
natapos mo na ba ang takdang aralin mo,have you finished your homework,nahuman na ba nimo imong asaynment
pero ano ang iyong gagawin kung hindi siya pupunta rito,but what will you do if he doesn t come here,pero unsa imong buhaton kon di ka mag anhi diri
madali lang sagutin iyon,that s easy to answer,dali ra to tubagon
ano pa kaya ang pwede mong ibigay sa akin na wala pa ako,what else can you give me that i don t already have,unsa pa kaha ang pwede nimo ihatag sa akoa na wala pa ko
alam niya ang kanyang sariling kasalanan,he knows his own sin,kabalo siya sa iyang mismo nga sala
hindi namin sinasarhan ang aming mga pinto,we don t close our doors,di namo ginasarad an ang among mga pultahan
sabihin mo sa kanya kung saan siya dapat pumunta,tell him where he should go,ingna siya kon asa dapat siya mag adto
palaging tumatahol ang aso sa akin,the dog always barks at me,pirme mo uma ang iro sa akoa
kaya tumakbo ako sa restawran ng tatay ko,so i ran to my father s restaurant,maong nidagan ko sa restawran sa akong amahan
nakita ko ang asong maruming pumasok sa bakuran,i saw the dirty dog enter the yard,nakit an nako ang iro nga hugaw nga nisulod sa tanmanan
mas pipiliin ko ang katas ng pinya kaysa sa katas ng pomelo,i prefer pineapple juice over pomelo juice,mas pilion pa nako ang katas sa pinya kaysa sa katas sa pomelo
wala akong bisikleta,i don t have a bicycle,wala koy bisekleta
gusto mo ba ang san francisco,do you like san francisco,ganahan ka mag san francisco
ayaw ko ng mga gusali,i don t like buildings,di ko gusto ug mga bilding
pumupunta siya sa londres kada buwan,he goes to london every month,nagaadto siya og londres kada bulan
walang nakatago ang hindi makikita,nothing is hidden that cannot be seen,walay nakatago nga di makit an
may higit sa pitong libong wika sa buong mundo,there are more than seven thousand languages in the world,naay sobra pa ka pito ka libo nga sinulti an sa tibuok kalibutan
tinanong niya ako kung may web cam ako,he asked me if i had a web cam,gipangutana ko niya kon naa koy web cam
tinatanggap niya ang mga regalo,he accepts the gifts,ginadawat niya ang mga regalo
wala siyang bahay na mapagtitirhan,he has no house to live in,wala siyay balay nga mapuy an
mahalaga ang iyong pagkakaibigan,your friendship is important,importante inyong panag amigo
nagturo siya ng mayayamang babaeng indiyana,he tutored wealthy indian women,nagtudlo siya og datu nga mga babaye nga indiyana
tinulungan ninyo ako at gusto ko rin kayong tulungan,you helped me and i want to help you too,gitabangan ko ninyo ug gusto sad nako kamo tabangan
kita sa mukha niya na nainis siya,you can see in his face that he is annoyed,kita sa iyang nawong nga nasuya siya
ang trahediya ng digmaan ay hindi dapat kalimutan,the tragedy of war must not be forgotten,ang trahediya sa gubot dili dapat hikalimtan
kagaya kita noon,i was like you then,parehas ka nako sauna
hindi ako nakakasalita ng ibang wika,i don t speak another language,di ko nagastorya og lain nga sinulti an
hindi sanay si sa buhay sa lungsod,is not used to city life,di anad si sa kinabuhi sa lungsod
kuntento ka ba sa kasalukuyan mong sweldo,are you satisfied with your current salary,kontento ba ka sa sweldo nimo karon
gusto ko makita siyang naghuhubad,i want to see him undress,gusto nako makit an siya nga nagahukas
bigyan mo siya ng panahon,give him time,tagae siya og higayon
hindi ko trabaho iyan,that s not my job,di nako na tarbaho
wala akong pera,i don t have any money,wala koy kwarta
may umutot hindi ako iyon,someone farted that s not me,naay ni utot dili to ako
bumalik siya galing tsina,he came back from china,nibalik siya gikan tsina
tatanungin kita isa pang muli,i will ask you one more question,pangutanahon ta ka kaisa nalang
ang daming itlog sa kahon,there are many eggs in the box,daghang itlog sa kahon
ngayon ay mas matanda at marunong na siya,now he is older and wiser,karon kay mas tigulang ug mas kabalo na siya
nahulog siya at nasaktan ang kanyang binti,he fell and hurt his leg,nahog siya ug nasamaran iyang batiis
nagbabasa siya ng dyaryo kada umaga,he reads the newspaper every morning,nagabasa siya og dyaryo kada buntag
may nakita akong dalawang lalaking naghahalikan sa pasilyo,i saw two men kissing in the hallway,naa koy nakit an nga duha ka laki nga naghadok sa agi anan
kailangan kong alagaan ang mga bata ngayong gabi,i have to take care of the kids tonight,kinahanglan nako atindiron ang mga bata karong gabii
lahat ng mga kuwento ay interesante,all stories are interesting,tanan og storya kay nindot
nahulog at namatay ang ibon,the bird fell and died,nahog og namatay ang langgam
hindi kita marinig,i can t hear you,di ta ka madunggan
muntik ko na makalimutan,i almost forgot,hapit nako malimtan
pinapatawa mo talaga ako,you really make me laugh,ginapakatawa gyud ko nimo
inistorbo namin siya,we disturbed him,giistorbo namo siya
nagbabasa ang lahat,everyone reads,nagabasa ang tanan
gusto ko lamang matulog,i just want to sleep,gusto ra nako matulog
hindi ko alam ang salitang iyan,i don t know that word,wa ko kabalo ana nga pangsulti
sa atin lamang dalawa nahulog ba ang loob mo para sa aking kapatid na babae,just the two of us do you have a crush on my sister,sa atoa ra duha nahog ba imong pagbati sa akong manghod nga baye
pero ang sansinukob ay walang hanggan,but the universe is eternal,pero ang paghinigugmaay kay walay katapusan
nagtatrabaho siya sa gabi,he works at night,nagatarbaho siya sa gabii
ipapaliwanag ko ang lahat mamaya,i will explain everything later,iistorya na nako tanan unya
ikaw ang siyang dapat magdesisyon sa kung anong dapat gawin,you are the one who should decide what to do,ikaw dapat magdesisyon sa kon unsa dapat buhaton
natutulog pa siya,he is still sleeping,natog pa siya
wala akong apat na kapatid na babae,i don t have four sisters,wala koy upat nga lumon nga baye
hindi ka dapat maging sobrang mapili sa pagkain,you should not be too picky about food,di ka angay mahimong pilian sa pagkaon
ang kanyang anak na babae ay isang nars,his daughter is a nurse,ang iyang anak nga baye kay usa ka nars
pinayuhan ako ng doktor na huwag kumain nang sobrang marami,the doctor advised me not to eat too much,giingnan ko sa doktor nga dili mokaon og daghan kaayo
ano ang sasabihin mo para kumbinsihin siyang bumili ng isa,what would you say to convince him to buy one,unsa ang imong iingon aron kombinsihon siya nga mopalit og isa
hindi ko sinadya,i didn t mean to,wa nako tuyoa
hindi mo palaging naiintindihan,you don t always understand,di nimo pirme masabtan
ang tren na aking sinakyan ay umalis sa kyoto nang alas seis at dumating sa tokyo nang alas nwebe,the train i took left kyoto at six o clock and arrived in tokyo at nine o clock,ang tren nga akong gisakyan kay nilakaw sa kyoto og alas sais ug niabot og tokyo og alas nwebe
napagod akong magbasa,i m tired of reading,gikapoy ko og basa
kumakain ka sa silid aralan,do you eat in the classroom,nagakaon ka sa eskwelahan
may siyam na mga planeta ang araw,the sun has nine planets,naay siyaw ka mga planeta ang adlaw
ito ay almusal,it s breakfast,kani kay pamahaw
masasarap ang kanilang mga keyk,their cakes are delicious,lami ang ilang mga keyk
sa tingin mo may magandang panahon tayo bukas,do you think we will have good weather tomorrow,sa pagtuo ba nimo maayo ang panahon nato ugma
nagbibiro ka,you re joking,nangatik ka
natatakpan ng putik ang aso mula ulo hanggang paa,the dog was covered in mud from head to toe,natabunan sa lapok ang iro gikan ulo hangtod sa paa
ang batang babae iyon na mahaba ang buhok ay si judy,that girl with long hair is judy,kato nga bata nga babaye nga tag as og buhok kay si judy
huwag mo ilagay iyan sa mesa ko,don t put that on my desk,ayaw na ibutang sa lamesa nako
natanggap ko ang regalo para sa aking kaarawan,i received the present for my birthday,nadawat nako ang regalo para sa akong adlaw nga natawhan
masama ang pakiramdam ko kapag gumigising ako sa umaga,i feel bad when i wake up in the morning,lain sa pamati nako pag bag o kong mata sa buntag
bigyan mo ako ng isang dahon ng papel,give me a sheet of paper,tagae ko og usa ka dahon nga papel
bigyan mo ako ng kopya ng aklat na ito,give me a copy of this book,tagae ko og kopya ani nga libroha
hindi tumawag si,didn t call,wala nitawag si
binibigyan niya ang lahat na kanyang hinihingi,he gives everything he asks for,ginatagaan niya ang tanan niya nga ginapangayo
hindi ko binasa ang bagong nobelang ito kahit ang kapatid kong babae ay hindi rin,i haven t read this new novel neither has my sister,wala nako gibasa ning bag o nga nobela bisan akong lumon nga babaye wala sad
ang sagot mo y tama,your answer is correct,ang tubag nimo kay tama
imposibleng malaman anong mangyayari sa hinaharap,it is impossible to know what will happen in the future,imposible nga mabal an nimo ang mahitabo sa umaabot
takot ako sa kamatayan,i am afraid of death,hadlok ko sa kamatayon
huwag mong gawin ang isang bagay na iyong ikasisi,don t do something you will regret,ayaw og buhata ang usa ka butang nga imong pagbasulan
siya si mei nagluluto siya sa kusina,she is mei he is cooking in the kitchen,siya si mei nagaluto siya sa kusina
maraming kolonya sa afrika ang pransiya noon,france had many colonies in africa then,daghang kolonya sa africa ang pransiya sauna
ang lalaking iyon ay si raul,that man is raul,kato nga laki kay si raul
nawala ako sa kagubatan,i got lost in the forest,nawala ko sa kalasangan
ang batang lalaki na may isang aklat sa kamay ay pinsan ko,the boy with a book in his hand is my cousin,ang bata nga laki nga naay usa ka libro sa kamot kay katagsa nako
hinabol ng aso ang pusa,the dog chased the cat,gigukod sa iro ang iring
pinatawad ka nila,they forgive you,gipasaylo ka nila
hindi ako masaya sa ginawa ko,i m not happy with what i did,wa ko nalipay sa akong gibuhat
narinig mo ba ang balita,did you hear the news,nadunggan ba nimo ang balita
dumating sila sa hotel pagkatapos ng takipsilim,they arrived at the hotel after dusk,niabot sila sa hotel pagkahuman sa kahaponan
puno ang tren,the train is full,puno na ang tren
marumi ang plato,the plate is dirty,hugaw ang plato
ang mga magulang ay ninenerbiyos nang kaunti,parents are a little nervous,ang mga guinikanan kay gikulbaan gamay
mataas na ang araw nang umalis ako sa kama,the sun was high when i got out of bed,hapit na udto nga nibakod ko sa higdaanan
wala siyang mga kaibigan para payuhan siya,he had no friends to advise him,wala siyay mga amigo para tagaan siya og adbays
may maraming magagandang babae sa shanghai kaysa sa tokyo,there are more beautiful women in shanghai than in tokyo,naay daghang gwapa nga mga babaye sa shanghai kaysa sa tokyo
ito ay copacabana,it s copacabana,kani kay copacabana
hindi ito matigas,it s not tough,di ni gahi
ang ginagawa niya ay ilegal,what he is doing is illegal,ang gibuhat niya kay ilegal
ano pang pwede ninyong gawin,what else can you do,unsa pa inyong pwede nga buhaton
pwede ba kitang ihatid hanggang sa pintuan,can i walk you to the door,pwede ba ta ka ihatod hangtod sa pultahan
sumigaw siya sa kanya pero hindi niya narinig,he shouted at her but she didn t hear him,nishagit siya sa iyaha pero wa siya nadunggan
naghapunan siya ng isda,he had fish for dinner,nanihapon siya og isda
sa susunod sabihin mo ang totoo,next time tell the truth,sunod iingon na ang tinuod
niyaya ni si na lumabas,asked out,giagda ni si og gawas
nawa y magkatotoo ang aking panaginip,may my dream come true,unta matinuod akong damgo
hindi ko matandaan saan ko iniwan ang kotse ko,i don t remember where i left my car,di nako mahinumdoman asa nako nabilin akong sakyanan
pagod ako,i m tired,gikapoy ko
hindi kami dumating dahil umulan,we didn t come because it rained,wa mi niabot kay niulan
maraming salamat sa tulong,thank you very much for the help,daghang salamat sa tabang
madaling mapagod si,gets tired easily,dali kapoyon si
wala akong oras para magbasa,i don t have time to read,wala koy oras aron magbasa
bakit hindi ka tumawag bago pumunta rito,why didn t you call before coming here,ngano di ka motawag bag o moanhi diri
mapait ang lasa ng gamot,the medicine tastes bitter,pait ang lasa sa tambal
itinaas ng lalaki ang kanyang kamay para magtanong,the man raised his hand to ask,gitaas sa laki ang iyang kamot aron mangutana
mabait na bata si emi,emi is a kind child,buotan nga bata si emi
hindi siya marunong magmaneho ng kotse,he doesn t know how to drive a car,wala siya kabalo mo drayb og sakyanan
tinitigan niya ang kanyang mga kuko,he stared at his nails,gitutokan niya iyang mga kuko
sobrang bait mo sa akin,you are very kind to me,buotan kaayo ka sa akoa
narinig kong napakayaman niya,i heard he is very rich,nadunggan nako nga datu kaayo siya
isang babae ay nagsulat ng aklat tungkol sa kung paano maging masaya at pagkatapos nagpakamatay,a woman wrote books about how to be happy and then committed suicide,usa ka babaye kay nagsuwat og ka libro tungkol sa kon unsaon mahimong malipayon ug human nagpakamatay
sa tingin mo gusto ko itong gawin,do you think i want to do it,abi nimo ganahan ko nga himuon ni
ano ang suot mo,what are you wearing,unsa imong gisuot
bakit ka bumili ng isang bulaklak,why did you buy a flower,ngano nipalit ka og usa ka bulak
ang diksyunaryong ito ay naglalaman ng hindi lalagpas sa salita,this dictionary contains no more than words,kani nga diksyunaryo kay naay sulod nga di molagpas og ka storya
kontra sa diborsyo ang simbahang katolika,the catholic church is against divorce,di uyon sa diborsyo ng simbahan nga katolika
gusto kong mabuhay,i want to live,gusto nako mabuhi
kami ay ang lahat ng mga sabik na makita ang pelikula,we are all eager to see the movie,kami kay ang tanan nga eksayted nga makit an ang salida
may nararamdaman ka bang sakit sa ibang parte ng katawan,do you feel pain in other parts of your body,naa kay nabatian nga sakit sa lain nga parte sa imong lawas
binilhan ko ang batang babae ng isang suweter,i bought the girl a sweater,gipalitan ko ang bata nga baye og usa ka suweter
panaginip ba ito,is this a dream,damgo ba ni
sa natitirang mga salita sa listahan lima ay pangngalan,of the remaining words in the list five are nouns,sa mga nabilin nga gipanulat sa listahan lima ang nawn
huwag matulog nang nakasindi ang ilaw,don t sleep with the light on,ayaw og katulog nga naay sindi ang suga
ang pangalan ko ay ludwig,my name is ludwig,akong ngalan kay ludwig
napanaginipan niya ang kanyang bahay,he dreamed of his house,nadamgohan niya iyang balay
ang pangarap ni ay makapunta sa isang unibersidad sa inglatera,s dream is to go to a university in england,ang pangandoy ni kay makaadto sa usa ka unibersidad sa inglatera
bagay talaga sa iyo ang kurbatang iyan,that tie really suits you,angayan gyud ka anang kurbataha
napakabata mo pa para magpakasal,you are too young to get married,bata pa kaayo ka para magpakasal
subukan mong hanapin,try to find,tistinga og pangita
iinumin ko ang kape,i will drink the coffee,imnon nako ang kape
nasa tabi lang ang istasyon,the station is just next door,naa ra ko sa tapad sa istasyon
ayaw ko ng mga nakakatakot na palabas,i don t like horror shows,di ko ganahan og salida nga kahadlokan
hindi ako naniniwalang nagdudulot ng kamalasan ang mga pusang itim,i don t believe black cats bring bad luck,di ko mutuo nga naay dala nga kamalasan ang iring nga itom
ano ang mapag uusapan,what can be discussed,unsa ang pag istoryahan
walang mali sa iyong sanaysay,there is nothing wrong with your essay,walay mali sa inyong gisulat
normal lang iyan sa alemanya talaga,that s normal in germany really,normal ra na sa alemansya tinuod
hindi ko alam paano tulungan si,i don t know how to help,wa ko kabalo unsaon pagtabang kay
okey na ako ngayon,i m okay now,okey na ko karon
maaaring sumabog iyan,that might explode,pwede na mubuto
alam niyang siya ay nagkamali,he knows he made a mistake,kabalo siya nga na mali siya
hindi pwedeng pilitin ang sinuman,no one can be forced,di pwede lugson ang bisan si kinsa
saan ka pupunta ngayong gabi,where are you going tonight,asa ka moadto karong gabii
may kaunting pera ako dito,i have some money here,naa koy gamay kwarta diri
si ay isang muslim,is a muslim,si kay usa ka muslim
tinawagan ko siya kaninang umaga,i called him this morning,gitawagan nako siya ganihang buntag
pinatay ko ang konde,i killed the count,gipatay nako ang konde
hindi ko alam kailan pero magaganap iyan balang araw,i don t know when but it will happen one day,wa ko kabalo kanus a pero mahitabo na usa ka adlaw
pupunta ako sa europa sa susunod na linggo,i m going to europe next week,mag adt ko sa europa sunod semana
pumunta ako sa pinangyarihan ng krimen,i went to the crime scene,niadto ko sa nahitaboan sa krimen
sila ay hindi patay,they are not dead,di pa siya patay
may kompyuter ba sila,do they have a computer,naa ba silay kompyuter
hilig ko ang pangongolekta ng mga lumang laruan,i love collecting old toys,hilig nako ang pagkolekta og mga daang dulaan
walang maniniwala sa tsismis na iyan,no one will believe that rumor,walay mutuo anang tsismisa
dahil ikaw ay nagsisisi patatawarin kita,because you repent i will forgive you,kay tungod nga nagbasok ka pasayloon ta ka
hindi ko siya sinisisi dahil diyan,i don t blame him for that,wala nako siya gibasol tungod ana
halos maiyak si,almost cried,halos makahilak si
tawagan mo kami mamayang gabi,call us tonight,tawagi mi unyang gabii
uy saan ka galing,hey where are you from,oy asa ka gikan
kinailangan ninyong alagaan si,you had to take care of,kinahanglan ninyo ampingan si
mas gusto ko ang mainit na tsaa kaysa malamig,i prefer hot tea to cold,mas ganahan ko og init nga tsaa kaysa sa tugnaw
hindi na ako pagod,i m not tired anymore,wa ko gikapoy
pinakain mo na ang aso,have you fed the dog,gipakaon na nimo ang iro
gusto ko ang amoy ng bagong tinapay,i love the smell of new bread,ganahan ko og humot sa bag o nga pan
alam mo ang daan,do you know the way,kabalo ka sa agi an
bawal ito sa karamihan ng mga bansa,it is illegal in most countries,bawal kini sa kadaghanan nga nasud
huwag mo akong tratuhin na parang isang baliw,don t treat me like i m crazy,ayaw ko og tratuha nga mura og usa ka boang
maganda si inang kalikasan,mother nature is beautiful,nindot si inang kalikasan
may gusto ka bang sabihin sa akin,do you want to tell me something,naa kay gusto iingon sa akoa
nakapasa siya sa eksamen,he passed the exam,nakapasar siya sa eksam
umuulan kagabi,it rained last night,nag ulan gabii
kapag may pera ako babayaran ko ang utang ko pero sa ngayon hindi ako makakabayad,when i have money i will pay my debt but right now i can t,kon naa koy kwarta bayran nako akong utang pero di sa ko kabayad karon
magkano ang orasan na ito,how much is this clock,tagpila ning orasan
gutom na gutom na gutom na ako,i am very hungry,gigutom na kaayo ko
hindi na ako nene,i m not a mom anymore,di na ko bata
binuksan niya ang sobre,he opened the envelope,giablihan niya ang sobre
hindi pa ako nakahanap ng trabaho hanggang ngayon,i haven t found a job yet,wa pa ko kakita og tarbaho hangtod karon
pasensya na hindi ako nagpapasok ng mga taong hindi ko kilala,sorry i don t admit people i don t know,pasensyahi na di ko nagapasulod og mga tawo nga wa nako nailhan
wala akong trabaho,i don t have a job,wala koy tarbaho
isipin natin ang pinakamalalang pwedeng mangyari,let s think about the worst that can happen,hunahunaon nato nga ang kinakalalaan nga pwede mahitabo
armado ang mga sundalo,the soldiers are armed,armado ang mga sundalo
may tanong ako para sa iyo,i have a question for you,naa koy pangutana para sa imoha
nasaan na kayo,where have you been,asa na mo
gaano ko man pilitin hindi ko magawang kalimutan ang halik na iyon,no matter how hard i tried i couldn t forget that kiss,bisan unsa nako og pugos di nako mahimo nga hikalimtan tong haluka
paano mo malaman kung siya y patay na,how do you know if he is dead,unsaon nimo og kahibalo nga patay na siya
nalalaglag ang isang dahon,a leaf falls,nahog ang usa ka dahon
maaaring magkaroon ng ibang lalaki ang asawa mo,your wife may have another man,tingali pwede mangabit imong asawa
ang trabaho nila ay ang bumili ng mga prutas at gulay,their job is to buy fruits and vegetables,ang ilang tarbaho kay ang mopalit og mga prutas ug gulay
kailangan kong isauli ang aklat bago dumating ang sabado,i have to return the book before saturday,kinahanglan nako iuli ang libro bag o moabot ang sabado
bakit bumili ka ng ibang kotse,why did you buy another car,nganong nipalit ka og lain nga sakyanan
mukhang malakas siya,he looks strong,mura og kusgan siya
patawarin ninyo si,forgive,pasayloon ninyo si
ito ang bandila ng bansang hapon,this is the flag of japan,kini ang bandila sa nasud sa hapon
siya ay may maliliit na paa,he has small feet,naa siyay gamay nga lawas
ang kaaway ng kaibigan mo ay kaibigan mo,your friend s enemy is your friend,ang kaaway sa imong amigo kay amigo sad nimo
parang gusto kong uminom ng serbesa,i feel like drinking beer,mura og gusto nako moinom og serbesa
kung hindi dahil sa araw hindi tayo mabubuhay,if it weren t for the sun we wouldn t be alive,kon dili tungod sa adlaw di ta mabuhi
gusto kong umalis dito,i want to get out of here,gusto nako molakaw diri
ikaw ay isang magandang babae,you are a beautiful woman,ikaw kay usa ka gwapa nga babaye
siya ay natutulog sa umaga at nagtatrabaho sa gabi,he sleeps in the morning and works at night,siya kay matog sa buntag ug nagatarbaho sa gabii
mga doktor sila,they are doctors,mga doktor sila
sa wakas pumili siya ng ibang kuting,finally she chose another kitten,sa kinauwaihan nipili siya og lain nga iring
palagi siyang mapagbigay sa mga nangangailangan,he was always generous to those in need,pirme siya mohatag sa nanginahanglan
ngayon ang aking ikalabing anim na kaarawan,today is my sixteenth birthday,karon mao akong ika disisayes nga adlaw nga natawhan
kumikidlat bago kumulog,lightning before thunder,naga kilat bag o mokulog
sumulat ako ng isang aklat dalawang taon ang nakakaraan,i wrote a book two years ago,nagsulat ko og usa ka libro duha ka tuig na nilabay
ang wikang ingles ay naging predominante sa buong mundo sa maraming dahilan,the english language has become predominant throughout the world for many reasons,ang panulti on nga ingles kay nahimong dominante sa tibuok kalibutan sa daghan kaayo nga rason
tatawag ako ng taksi para sa atin,i will call a cab for us,tawagi ko og taksi para sa atoa
ganito ang paggamit ng makina,this is how the machine is used,ing ani paggamit og makina
ininit niya ang malamig na sabaw para sa hapunan,he heated the cold soup for dinner,giinit niya ang tugnaw nga sabaw para sa panihapon
binigyan ko ng kwintas na perlas ang kapatid kong babae para sa kanyang kaarawan,i gave my sister a pearl necklace for her birthday,gitagaan nako og kwintas nga perlas ang akong lumon nga baye para sa iyang adlaw nga natawhan
nag uumpisa siyang magtrabaho nang alas siyete,he starts work at seven o clock,nagasugod siya og tarbaho inig ka alas siyete
kailangan ko ng isang kahon ng mga pako,i need a box of nails,kinahanglan nako og usa ka kahon nga lansang
hindi ko matandaan kung sino ang unang dumating,i don t remember who came first,di na nako mahinumdoman kinsa una niabot
tinamaan si ng isang bola ng golf,was hit by a golf ball,naigo si og usa ka bola sa golf
ikaw ay isang mahusay na kusinero,you are a good cook,ikaw kay usa ka nindot nga kusinero
makukuha mo kapag susubukan mo,you will get it when you try,makuha nimo kon imong tistingan
ang ikli,the short,ka gamay
tulog ba siya,is he sleeping,natog siya
isang araw lumuwas si ng madrid,one day left madrid,usa ka adlaw niadto si og madrid
nakalimutan ko talaga na may pasok ngayon,i really forgot that there is school today,nakalimot gyud ko nga naay klase ron
nagdisisyon si kenji na maging isang kusinero,kenji decides to become a cook,nagdesisyon si kenji nga mahimong usa ka kusinero
wala akong nalalaman na kahit ano tungkol sa bansang hapon,i don t know anything about japan,wala koy nabal an nga bisan og unsa sa nasud sa hapon
hindi lahat ng mga estudyante ang dumalo sa pulong,not all students attended the meeting,di tanan estudyante niadto sa pulong
bukas dadalhin kita sa aking palasyo,tomorrow i will take you to my palace,ugma dad on ta ka sa akong palasyo
anong gagawin mo kapag may isang milyong dolyar ka,what would you do if you had a million dollars,unsay imong himoon kon naa kay usa ka milyon nga dolyar
gusto mong magkaroon ng mga anak,do you want to have children,ganahan ka magka anak
gusto niyang magpakasal agad,he wants to get married right away,gusto niya magpakasal dayon
babayaran niya ang lahat,he will pay for everything,bayran niya tanan
sipilyuhin mo ngipin mo,brush your teeth,sipilyuhi imong ngipon
tatawagan ko siya mamaya,i will call him later,tawagan nako siya unya
uminom ng kape si habang naninigarilyo si,drank coffee while smoked,niinom og kape si samtang naingarilyo si
binuksan ng sanggol ang bibig,the baby opened its mouth,giablihan sa bata iyang baba
pinakilala niya ako sa kanyang kapatid na lalaki,he introduced me to his brother,gipaila ila ko niya sa iyang lumon nga laki
bakit hindi tayo kumain,why don t we eat,nganong di man ta mokaon
maawa ka,have mercy,malooy ka
sa pagpasok niya sa kamalig may nakita siyang isang nawawalang bisikleta,when he entered the barn he saw a missing bicycle,sa pagsulod niya sa kamalig naa siyay nakit an nga nawala nga bisekleta
bumaba sila ng bus,they got off the bus,ninaog sila sa bus
katatawag lang sa akin ng pulis,the police just called me,bag o ra nitawag sa akoa ang pulis
sigurado ka bang magpapalagay ka ng tatu,are you sure you want to get a tattoo,sigurado ba ka nga magpabutang ka og tatu
narinig ko pati mga motorista ng taksi ay madalas na nawawala sa tokyo,i also heard that taxi drivers often get lost in tokyo,nadunggan nako pati mga motorista sa taksi nga halos pirme mawala sa tokyo
hindi ko alam kung bakit ang saya saya ko sa araw na ito,i don t know why i m so happy today,wa ko kabalo kon nganong malipayon kaayo ko karong adlaw
mas malaki ang kotseng ito kaysa sa kotseng iyon,this car is bigger than that car,mas daku ning sakyanan kaysa sa ato nga sakyanan
hindi posible ang manirahan sa pulong iyan,it is not possible to live in that meeting,di posible nga mopuyo ana nga lupa
naapektuhan ang kanyang mga baga ng paninigarilyo,his lungs were affected by smoking,apektado iyang baga tungod sa panigarilyo
bumili ka ng ilang tokwa pabalik mo sa bahay,buy some tofu on your way home,palit og pila ka tokwa pagbalik sa balay
iniisip kong mag abroad sa darating na taon,i m thinking of going abroad next year,gihunahuna nako nga mag abroad sa moabot nga tuig
ayon sa kanya hindi siya pupunta rito,according to him he will not come here,matod niya di siya moanhi diri
sumakay si sa kotse at umalis na sila,got into the car and they left,nisakay si og sakyanan ug nilakaw na sila
ipahihiram ko ito sa iyo,i ll lend it to you,pahulmon ta ka ani
sobrang hina niya sa matematika,he is very weak in mathematics,hinay kaayo siya sa matematika
ganoon ba ang gusto mo,is that what you want,ing ato ba imong gusto
mas malinaw ang paningin mo kaysa sa akin,your vision is clearer than mine,mas klaro ang imong panan aw kaysa sa akoa
pwede ko bang makita ang tiket mo oo eto,can i see your ticket yes here,pwede ba nako makit an imong tiket oo naa ra
nakuha niya ang kanyang hiling sa wakas,he got his wish at last,nakuha niya iyang pangandoy sa kinauwaihan
anong hindi pumapatay sa iyo ay siyang nagpapalakas sa iyo,what doesn t kill you makes you stronger,unsay dili mopatay sa imo kay mao ang magpakusog sa imoha
gusto mong magtrabaho sa metro,you want to work at metro,ganahan ka magtarbaho sa metro
pumapasok sa paaralan si hiromi ng limang araw sa isang buwan,hiromi goes to school five days a month,nagaadto sa eskwelahan si hiromi og lima ka adlaw sa usa ka bulan
nakita ko siya,i saw him,nakit an nako siya
meron akong dalawang pusa,i have two cats,naa koy duha ka iring
kinse minutos na lang at aalis na ako dito,just fifteen minutes and i ll be out of here,kinse minutos na lang molakaw nako diri
binasa mo ba ang dyaryo ngayon,did you read the newspaper today,gibasa ba nimo ang dyaryo karon
hindi umuwi sa bahay si steve,steve didn t come home,wala niuli sa balay si steve
iyan ay walang kabuluhan,that s nonsense,kana kay way kapuslanan
sinuswerte si,was lucky,giswerte si
parang gusto kong umiyak,i feel like crying,murag gusto nako mohilak
dahil doon nawalan siya ng trabaho,because of that he lost his job,tungod ato nawad an siya og tarbaho
bilog ang mga bola,the balls are round,lingin ang mga bola
habambuhay niyang iibigin ang kanyang asawa,he will love his wife forever,hangtod hangtod niya higugmaon iyang asawa
gaano kalawak ang parke na ito,how big is this park,unsa kadaku ning parkeha
hindi kailangan ni mike na hugasan ang kotse ng kanyang nanay sa araw na ito,mike doesn t have to wash his mom s car today,di kinahanglan ni mike nga hugasan ang sakyanan sa iyang inahan aning adlawa
maglaro kayo ni,play with,pagdula mo ni
tinanong sa akin ng matanda ang oras,the old man asked me the time,gipangutana sa akoa sa tigulang ang oras
may kaunting posibilidad ng tagumpay,there is little chance of success,naay gamay nga posibilidad nga modaog
may kaibigan si na ang nanay ay isang beterinarya,has a friend whose mother is a veterinarian,naay amigo si nga ang inahan kay usa ka beterinarya
galing siya sa pransiya,he is from france,gikan siya og pransiya
wala siyang ibang gawin kung hindi tumawa,he had nothing else to do but laugh,wala siyay laing buhaton kon di ang mokatawa
lumipad ang isang bubuyog palabas ng bintana,a bee flew out of the window,nilupad ang usa ka buyog paggawas sa bintana
nandito rin si,is here too,naa sad diri si
ang wikang kinagisnan ni ay ang ingles,s native language is english,ang sinultian nga namathan ni kay ingles
mainit ang kape,the coffee is hot,init ang kape
kumusta ang iyong pag aaral,how is your study,kumusta imong pag eskwela
bakit hindi ka matulog nang saglit,why don t you sleep for a while,ngano di ka matog kadali
kailangan kong makita,i have to see,kinahanglan nako makit an
ako y may isang panaginip,i have a dream,naa koy usa ka damgo
malapit na tayo,we are close,duol na ta
nasa hardin ang tatay ko,my father is in the garden,naa sa tanmanan akong amahan
sanay kaming kumain ng mga pagkaing simple,we are used to eating simple foods,anad mi mokaon og pagkaon nga simple ra
ang abril ay sinusundan ng mayo,april is followed by may,gisundan ang abril og mayo
hindi ka nila pwedeng sisantehin,they cannot satisfy you,di ka nila pwede kwaan og panarbaho
baliw ka ba,are you crazy,boang ka
wala ni isang kapatid na babae o lalaki si,has neither a sister nor a brother,walay ni usa ka lumon nga baye o laki si
madalas lumilindol sa bansang hapon,earthquakes often occur in japan,halos pirme maglinog ang nasud nga hapon
halos sirain ng eskandalo ang kanyang karera,the scandal nearly destroyed his career,halos gub on og eskandalo ang iyang tarbaho
sinong may alam kung ano na ang nangyari sa kanya,who knows what happened to him,kinsay nahibalo unsa nay nahitabo sa iyaha
gusto kong makita ang nanay mo,i want to see your mother,gusto nako makit an ang imong inahan
ang guwapo niya,he is handsome,gwapo kaayo siya
pareho pa rin ang sitwasyon,the situation is still the same,parehas ra gihapon ang sitwasyon
gaano kadalas mo siya makita,how often do you see him,pila ka higayon nimo siya makit an
mataas ang kanyang sweldo,his salary is high,daku siya og sweldo
nabintang siya ng pagsasabi ng hindi totoo,he was accused of telling lies,naapsan siya og pagsulti sa di tinuod
hindi dapat kainin ang karneng hilaw,raw meat should not be eaten,di angay kaonon ang karne nga hilaw
mas pipiliin ko ang pamamasyal kaysa sa panonood ng palabas,i d rather go sightseeing than watching a show,mas pilion nako ang molaag kaysa sa magtan aw og salida
iyon ay mahaba,that is long,kato kay tag as
mahaba iyon,that s long,tag as to
siya ay kinakabahan at madali siyang matakot,he is nervous and can get scared easily,gikulbaan siya ug dali ra mahadlok
masyadong mabait si kyoko para buhatin ang bagahe ko para sa akin,kyoko was very kind to carry my luggage for me,buotan kaayo si kyoko aron alsahon ang bagahe nako para sa akoa
ikaw ang aking iibigin habambuhay,you are my love forever,ikaw akong higugmaon hangtod hangtod
ang pulis ay nagpoprotekta sa testigo,the police are protecting the witness,ang pulis ang tigprotekta sa testigos
huwag paghaluin ang negosyo na may kasiyahan,do not mix business with pleasure,ayaw og halo a ang negosyo nga naay kalipay
paano kung talagang alam na niya ang lahat ng bagay,what if he really knows everything,unsaon kon tinuod nga kabalo gyud siya sa tanang butang
hanggang tatlong kilometro ang papunta doon,up to three kilometers to get there,hangtod tulo ka kilometro ang paadto didto
umiinom ka ng kape,do you drink coffee,naga inom ka og kape
mabilis ka ring masasanay diyan,you will quickly get used to that,dali ra ka maanad ana
sino ang mas matangkad ikaw o si,who is taller you or,kinsa ang mas tag as ikaw o si
malakas ang lalaki,the man is strong,kusgan ang laki
bata ang lalaki,the man is young,bata ang laki
siya ang aking guro,he is my teacher,siya akong magtutudlo
namimiss ko na ang pamilya at bayan ko,i miss my family and my town,gimingaw nako sa akong pamilya og lungsod
madilim kaya tingnan ang dinadaanan,it s dark so watch your way,ngitngit maong tan awa ang agi an
nililibing ng aming aso ang kanyang mga buto sa hardin,our dog buries his bones in the garden,gilubong sa amoang iro ang iyang mga bukog sa tanmanan
mag antay tayo rito hanggang siya y bumalik,let s wait here until he returns,maghulat ta diri hangtod mobalik siya
tanghali na,it s noon,udto na
punta tayo kanila mark,let s go to them mark,adto ta ilaha mark
ano ang mas tama punta tayo kanila o punta tayo kina,what is more correct let s go to them or let s go to,unsa ang mas tama adto ta ilaha o adto ta ila
isulat ang iyong pangalan at address sa sobreng ito,write your name and address on this envelope,isulat inyong ngalan ug address ani nga sobre
anak kita,i m your son,anak ta ka
nagsimula ang apoy sa kusina,a fire started in the kitchen,nagsugod ang kayo sa kusina
kilala ninyo ang isa t isa,do you know each other,kaila ninyo ang usa g usa
binabasa ko ang aklat na ito,i am reading this book,gibasa nako ning libroha
hindi lahat ng bata gusto ng mansanas,not all children like apples,di tanan bata ganahan og mansanas
may isang daang sentimetro sa isang metro,there are one hundred centimeters in a meter,naay usa ka dalan nga semento sa usa ka metro
kinain ko ang mga mansanas na berde,i ate green apples,gikaon nako ang mga mansanas nga lunhaw
handa na kami,we are ready,andam na mi
handa na tayo,we are ready,andam na ta
malusog pa rin siya kahit na matanda na,he is still healthy even though he is old,himsog gihapon siya bisan og tigulang na
dadating ako tanghali para sunduin ka,i will come at noon to pick you up,moabot ko og udto aron sundoon ka
naaakit siya sa mga babaeng asyana,he is attracted to asian women,ganahan siya og babaye nga asyana
nilabas niya ang isang aklat at nag umpisang basahin ito,he took out a book and started reading it,gipagawas niya ang usa ka libro ug nagsugod og basa niini
oras na ng tulog,it s time for sleep,oras na aron matog
hindi lamang iyan ang problema,that s not the only problem,dili ra kana ang problema
anong oras ka humiga kahapon,what time did you go to bed yesterday,unsay oras ka nihigda gahapon
alam kong may nakita akong gumalaw,i knew i saw something move,kabalo ko nga naa koy nakit an nga nilihok
bawal manigarilyo dito,no smoking here,bawal manigarilyo diri
gusto naming bumoto,we want to vote,gusto namo mobuto
nag aaral ka ba,are you studying,nag eskwela ka
palaging natatalo si,always loses,pirme pildi si
marunong akong lumangoy,i can swim,kabalo ko molangoy
kung may pera ka diyan kahit magkano pahiramin mo ko pakiusap,if you have money there no matter how much please lend it to me,kon naa kay kwarta dira bisan og pila pahulma ko palihog
bumili ako ng isang kamera na nagkakahalaga ng dolyares,i bought a camera that cost dollars,nipalit ko pg usa ka kamera nga tag ka dolyar
sa tingin ko ang dahilan kung bakit napakagaling ni sa pranses ay dahil nanonood siya ng maraming palabas sa wikang pranses,i think the reason is so good at french is because he watches a lot of french language shows,nagtuo ko nga ang rason nganong kuyaw kaayo si sa pranses kay tungod nagatan aw siya og daghan nga palabas sa sinultian nga pranses
taga saitama ako,i m from saitama,taga saitama ko
pinalinis ko ang kwarto ko sa kanya,i cleaned my room with him,gipalimpyohan nako ang kwarto nako sa iyaha
ang problema sa droga ay pandaigdigan,the drug problem is global,ang problema sa drogas kay pangtibuok kalibutan
hindi na siya mabubuhay nang matagal,he will not live long,di na siya mabuhi og dugay
hindi papasok sa loob si,won t go inside,di mosulod si
kaaalis lamang ni inay para mag shopping,mother just left to go shopping,bag o ra nilakaw si inay aron mag shopping
umapaw ang ilog dahil sa malakas na ulan,the river overflowed due to heavy rain,niapaw ang suba tungod sa kusog nga ulan
bibigyan kita ng isa pang pagkakataon,i ll give you one more chance,tagaan ta ka og usa ka ka higayon
mahal ni peter si jane,peter loves jane,gihigugma ni peter si jane
ang pag ibig ay umuusbong mula sa pag ibig,love grows out of love,ang paghigugma kay nigikan sa gugma
kung gusto kong mahalin ako ng ibang tao ako mismo ang unang magmahal,if i want other people to love me i will love myself first,kon gusto nako nga higugmaon ko sa laing tawo ako mismo ang una nga mohigugma
hindi pa niya tapos basahin ang aklat na iyan,he hasn t finished reading that book yet,wala pa siya nahuman og basa anang libroha
tinawag ng guro ang pangalan ng bawat estudyante,the teacher called each student s name,gitawag sa magtutudlo ang ngalan sa kada estudyante
anong nangyayari diyan sa taas,what s going on up there,unsay nahitabo dira sa taas
mas mahal ni si ben kaysa kanyang sarili,loves ben more than himself,mas gihigugma ni si ben kaysa sa iyang sarili
marunong ka ring magsalita ng wikang pranses,do you also speak french,kabalo sad diay ka magstorya og sinultian nga pranses
anong ginawa mo sa aking pitaka,what did you do with my wallet,unsay gibuhat nimo sa akong pitaka
alam ko ano ang gusto ko,i know what i want,kabalo ko sa imong gusto
naniniwala ako na inosente siya,i believe he is innocent,nituo ko nga inosente siya
bukas kami bukas,we are open tomorrow,abli mi ugma
may isang maliit na hardin sa harap ng aking bahay,there is a small garden in front of my house,naay usa ka gamay nga tanmanan sa atubangan sa akong balay
sasabihin namin kay,we will tell,iingon namo kay
hindi tatagal ang bagay na ito,this thing won t last,di magdugay ning butanga
pinuno niya ang baso ng alak,he filled the glass with wine,gipuno niya ang baso og ilimnon
hahantong siya sa kulungan,he will end up in jail,moabot siya og presohan
kapag tama ka tama ka,when you re right you re right,kon tama ka tama ka
may isang babaeng taga amerika sa klase namin,there is an american girl in our class,naay usa ka babayeng taga amerika sa among klase
napakaganda ng panaginip mo,your dream is so beautiful,nindot kaayo imong damgo
buong araw nanatiling tahimik si,remained silent all day,tibuok adlaw hilom ra kaayo si
ang hirap,the difficulty,lisud kaayo
huwag mong ipabukas ang anong magagawa mo ngayong araw,don t open what you can do today,ayaw ipa ugma ang mga mabuhat nimo karong adlawa
galit ka ba sa akin dahil napakaikli ng palda ko,are you mad at me because my skirt is so short,nasuko ba ka sa akoa kay gamay kaayo ko og palda
nakipagkaibigan ako sa isang estudyanteng banyaga,i made friends with a foreign student,nakig amigo ko sa usa ka estudyante nga dili taga diri
nagsinungaling ka sa amin,you lied to us,nangatik ka sa amoa
ang ingles ay hindi aking katutubong wika,english is not my native language,ang ingles kay dili akong sinultian
may mapa ka ba,do you have a map,naa kay mapa
nawalan ako ng gana,i lost my appetite,nawad an ko og gana
ako y isang taga lungsod,i am a city person,ako kay usa ka taga lungsod
sa madaling salita siya ay tamad,in other words he is lazy,sa dali nga storya tapulan siya
natatakpan ng niyebe ang buong bansa,the whole country is covered with snow,natabunan og niyebe ang tibuok nasud
talagang ginagalit niya ako,he really makes me angry,ginapasuko gyud ko niya
walang araw at ang buhay ay imposible,there is no sun and life is impossible,walay adlaw ug ang kinabuhi kay imposible
wala siyang perang pambili ng bagong kotse,he has no money to buy a new car,walay siyay kwarta pangpalit og bag o nga sakyanan
inaamin ko na mali ako,i admit i was wrong,giangkon nako nga mali ko
biniro niya siya ngunit hindi siya tumawa,he joked with her but she didn t laugh,giatik niya siya pero wa siya nalipay
hindi ko hinihingi ang kanilang mga opinyon,i m not asking for their opinions,wa nako gipangayo ilang mga opinyon
siya ay isang matapang na sundalo,he was a brave soldier,siya usa ka isog nga sundalo
ang pangalan ko ay hisashi,my name is hisashi,ang ngalan nako kay hisahi
siya ang pinakakuripot na tao na aking nakilala,he is the stingiest person i have ever met,siya ang pinakakuripot nga tawo nga akong nailhan
kay alat naman nitong sopas,because this soup is salty,asin kaayo ning sopas
ang aklat na ito ay inilimbag sa inglatera,this book was printed in england,kani nga libro kay giprinta sa inglatera
ang aklat niya ay nagbigay sa akin ng inspirasyon,his book inspired me,ang iyang libro kay naghatag sa akoa og inspirasyon
mas matanda si nanay kaysa kay tatay,mom is older than dad,mas tigulang pa si nanay kay tatay
sabihin mo kay kung ano ang iyong narinig,tell what you heard,ingna si kon unsa imong nadunggan
nakapunta ako diyan nang maraming beses,i have been there many times,nakaanha ko dira kapila pa
ligpitin mo ang kwarto mo ngayon mismo,move your room right now,limpyohi imong kwarto karon dayon
ayaw ko ng piniritong isda,i don t like fried fish,di ko og prito nga isda
nandito sila,they are here,naa sila diri
ayaw kong mag aral,i don t want to study,di ko gusto mag eskwela
sa tingin ko mas maganda kang tingnan na may mahabang buhok,i think you look better with long hair,sa panan aw nako mas gwapa tan awon ang tag as og buhok
ang tanong ay saan bilhin ang aklat na iyan,the question is where to buy that book,ang pangutana kay asa paliton nang libroha
handa ako kapag handa ka na,i m ready when you re ready,andam ko kon andam na ka
ikinasal siya para sa pera,she married for money,gikasal siya para sa kwarta
kaninong kaibigan ka,whose friend are you,kang kinsa man ka amigo
kaibigan ka nino,who are you friends with,amigo ka ni kinsa
ayaw mong umupo,don t you want to sit,di ka gusto molingkod
hindi ka pinapayagang pumunta diyan sa loob,you are not allowed to go in there,wa ka gitugtan og anha dira sa sulod
binigyan niya ako nitong mga lumang barya,he gave me these old coins,gitagaan ko niya og daan nga sinsilyo
natulog kayo,you slept,natog mo
nakita ko siyang tumatakbo,i saw him running,nakit an nako siya nga nidagan
imposibleng tulungan kita,it s impossible to help you,imposible nga tabangan ta ka
sino ang makakapagsabi anong mangyayari sa hinaharap,who can say what will happen in the future,kinsa may makaingon unsa ang mahitabo ugma
sa tingin ko nasa akin ang sagot,i think i have the answer,sa panan aw nako naa sa akoa ang tubag
pera lamang iyan,that s just money,kwarta ra na
may isang pusa sa loob ng bahay ko,there is a cat inside my house,naay usa ka iring sa sulod sa akong balay
ito y hindi isang tigre,this is not a tiger,kani dili usa ka tigre
kapag walang tao dito mag iwan ka na lang ng isang mensahe,when no one is here just leave a message,kon walay tawo diri pagbilin lang ug usa ka mensahe
saan nakatayo ang katedral,where does the cathedral stand,asa nabutang ang katedral
nakaalis na ang tren nang dumating ako sa istasyon,the train had already left when i arrived at the station,nilakaw na ang tren inig abot nako sa istasyon
turuan mo ako ng kaunting kanji pakiusap,teach me some kanji please,tudloe ko og gamay nga kanji palihog
kinain ng mga daga ang ilang bahagi ng tinapay,the mice ate some of the bread,gikaon sa mga ilaga ang pila ka pikas sa pan
mag isa niyang ginawa iyon,he did it alone,siya ra usa ang nagbuhat ato
si ba isang aktor,is an actor,si ba kay usa ka aktor
isang guro ang tatay ko,my father is a teacher,usa ka magtutudlo akong amahan
ang ginto ay ang hari ng mga hari,gold is the king of kings,ang bulawan kay ang hari sa mga hari
maghintay hanggang maging berde ang ilaw,wait until the light turns green,maghulat hangtod mahimong lunhaw ang ilaw
wala siyang nobya,he doesn t have a girlfriend,wala siyay uyab
nakita ko siyang pinagagalitan ng kanyang tatay,i saw his father scolding him,nakit an nako siya nga gikasuk an sa iyang amahan
hindi ka dapat pumunta sa paaralan,you shouldn t go to school,di ka angay moadto og eskwelahan
puwede siyang magpahinga,he can rest,pwede siya magpahulay
naghingi siya ng maraming pera,he asked for a lot of money,nangayo siya og daghan nga kwarta
kahapon ang kaarawan ko,yesterday was my birthday,gahapon akong adlaw nga natawhan
takbo,run,dagan
may sakit ako,i m sick,naa koy sakit
natalo ako,i lost,napildi ko
halika na,come on,ali na diri
nahirapan akong pumara ng taksi,i had a hard time hailing a cab,nalisdan ko og para og taksi
ginagawa ko lamang ang aking trabaho,i m just doing my job,gibuhat ra nako akong tarbaho
ako y isang batang mahiyain,i am a shy child,ako usa ka bata nga maulawon
ipinanganak siya sa estados unidos at lumaki sa bansang hapon,he was born in the united states and grew up in japan,gitawo siya sa estados unidos ug nidako siya sa nasud sa hapon
marunong ka bang mangabayo,do you know how to ride a horse,kabalo ba ka mangabayo
ayaw na ayaw ko ang mga sinungaling,i hate liars,di gyud ko ganahan og mga bakakon
ano nga ang pangalan ng hotel,what is the name of the hotel,unsa gani ngalan sa hotel
hindi ko matandaan,i don t remember,di nako mahinumdoman
maraming salamat sa pag imbita sa akin,thank you very much for inviting me,daghang salamat sa pag imbita sa akoa
walang laman ang bote,the bottle is empty,walay sulod ang botelya
basa ang mga aso,the dogs are wet,basa ang mga iro
narinig ko na hinalikan mo ang aking nobya,i heard you kissed my girlfriend,nadunggan nako nga gihalokan nimo akong uyab
gusto ko sana ng pulang mga sapatos,i would like red shoes,gusto unta nako og pula nga mga sapatos
may marunong ba ditong magmaneho ng kotse,does anyone here know how to drive a car,naa bay kabalo diri og drayb og sakyanan
kinagat ako ng aso sa kamay,the dog bit my hand,gipaak ko og iro sa kamot
bakit hindi natin makiliti ang ating mga sarili,why can t we tickle ourselves,nganong di nato magitik atong mga kaugalingon
may ideya ka ba kung paano ito nangyari,do you have any idea how this happened,naay ba kay ideya kon naunsa ni nahitabo
ilang taon ka na,how old are you,pila nay edad nimo
ako y na taong gulang,i am years old,ako kay ka tuig
bakit hindi mo sinabi sa mga magulang mo,why didn t you tell your parents,nganong wala nimo giingon sa imong mga guinikanan
sila ay nakikinig ng radyo,they are listening to the radio,naminaw sila sa radyo
wang ang pangalan ko,my name is wang,wang ang akong pangalan
ang lakas ng radyo,the power of the radio,kusog kaayo ang radyo
pakihinaan,please slow down,palihog hinayi
magkahawak kamay tayo sa larawang iyan,let s hold hands in that picture,naggunitay ta og kamot ani nga ritrato
bago ka ba rito,are you new here,bag o ra ka diri
sa totoo lang ayaw ko ang pagkagupit sa buhok mo,honestly i don t like your hair cut,sa tinuod ra di ko ganahan sa gupit sa imong buhok
si raisa ay kyut,raisa is cute,si raisa kay kyut
hindi ako nakatulog ng maayos,i didn t sleep well,wa ko nakatog og tarong
ang daan na ito ay magdadala sa iyo patungo sa sentro ng bayan,this road will take you to the center of town,kani nga dalan ang magdala sa imoha padulong sa sentro sa lungsod
lilipad ang eroplano sa loob ng isang oras,the plane will fly in one hour,mulupad ang eroplano sa sulod sa usa ka oras
nagkukulo siya ng tubig para sa tsaa,he was boiling water for tea,nagpakulo siya og tubig para sa tsaa
ipinanganak ako sa israel,i was born in israel,gipakatawhan ko sa israel
ako y hindi bulag,i am not blind,di ko bulag
salamat sa hapunan,thanks for the dinner,salamat sa panihapon
mukha siyang babae,she looks like a woman,mura siya og babaye
dapat humingi tayo ng walis para walisan ang sahig,we should ask for a broom to sweep the floor,dapat nga mangayo ta og silhig aron silhigan ang salog
hindi natin alam kung makakapunta siya o hindi,we don t know if he can go or not,wa ta kabalo kon makaadto ba siya o dili
napakaraming mapupulang bulaklak sa hardin,there are many red flowers in the garden,daghan kaayo pula nga bulak sa tanmanan
hinihingal siya,he was panting,gahangos siya
may bangko sa balkonahe,there is a bench on the balcony,naay bangko sa balkonahe
nasa krisis ang europa,europe is in crisis,naa sa krisis ang europa
siya y pumasa sa eksamen,he passed the exam,siya kay nakapasa sa eksam
nasagasaan ng isang kotse ang kanyang manika,a car ran over her doll,naligsan og usa ka sakyanan ang iyang manika
sa tingin ko natatakot sa iyo si,i think is afraid of you,sa panan aw nako nahadlok nimo si
nakatira ang tiyo ko sa madrid ang kabisera ng espanya,my uncle lives in madrid the capital of spain,nagpuyo akong uyoan sa madrid ang kabisera sa espansya
kumain ng maraming gulay,eat lots of vegetables,kaon og daghang gulay
nagpandesal siya para sa pista,he prayed for the festival,nagpandesal siya para sa pista
buko pandan ang gusto ng mga bata sa aming pook,buko pandan is what children like in our area,buko pandan ang ganahan sa mga bata sa among lugar
walang laman ang mangkok niyang nasa mesa,his bowl on the table was empty,way sulod ang panaksan niya nga naa sa lamesa
pumitas siya ng mga bulaklak sa hardin,he picked flowers in the garden,nikuha siya og bulak sa tanmanan
natatandaan mo ba ang numero ng iyong pasaporte,do you remember your passport number,nahinumdoman ba nimo ang numero sa imong pasaporte
ang bahay na may berdeng bubungan ay akin,the house with the green roof is mine,ang balay nga naay lunhaw nga atopan kay akoa
anong oras ka bumangon,what time do you get up,unsa nga oras ka tigbakod
umiiyak din ang mga payaso,clowns cry too,mohilak sad ang mga payaso
walang sinuman ay perpekto,nobody is perfect,walay bisan kinsa ang perpekto
walang sinumang perpekto,no one is perfect,walay bisan kinsa nga perpekto
nanalo kami,we won,nidaog mi
umalis na ang tren,the train has left,nilakaw na ang tren
silang lahat ay pinatay ni betty,they were all killed by betty,sila tanan kay gipatay ni betty
alin dito ang gitara mo,which one is your guitar,asa diri imong gitara
nawa y magkatotoo ang lahat ng mga pangarap mo,may all your dreams come true,unta matinuod tanan nimong pangandoy
hindi mo kailangang mahiya,you don t have to be shy,di nimo kinahanglan maulaw
tinakpan ko ang mga tenga ko,i covered my ears,gitabunan nako akong mga dalunggan
pinaiyak namin siya,we made him cry,gipahilak namo siya
kailangan ko ng mga lumang dyaryo pantakip sa pader,i need old newspapers to cover the wall,kinahanglan nako ang daan nga dyaryo pantakop sa pader
tumatambak na ang mga plato sa lababo,the plates are piling up in the sink,nagatambak na ang mga plato sa lababo
bakit may gustong pumatay kay,why would someone want to kill,ngano naay gusto mopatay kay
wala nang pera ang wallet ko,my wallet is empty,wala nay kwarta akong wallet
hindi niya huhugasan ang mga pinggan,he won t wash the dishes,wala niya gihugasan ang mga plato
wala akong pakialam anong ginagawa mo sa pera mo,i don t care what you do with your money,wala koy pakialam sa kon unsay ginabuhat sa imong kwarta
sa tingin mo ba y magugustuhan niya ang aking regalo,do you think he will like my present,sa panan aw ba nimo magustuhan niya akoang regalo
baliw,crazy,boang
ang aklat na ito ay tungkol sa isang hari na nawalan ng korona,this book is about a king who lost his crown,kani nga libro kay tungkol sa usa ka hari nga nawad an og korona
ok na ba akong umuwi ngayon,am i ok to go home now,ok na ba muoli ko karon
kapag ako y may mga pakpak lilipad ako patungo sa yo,when i have wings i will fly towards you,kon ako naay pakpak molupad ko paadto nimo
sino yan,who is that,kinsa na
kawawala lamang ng aking bagong walet na itim,just lost my new black wallet,bag o ra nawala akong bag o nga walet nga itom
mas madaling maluto ang sibuyas kaysa patatas,onions are easier to cook than potatoes,mas dali maluto ang sibuyas kaysa sa patatas
ang mga mag aaral ay binibigyan ng mga aklat ng paaralan,students are provided with school books,ang mga estudyante kay gihatagan og mga libro sa eskwelahan
pakiusap bigyan niyo ako ng makakain gutom na gutom na ako,please give me something to eat i am very hungry,palihog hatagi ko og makaon gutom na kaayo ko
siya y mahirap pero wala siyang pakialam sa pera,he is poor but he doesn t care about money,pobre siya pero wala siyay pakialam sa kwarta
mali ang ginawa mo,you did it wrong,mali ang imong gibuhat
ang kasalungat na salita ng mali ay tama,the opposite of wrong is right,ang kalahian sa mali kay ang tama
gutom na ako,i m hungry,gutom na ko
ang aking bunso ay natutulog pa,my youngest is still sleeping,ang akong bunso kay natog pa
ngumiti siya at nagpaalam,he smiled and said goodbye,ningisi siya og nilakaw
mas mahal kita kaysa mahal ka niya,i love you more than he loves you,mas gihigugma ta ka kaysa sa paghigugma niya
mukhang gulat ang asawa ko,my husband looked shocked,mura og gikugaan ang akong asawa
sa kasawiang palad iyon ay totoo,unfortunately that is true,sa kadimalas kato kay tinuod
isang araw na wala ka ay parang tag init na walang araw,a day without you is like summer without sun,usa ka adlaw nga wala ka kay mura og tag init nga walay adlaw
may kinuha siya mula sa kanyang bulsa,he took something from his pocket,naa siyay gikuha gikan sa iyang bulsa
may tsansa bang siya y gagaling,is there any chance he will recover,naay tsansa ba nga siya mamaayo
nawawala ang pusa ni lukas,lukas s cat is missing,nawala ang iring ni lukas
kinamumunghian ko ang mga kapitbahay ko,i hate my neighbors,kontra kaayo nako akong silingan
wala ako roon,i wasn t there,wala ko didto
hindi mo kilala ang mga kapitbahay mo diba,you don t know your neighbors do you,wa ka nakaila sa imong mga silingan di ba
naku hindi ko napansin at naiwan ko ang aking cellphone sa restawran,alas i didn t notice and left my cellphone at the restaurant,ay wa nako napansin ug nabilin nako akong cellphone sa restawran
ipapakilala kita sa aking mga magulang,i will introduce you to my parents,ipailaila ta ka sa akong mga guinikanan
siya ang kapatid na babae ni pierrot,she is pierrot s sister,siya ang lumon nga baye ni pierrot
miyerkules ngayon diba,it s wednesday right,miyerkules ron di ba
aling planeta ang pinakamalapit sa araw,which planet is closest to the sun,unsa nga planeta ang pinakaduol sa adlaw
napakahaba naman ng pantalong iyan halos abot sahig,those pants are very long almost to the floor,perting tag asa anang pantalon halos moabot sa salog
nagpakamatay si vincent van gogh noong,vincent van gogh committed suicide in,nagpakamatay si vincent van gogh atong
sigurado akong papasa sila sa eksam,i am sure they will pass the exam,sigurado ko nga mopasar sila sa eksam
tama na ba ang dinadaanan ko,am i doing the right thing,tama ba ning akong gi agian
magkakapareho ang edad nila,they are the same age,parehas ra ilang edad
nanamit babae siya,he dressed as a woman,nakapang babaye siya nga sinina
hiniram ko ang mga iyon sa aklatan ng lungsod,i borrowed them from the city library,gihulaman nako to sa librohan sa lungsod
gusto kitang tulungan,i want to help you,gusto ta ka tabangan
ang swerte swerte ninyong tatlo,you three are lucky,swerte kaayo mo tulo
kailangan mong pumunta nang mag isa,you have to go alone,kinahanglan nimo moadto og ikaw ra usa
natagpuan ko ang mga ito,i found them,nakit an nako ni sila
klinick ko ang link pero walang nangyari,i clicked the link but nothing happened,gipindot nako ang link pero walay nahitabo
ang pagpatay ay naganap sa pagitan ng alas at alas ng madaling araw,the killing took place between and in the morning,ang pagpatay kay nahitabo sa tunga sa alas og alas sa kaadlawon
may dugong bughaw na dumadaloy sa aking mga ugat,i have blue blood running through my veins,naay dugo nga asul nga nilatay sa akong mga ugat
pinsan ko,my cousin,katagsa nako
kinailangan kong maglakad papunta roon dahil nasiraan ako ng kotse,i had to walk there because my car broke down,gikinahanglan nako magbaklay paadto didto kay nagub an ko og sakyanan
sumulat ako ng iilang kanta noong nakaraang linggo,i wrote a few songs last week,nagsulat ko og pila ka kanta katong niagi nga semana
may nakikita akong isang liwanag,i see a light,naa koy nakit an nga kahayag
magbabayad si sa ginawa niya,will pay for what he did,nagbayad si sa iyang gibuhat
sa pagkaka alam ko hindi pa nasulat ang nobela sa wikang hapon,as far as i know the novel has never been written in japanese,sa akong nasayran wa pa nasulat ang nobela sa sinultian nga hapon
kinamumunghian nila ang isa t isa,they hate each other,nagadumot sila sa usa g usa
alam kong matapat si,i know is honest,kabalo ko nga matinuoron siya
sa ilog ay maraming isdang kulay dalandan,in the river there are many orange fish,sa suba kay daghang isda nga kolor kahel
may mga maskara ang mga tao sa bundok na iyon,the people on that mountain had masks,naay mga maskara ang mga tawo sa kato nga bukid
sa loob ng kahon ay tatlong bolang iba iba ang kulay,inside the box are three balls of different colors,sa sulod sa kahon kay tulo ka bola nga lain lain ang kolor
sabi ng prinsipe y dapat kumain ang magsasaka ng langka,the prince said the farmer should eat jackfruit,ingun sa prinsipe kay dapat mokaon ang tagabasak og langka
ang kalesa nila y kahoy at ginto,their chariot was made of wood and gold,ang ilang karwahe kay kahoy ug bulawan
may mga naglilimos sa tapat ng batong templo,there are people begging in front of the stone temple,naay mga nanglimos sa atubangan sa templo nga bato
lumalangoy ang mga bata sa ilog sa gubat,children swim in the river in the jungle,nagalangoy ang mga bata sa suba sa kalasangan
nagbangka ang mga taong papuntang bangko,people went by boat to the bank,nagbangka ang mga tawo paadto sa bangko
pakainin mo ang pusa mo ng atay,feed your cat liver,pakaona ang iring nimo og atay
may kandelabra sa kalagitnaan ng mga hinayin sa ibabaw ng mesa,there is a candelabra in the middle of the linens on the table,naay kandelabra sa tunga sa mga pagkaon sa lamesa
umupo ang lalaki sa bangkong kawayan,the man sat on the bamboo bench,nilingkod ang laki sa bangko nga kawayan
kulay rosas ang salamin ng bintana sa tapat ng hardin,the glass of the window facing the garden is rose colored,kolor rosas ang samin sa bintana sa atubangan sa tanmanan
nagluto ang nanay ng pusit sa kusina,the mother cooked squid in the kitchen,nagluto si nanay og pusit sa kusina
naaksidente ako,i had an accident,naaksidente ko
hindi alam ni paano baybayin ang salitang creme brulee,doesn t know how to spell the word creme brulee,wa kabalo si kon unsaon pagbaybay sa pulong nga creme brulee
ang pangako ay isang pangako,a promise is a promise,ang saad kay usa ka saad
gusto ni na maghintay kami,wants us to wait,gusto ni nga maghulat mi
nandoon siya sa pulong kahapon,he was there at the meeting yesterday,naa siya sa pulong gahapon
may sampung panulat ako,i have ten pens,naa koy napulo nga panulat
huwag kang mahiyang maging babae t umiyak ka nang umiyak,don t be ashamed to be a woman and cry when you cry,ayaw og kaulaw mahimong babaye ug hilak ra nga hilak
sa marte pula ang lupa,on mars the earth is red,sa marte pula ang lupa
ang triton ay isang buwan ng neptuno,triton is a moon of neptune,ang triton kay usa ka bulan sa neptuno
ang ating galaksiyang daang magatas ay nasa loob ng laniakea na malawak na malawak,our milky way galaxy is within laniakea which is vast,ang atong galaksiya nga agi an nga maggatas kay naa sa sulod sa laniakea nga hastang lapara
ang laniakea ay may higit nang galaksiya,laniakea has more than galaxies,ang laniakea kay hapit mag nga galaksiya
dalawa ang buwan ng marte,mars has two moons,duha ang bulan sa marte
mahigit na buwan ang lumilibot sa hupiter,it takes over moons to orbit jupiter,hapit mag ka bulan ang nagalibot sa hupiter
walang buwan ang venus,venus has no moon,walay bulan ang venus
walang buwan ang merkuryo,mercury has no moon,walay bulan ang merkuryo
ang sinturon ng mga asteroyd ay nasa pagitan ng marte at hupiter,the asteroid belt is between mars and jupiter,ang sinturon sa mga asteroyd kay naa sa tunga sa marte ug hupiter
maraming yelo sa ibabaw ng buwang europa ng hupiter,there is a lot of ice on the surface of jupiter s moon europa,daghang yelo sa ibabaw sa bulan nga europa sa hupiter
sa ilalim ng yelo ay tubig ng dagat sa buwang europa ng hupiter,beneath the ice is sea water on jupiter s moon europa,sa ilawom sa yelo kay tubig sa dagat sa bulang europa sa hupiter
mahigit nang mga tiyera ang kasya sa loob ng hupiter,jupiter can fit more than tieras inside,hapit mag ka tiyera ang masigo sa sulod sa hupiter
mahigit nang mga tiyera ang surpasyong area ng hupiter,jupiter s surface area is more than tieras,hapit mag ka tiyera ang ibabaw nga lugar sa hupiter
ang surpasyong presyur sa hupiter ay mga kpa,the surface pressure on jupiter is about kpa,ang ibabaw nga presyur sa hupiter kay mga kpa
ang titan ay isang buwan ng saturno,titan is a moon of saturn,ang titan kay usa ka bulan sa saturno
may mga lawa t ilog na metano sa ibabaw ng buwang titan ng saturno,there are lakes and rivers of methane on the surface of saturn s moon titan,naay mga lawa ug suba nga metano sa ibabaw sa bulan nga titan sa saturno
masinsin ang himpapawid ng venus at napakainit,venus s atmosphere is dense and very hot,dasok ang kahanginan sa venus og hastang inita
ang tiyera ay ating planetang asul at berde,tiyera is our blue and green planet,ang tiyera kay ang atoang planeta nga asul ug lunhaw
ang io ay mabulkang buwan ng hupiter,io is a massive moon of jupiter,ang io kay usa ka mabulkan nga bulan sa hupiter
ang daang magatas na ating galaksiya ay may mga bilyong bituwin,the milky way our galaxy has about billion stars,ang agi an nga maggatas nga atong galaksiya kay naay ka libo nga mga bituon
ang ating araw ay isang bituwin sa espasyo,our sun is a star in space,ang atong adlaw kay usa ka bituon sa espasyo
ang eksobiyolohiya ay ang pag aaral ng buhay sa espasyo,exobiology is the study of life in space,ang eksobiyolohiya kay estudyo sa kinabuhi sa espasyo
ang kalkulasyon ng edad ng sansinukob ay mahigit nang bilyong taon,the calculated age of the universe is over billion years,ang kalkulasyon sa edad sa uniberso kay hapit na og ka libo nga tuig
mahigit nang bilyong taon ang edad ng ating tiyera,our earth is more than billion years old,hapit mag ka libo nga tuig ang edad sa atoang tiyera
may mga malalaking bagyo sa hupiter,there are big storms on jupiter,naay mangkadagko nga bagyo sa hupiter
ang eris at pluton ay mga duwendeng planeta,eris and pluto are dwarf planets,ang eris ug pluton kay mga duwende nga mga planeta
ang hupiter saturno urano at neptuno ay mga dambuhalang gas na planeta,jupiter saturn uranus and neptune are giant gas planets,ang hupiter saturno urano ug neptuno kay mga dambuhala nga gas nga mga planeta
ang hupiter ay ang pinakamalaking planeta sa ating sistemang solar,jupiter is the largest planet in our solar system,ang hupiter kay ang kinadagkoan nga planeta sa atong sistema nga solar
ang hupiter ay ang pinakamalaking planeta sa ating sistemang pang araw,jupiter is the largest planet in our solar system,ang hupiter kay ang kinadagkoan nga planeta sa atong sistema nga pang adlaw
walang liwanag na surpasyo ang hupiter dahil ito ay gradasyon ng gas at likidong hidroheno,jupiter does not have a bright surface because it is a gradation of gas and liquid hydrogen,walay kahayag nga surpasyo ang hupiter kay tungod nga gradasyon kini nga gas ug likido ng hidroheno
ang mga planetang ekstrasolar ay mga planetang hindi nasa pamilya ng ating araw o sol,extrasolar planets are planets that are not in the family of our sun or sol,ang mga planeta nga ekstrasolar kay mga planeta nga di ka pamilya sa atoang araw o sol
ang dakilang pulang batik ng hupiter ay malaking bagyo,jupiter s great red spot is a huge storm,ang dakila nga pula nga batik sa hupiter kay dagko nga bagyo
ang saturno ay may ruwedang lumilibot sa kanya,saturn has a wheel going around him,ang saturno kay naay ruweda nga nagalibot sa iyaha
mahigit nang buwan ang lumilibot sa saturno,more than moons orbit saturn,hapit mag ka bulan ang nagalibot sa saturno
mahal ko tatay ko,i love my father,gihigugma nako akoang amahan
sinabi niyang pupunta siya sa amerika,he said he was going to america,giingun niya nga moadto siya sa amerika
ang olympus mons sa marte ay malaking bulkan na mas mataas kaysa sa bundok ng everest sa ating tiyera,olympus mons on mars is a large volcano that is taller than mount everest on earth,ang olympus mons sa marte kay daku nga bulkan nga mas tag as kaysa sa bukid sa everest sa atong tiyera
maraming mga buhanging duna sa surpasyo ng marte,there are many sand dunes on the surface of mars,daghan nga mga balas ang anaa sa surpasyo sa marte
ang valles marineris ay malalim na mahabang mga sabak sa marte,valles marineris are deep long pits on mars,ang valles marineris kay lalum nga tag as nga mga sabak sa marte
ang umaga vallis ay isang lambak sa venus,umaga vallis is a valley on venus,ang umaga vallis kay usa ka lambak sa venus
umaga ay lumang tagalog para sa tawag sa venus,umaga is old tagalog for calling venus,umaga ang karaan nga tagalog nga gitawag sa venus
venus ang tala sa umaga,venus is the note in the morning,venus ang bituon sa buntag
ang lakshmi planum ay isang talampas o patag na kataasan sa venus,lakshmi planum is a plateau or plateau on venus,ang lakshmi planum kay usa ka talampas o patag sa katag asan sa venus
ang katamtamang surpasyong temperatura sa venus ay mga ðc,the average surface temperature on venus is about ðc,ang tama tama nga surpasyo nga temperatura sa venus kay mga c
ang temperatura sa surpasyo ng marte ay ðc hanggang ðc at katamtamang ðc,the surface temperature of mars is ðc to ðc and averages ðc,ang temperatura sa ibabaw sa marte kay c hangtod sa c ug tama tama nga na c
ang katamtamang surpasyong temperatura sa pluton ay mga k o ðc,the average surface temperature on pluto is about k or ðc,ang tama tama nga temperatura sa surpasyo sa pluton kay mga k o c
ang katamtamang surpasyong temperatura sa hupiter ay mga k o ðc,the average surface temperature on jupiter is about k or ðc,ang tama tama nga temperatura sa surpasyo sa hupiter kay mga k o c
ang ceres ay duwendeng planetang nasa loob ng sinturon ng mga asteroyd,ceres is a dwarf planet within the asteroid belt,ang ceres kay duwende nga planeta nga naa sa sulod sa sinturon sa mga asteroyd
ang merkuryo venus tiyera at marte ay mga planetang terestriyal ng ating sistemang pang araw,mercury venus earth and mars are terrestrial planets of our solar system,ang mekyryo venus tiyera ug marte kay mga planeta nga terestriyal sa atoang sistema nga pang adlaw
ang eris ay duwendeng planetang lampas ng neptuno at mas malaki kaysa sa pluton,eris is a dwarf planet beyond neptune and larger than pluto,ang eris kay duwende nga planeta nga lagpas sa neptuno ug mas dagko pa kaysa sa pluton
eris ang pinakamalaking duwendeng planetang alam sa ating sistemang pang araw,eris is the largest dwarf planet known in our solar system,ang eris ang kinadak an nga duwende nga planeta nga ilado sa atoang sistema nga pang adlaw
ang makemake at haumea ay ilang duwendeng planetang lampas ng neptuno,makemake and haumea are dwarf planets beyond neptune,ang makemake ug haumea kay pipila nga mga duwende nga planeta nga lagpas sa neptuno
may alam na limang buwan ang pluton at charon ang pinakamalaki sa mga ito,pluto is known to have five moons and charon is the largest of these,naay ilado nga lima ka bulan ang pluton ug charon ang kinadak an niini
charon nix hydra kerberos at styx ang mga alam na buwan ng pluton,pluto s known moons are charon nix hydra kerberos and styx,charon nix hydra kerberos ug styx ang mga ilado nga mga bulan sa pluton
ang ulap na oort ay napakalaking bilog na kaulapan na lampas ng neptuno at dito binubuo ang mga bilyun bilyong mga kometa,the oort cloud is a large round cloud beyond neptune and is home to billions of comets,ang panganod nga oort kay ang kinadak an nga lingin sa kapanganuran nga lagpas sa neptuno ug diri gilangkob ang libo ka libo nga mga kometa
may mga ruwedang maninipis na lumilibot sa neptuno,there are thin wheels orbiting neptune,naay mga ruweda nga mangkanipis nga nagalibot og neptuno
lahat ng mga dambuhalang gas na planeta sa ating sistemang pang araw ay may mga ruwedang lumilibot maninipis man o malalaki,all of the gas giant planets in our solar system have orbiting wheels either thin or large,tanan sa mga dagko nga gas nga mga planeta sa atong sistema nga pang adlaw kay mga ruweda nga nagalibot nipis man o mga dagko
ganimedes ang pinakamalaking buwan sa ating sistemang pang araw at buwan ito ng hupiter,ganymede is the largest moon in our solar system and is a moon of jupiter,ang ganimedes ang kinadak an nga bulan sa atong sistema nga pang adlaw ug bulan kini sa hupiter
ganimedes lamang ang alam na buwan na may magnetospera sa ating sistemang pang araw,ganymede is the only known moon with a magnetosphere in our solar system,ang ganimedes ra ang ilado nga bulan nga naay magnestospera sa atong sistema nga pang adlaw
ang komposisyon ng buwang ganimedes ay bato at yelo,the composition of the moon ganymede is rock and ice,ang komposisyon sa bulan nga ganimedes kay bato ug yelo
ang merkuryo ay pinakaunang planetang lampas ng ating araw,mercury is the first planet beyond our sun,ang merkuryo ang pinakauna nga planeta nga lagpas sa atong adlaw
venus ang ika planetang lampas ng ating araw,venus is the nd planet beyond our sun,ang venus ang ika nga planeta lagpas sa atong adlaw
tiyera ang ika planetang lampas ng ating araw,tiera is the rd planet beyond our sun,ang tiyera ang ika nga planeta lagpas sa atong adlaw
marte ang ika planetang lampas ng ating araw,mars is the th planet beyond our sun,ang marte ang ika nga planeta lagpas sa atong adlaw
hupiter ang ika planetang lampas ng ating araw,jupiter is the th planet beyond our sun,ang hupiter ang ika nga planeta lagpas sa atong adlaw
saturno ang ika planetang lampas ng ating araw,saturn is the th planet beyond our sun,ang saturno ang ika nga planeta lagpas sa atong adlaw
urano ang ika planetang lampas ng ating araw,uranus is the th planet beyond our sun,ang urano ang ika nga planeta lagpas sa atong adlaw
neptuno ang ika planetang lampas ng ating araw,neptune is the th planet beyond our sun,ang neptuno ang ika nga planeta lagpas sa atong adlaw
ang mga suklob na yelong polar sa marte ay may ilang metrong yelo ng karbon dioksido sa ibabaw ng yelong tubig,the polar ice caps on mars have several meters of carbon dioxide ice on top of the water ice,ang mga takup nga yelo nga polar sa marte kay naay pipila kay metro nga yelo nga karbon nga dioksido sa ibabaw sa yelo nga tubig
ang marte ay puno ng mga desyerto o ilang,mars is full of deserts or wilderness,ang marte kay puno og mga desyerto o ilang
kung tunawin ang suklob na yelong polar sa timog ng marte mababaha ang buong surpasyo ng planeta nang mga metrong kailalimang tubig,if the polar ice caps south of mars were to melt the entire surface of the planet would be flooded with about meters of deep water,kon tunawon ang takup nga yelo nga polar sa habagatan sa marte bahaon ang tibuok surpasyo sa planeta og mga ka metro kalalom sa tubig
mapula ang surpasyo ng marte dahil sa kalawang,the surface of mars is red due to rust,pu pula ang surpasyo sa marte kay tungod sa kalawang
mahigit nang aktibong bulkan ang nasa buwang io ng hupiter,jupiter s moon io has over active volcanoes,hapit nga ka aktibo nga bulkan ang naa sa bulan nga io sa hupiter
may interaksiyon ang buwang io sa magnetospera ng hupiter,the moon io interacts with jupiter s magnetosphere,naay interaksyon ang bulan nga io sa magnetospera sa hupiter
ang buwang io ng hupiter ay medyong mas malaki kaysa sa luna ng ating tiyera,jupiter s moon io is slightly larger than our planet s moon,ang bulan nga io sa hupiter kay mas daku gamay kaysa sa luna sa atoang tiyera
ang kalawakan ng laniakea ay mga milyong sinag taon,the laniakea galaxy is about million light years across,ang kawanangan sa laniakea kay mga ka milyon nga silaw nga tuig
alpha centauri ang ating kapitbahay na sistemang pangbituwin na may tatlong bituwing alpha centauri a b at c,alpha centauri is our neighboring star system with three stars alpha centauri a b and c,ang alpha centauri ang atoang silingan nga sistema nga pangbituon nga naay tulo ka bituon nga alpha centauri a b ug c
ang distansiya ng alpha centauri sa ating araw ay mga sinag taon,the distance of alpha centauri from our sun is about light years,ang kalay on sa alpha centauri sa atong adlaw kay mga ka silaw ka mga tuig
antares ang pulang superhiganteng bituwing mga beses nang radyus ng ating araw,antares is a red supergiant star about times the radius of our sun,ang antares kay ang pula nga kinahiganti an nga bituon nga mga ka dak an ang radyus sa atong adlaw
ang atmospera ng venus ay porsiyentong karbon dioksido,the atmosphere of venus is percent carbon dioxide,ang atmospera sa venus kay nga porsiyento nga karbon dioksido
ang alam na mga buwan ng urano at baka mahigit pa,there are known moons of uranus and maybe more,kabuok ang ilado nga mga bulan sa urano ug basi mas daghan pa
miranda ariel umbriel titania at oberon ang mga malalaking buwan ng urano,miranda ariel umbriel titania and oberon are the large moons of uranus,ang miranda ariel umbriel titania ug obreron ang mga dagko nga mga bulan sa urano
portia ang isang maliit na buwan ng urano,portia is a small moon of uranus,portia ang usa ka gamay nga bulan sa urano
ang mga alam na buwan ng neptuno at baka mahigit pa,there are known moons of neptune and maybe more,kabuok ang mga ilado nga bulan sa neptuno ug basi nga mas daghan pa
titania ang pinakalaking buwan ng urano,titania is the largest moon of uranus,ang titania ang kinadak an nga bulan sa urano
titan ang pinakalaking buwan ng saturno at makapal ang atmospera nito,titan is saturn s largest moon and has a thick atmosphere,ang titan ang kinadak an nga bulan sa saturno ug baga ang atmospera niini
sa buwang titan may mga duna ilog lawa at dagat,on the moon titan there are dunes rivers lakes and seas,sa bulan nga titan naay mga duna suba lawa ug dagat
ang surpasyo ng buwang triton ng neptuno ay yelong nitroheno yelong tubig at yelong karbon dioksido,the surface of neptune s moon triton is nitrogen ice water ice and carbon dioxide ice,ang surpasyo sa bulan nga triton sa neptuno kay yelo nga nitroheno yelo nga tubig ug yelo nga karbon dioksido
oberon ang pinakapulang buwan ng urano,oberon is the reddest moon of uranus,ang oberon ang kinapulahan nga bulan sa urano
ang katamtamang surpasyong temperatura sa urano ay mga k o ðc,the average surface temperature on uranus is about k or ðc,ang tama tama nga temperatura sa surpasyo sa urano kay mga k o c
ang katamtamang surpasyong temperatura sa neptuno ay mga k o ðc,the average surface temperature on neptune is about k or ðc,ang tama tama nga temperatura sa surpasyo sa neptuno kay mga k o c
ang katamtamang surpasyong temperatura sa saturno ay mga k o ðc,the average surface temperature on saturn is about k or ðc,ang tama tama nga temperatura sa surpasyo sa saturno kay mga k o c
kabilangan ang surpasyo ng buwang triton ng neptuno ng yelong nitroheno yelong tubig at yelong karbon dioksido,the surface of neptune s moon triton includes nitrogen ice water ice and carbon dioxide ice,lakip sa surpasyo sa bulan nga triton sa neptuno og yelo nga nitroheno yelo nga tubig ug yelo sa karbon dioksido
ang artipisyal na grabidad ay maaaring matamo sa mga megastrukturong may rotasyon sa espasyo,artificial gravity can be achieved in megastructures with space rotation,ang artipisyal nga grabidad kay pwede matamo sa mga megastrukturo nga naay rotasyon sa kawanangan
hindi masyadong alam ang epekto ng mga iba ibang grabidad sa pagbubuntis,the effect of different gravities on pregnancy is not well known,di masyado ilado ang epekto sa mga lain lain nga grabidad sa pabguntis
hindi masyadong alam ang epekto ng mga iba ibang grabidad sa paglaki ng mga bata,little is known about the effect of different gravities on children s growth,di masyado ilado ang epekto sa mga lain lain nga grabidad sa pagdaku sa mga bata
kabilangan ang mga habitasyon sa espasyo ng iba ibang hayop at halaman,includes space habitats of various animals and plants,lakip nga ang mga habitasyon sa kawanangan sa lain lain nga hayop ug tanom
hindi solusyon sa inyong mga problema ang pornograpiya,pornography is not the solution to your problems,di solusyon sa inyohang mga problema ang pornograpiya
nagdrodroga sila hanggang nawala ang isip nila,they take drugs until they lose their minds,nagadroga sila hangtod sa nawa sila sa ilang mga pangutok
ang mga anak nila y may isip ng matatanda,their children have the minds of adults,ang ilang mga anak kay naay panghunahuna nga pang tigulang
nagtitibi na lamang sila buong araw,they just hang around all day,nagatibi na lang sila tibuok adlaw
nabuwibuwisit sila t naghihintay ng gera,they are waiting for war,nabwisit sila ug nagahulat og gubat
gusto nilang pag usapan ang relihiyon,they want to talk about religion,gusto nila pag istoryahan ang pulong nga relihiyon
ang karne ay simbolo ng sekso,meat is a symbol of sex,ang karne kay simbolo sa sekso
wala silang tiwala sa mga tao,they don t trust people,wala silay salig sa mga tawo
gusto nilang panuurin ang kahirapan ng ibang tao,they want to observe other people s difficulties,gusto nila tan awon ang kalisud sa laing tawo
mas mahal nila ang kuwarta kaysa sa tao,they love dough more than people,mas gihigugma pa nila ang kwarta kaysa sa tawo
tinatamad ang maraming tao,many people are lazy,natapulan ang mga tawo
hindi nila maintindihan kung bakit sila natanda,they don t understand why they get old,dili nila masabtan kon ngano sila nanigulang
matanda na si eliza at gusto na niya ang katapusan,eliza is old and wants the end,tigulang na si eliza ug gusto na niya ang kataposan
nahihirapan silang umintindi ng budismo,they find it difficult to understand buddhism,naglisud sila og sabot sa budismo
mas mahal niya ang buda,he loves the buddha more,mas gihigugma niya ang buda
gusto niyang tumira sa isang bansang budista,he wants to live in a buddhist country,gusto niya nga magpuyo sa usa ka nasud nga budista
ayaw na niyang mag aral dahil isip niya y matanda na siya,he doesn t want to study anymore because he thinks he is old,di na siya ganahan mag eskwela tungod kay abi niya tigulang na siya
kailangan niya ang gamot para sa kanyang sikosis,he needs the medicine for his psychosis,kinahanglan niya ang tambal para sa iyang sikosis
phobos at deimos ang dalawang buwan ng marte,phobos and deimos are the two moons of mars,ang phobos ug deimos ang duha ka bulan sa marte
nagkaroon ng kolonya sa marte noong mga,there was a colony on mars around,adunay kolonay sa marte katong mga
mga limang libong taon ang eksplorasyon at kolonisasyon ng sistemang pang araw katulad ng pagdidiskubre ng mga amerika noong mga primitibong panahon,the exploration and colonization of the solar system took about five thousand years similar to the discovery of the americas in primitive times,mga lima ka libo nga tuig ang eksplorasyon ug kolonisasyon sa sistema nga pang adlaw parehas sa pagdiskubre sa amerika katong mga primitibo nga mga panahon
nang takip silim sa planetang alabong kita ang galaksiyang andromeda sa langit,at twilight on the planet alabong i saw the andromeda galaxy in the sky,pagka taklap sa gabii sa planeta nga alabong makita ang galaksiya nga andromeda sa kawanangan
sa mga gubat ng planetang gonggong ay maraming nakabiting sinag bunga,in the jungles of planet gonggong there are many hanging ray fruits,sa mga kalasangan sa planeta nga gonggong kay daghan mga nakabitay nga bunga sa sanag
sa isang moradong ilog sa planetang hughog si untong ay nangingisda,in a purple river on the planet hughog untong was fishing,sa usa ka morado nga suba sa planeta nga hughog nangisda si untong
tatlo ang mata ni untong at berde ang balat at buhok,untong has three eyes and green skin and hair,tulo ang mata ni untong ug lunhaw ang panit ug buhok
gusto ni kekong sumakay sa isang sasakyang pangkalawakan,kekong wants to ride in a spaceship,gusto ni kekong nga mosakay sa usa ka sakyanan nga pangkawanangan
gusto ni totong maglakbay sa sankabituwinan,totong wants to travel to heaven,gusto ni totong nga mosuroy sa kawanangan
galing sa kalawakan si yoyong at hindi siya taga tiyera,yoyong is from outer space and he is not from tiyera,gikan sa galaksiya si yoyong ug dili siya taga tiyera
hula ng isang sikat na dalub agham ang pagtamo ng pinakaagang kolonya sa marte baka sa siglo ng,a famous scientist predicted that the earliest colony on mars might be in the century,gitagna sa usa ka sikat nga eksperto ang pagkakuha sa pinakasayong kolonya sa marte basin sa siglo nga
legal ang prostitusyon sa germany,prostitution is legal in germany,legal ang prostitusyon sa germany
sa kalawakan ng laniakea ay baka may maraming bagay na may buhay,in the laniakea galaxy there may be many living things,sa galaksiya sa laniakea kay basin naay daghang butang ang may kinabuhi
ang buhay sa tiyera ay basado sa elementong karbon at baka iba sa ibang planeta,life on earth is based on the element carbon and may be different from other planets,ang kinabuhi sa tiyera kay basado sa elemento nga karbon ug basin mao sab sa ubang planeta
sa ibang planeta baka may buhay na basado sa silikon at hindi sa karbon,on other planets there might be life based on silicon and not on coal,sa ubang planeta basin anaay kinabuhi nga basado sa silikon ug dili sa karbon
dambuhala ang brasil di ba,brazil is a monster isn t it,labing kadako gayud sa brazil di ba
di kayo magaling sa sikolohiya,you are not good at psychology,dili mo maayo sa sikolohiya
ang lebel ng alam sa sikolohiya ay primitibo pa,the level of knowledge in psychology is still primitive,ang lebel sa inyong kaalam sa sikolohiya kay primitibo pa
panspermia ang teoriya na ang buhay ay galing sa bumagsak na bagay na galing sa kalawakan at galing sa kalawakan ang buhay,panspermia is the theory that life comes from fallen matter from space and life comes from space,panspermia ang teyorya nga ang kinabuhi nag gikan sa usa ka butang nga natagak gikan sa kawanangan ug gikan sa kawanangan ang kinabuhi
ang kodswitsing ay ibang bagay sa mga hiram na salita,code switching is a different matter from borrowed words,ang pag kodswits kay lahi nga butang sa mga huram nga mga pulong
palagi silang nagkokodswits at hindi bagay sa kanila,they are always coddling and it doesn t suit them,kanunay sila nga naga kodswits ug dili sila angayan niini
kung walang agham walang kinabukasan,without science there is no future,kung walay syensya wala gyuy kaugmaon
sumakay sa isang sasakyang pangkalawakan si dodong,dodong boarded a spaceship,misakay sa usa ka sakyanang pang wanang si dodong
nagbiyahe si dodong sa sankabituwinan,dodong traveled to sankabituwinan,nagbiyahe si dodong sa wanang nga daghang bituon
umalis si dodong pakalawakan,dodong left the space,mipanaw si dodong paadto sa kawanangan
papatayin ako ng mga magulang ko,my parents will kill me,mapatay gyud ko sakong amahan ug inahan
masisiyahan siya kapag marinig niya iyon,he will be happy to hear that,malipay gyud siya kon madungog to niya
iba ang pananampalataya niya kaysa sa akin,he has a different faith than mine,lahi ang pagtoo niya kumpara sakoa
naglanding na ang modulong philae ng rosetta sa surpasyo ng kometa,rosetta s philae module has landed on the surface of the comet,mitugpa na ang modulo nga philae gikan rosetta sa lansay sa kometa
huwag kang maghanap ng apeksiyon mula sa ibang tao at bumili ka na lamang ng pusa,don t look for affection from other people and just buy a cat,ayaw pangitaa ang pagbati gikan sa ubang tao ug mas maayong mupalit na lang ka ug iring
mag aral kayo ng budismo o dao para sa inyong sariling kabutihan,study buddhism or dao for your own good,pagtuon kamo og budismo o dao alang sa inyong kaugalingong kaayohan
bumisita siya sa taylandiya at sa bandang huli naging budista siya,he visited thailand and eventually became a buddhist,mibisita siya sa thailand ug sa kaulahian nahimo siya budista
nag aral siya ng dao para maging parang simpleng driptwud siya,he studied dao to become like a simple dripwood,nagtuon siya og dao arun siya mahimong sama sa yano nga gapo
umiinom si teteng ng hugo ng sampalok,teteng drinks tamarind juice,si teteng kay gainom og duga sa sampalok
magaling at naglanding ang philae ng rosetta sa kometa dahil mahiwaga ang kometa,rosetta s philae successfully landed on the comet because the comet is mysterious,maayo nga mitugpa na ang philae gikan rosetta sa kometa tungod kay kahibulongan ang kometa
ang populasyon ng planetang sobong ay mga bilyon,the population of the planet sobong is about billion,ang populasyon sa planetang ginganlan og sobong kay naa sa napulo ka bilyon
ang populasyon ng planetang tolong ay mga milyon,the population of the planet tolong is about million,ang populasyon sa planetang ginganlan tolong kay naa sa duha ka milyon
ibang intelihenteng espesye ang nakatira sa planetang gurongkong,another intelligent species lives on the planet gurongkong,lahi nga maalamong klase ang nagpuyo sa planetang gurongkong
sa superklaster ng tikilong ay may nadiskubreng limang intelihenteng espesye,in the tikilong supercluster five intelligent species have been discovered,sa superklaster sa tikilong kay adunay nabatyagan nga lima ka maalamong klase
propesor si yeyeng sa eksobiyolohiya sa unibersidad,yeyeng is a professor of exobiology at the university,propesor si yeyeng og eksobiyolohiya sa kinatumhaan
inhenyero sa mga espasyong estruktura si bingbing,bingbing is a structural space engineer,banalam sa mga espasyong estraktura si bingbing
nakatira sa galaksiyang andromeda,lives in the andromeda galaxy,nagpuyo sa galaksiyang andromeda
gumawa ka ng halo halo para sa akin,make a mess for me,pagbuhat ug halo halo para sa akoa
magluto ka ng pritong bangus para sa akin,cook fried bangus for me,pag prito ug bangus para sa akoa
gumawa ka ng mais kon yelo para sa akin,make ice cream for me,pagbuhat ug halo halo para sa akoa
gumawa ka ng sago t gulaman para sa akin,make sago and gelatin for me,pagbuhat og sago ug gulaman para sa akoa
pritong isda at buko ang kinain namin sa dalampasigan,we ate fried fish and knuckles on the beach,pinirito nga isda ug butong ang among gikaon sa daplin dagat
kalamay at hugo ng kalamansi ang nimeryenda namin sa bahay,we snacked on calamari and lime juice at home,kalamay ug duga sa kalamansiang among esnak sa balay
kaunti na ang pitsi pitsi noong narating namin ang bahay ni dindin,it was a little crowded when we reached dindin s house,gamay nalang ang pitsi pitsi atong sa among pag abot sa balay nil dindin
gumamela ang namumulaklak sa hardin sa loob ng kolonya sa marte,blooming in the garden inside the colony on mars,gumamela ang nagpamiyuos sa tanaman sulod sa kolonya sa marte
sampagita ang dinagdag sa mga halaman sa hardin sa loob ng kolonya sa marte,sampagita has been added to the garden plants inside the colony on mars,sampagita ang gidungag sa mga panid sa tanaman sulod sa kolonya sa marte
ang mga hardin sa marte ay nasa loob ng mga domo na protektado sa labas,the gardens on mars were inside domes protected from the outside,ang mga tanaman sa marte anaa sa sulod sa domo kung asa protektado kini sa gawas
nagbarko ang mga inhenyero at propesor sa mga lawang metano ng buwang titan,engineers and professors set sail in the methane lakes of the moon titan,nagbarko ang mga banalam ug propesor sa linawng metano sa buwan nga titan
masanay kayo sa mga istoryang makahipotesis,get used to hypothetical stories,maanad na kamo sa mga pulong nga makapangagapas
sa teraporming ng benus pinalagnaw ang atmospera at pinataas ang oksiheno at pinababa ang karbon dioksido,in the terraforming of benus the atmosphere cooled and increased oxygen and decreased carbon dioxide,ang teraporming sa benus gipalasaw ang atmospera ug gipataas ang oksiheno ug gipababaan ang karbon dioksodo
kung walang imahinasyon nagiging kulungan ang utak ng tao,without imagination the human brain becomes a prison,kung walay handuwaran mamahimong prisohan ang utok sa tao
di lahat ng nangyayari ay nangyayari sa daigdig na ito,not everything that happens happens in this world,dili tanan nahitabo kay nahinabo niining kalibutana
nag aaral si jingjing ng eksobiyolohiya sa unibersidad ng sistemang solar,jingjing studies exobiology at the university of the solar system,nag eskwela si jingjing og eksobiyolohiya sa kinatumhaan sa sistemang solar
sa mga su ng marte ay mga hayop na galing sa tiyera,among the su of mars are animals from tiyera,ang mga su sa marte kay mga kahayopan nga gikan sa tiyera
ang karamihan ng mga kolonista sa marte ay mga budista,the majority of colonists on mars are buddhists,kadaghanan sa mga kolonista sa marte kay mga budista
mga lotus ang dekorasyon sa mga templo ng marte,the temples of mars were decorated with lotuses,mga pagusi ang dekorasyon sa mga agigising sa marte
nag aaral ng mineralohiya si andong sa unibersidad ng marte sa barsoom,andong studies mineralogy at the university of mars in barsoom,nag eskwela og mineralohiya si andong sa kinatumhaan sa marte sa barsoom
tagapamahayag si jetjet ng diyaryo ng marte,jetjet is a reporter for diyaryo ng marte,si jetjet usa ka tigpamalita sa diyaryo sa marte
ang ospital nitong kolonya sa marte ay nasa ilalim ng lupa,this colony s hospital on mars is underground,ang balay tambalanan diri sa marte anaa nahimutang sa ilalom sa yuta
masaya ang mga bata sa pista noong ika anibersaryo ng kolonya ng marte,children have fun at the th anniversary celebration of the mars colony,malipayon ang mga bata sa pyesta niadtong ika nga anibersaryo sa kolonya sa marte
kain nang kain ang mga masasayang nagpipistahan sa loob ng domo sa barsoom,the happy feasters inside the domo in barsoom eat their food,nag sige ug kaon ang mga malipayong nag selebrar sa pyesta sulod sa domo sa barsoom
kantahan at tawanan ang mga nagpipista sa loob ng domo sa barsoom,sing and laugh with the revelers inside the domo in barsoom,nag awit ug nagkatawa ang mga nag selebrar sa pyesta sulod sa domo sa barsoom
masaya sila dahil bata pa sila at narito sila sa barsoom,they are happy because they are young and here in barsoom,malipayon sila tungod kay bata pa sila ug anaa sila barsoom
mga budista ang mga tao sa barsoom,the people of barsoom are buddhists,mga budista ang katawhan sa barsoom
naging budista ang kalahati ng mundo,half the world became buddhist,nahimong budista ang katunga sa mga katawhan sa kalibutan
masaya ang mga tao sa barsoom dahil noong bata pa sila ay budista na sila,the people of barsoom are happy because they were buddhist when they were young,malipayon ang mga katawhan sa barsoom tungod budista na sila sukad paman pagka bata
nagsiksik ang mga nagpipista sa tabi ng plaza burroughs,revelers crowded the side of plaza burroughs,nag guot ang mga nag selebrar sa pyesta daplin sa plaza burroughs
gumawa ka ng espasol para sa akin,you made a spasol for me,pagbuhat ug espasol alang sa akoa
sa superklaster ng bilonggo ay may nadiskubreng mga intelihenteng espesye,in the bilonggo supercluster an intelligent species has been discovered,sa superklaster sa bilonggo adunay nakaplagang mga maalamong klase
gusto niyang maging parang simpleng driptwud kaya nag aral siya ng dao,he wanted to be like a simple dripwood so he studied the dao,pangandoy niya mahimong sama sa yano nga gapo busa nagtuon siya og dao
ang populasyan ng planetang gandong ay mga dalawang daang libo lamang,the population of the planet gandong is only about two hundred thousand,ang kamulupyohan sa planetang gandong kay aduna lamang duha ka gatos ka libo
nagkamping ang mga siyentipiko sa gubat ng planetang wonggong,the scientists camped in the jungle of the planet wonggong,nag kamping ang mga sayantipiko sa lasang sa planetang wonggong
mas gusto ni jongjong ang budismo kaysa sa ibang relihiyon,jongjong prefers buddhism to other religions,mas pangandoy ni jongjong ang budismo kaysa sa ubang relihiyon
ang espesyeng pinokyo ay matitilos ang ilong at nakatira sila sa planetang pinokyohan,the pinokyo species have sharp noses and they live on the planet pinokyohan,ang klaseng pinokyo kay adunay hait nga ilong ug nagpuyo sa planetang pinokyohan
taga benus ang pamilya ni ronron pero lumaki siya sa marte,ronron s family is from benus but he grew up on mars,taga benus ang pamilya ni ronron apan midako siya sa marte
seramik ang bahay ni benji at kumikislap sa araw,benji s house is ceramic and sparkles in the sun,seramiko ang balay ni benji nga nagpangidlap sa adlaw
moradong kanin ang popular na pagkain sa planetang empong,rice is the popular food on the planet empong,morado nga kan on ang bantog nga pagkaon sa planetang empong
kumakanta si totong ng pinakapopular na kanta sa planetang imonggo,totong sings the most popular song on the planet imonggo,gakanta si totong sa pinaka bantogang kanta sa planetang imonggo
gusto nina totong at mareng pumunta sa buwang triton,totong and mareng want to go to the moon triton,pangandoy nila totong ug mareng ang muadto sa bulang triton
umalis si totong pakalawakan hanggang hupiter,totong left the space to jupiter,mipanaw si totong sa wanang hangtod jupiter
naging independiyente ang sistemang hupiter sa tiyera mula nang taon ang nakalipas,the jupiter system has been independent of tiera since years ago,nahimong makinaugalingon ang sistemang hupiter gikan pa adtong ka tuig nga milabay
ayokong pumasok sa eskwela,i don t want to go to school,dili ko gusto mosulod sa eskwela
naging independiyente ang marte sa tiyera mula nang taon ang nakalipas,mars has been independent of tiyera since years ago,nahimong makinaugalingon ang marte sa tiyera gikan pa adtong ka tuig nga milabay
ang populasyon sa labas ng tiyera ay lumampas ng sa tiyera mula nang taon ang nakalipas,the population outside of tiyera has exceeded that of tiyera since years ago,ang kamulupyohan sa gawas sa tiyera kay milampas na sa tiyera sukad pa man niadtong ka tuig ang milabay
ang dakilang relihiyon sa marte ay budismo,the great religion on mars is buddhism,ang bantogan nga relihiyon sa marte mao ang budismo
nagsasamba ang mga marsiyano sa kanilang templo,the martians worship in their temple,naga simba ang mga marsiyano sa ilang templo
malaking industriya ang paggawa ng berdeng keso sa kolonya sa buwan,green cheese production is a large industry in the moon colony,dako ang industriya sa pagbuhat og lunhaw nga keso sa kolonya sa bulan
masasarap ang mga pagkain sa mga restawran sa barsoom,the meals at the restaurants in barsoom are delicious,lamian ang mga pagkaon sa mga restawran sa barsoom
ano ang paborito mong planeta sa sistemang solar,what is your favorite planet in the solar system,unsa ang imong paboritong planeta sa sistemang solar
hugo ng gumamela ang gusto ni totong,totong wanted hugo of gumamela,gata sa gumamela ang gusto ni totong
maraming alagang kambing si totong sa bukid,totong has many goats in the farm,adunay daghang binuhing kanding si totong sa bukid
nagkalesa ang mga budistang papuntang templo nila,the buddhists took a chariot to their temple,nagkalesa ang mga budista padulong sa ilahang templo
ang republika ng maharlika ay budismo ang relihiyon,the royal republic s religion is buddhism,budismo ang relihiyon sa republika sa maharlika
maraming templo sa republika ng maharlika,there are many temples in the royal republic,adunay daghang templo sa republika sa maharlika
sa mga pagitan ng mga lungsod sa republika ng maharlika ay mga gubat at bukid,between cities in the royal republic are forests and fields,sa taliwala sa mga lungsod sa republika sa maharlika adunay mga lasang ug kabukiran
gusto niyang kumain ng pitsa sa dalampasigan,he wants to eat pizza on the beach,gapangadoy siyang mukaon ug pitsa sa baybayon
mas gusto niyang kumain ng pitsang may halamang dagat,he prefers to eat pizza with seaweed,mas ganahan siyang mukaon ug pitsa nga adunay guso
mas masarap ang pitsang may halaan o tahong sa ibabaw,the pitas with halaa or mussels on top is tastier,mas lami ang pitsa nga adunay halaan ug tahong sa babaw
maraming kabuti ang gusto ni totong sa kanyang pitsa,totong likes a lot of goodness in his pizza,ganahan si totong ug daghang uhong sa iyang pitsa
tengang daga ang gusto ni totong sa pitsa niya,totong likes his pizza with rat ears,dalunggan sa ilaga ang ganahan ni totong sa iyang pitsa
pugita ang gusto ni totong sa pitsa niya,totong likes squid on his pizza,kugita ang ganahan ni totong sa iyang pitsa
kugita ang gusto ni totong sa pitsa niya,totong likes squid on his pizza,kugita ang ganahan ni totong sa iyang pitsa
tinatandaan ang aksento sa tagalog dahil karaniwang sinusulat itong walang mga kudlit,the accent in tagalog is remembered because it is usually written without apostrophes,ginatiman an ang tonada sa tagalog tungod sa kasagaran kining ginasulat nga walay kudhit
parang ruso ang tagalog dahil karaniwang di sinusulat ang mga kudlit para sa aksento,tagalog is like russian because apostrophes for accent are usually not written,susama sa ruso ang tagalog tungod kay kasagaran dili ginasulat ang mga kudhit alang sa mga tonada niini
binati ni dodong si totong sa harap ng bahay,dodong greeted totong in front of the house,giabi abi ni dodong si totong atubangan sa balay
maraming olibo ang gusto ni totong sa pitsa niya,totong likes a lot of olives on his pizza,daghang olibo ang ganahan ni totong sa iyang pitsa
hindi palaging nagsasabi ng totoo si,doesn t always tell the truth,dili kanunay gasturya ug tinuod si
maghugas ka ng kamay bago humawak ng pagkain,wash your hands before handling food,pang hugas daan ug kamot bago ka mugunit sa pagkaon
mayroon bang haykap na galing sa kalawakan,is there a fan from outer space,aduna ba y haykap na gikan sa kawanangan
sa tingin ko ang pagpapanuod ng ordinaryong telebisyon ay trabaho,i think watching ordinary television is work,sa akong panglantaw ang pagtan aw og ordinaryong telebisyon usa ka trabaho
seramik ang bubong ni totong at kumikislap sa araw,totong s roof is ceramic and sparkles in the sun,seramiko ang atop ni totong nga gapangsidlak sa adlaw
umiinom ng isang basong sarsaparilya si enrico,enrico is drinking a glass of sarsaparilla,gainom ug isa ka baso nga sarsaparila si enrico
palibot ng kastilyo ay mga maraming halaman,around the castle are many plants,sa palibot sa kastilyo adunay daghang mga tanom
may mga isla sa dagat,there are islands in the sea,adunay mga isla sa dagat
babae kayong takot sa pusa,you women are afraid of cats,mga babae kamo nga hadlukan sa iring
akala ninyo y marumi ang buhok ninyo,you thought your hair was dirty,nagtuo mo na hugaw ang inyong mga buhok
nahihinaan ako sa wika ninyo,i am weak in your language,nahuyangan ko sa inyong sinultian
akala ninyo kung sino kayo tae lamang,think about who you are just shit,mura mog mga si kinsa tae ra gyud
takot kayo sa mga pusa,you are afraid of cats,hadlok kamo ug iring
nalulungkot kayo dahil sa relihiyon ninyo,you are sad because of your religion,nasubo ko tungod sa inyong relihiyon
parang lolo ang wika mo,you speak like a grandfather,sama sa tigulang nga lalake ang imong pinulungan
di kayo masyadong intelihente,you are not very intelligent,dili kaayo mo maalamon
di kayo mahal ng diyos ko,my god does not love you,wala kamo higugmaa sa akong ginoo
naiintindihan ng buong daigdig ang wika ko,the whole world understands my language,nasabtan sa tibuok kalibutan ang akong pinulungan
ano ba yan,what is that,unsa man na
takot din sa astronomiya,also afraid of astronomy,mahadlokon sab sa astronomiya
ang buong rasa ninyo y simbolo lamang ng retribusyon,your whole race is just a symbol of retribution,ang inyong tibuok kaliwat nagpatimaan lamang og pagsilot
simbolo lamang metapora,just a symbol metaphor,larawan ra sambingay
naging tamad na ang katauhan nila,their personality has become lazy,nahimong tapulan ang ilang persona
akala nila y tao siya,they thought he was human,nagtuo sila nga tao siya
wala akong manedyer ikaw meron,i don t have a manager you have,wala koy magdudumala ikaw naa
inuutusan ka na,you are being ordered,ginasugo naka
may bayad ka,are you paid,anaa ba kay bayad
pangit ang relihiyon ninyo,your religion is ugly,ngil ad ang inyong relihiyon
naging alila ka na ng mga hayop,you have become a slave to animals,nahimo ka nang sulugoon sa mga hayop
wala silang tiwala sa katauhan ng daigdig na ito,they do not trust the people of this world,wala silay pagsalig sa mga katawhan ani nga kalibutan
ay ginagamit nila ang manuwal sa sikolohiya,oh they use the psychology manual,ay ilahang ginagamit ang manwal sa sikolohiya
di siya tao,he is not human,dili siya tao
pinalaya ni ang ibon,freed the bird,gibuhian ni ang langgam
isip mo y lahat ay trabaho kundi manuod ng telebisyon,think everything is work but watch television,sa imong huna huna tanan trabaho baylo sa paglantaw ug telebisyon
isip mo y lahat ay trabaho puwera sa manuod ng telebisyon,think that everything is work except for watching television,sa imong huna huna tanan trabaho gawas sa paglantaw ug telebisyon
nasasarapan sila sa sarili nilang propaganda,they enjoy their own propaganda,naganahan sila sa ilang kaugalingong propaganda
akala nila y importante ang opinyon ng lahat ng tao kaya nagpropropaganda sila,they thought everyone s opinion was important so they propagated,nagtuo sila nga importante ang panahom sa tanang katawhan mao nang nag propaganda sila
ang buong daigdig ay parang kulungan kaya kailangan ang pakalawakan,the whole world is like a prison so space is needed,ang tibuok kalibutan masusama sa prisohan busa kinahanglan ang kawanangan
tingin ko y di masyadong apektado ang tao ng propaganda nila,i think people are not affected much by their propaganda,sa akong panglantaw dili kaayo apektado ang tawo sa ilang propaganda
di makaagham ang propaganda nila dahil di nila sinusukat ang kabisahan,their propaganda is not scientific because they do not measure memorization,dili maka sensya ang ilahang propaganda tungod kay wala nila sukda ang ilang kaalam
parang mga random ang epek ng propaganda nila,the effect of their propaganda seems to be random,murag sinalagma ang epekto sa ilahang propaganda
kung nag iingles sila y para silang umiiyak,if they speak english it s like they re crying,kung mamulong silag ingles mura silag gahilak
wala silang relihiyon,they have no religion,wala silay relihiyon
ayaw nilang may relihiyon sila,they don t want to have a religion,dili sila ganahan nga aduna sila y relihiyon
matagal na silang nawalan ng relihiyon,they lost their religion a long time ago,hagbay ra sila nga nawal an ug relihiyon
nakabilanggo ang tao sa daigdig na ito kaya kailangan ang pagsasaliksik sa kalawakan,man is imprisoned in this world so space research is necessary,piniriso ang mga tao niining kalibutana maong kinahanglan ang pag panukiduki sa kawanangan
maraming ilog sa pransya,there are many rivers in france,daghang suba sa pransya
kumain ka na ba sa isang restawran nang mag isa,have you ever eaten at a restaurant alone,mikaon na ba ka sa restawran nga ikaw ra isa
kalungkutan lamang ang gusto ninyo dahil ayaw ninyong magbati,you only want sadness because you don t want to congratulate,tungog kay dili man kamo gusto makigdait sa usag usa kasubo ra gyud ang inyong gipili
siguro nananagarilyo ka sa tapat ng kompyuter mo,maybe you are fiddling in front of your computer,tingali ga sigarilyo ka atubangan sa imong kompyuter
sino ba iyong at na parati na lamang ninyong pinag uusapan,who is that and that you keep talking about,kinsa man diay na si ug nga pirme
masyado kang relihiyosa,you are too religious,sobra ka ka relihiyosa
walang roon sa hapon dahil iba ang pangalan niya,there is no in japan because she has a different name,walay didto sa hapon tungod kay lahi ang pangalan nga iyang gigamit
gusto ninyong maging matanda na,you want to be old,nangandoy mo nga mamahimo nang edaran
gusto ninyong may mga obligasyon na parang matanda na,you want to have obligations like an old man,ganahan mo ug naay mga obligasyon susama sa usa ka edaran
gusto kayo ng mga kapitbahay ko dahil para kayong matatanda na,my neighbors like you because you look old,ganahan akong mga silingan ninyo tungod kay mura na kamo ug mga edaran
basta magpromot kayo ng relihiyong mas mabuti para sa inyo,just promote a religion that is better for you,basta pagpausbaw kamo ug relihiyon nga mas maayo para sa inyo
parang di bagay sa inyo na ang tradisyunal ninyong relihiyon,it seems that your traditional religion does not suit you,murag wala na angay sa inyo ang inyuhang naandan nga relihiyon
ang pagsusulat sa ingles ay di gamot para sa aburido,writing in english is not medicine for the aburido,ang pagsulat sa ingles dili mao y tubag para sa mga nabalaka
akala ko mayaman ang europa hindi pala,i thought europe was rich it wasn t,nagtuo ko nga dato ang europa dili man diay
nawala na ang mahiya sa buhay ninyo,shame has disappeared from your life,nawagtang na ang kaulaw sa inyong kinabuhi
nawala na ang salamangka sa buhay ninyo,the magic is gone from your life,nawagtang na ang lingla sa inyong kinabuhi
nawala na ang madyik sa buhay ninyo,the magic is gone from your life,nawagtang na ang mahika sa inyong kinabuhi
malungkot sila dahil di nila gusto ang relihiyon nila,they are sad because they don t like their religion,masub anon sila tungod kay dili nila gusto ang ilahang relihiyon
wala na silang ganang kumain ng mansanas,they don t want to eat apples anymore,wala na silay kahinam mukaon ug mansanas
umiinom siya ng isang tasa ng tsokolate sa labas ng kastilyong bato,he was drinking a cup of chocolate outside the stone castle,gainom siya ug isa ka tasa nga tsokolate sa gawas sa iyang kastilyo nga gama sa bato
naghihintay na lamang sila ng malaking katastrope dahil nabuwibuwisit na sila sa buhay nila,they are just waiting for a big catastrophe because they are getting tired of their lives,gahuwat na lamang sila ug ug dakong katalagman tungod kay napul an na sila sa ilang kinabuhi
pera pera pera na lamang ang iniisip nila,all they think about is money money money,kwarta kwarta kwarta mao nalang ang nasa ilang hunahuna
naging robot na lamang sila,they just became robots,nahimo na silang robot
malungkot sila dahil gusto nilang tumira sa isang malayong bansang mas mayaman,they are sad because they want to live in a far richer country,masub anon sila tungog nangandoy sila nga mupuyo sa layong lugar diin mas dato
ayaw nilang isipin ang mga robot robot,they don t want to think about robots,dili nila gusto huna hunaon ang mga robot robot
tinapos niya ang pitsa niya dahil papuntang sentro sila,he finished his pizza because they were going to the center,iyahang gihurot ang iyahang pitsa tungod kay muadto sila sa sentro
nagpipintura siya ng tanaw ng bukid sa labas ng kanyang bahay,he was painting a view of the farm outside his house,nagpintal siya og laraw sa bukid gawas sa iyang balay
may tinik sila sa dibdib nila,they have thorns in their chest,adunay tunok sa ilang mga dughan
may luha ang mga salita nila,there are tears in their words,adunay luha ang ilahang mga pulong
parati silang nakasimangot,they are always frowning,pirme silang nagmug ot
mas gusto ni jhong ang budismo sa lahat ng mga relihiyong pinag aralan niya,jhong preferred buddhism among all the religions he studied,sa tanan tanang relihiyong nga natun an ni jhong mas ganahan gyud siya sa budismo
nag aral si bing ng mga relihiyong animista,bing studied animist religions,nagtuon si bing og mga relihiyong animista
kung mamatay siya sa ibang lalawigan ng laniakea ba ang papunta niya,if he dies is he going to another province of laniakea,kon siya mamatay sa laing probinsya sa laniakea ba ang padulngan niya
parang langit ba ang ibang lalawigan ng laniakea,is the other province of laniakea like heaven,sama ba sa langit ang ubang probinsya sa laniakea
solidong ilusyon ba ang buong laniakea,is all of laniakea a solid illusion,sumpok nga ilusyon ba ang tibuok laniakea
ano ang nasa labas ng laniakea,what s outside of laniakea,unsa ang naa gawas sa laniakea
tipiko ba ang ating lalawigan ng laniakea,is our province of laniakea typical,tipikal ba ang atong probinsyang laniakea
ang katauhan ay mga unggoy pa at nag eebolb pa,humans are still apes and still evolving,ang katawhan kay mga unggoy nga padayon nagalambo
ang katauhan ay mga matsing pa at nag eebolb pa,humans are still young and developing,ang katawhan kay mga unggoy nga padayon nagalambo
tama siya na parang hindi afghanistan dito,he is right that it is not afghanistan here,sakto siya nga dili kini sama sa afghanistan
dominante ang kaliwang utak nila,their left brain is dominant,dominante ang wala nga parte sa ilahang utok
kontrol ng kaliwang utak ang kanan ng katawan at ng kanang utak ang kaliwa ng katawan,the left brain controls the right side of the body and the right brain controls the left side of the body,kontrolado sa wala nga parte sa utok ang tuo nga parte sa utok ug ang tuo nga parte sa utok kontrolado ang wala nga parte sa lawas
uminom siya ng berdeng tsa sa hardin niyang puno ng gumamela,he drank green tea in his gumamela garden,nag inom siya ug lunhaw nga tsa sa hardin niyang napuno og gumamela
sa araw ni zamenhof maligaya kaming mga esperantisto,on zamenhof day we esperantists are happy,sa adlaw ni zamenhof malipayon kaming mga esperantisto
sa araw ni zamenhof kumain ako ng pitsa para sa selebrasyon,on zamenhof s day i ate pizza to celebrate,sa adlaw ni zamenfor mikaon ako ug pitsa alang sa kasaulogan
berdeng keso ang nasa loob ng tinapay niya,green cheese was inside his bread,lunhaw nga keso ang naa sulod sa iyang pan
berdeng rosas ang nasa paligid ng hardin ni bing,green roses are all around bing s garden,lunhaw nga rosas ang naa sa palibot sa hardin ni bing
ang berdeng rosas ay mutasyon,the green rose is mutation,ang lunhaw nga rosas kay mutasyon
nag aaral si dodong ng klingon para sa kanyang klase sa dramatika,dodong is studying klingon for his drama class,nagtuon si dodong og klingon alang sa iyang klase sa dramatika
hindi kailangang magbati araw araw,no need to say hello every day,dili kinahanglan nga makig abi abi kada adaw
gusto mong magbati nang magbati dahil aburido ka,you want to say hello because you re bored,ganahan ka nga mag sige og abi abi tungod kay magul anon ka
natutunan ni ben ang paggawa ng apoy na hindi gamit ang posporo,ben learned how to make fire without matches,nakakat on si bensa pagmugna ug kalayo dili pina agi sa posporo
may mali sa calculator na ito,there is something wrong with this calculator,adunay sayop niini nga igalkulo
sa tingin ko y mananatili ako,i think i will stay,sa akong panan aw magpabilin ako
ang burj khalifa ay ang pangkasalukuyang pinakamataas na gusali sa mundo,burj khalifa is the current tallest building in the world,ang burj khalifa ang pagkaakaron inilang kinatas ang dakbalay sa tibuok kalibutan
mayroong mga isla sa dagat,there are islands in the sea,adunay mga pulo sa dagat
talagang naiinggit sila sa mga mas mayaman kaysa sa kanila,they are really jealous of those who are richer than them,nasina gyud sila sa mga taw nga labaw pang dato kaysa nila
parang wika ng mga kulubot na ang wika nila,their language is like the language of wrinkles,ang ilahang pinulungan sama sa pinulungan sa mga kulubot
hindi nila naiintindihan ang ibig sabihin ng kayamanan,they do not understand the meaning of wealth,wala nila masabti ang kahulogan sa bahandi
nalalamigan sila sa mga salita ng wika nila,they get cold from the words of their language,nabugnawan sila sa mga pulong sa iyang pinulongan
ayaw nilang magkaanak at gusto na ang katapusan dahil pagod na pagod na sila,they don t want to have children and want the end because they are so tired,wala na sila mangandoy nga magkaanak ug ganahan na lang sila mahuman ang tanan tungod kay gikapoy na sila og maayo
sa gubat ng wagalang ay mga puno ng sinag bunga,in the forest of wagalang are fruit trees,sa lasang sa wagalang adunay mga punoan sa sinag bunga
magandang umaga,good morning,maayong buntag
bakit ang lungkot lungkot mo,why are you sad,nganong masub anon man ka kaayo
gusto nilang basahin ang mga obra ni talakong ng planetang mimeng,they want to read the works of talakong of the planet mimeng,ganahan sila nga basahon ang buhat ni talakong nga taga lawangitang mimeng
binabasa niya ang mga sulat ni saratok ng planetang sengkong,he was reading the letters of saratok of the planet sengkong,iyang gina basa ang mga suwat ni saratok nga taga lawangitang sengkong
relihiyoso ang mga tao sa bundok,mountain people are religious,relihiyoso ang mga katawhan sa bukid
nagpuputo si lina sa kusina,lina is cooking in the kitchen,nag puto si lina sa kusina
nagpapandesal si sa kusina,was praying in the kitchen,nag pandesal si sa kusina
nagpapansit si celeste sa kusina,celeste is making noodles in the kitchen,nag pansit si celeste sa kusina
nag aadobo si ben sa kusina,ben is pickled in the kitchen,nag adobo si ben sa kusina
nagkukutsinta si enrico sa kusina,enrico was making love in the kitchen,nag kutsinta si enrico sa kusina
nagkakalamay si nida sa kusina,nida was shaking hands in the kitchen,nag kalamay si nida sa kusina
gumagawa ng nilupak si wesley sa kusina,wesley is making pottery in the kitchen,nag gama og nilupak si wesley sa kusina
gumagawa ng sans rival si crystal sa kusina,crystal makes sans rival in the kitchen,nag gama ug sans rival si crystal sa kusina
nagluluto ng bangus si dindo sa kusina,dindo is cooking bangus in the kitchen,nag luto og bangus si dindo sa kusina
nagpopolboron si ebyang sa kusina,ebyang was whispering in the kitchen,nag polboron si ebyang sa kusina
nagleletseplan si binda sa kusina,binda is cooking in the kitchen,nag letseplan si binda sa kusina
gumagawa ng tocino de cielo si nerria,nerria makes tocino de cielo,nag gama og tocino de cielo si nerria
nagsasansribal si calla sa kusina,calla was arguing in the kitchen,nag sanribal si calla sa kusina
gumagawa ng apol dyus si tria sa kusina,tria is making apple juice in the kitchen,nag gama og apol dyus si tria sa kusina
gumagawa ng pitsi pitsi si gina sa kusina,gina is making lace in the kitchen,nag gama og pitsi pitsi si gina sa kusina
nagpapalitaw si tony sa kusina,tony was pacing in the kitchen,nagpalitaw si tony sa kusina
nagsasandwits na lamang si marco,marco just had a sandwich,nag sandwits na lang si marco
naghahamburger si anna sa restawran,anna is eating a hamburger at the restaurant,nag hamburdyer si anna sa restawran
nagkakape si francis sa kapehan,francis is having coffee at the cafe,nangape si francis sa kapehanan
nagtsatsa si mirabel sa tsahan,mirabel sipped at the tea,nag tsa si mirabel sa tsaahanan
gusto ni kumain ng kakanin,wants to eat something,gusto ni mukaon og kakanin
gusto ni andres kumain ng nilupak,andres wants to eat nipulak,gusto ni andres mukaon og nilupak
kumakain si wanda ng kalderetang kambing,wanda eats goat meat,nagkaon si wanda og kinaldereta nga kanding
naglolongganisa si bambam sa kusina,bambam is messing around in the kitchen,nag longganisa si bambam sa kusina
nagtotosino si olaf sa kusina,olaf was scrounging in the kitchen,nag tosino si olaf sa kusina
nagtsatsampurado si ramon sa kusina,ramon was busy in the kitchen,nag champurado si ramon sa kusina
naglilitson si ronny sa hardin,ronny is roasting in the garden,nag lechon si ronny sa hardin
naghahalo halo si karl sa kusina,karl was messing around in the kitchen,nag halo halo si karl sa kusina
nagsasalabat si sandy sa kusina,sandy was messing around in the kitchen,nag salabat si sandy sa kusina
nagha hotdog si emma sa kusina,emma is making hotdogs in the kitchen,nag buhat og hotdog si emma sa kusina
nagpa popcorn si eli sa kusina,eli is making popcorn in the kitchen,nag buhat og popcorn si eli sa kusina
nagso softdrink si kyle sa kusina,kyle was drinking a soft drink in the kitchen,nag inom og softdrink si kyle sa kusina
nagte tennis sa likod sina marta at lina,marta and lina are playing tennis in the back,nagduwa og tennis sa likod sila marta ug lina
nagdya jogging si sa siyudad,went jogging in the city,nag jogging si sa dakbayan
nagsya shampoo si mindy sa banyo,mindy shampooed in the bathroom,nanyampo si mindy sa kasilyas
nagta taco si vinny sa restawran,vinny is eating tacos at the restaurant,nagkaon og taco si teddy sa restawran
nag iispageti si teddy sa restawran,teddy eats spaghetti at the restaurant,nagkaon og ispagetti si teddy sa restawran
nagdidinuguan si randy sa kusina,randy is bleeding in the kitchen,nag dinuguan si randy sa kusina
nagbubuko si sam sa dalampasigan,sam is lying on the beach,namutong si sam sa baybay
nagpupusit si danny sa dalampasigan,danny is peeing on the beach,namusit si danny sa baybay
nagkikinilaw sina wally at jerry sa dalampasigan,wally and jerry are frolicking on the beach,nagkilaw sila wally ug jerry sa baybay
nagkikilawin sina wally at jerry sa dalampasigan,wally and jerry are frolicking on the beach,nagkilawin si wally ug jerry sa baybay
nagtitinapay at kape si sa kusina,is making bread and coffee in the kitchen,nangkaon og pan ug nangape si sa kusina
nagkekeso at tinapay si jenny sa kusina,jenny is making cheese and bread in the kitchen,nagkaon og pan nga adunay keso si jenny sa kusina
nagmamantikilya sa tinapay si quincy,quincy butters the bread,naga mantikilya sa pan si quincy
nagpi pizza sina marisol at johnny,marisol and johnny are having pizza,nangaon og pizza sila marisol ug johnny
nagsu sushi sina taro at hanako,taro and hanako are eating sushi,nangaon og sushi sila taro ug hanako
nagsa sashimi si erwin,erwin is eating sashimi,nangkaon og sashimi si erwin
nagso sausage si rikki,rikki is making sausages,nagkaon og sausage si rikki
nag eempanada si luis,luis made empanadas,nagkaon og empanada si luis
nag eensaymada si alex,alex is enzymada,nag ensaymada si alex
naglalaing si gabi,gabi is crying,naglaing si gabi
nagtsatsampoy si celia,celia sighed,nagtsampoy si celia
nagtotokwa t baboy si lester,lester pretends to be a pig,nagkaon og tokwa ug babo si lester
nagsusuman si oswaldo,oswaldo laughed,nag himo uogsuman si oswaldo
nagsasapin sapin si zoe,zoe is layering up,nag himo og sapin sapin si zoe
nagtsitsitsaron si benny,benny whistled,nag chicharon si benny
nagpapaksiw si dominic,dominic is having fun,nagluto og paksiw si dominic
nagkakarate ang mga bata sa garahe,the kids play karate in the garage,nag karate ang mga bata sa grahe
nag aalmusal si sa kusina,is having breakfast in the kitchen,namahaw si sa kusina
nagtatanghalian si sa kusina,is having lunch in the kitchen,naniudto si sa kusina
naghahapunan si sa kusina,is having dinner in the kitchen,nanihapon si sa kusina
nagkekeso si nikki sa kusina,nikki is making cheese in the kitchen,nag keso si nikki sa kusina
nagpuputo bumbong ang ale sa kalye,the ale in the street is overflowing,nagabuhat og puto bumbong ang manang sa kalsada
nagpuputo maya si nellie sa kusina,nellie was cooking in the kitchen,nag puto maya si nellie sa kusina
nagpuputo biðan si penelope sa kusina,penelope is cooking biðan in the kitchen,nag puto bi an si penelope sa kusina
nag aampaw si tonya sa kusina,tonya is in the kitchen,nag ampaw si tonya sa kusina
nagsiyosiyopaw si vincent sa kusina,vincent was pacing in the kitchen,nag siopao si vincent sa kusina
naniniwala si vincent sa punsoy,vincent believes in punsoy,mutuo si vincent og punsoy
naglulumpiya si katrina sa kusina,katrina is wrestling in the kitchen,nag lumpia si katrina sa kusina
nagtsotsokolate si sa beranda,was eating chocolate on the porch,nag tsokolate si sa beranda
naggagatas ba si timmy sa kanyang kape,does timmy milk his coffee,naga gatas ba si timmy sa iyang kape
nag aasukal ba si timmy sa kanyang kape,does timmy drink sugar in his coffee,naga butang ba og asukal si timmy sa iyang kape
nagkakanela si vincent sa kanyang kape,vincent has cinnamon in his coffee,naga kanela si vincent sa iyang kape
nagsisinamomo si vincent sa kanyang kape,vincent was pleading with his coffee,naga sinamon si vincent sa iyang kape
yatsuhashi ang pasalubong ni vincent galing sa hapon,yatsuhashi is vincent s welcome from japan,yatsuhashi ang gasa ni vincent gikan hapon
magaganda ang mga kahon ng hapon,japanese boxes are beautiful,maanindot ang mga kahon nga gikan hapon
magaganda ang mga aklat ng hapon,japanese books are beautiful,maanindot ang mga libro sa hapon
nagsisinangag si raul sa kusina,raul is cooking in the kitchen,nag sangag si raul sa kusina
nagninilagang baka si mina sa kusina,mina was tending cows in the kitchen,nag laga ug baka si mina sa kusina
nagtatapa si oliver sa kusina,oliver is cooking in the kitchen,nag tapa si oliver sa kusina
nagta tabasco si sa kanyang omelette,had tabasco on his omelette,nag tabasco si sa iyang omelette
nagrerelyenong talong si sa kusina,is eating eggplant in the kitchen,nag relyeno og talong si sa kusina
nagrerelyenong sili si sa kusina,is cooking chili in the kitchen,nag relyeno og sili si sa kusina
nagtutuba ang mga lalaki sa dalampasigan,the men are swimming on the beach,nanuba ang mga laki sa sa baybay
nag uube sa kusina si tyler,tyler was messing around in the kitchen,nag ube sa kusina si tyler
puno ng ube ang plato ni taro,taro s plate was full of pears,napuno sa ube ang plato ni taro
nagma macaroni si nelia sa kusina,nelia is making macaroni in the kitchen,nag macaroni si nelia sa kusina
nagpru fruit salad si mel sa kusina,mel is making fruit salad in the kitchen,nag fruit salad si mel sa kusina
nagbubuko salad si mel sa kusina,mel is making salad in the kitchen,nag buko salad si mel sa kusina
nag e eclair si clara sa kapeterya,clara is eating eclairs in the cafeteria,nag e eclair si clara sa kapeterya
naglilimunada si rex sa kapeterya,rex is walking in the cafeteria,nag buhat ug dyus gama sa lemonsito si rex sa kapeterya
nag aaysti si larry sa kapeterya,larry is acting in the cafeteria,nag aysti si larry sa kapeterya
nagbabarbekyu si jeff sa hardin,jeff is having a barbecue in the garden,nag barbeque si jeff sa tanaman
nagko cotton candy si nancy sa tapat ng kalye,nancy was selling cotton candy across the street,naga buhat og cotton kendi si nancy sa kalsada
nag bubble tea si charlie sa siyudad,charlie had bubble tea in the city,nag bubble tea si charlie sa dakbayan
nagkape si zack sa kapeterya,zack had coffee in the cafeteria,nangape si zack sa kapeterya
nagseserbesa ang mga barkada ni duane sa dalampasigan,duane s friends are drinking beer on the beach,nag inom og ilimnong makahubog ang mga amigo ni duane sa baybay
nagkekeyk ang mga bisita ni gina,gina s guests are having a cake,nangaon og keyk ang mga bisita ni gina
nagbuko pandan salad ang mga bisita ni gina,gina s guests made pandan salad,nangaon og buko pandan salad ang mga bisita ni gina
nagbiko ang mga bisita ni gina,gina s guests cheered,nangaon og biko ang mga bisita ni gina
nagkutsinta ang mga bisita ni gina,gina s guests fell in love,nangaon og kutsinta agng mga bisita ni gina
nagpalitaw ang mga bisita ni gina,gina s guests show up,nangaon og palitaw ang mga bisita ni gina
nagputo ang mga bisita ni linda,linda s guests had a blast,nangaon og puto ang mga bisita ni linda
nagbuko salad ang mga bisita ni sally,sally s guests made salad,nangaon og buko salad ang mga bisita ni sally
nagtsampurado ang mga bisita ni sally,sally s guests were spoiled,nangaon og champurado ang mga bisita ni sally
nagpitsi pitsi ang mga bisita ni wanda,wanda s guests crowded around,nangaon og pitsi pitsi ang mga bisita ni wanda
magpalitaw kayo sa kusina,get started in the kitchen,pangaon mo og palitaw didto sa kusina
magletseplan kayo sa kusina,get busy in the kitchen,pangaon mo og letseplan didto sa kusina
magpitsi pitsi kayo sa kusina,get tight in the kitchen,pangaon mo og pitsi pitsi didto sa kusina
magkutsinta kayo sa kusina,make love in the kitchen,pangaon mo og kutsinta didto sa kusina
magpansit kayo sa kusina,make noodles in the kitchen,pangaon mo og pansit didto sa kusina
magbuko pandan kayo sa kusina,kneel down in the kitchen,pangaon mo og buko pandan didto sa kusina
magpusit kayo sa kusina,sneak in the kitchen,pangaon mo og pusit didto sa kusina
magputo muna kayo sa salas,go to the living room first,pangaon usa mo ug puto didto sa sala
magkape muna kayo sa salas,have coffee in the living room first,pangape usa kamo sa sala
magtsa muna kayo sa salas,go to the living room first,panginom usa kamo og didto sa sala
magtsokolate muna kayo sa salas,have chocolate in the living room first,panginom usa kamo og tsokolate didto sa sala
magsalabat muna kayo sa salas,go to the living room first,panginom usa kamo og salabat didto sa sala
mag ensaymada muna kayo sa salas,enzymada in the living room first,pangaon usa kamo og ensaymada didto sa sala
mag empanada muna kayo sa salas,make empanadas in the living room first,pangaon usa kamo og empanada didto sa sala
magmeryenda muna kayo sa beranda,have a snack on the porch first,pamainit usa kamo didto sa beranda
mag calamansi juice muna kayo sa beranda,drink calamansi juice first on the porch,panginom usa kamo og dyus sa lemonsito didto sa beranda
mag green mango juice muna kayo sa beranda,have a green mango juice first on the porch,panginom usa kamo ug dyus sa hilaw nga mangga didto sa beranda
mag bubble tea tayo sa palengke,let s have bubble tea at the market,manginom ta og bubble tea sa palengke
mag bubble tea tayo sa siyudad,let s have bubble tea in the city,manginom ta og bubble tea sa dakbayan
magkalamay muna tayo sa salas,let s hold hands in the living room,mangaon usa ta og kalamay didto sa sala
mag ube cake muna tayo sa salas,let s have ube cake in the living room,mangaon usa ta og ube keyk didto sa sala
magsapin sapin muna kayo sa beranda,layer on the porch first,mangaon usa ta og sapin sapin didto sa beranda
mag tocino de cielo muna tayo sa salas,let s have tocino de cielo in the living room,mangaon usa ta og tocino de cielo didto sa sala
mag turrones de casuy muna tayo sa beranda,let s have turrones de casuy on the porch,mangaon usa ta og turrones de casuy didto sa beranda
magtamales muna tayo sa beranda,let s chat on the porch first,mangaon usa ta og tamales didto sa beranda
mag mango cake muna tayo sa salas,let s have mango cake in the living room,mangaon usa ta og keyk gama sa mangga didto sa sala
mag morcon tayo sa kusina,let s have fun in the kitchen,mangaon usa ta og morcon didto sa kusina
mag embutido muna tayo sa kusina,let s get into the kitchen first,mangaon usa ta og embutido didto sa kusina
mag taro cake muna tayo sa kusina,let s make taro cake first in the kitchen,mangaon usa ta og keyk gama sa taro didto sa kusina
maghalo halo tayo sa shopping mall,let s mingle in the shopping mall,mangaon ta og halo halo didto sa mall
magpilipit at tsokolate muna tayo sa beranda,let s curl up and have some chocolate on the porch,mangaon usa ta og pilipit og manginom og tsokolate didto sa beranda
mas gusto ni nelia ang pilipit at tsa para sa meryenda,nelia prefers pilipit and tea for snacks,mas ganahan si nelia og pilipit ug tsa para sa pamainit
mas gusto ni veronica ang pilipit at tsokolate para sa meryenda,veronica prefers twists and chocolates for snacks,mas ganahan si veronica og pilipit ug tsa para sa pamainit
mas gusto ni terry ang turrones de casuy,terry prefers turrones de casuy,mas ganahan si terry og turrones de casuy
mas gusto ni mork ang pastilyas,mork prefers pastillas,mas ganahan si mork og pastillas
mas gusto ni karl ang queso de bola,karl prefers queso de bola,mas ganahan si karl og keso de bola
mas gusto ni drake ang suman,drake prefers suman,mas ganahan si drake og suman
mas gusto ni henrik ang tapsilog,henrik prefers tapsilog,mas ganahan si henrik og tapsilog
mas gusto ni joel ang adosilog,joel prefers adosilog,mas ganahan si joel og adobosilog
mas gusto ni joel ang bacsilog,joel prefers bacsilog,mas ganahan si joel og bacsilog
mas gusto ni joel ang bangsilog,joel prefers bangsilog,mas ganahan si joel og bangsilog
mas gusto ni joel ang tosilog,joel prefers tosilog,mas ganahan si joel og tosilog
mas gusto ni joel ang longsilog,joel prefers the landslide,mas ganahan si joel og longsilog
kumain ng tapsilog si mark,mark ate a snack,mikaon og tapsilog si mark
kumain ng bangsilog si mark,mark ate bangsilog,mikaon og bangsilog si mark
kumain ng adosilog si mark,mark ate a dosilog,mikaon og adosilog si mark
kumain ng chosilog si mark,mark ate chosilog,mikaon og chosilog si mark
kumain ng longsilog si mark,mark ate a landslide,mikaon og longsilog si mark
nagluto ng tapsilog si wally,wally cooked tapsilog,nagluto og tapsilog si wally
nagluto ng bangsilog si wally,wally cooked bangsilog,nagluto og bangsilog si wally
nagluto ng adosilog si wally,wally cooked adosilog,nagluto og adosilog si wally
nagluto ng chosilog si wally,wally cooked chosilog,nagluto og chosilog si wally
nagluto ng longsilog si wally,wally cooked longsilog,nagluto og longsilog si wally
magluluto ng tapsilog si quincy,quincy will cook tapsilog,magluto og tapsilog si quincy
magluluto ng bangsilog si quincy,quincy will cook bangsilog,magluto og bangsilog si quincy
magluluto ng adosilog si quincy,quincy will cook adosilog,magluto og adosilog si quincy
magluluto ng chosilog si quincy,quincy will cook chosilog,magluto og chosilog si quincy
magluluto ng longsilog si quincy,quincy will cook longsilog,magluto og longsilog si quincy
nagluluto ng tapsilog si josh,josh is cooking tapsilog,galuto og tapsilog si josh
nagluluto ng bangsilog si josh,josh is cooking bangsilog,galuto og bangsilog si josh
nagluluto ng adosilog si josh,josh is cooking adosilog,galuto og adosilog si josh
nagluluto ng chosilog si josh,josh is cooking chosilog,galuto og chosilog si josh
nagluluto ng longsilog si josh,josh is cooking longsilog,galuto og longsilog si josh
magluto ka ng litsilog,cook litsilog,pagluto og litsilog
nagluluto si dexter ng tosilog sa kusina,dexter is cooking tosilog in the kitchen,galuto si dexter og tosilog sa kusina
kumakain si dexter ng tosilog sa kusina,dexter is eating a tosilog in the kitchen,gakaon si dexter og tosilog sa kusina
mas gusto ni ang tosilog kaysa sa tapsilog,prefers tosilog to tapsilog,mas ganahan si og tosilog kumpara sa tapsilog
kumakain si ng tosilog sa komedor,eats a tosilog in the dining room,gakaon si og tosilog sa komedor
kumakain si ng tosilog sa kakanan,eats a tosilog on the right,gakaon si og tosilog sa kakanan
kumakain si ng tosilog sa silid kainan,was eating a tosilog in the dining room,gakaon si og tosilog sa kan anan
kumain si ng tosilog sa komedor,ate a tosilog in the dining room,gakaon si og tosilog sa komedor
umiiyak ang mga lasing sa tabi ng kalye,drunk people are crying by the side of the street,mihilak ang mga hubog daplin sa kalsada
umiiyak ang mga drogista sa tabi ng tindahan,the druggists were crying next to the store,mihilak ang mga adik daplin sa tindahan
umiiyak ang matatanda sa paradahan ng awto,old people are crying in the car park,mihilak ang tigulang sa paradahan og sakyanan
nalalamigan ang mga matatanda sa mga salita ng wika nila,old people get cold from the words of their language,gibati og kabugnaw ang tigulang sa mga pulong sa iyang pinulongan
isip nila y walang kuwenta na ang buhay nila,they think their lives are worthless,huna huna nila nga walay pulos ang ilang kinabuhi
nagpaalam na ang mga bata sa mga matatandang galing sa ibang bayan,the children have said goodbye to the elders from other towns,nanamilit na ang mga batasa mga tigulang nga gikan sa laing lungsod
malungkot sila dahil hindi nila magamit ang kanilang guni guni,they are sad because they cannot use their imagination,masub anon sila tungod kay dili nila magamit ang ilahang handuwaran
malungkot sila dahil parang pobre ang mga salita nila sa kanilang diyalekta,they are sad because their words seem poor in their dialect,masub anon sila tungod kay mura kuno og kabos ang mga pamulong nila sa ilahang dayalekto
malungkot sila dahil gusto nilang magmukhang mayaman sa tingin ng kanilang kapitbahay,they are sad because they want to look rich in the eyes of their neighbors,masub anon sila tungod kay gusto nila mahimong murag adunahan sa panan aw sa ilang mga silingan
magmukhang mayaman ay importante sa kanila dahil tanga sila,looking rich is important to them because they are stupid,ang mahimong murag adunahan ang importante kanila kay tanga man sila
naging alila sila ng kanilang sariling mahigpit na emosyon,they became slaves to their own rigid emotions,nahimo silang ginapos sa ilang kaugalingong higpit nga pagbati
binato ng tinapay ang matandang humihingi ng limos ngunit nakailag ang matanda,bread was thrown at the old man asking for alms but the old man escaped,gilabayan og pan ang tigulang nga nangayo og limos apan naka ikyas kini
ang pambubuska ay iwasan sa halip paggalang ang ibigay sa kapwa,avoid digging instead give respect to others,angayan lamang nga atong likayan ang pagpang husga sa atong isig katawo apan mas labawng maayo nga muhatag kita ug pagtahod
ang wika ng bansa ay dapat pagyamanin sapagkat ito ay ang kaluluwa ng ating lahi,the language of the country must be enriched because it is the soul of our race,ang pinulongan sa atong nasod angay lamang nga palambuon tungod kay kini mao ang kalag sa atong kaliwatan
kailangan mabatid ng aking mga magulang ang aking mga grado ngayong kapat na ito,my parents need to know my grades this quarter,kinahanglan nga mahibal an sa akong mga ginikanan ang akong mga grado karon nga semestre
gamitin mo ang iyong guni guni,use your imagination,gamita ang imong handurawan
ang walang guni guni ay nasa hawla,the delusional is in a cage,ang walay handurawan kay anaa sa tangkaw
parang ibong nasa hawla ang walang guni guni,it s like a bird in a cage with no illusions,sama sa langgam nga anaa sa tangkaw ang taw nga walay handurawan
parang reptilya sa hawla ang walang guni guni,an illusionist is like a reptile in a cage,sama sa mananap nga nagkamang nga anaa sa tangkaw ang taw nga way handurawan
napakaimportante ang guni guni sa araw araw na buhay,imagination is very important in everyday life,importante kaayo ang handurawan sa pang adlaw adlaw nga kinabuhi
parang mga pirasong mansanas ang mga salita ni kyle,kyle s words were like pieces of apple,sama sa mga bahin sa mansanas ang mga pulong ni kyle
parati na lamang silang nang sino ba siya,they are always and who is he,pirme nalang silang sige og hisgot ni kinsa ba gud na siya
naging dinosawro na ang wika nila,their language has become dinosaurs,nahimong dinasawro ang ilang pinulungan
wala namang kuwenta ang pag aaral ng kanilang wika,there is no point in learning their language,wala man gihapo y pulos ang pagtuon sa ilang pinulongan
maayos ang sans rival niya,his sans rival is fine,maayo ang iyang sans rival
maayos ang sapin sapin niya,his layers are fine,maayo ang iyang sapin sapin
maayos ang siyopaw niya,he is doing well,maayo ang iyang siyopaw
maayos ang hopya niya,his hopia is fine,maayo ang iyang hopya
maayos ang salabat niya,he answered well,maayo ang iyang salabat
maayos ang tsokolate niya,her chocolate is fine,maayo ang iyang tsokolate
maayos ang keso niya,his cheese is fine,maayo ang iyang keso
maayos ang pilipit niya,his twist is fine,maayo ang iyang pilipit
maayos ang pandesal niya,his pandesal is fine,maayo ang iyang pandesal
maayos ang limunada niya,her lemonade is fine,maayo ang iyang lemonada
maayos ang tsampoy niya,his shampoo is fine,maayo ang iyang tsampoy
maayos ang tsampurado niya,he s in a good mood,maayo ang iyang tsampurado
maayos ang leche flan niya,her leche flan is good,maayo ang iyang leche flan
maayos ang buko pandan salad niya,his pandan salad is fine,maayo ang iyang buko pandan salad
maayos ang ube keyk niya,her ube cake is good,maayo ang iyang keyk na gama sa ube
maayos ang mango cake niya,her mango cake is good,maayo ang iyang keyk na gama sa mangga
maayos ang kalamansi dyus niya,his lime juice is fine,maayo ang iyang dyus nga gama sa lemonsito
maayos ang buko dyus niya,his knuckles are fine,maayo ang iyang dyus nga gama sa butong
maayos ang tsa niya,his tea is fine,maayo ang iyang tsa
maayos ang kape niya,his coffee is good,maayo ang iyang kape
maayos ang adobo niya,his pickle is fine,maayo ang iyang adobo
maayos ang sinangag niya,his shield is fine,maayo ang iyang sinangag
maayos ang nilagang baka niya,his beef stew was good,maayo ang iyang nilat ang baka
maayos ang kutsinta niya,his clothes are fine,maayo ang iyang kutsinta
kumakain si vhon ng espasol,vhon eats espasol,gakaon si vhon og espasol
mas gusto ni vhon ang bicol express,vhon prefers bicol express,mas ganahan si vhon og bicol express
gumawa si benny ng espasol,benny made a spoon,naghimo si benny og espasol
gumagawa si benny ng espasol,benny is making a spoon,gahimo si benny og espasol
gagawa si benny ng espasol,benny will make a spasol,maghimo si benny og espasol
paborito ni vincente ang espasol,vincente s favorite is espasol,ampay ni vicente ang espasol
nasa loob ng taro ang mga espasol,the pods are inside the taro,naa sulod sa taro ang mga espasol
nasa loob ng tapayan ang mga espasol,spasols are inside the oven,naa suod sa tapayan ang mga espasol
nasa loob ng banga ang mga espasol,spasols are inside the jar,anaa sulod sa banga ang espasol
espasol ang pasalubong ni rikki galing sa probinsiya,rikki s welcome from the province is spanish,espasol ang maong gasa ni rikki gikan sa probinsya
espasol ang espesyalidad ng kanyang sari sari store,espasol is the specialty of his sari sari store,espasol ang espesyalidad sa iyang sari sari nga tindahan
kumakain si rikki ng espasol sa beranda,rikki is eating espasol on the porch,gakaon og espasol si rikki sa beranda
niregaluhan ni vincente ng espasol ang mga bata,vincente gave the children a gift,gigasahan ni rikki og espasol ang mga bata
pasalubong ni vincente ang espasol galing sa kanyang biyahe,vincente greets the espasol from his trip,gasa ni vincente ang espasol gikan sa iyang panaw
espasol na lamang ang gusto ni vincente sa tindahan ng ale,vincente only wanted espasol at the ale store,espasol na lang ang ganahan ni vicente sa tindahan sa babaye
masarap ang buko pandan ni esmeralda,esmeralda s knuckles are delicious,lami ang buko pandan ni esmeralda
masarap ang sapin sapin ni esmeralda,esmeralda s layers are delicious,lami ang sapin sapin ni esmeralda
masarap ang morcon ni esmeraldo,esmeraldo s morcon is delicious,lami ang morcon ni esmeraldo
masarap ang adobo ni esmeraldo,esmeraldo s pickle is delicious,lami ang adobo ni esmeraldo
masarap ang pansit ni esmeraldo,esmeraldo s noodles are delicious,lami ang pansit ni esmeraldo
masarap ang halo halo ni esmeraldo,esmeraldo s mix is delicious,lami ang halo halo ni esmeraldo
masarap ang sisig ni esmeralda,esmeralda s sisig is delicious,lami ang sisig ni esmeralda
masarap ang espasol ni esmeraldo,esmeraldo s espasol is delicious,lami ang espasol ni esmeraldo
masarap ang tsampurado ni esmeraldo,esmeraldo s tsampurado is delicious,lami ang champurado ni esmeraldo
masarap ang ube ni esmeraldo,esmeraldo s pears are delicious,lami ang ube ni esmeraldo
isip ni adil na ang henealohiya ng tao at ang kanyang wika ay talagang hindi konektado,adil thinks that man s genealogy and his language are really not connected,huna huna ni adil nga ang henealohiya sa taw ug ang iyang pinulungan dili gayud konektado
nagulat si adil nang nalaman niyang ang kanyang ruso ay parang aleman,adil was surprised to learn that his russian sounded like german,nahipugwat si adil niadtong iyang nabal an nga ang iyahang ruso diay sama sa aleman
taga kazakhstan si adil pero sa tingin ko y mukha siyang hapon,adil is from kazakhstan but i think he looks japanese,taga kazakhstan si aadil apan sa akong panan aw ang iyang hulagway sama sa hapon
mestisong turkiko at monggoloydo si adil na kazakh,adil kazakh is a turkic and mongolian mestizo,mestiso nga turkiko ug monggoloydo si adil nga kazakh
si ay taga ukranya at sabi niya y inhinyero siya sa barko,is from ukraine and he says he is a ship engineer,si kay taga ukranya ug siya nagsulti nga usa siya ka banalam sa barko
malaki ang espiritwal ng tao sa diyos,man s spirituality is great in god,dako ang espiritwal sa tawo ngadto sa ginoo
nag aaral si ng pagsusulat nang akademiko sa ingles,studies academic writing in english,nagtuon si sa pagsusuwat og akademiko sa ingles
lumaki sina at adil noong panahon ng sobyet,and adil grew up during the soviet era,midako sila ug adil niadtong panahon sa sobyet
nabanggit ko ang pelikulang solaris kay,i mentioned the movie solaris to,akong nahisgutan ang salida nga solaris kay
maraming narating na puwerto si sa trabaho niya sa barko,visited many ports in his work on the ship,daghan ang naabot nga puwerto si tungod sa iyang trabaho sa barko
iniiwasan ni ang pagbabasa ng pantasya dahil mas gusto niya ang mga drama ni tolstoi,avoids reading fantasy because he prefers tolstoi s dramas,ginalikayan ni ang pagbasa og pantasya tungod kay mas ganahan siya sa mga drama ni tolstoi
iniiwasan ni ang siyensiyang piksiyon din dahil mas gusto niya ang drama,also avoids science fiction because he prefers drama,ginalikayan usab ni ang siyensiyang piksiyon tungod kay mas ganahan siya og drama
ang asawa ni adil ay nagtrabaho sa mga kompyuter na sobyet sa kazakhstan,adil s wife worked on soviet computers in kazakhstan,nagtrabaho ang asawa ni adil sa mga kompyuter na sobyet sa kazakhstan
ang asawa ni adil ay matematika sa sobyet na kazakhstan,adil s wife was a mathematician in soviet kazakhstan,ang asawa ni adil kay matematika sa sobyet na kazakhstan
musikolohista si adil na kazakh,adil is a kazakh musician,si adil na kazakh usa ka musikolohista
subalit si ay inhinyero sa barko hindi niya gusto ang matematika,but was a ship engineer he didn t like mathematics,bisan si usa ka banalam sa barko dili gayod siya ganahan og matematika
maitim talaga ang buhok ni pero namumuti na,s hair was really black but it was turning white,itom ang buhok ni apan hinay hinay na kining namuti
nasa ukranya pa ang pamilya ni na nasa kanada ngayon,s family is still in ukraine and is now in canada,kasamtangan nga naa sa ukranya pa ang pamilya ni nga karon anaa sa kanada
marunong si adil tungkol sa mga bagay ng asya sentral,adil is knowledgeable about central asian matters,maalamon si adil bahin sa mga butang sa sentro sa asya
maputi ang lahi ni pero baka may kaunting lahi siyang hun noong unang panahon,s race is white but he may have had a little hun race in the past,puti ang kaliwat ni apan basin aduna siyay gamayng kaliwat nga hun adtong miaging panahon
marami pa ang buhok nina at adil pero namumuti na,and adil still have a lot of hair but it s turning white,baga pa ang buhok nila ug adil apan hinay hinay na kining namuti
dalubwika si adil na kazakh,adil speaks kazakh,si adil na kazakh usa ka dalubwika
gumawa si adil ng mga musika para sa mga pelikula sa kanyang bansang kazakhstan,adil composed music for films in his native kazakhstan,naghimo si adil ug mga kanta alang sa mga salida sa iyang nasud nga kazakhstan
ang paboritong bansa ni ay ang new zealand,s favorite country is new zealand,ang ampay nga nasud ni mao nag new zealand
matatalino sina at adil na mga sobyet,and adil were clever soviets,maalamon sila ug adil nga mga sobyet
sabi ni na mas emosyonal ang tao sa ukranya kaysa sa kanada,says that people in ukraine are more emotional than in canada,misulti si nga mas emosyonal ang mga katawhan sa ukranya kung ika tandi sa mga katawhan sa kanada
sabi ni na mas masaya sa ukranya noong panahon ng sobyet,says that ukraine was happier during the soviet era,misulti si nga mas malipayon sa ukranya niadtong panahon sa sobyet
sabi ni na mahirap na wika ang ruso,says that russian is a difficult language,misulti si nga lisod ang pinulungang ruso
mas alam ni ang wikang ruso kaysa sa wikang ukranyano,knows the russian language better than the ukrainian language,mas maalamon si sa pinulungan ruso kon ika tandi sa pinulugang ukranyano
alam ni adil pareho ang wikang ruso at kazakh,adil knows both russian and kazakh languages,nasayod si adil sa parehong pinulungang ruso ug kazakh
alam ni adil na ang ruso ay wikang indo europeo katulad ng ingles,adil knows that russian is an indo european language like english,nasayod si adil nga ang ruso pinulungang indo europeo sama sa ingles
nag aral sina adil at ang asawa niya ng wikang pranses din bago sila dumating sa kanada,adil and his wife also studied french before they came to canada,nagtuon si adil ug ang iyang asawa sa pinulungang pranses bago paman sila miabot sa kanada
magaling pareho sina adil at sa heograpiya,both adil and are good at geography,parehong maayo sa heograpiya sila adil ug
masyado namang emosyonal ang mga europeo,europeans are too emotional,sobra ka emosyonal ang mga taga europeo
araw araw ang propaganda,every day the propaganda,kada adlaw ang propaganda
tapos na ang leksiyon ninyo sa ingles para kayo maging amerikano,your english lesson is over so you can become an american,human na ang lugdo ninyo sa ingles aron kamo mamahimong amerikano
napansin kong masyado kayong miserable at iyak nang iyak,i noticed that you were very miserable and crying,akong nahmatikdan nga labaw kamong makaluluoy ug nag sige ra og hilak
hindi naman ganoon ang buong mundo,the whole world is not like that,dili man ingon ana ang tibuok kalibutan
sa tingin ko mas mayaman ang asya kaysa sa kanluran,i think asia is richer than the west,sa akong panan aw mas adunahan ang asya kumpara sa kasadpan
magulo ang isip ng mga tagakanluran,westerners are confused,gubot ang mga taga kasadpan
alak nang alak,wine after wine,sige rakag inom og ilimnong makahubog
droga nang droga,drug after drug,sige rakag droga
sigarilyo nang sigarilyo,cigarette after cigarette,sige rakag panigarilyo
masarap ang sago t gulaman ni esmeralda,esmeralda s sago t gelatin is delicious,lami ang sago ug gulaman ni esmeralda
masarap ang litson ni esmeraldo,esmeraldo s roast is delicious,lami ang lechon ni esmeraldo
masarap ang hopyang kundol ni esmeraldo,esmeraldo s hopia kondol is delicious,lami ang hopya nga kundol ni esmeraldo
masarap ang leche flan ni esmeralda,esmeralda s leche flan is delicious,lami ang leche flan ni esmeralda
masarap ang palitaw na may niyog ni esmeraldo,esmeraldo s coconut flavor is delicious,lami ang palitaw nga naay lubi ni esmeraldo
masarap ang kalderetang kambing ni esmeraldo,esmeraldo s caldereta goat is delicious,lami ang kalderatang kanding ni esmeraldo
masarap ang kalamansi dyus ni esmeralda,esmeralda s lime juice is delicious,lami ang dyus ni esmeralda nga gama sa lemonsito
masarap ang siyopaw ni esmeraldo,esmeraldo s soup is delicious,lami ang siyopaw ni esmeraldo
masarap ang ginataan ni esmeralda,esmeralda s food was delicious,lami ang ginataan ni esmeralda
masarap ang tapsilog ni esmeraldo,esmeraldo s tapsilog is delicious,lami ang tapsilog ni esmeraldo
siya ay isang matalinong mag aaral,he is a bright student,siya usa ka maalamon nga magtutungha
hindi masarap ang isda,the fish is not good,dili lami ang isda
sumusulat ako ng libro,i am writing a book,gasuwat ko og libro
narating na ni ang ehipto nang ilang beses sa barko,had reached egypt several times by ship,naabot na ni ang ehipto sa makadaghan sakay sa barko
noong isang beses nagbakasyon ang buong pamilya ni sa ehipto,once upon a time s whole family went on vacation in egypt,anaay ika usa nga m bakasyon ang tibuok banay ni sa ehipto
nabanggit ko ang esperantong librong akbar kay,i mentioned the esperanto book akbar to,nahisgutan ko ang esperantong libro akbar kang
nabanggit ko kay na ang esperantong salitang para sa bahay ay domo na kahawig sa ruso,i mentioned to that the esperanto word for house is domo which is similar to the russian one,nahisgot ko kay nga and esperantong pulong alang sa balay mao ang domo nga nasusama sa ruso
nabanggit ko kay na ang esperantong salitang para sa longganisa ay kolbaso na kahawig sa ruso,i mentioned to that the esperanto word for longganisa is kolbaso which is similar to the russian one,nahisgot ko kay nga and esperantong pulong alang sa longganisa mao ang kolbaso nga nasusama sa ruso
nabanggit ko kay na ang esperantong salitang para sa kabayo ay cevalo na kahawig sa pranses,i mentioned to that the esperanto word for horse is cevalo which is similar to the french,nahisgot ko kay nga and esperantong pulong alang sa kabayo mao ang cevalo nga nasusama sa pranses
nagbabasa si ng istoryang tungkol sa afghanistan para sa kanyang klaseng ingles,is reading a story about afghanistan for his english class,gabasa si og mga sugilanon mahitungod sa afghanistan alang sa iyang klase sa ingles
may problema si sa kanyang selpon,has a problem with his cell phone,anaay problema si sa iyang selpon
nabanggit ko kay ang pelikulang soylent green tungkol sa eutanasya,i mentioned to the movie soylent green about euthanasia,nahisgot ko kay ang salidang soylent green nga mahitungod sa eutanasya
sabi ni na kung minsan sa gera ay merong kanibalismo,said that sometimes in war there is cannibalism,misturya si nga sa gyera usahay adunay kanibalismo
kulay gris ang dyaket na plastik ni,s plastic jacket was the color of grease,gris ang kolor sa tsakita nga plastik ni
sabi ko kay na narating ko na ang ehipto para sa bakasyon,i told that i had reached egypt for vacation,misturya ko kay nga ako nakaabot napud sa ehipto alang sa pagbakasyon
sabi ko kay na nagtren ako patimog galing hanggang aswan sa ehipto,i told that i took the train south from to aswan in egypt,misturya ko kay nga nag tren ko padulong habagatan gikan hangtod aswan sa ehipto
sabi ko kay na mga hotel ng pranses ang tinulugan namin sa ehipto pero sa kahuli huli ay hotel na domestiko,i told that we slept in french hotels in egypt but in the end it was a domestic hotel,misturya ko kay nga mga hotel sa pranses ang among gitulogan sa ehipto apan sa kaulahian kay hotel domestiko na
ang layunin ko dati ay makita ang mga piramide at templo sa ehipto,my previous goal was to see the pyramids and temples in egypt,ang katuyuan ko kaniadto mao ang makita ang mga piramde ug templo sa ehipto
nagandahan ako sa ehipto noong disyembre ng,i was beautiful in egypt in december of,ako na anyagan sa ehipto niadtong desyembre sa
parang ibang siglo sa ehipto,it s like another century in egypt,mura ba og lahi nga siglo sa ehipto
parang talagang malayo ang ehipto,egypt seems really far away,mura gyud og layo ang ehipto
parang ibang mundo ang ehipto,egypt is like another world,mura gyud og lahi nga kalibutan ang ehipto
ipinagluto ni esmeraldo ng nilagang baka si liliana,esmeraldo made liliana cook beef stew,gilutoan ni esmeraldo og nilat ang baka si liliana
nagbiyabiyahe sa asya ngayon ang anak na lalaki ni adil,adil s son is currently traveling in asia,ga byahe karon sa asya ang lalaki nga anak ni adil
nanunuod si adil ng soker sa telebisyon,adil is watching soccer on television,naglantaw si adil og soker sa telebisyon
mahilig si adil sa soker,adil loves soccer,ganahan si adil og soker
nabanggit ko kay adil ang mga lugar na turistiko sa tokyo,i mentioned to adil the tourist spots in tokyo,akong na hisgot kang adil ang mga ugar na turistiko sa tokyo
sabi ko kay adil na may pista sa harajuku sa tokyo bawat linggo,i told adil that there is a festival in harajuku in tokyo every week,gi ingon nako kay adil nga adunay pista sa harajuko sa tokyo matag semana
may basar na elektroniko sa akihabara sabi ko kay adil,there is an electronics bazaar in akihabara i told adil,adunay basar na elektroniko si akihabara akong ingon kang adil
may mga templo sa asakusa sabi ko kay adil,there are temples in asakusa i told adil,adunay mga templo sa asakusa akong ingon kang adil
maganda at makulay ang tokyo sa gabi sabi ko kay adil,tokyo is beautiful and colorful at night i told adil,maanindot ug mabulokon ang tokyo inig ka gabii akong ingon kang adil
masarap ang pagkain sa tokyo sabi ko kay adil,the food in tokyo is good i told adil,lami ang pagkaon sa tokyo akong ingon kang adil
masarap ang keyk na teramisu niya,her teramisu cake is delicious,lami ang iyang keyk nga teramisu
masarap ang istroberi keyk niya,her strawberry cake is delicious,lami ang iyang stroberi keyk
masarap ang ube keyk niya,her ube cake is delicious,lami ang ube keyk niya
sa pelikulang soylent green ang soylent ay soy at lentil,in the movie soylent green soylent is soy and lentils,sa salida nga soylent green ang soylent mao ang soy ug lentil
sa pelikulang forbidden planet may halimaw na nanggaling sa panaginip ng tao,in the movie forbidden planet there is a monster that comes from people s dreams,sa salida nga forbidden planet adunay ungo nga gikan sa damgo sa mga tao
narangha ang paboritong kulay ni sol,narangha is sol s favorite color,kahil ang paborito nga kolor ni sol
masarap ang bluberi keyk niya,her blueberry cake is delicious,lami ang iyang bluberi keyk
isip nila y ang wikang ingles ay tungkol lamang sa mga britaniko at mga amerikano,they think that the english language is only about the british and the americans,huna huna nila ang pinulungang ingles alang lamang sa mga britaniko ug mga amerikano
naisip kong ang planeta nating tiyera ay para lamang papua new guinea,i thought our planet tiyera was only for papua new guinea,nahuna hunaan ko nga ang atong planeta nga tiyera kay susama ra usab sa papua new guinea
tagalog ngayon ay ang pinakamakalat na wika sa tiyera at alam ito ng mahigit nang bilyong katao,tagalog is now the most widely spoken language in tierra and more than billion people know it,tagalog karun ang pinaka gubot nga pinulungan sa tiyera kani nasayran sa sobra bilyon nga katawhan
kailan kilalanin ng tao ang madyik ng tagalog na pandaigdigang senoglosya,when will people recognize the magic of tagalog global senoglosya,kanus a ilhon sa tao nga ang madyik sa tagalog mao ang pangkalibutanong senoglosya
anong iniisip ninyo tungkol sa pagsasalin nang makina,what do you think about machine translation,unsa ang inyong huna huna niining pag balhin sa makina
nilagyan ni nina ng asukal ang suman niya,nina added sugar to her suman,gibutngan ni nina og asukal ang iyang suman
nilagyan ni nina ng niyog ang palitaw niya,nina put coconut on her finger,gibutngan ni nina og lubi ang iyang palitaw
nilagyan ni ninoy ng niyog ang kutsinta niya,ninoy put coconut on her necklace,gibutngan ni ninoy og lubi ang iyang kutsinta
nilagyan ni ninoy ng niyog ang puto bumbong niya,ninoy put coconut on her butt,gibutngan ni ninoy og lubi ang iyang puto bumbong
nilagyan ni ninoy ng niyog ang kalamay niya,ninoy put coconut on her palm,gibutngan ni ninoy og lubi ang iyang kalamay
sabi ni adil na noong panahon ng sobyet tinatago ng tao sa kazakhstan ang musikang galing sa kanluran,adil said that during the soviet era people in kazakhstan hid western music,nisturya si adil na niadtong panahon sa sobyet ginatipigan sa mga tao sa kazakstan ang musika nga gikan kasadpan
ang musikang kanluranin ay mas presyoso noong panahon ng sobyet kaysa sa ngayon sa kazakhstan sabi ni adil,western music was more prized during the soviet era than it is today in kazakhstan adil said,ang musika nga kasadpanon kay mas hamili niadtong panahon sa sobyet kon ikatandi karun sa kazakhstan ang sulti ni adil
interesado si adil na kazakh sa antropolohiya ng pilipinas ko,adil who is kazakh is interested in the anthropology of my philippines,interesado si adil nga kazakh sa antropolohiya sa akong pilipinas
pinag usapan namin ni adil na mga kasing edad ang nanay ko sa mga beatles,adil and i talked about my mother being the same age as the beatles,amoang gi isturyahan ni adil nga ang akong inahan ka edad sa mga beatles
pinag usapan namin ni adil ang mga australoid sa pilipinas,adil and i talked about the australoids in the philippines,amoang i sturyahan ni adil ang mga australoid sa pilipinas
masarap ang pritong saging ni marisol,marisol s fried bananas are delicious,lami ang pinirito nga saging ni marisol
masarap ang langkang kendi ni hal,hal s candy bar is delicious,lami ang nangka nga kendi ni hal
masarap ang tsokolateng kendi ni dennis,dennis s chocolate candy is delicious,lami ang tsokolate nga kendi ni dennis
masarap ang tsokolateng ayskrim ni dennis,dennis s chocolate ice cream is delicious,lami ang tsokolate nga ayskrim ni dennis
sa tingin ko sana y palaging magkaiba ang nominatibo at akusatibo sa aleman at ruso,i think the nominative and accusative have always been different in german and russian,sa akong panan aw unta pirmente nga lahi ang nominatibo ug akusatibo sa aleman ug ruso
nagkokomiks si wendell,wendell makes comics,gakomiks si wendell
matagal nang hindi nakita ni wendell si edwin,wendell hadn t seen edwin in a long time,dugay na nga wala makita ni wendell si edwin
nagbibilyar sina wendell at edwin sa guesthouse,wendell and edwin play billiards at the guesthouse,gabilyar sila wendell ug edwin sa guest house
tinanong ni wendell sa akin kung ano ang nakasulat na hapon sa papel,wendell asked me what japanese was written on the paper,gipangutana ko ni wendell kung unsa ang nakasulat nga hapon sa papel
tsokolateng sorbetes ang inorder ni tammy sa tindahan,tammy ordered chocolate ice cream from the store,tsokolate nga ayskrim ang gi order ni tammy sa tindahan
tsokolateng keyk ang inorder ni tammy sa tindahan,tammy ordered a chocolate cake from the store,tsokolate nga keyk ang gi order ni tammy sa tindahan
tsokolateng polboron ang binili ni tammy sa tindahan,tammy bought powdered chocolate at the store,tsokolate nga polboron ang gipalit ni tammy sa tindahan
tsokolateng ensaymada ang binili ni tammy sa tindahan,tammy bought chocolate enzymada at the store,tsokolate nga ensaymada ang gipalit ni tammy sa tindahan
tsokolateng barkilyos na may ayskrim ang kinain ni tammy sa restawran,tammy ate a chocolate bar with ice cream at the restaurant,tsokolate na barkilyos nga adunay ayskrim ang gikaon ni tammy sa restawran
ipinaliwanag ni chris na dalubwika sa akin na ang mga salitang ingles sa pangungusap na tagalog ay parang kanji sa hapon at ang ibang salita naman ay parang kana sa hapon,chris the linguist explained to me that english words in tagalog sentences are like kanji in japanese and other words are like kana in japanese,gipasabot sa akoa ni chris nga usa ka lingguwista ang mga pulong sa ingles sa kapahayag nga tagalog susama sa kanji sa hapon ug ang ubang pinulungan kay susama sa kana sa hapon
tsokolateng barkilyos ang pasalubong ni edwin kay rosalinda,edwin s welcome to rosalinda is chocolate barkilos,tsokolate nga barkilyos ang gasa ni edwin kay rosalinda
ubeng barkilyos ang pasalubong ni edwin kay imelda,edwin s welcome to imelda was a wild one,ube nga barkilyos ang gasa ni edwin kay imelda
tsokolateng gulaman ang eksperimento ni alessandro,alessandro s experiment was chocolate gelatin,tsokolate nga gulaman ang basan basan ni alessandro
masarap ang ginawang bibingka ni marisol,marisol s bibingka is delicious,lami ang hinimo nga bingka ni marisol
ampaw ang pasalubong ni nerria sa mga bata,nerria s warm welcome to the children,ampaw nag gasa ni nerria sa mga bata
nakasandalyas si sa aplaya,was wearing sandals on the beach,nag sandal si sa baybay
magaling ang guni guni ni,s imagination is good,hawd ang handurawan ni
bibingka ang kinain ni nellie sa kusina,nellie ate bibingka in the kitchen,bingka ang gikaon ni nellie sa kusina
ampaw ang gusto ni tonya sa tindahan,tonya likes ampaw in the store,ampaw ang ganahan ni tonya sa tindahan
nagkandila sila noong hapunan sa lamesa,they lit candles at the dinner table,nag kandila sila sa lamesa atong panihapon
nagdyudyus na lamang ang gusto ni bruce,bruce just wanted to die,dyus na lang ang ganahan ni bruce
ano ba ang balimbing sa ingles,what is balimbing in english,unsa ba ang balimbing sa ingles
meron bang tunay na berdeng keso,is there real green cheese,tinuod ba nga adunay lunhaw nga keso
mas gusto ba nilang magpranses imbes na mag ingles,do they prefer to speak french instead of english,mas naayunan ba nila ang magpranses kaysa mag ingles
tatlo na ang opisyal na wika ng iso ang pandaigdigang pamantayang organisasyon,there are now three official languages of iso the international organization for standardization,tulo na ang giamhan nga pinulungan sa iso ang pangkalibutanong panag ingnang organisasyon
sila ay ang ingles pranses at ruso,they are english french and russian,sila kay ingles pranses ug ruso
mas gusto nila ang pranses dahil parang komersiyal ng pabango,they prefer french because it sounds like a perfume commercial,mas naayunan nila ang pranses kay sama kini sa komersiyal sa pahumot
uminom ka ng sarsaparilya,you drink sarsaparilla,pag inom og sarsaparilya
uminom ka ng salabat,drink a glass of wine,pag inom og salabat
uminom ka ng sago t gulaman,drink sago and gelatin,pag inom og sago ug gulaman
uminom ka ng tsang galing ibang bayan,drink tea from another country,pag inom og tsa nga gikan sa lungsod
uminom ka ng barakong kape,drink a cup of coffee,pag inom og barako nga kape
uminom ka ng gatas na may malipukon,drink curdled milk,pag inom og gatas nga anaay malipukon
uminom ka ng kapeng may kanela,drink coffee with cinnamon,pag inom og kape nga anaay kanela
nandito pa rin ako na ipit sa trapik,i m still here stuck in traffic,naa pa gihapon ko diri na ipit sa trapik
magtutulungan tayo para linisin lahat ng kalat na yon,let s work together to clean up all that mess,magtabangay ta para malimpyohan to tanan nga kalat
tumalon si palabas ng sasakyan niya at tumakbo palayo,jumped out of his car and ran away,niambak si pagawas sa iyang sakyanan og ning dagan palayo
nagawang maka alis ni mula sa lumulubog na van,managed to get out of the sinking van,nakahimo si nga makagawa sa ma unloray nga van
isa lang ang sinehan sa bayan,there is only one cinema in town,usa ra ang sinehan sa lungsod
walang nakakaunawa kung bakit nangyayari to,no one understands why this is happening,walay nasayod kung ngano kini nahitabo
mas marami pang panganib ang nag aabang,more dangers lie ahead,aduna pa y mas daghang katalagman nag muabot
wag subukan sa bahay kung ano man ang makikita ninyo,do not try at home whatever you see,ayaw sulayi sa panimalay kung unsa man ang inyong mga nakita
wala kang pakialam,you don t care,wala kay labot
manahimik ka,be quiet,paghilom
hindi ko tatakpan ang pool nila,i will not cover their pool,dili nako tabunan ang iyahang pool
iniisip ko kung bakit miniskirt ang suot kapag naglalaro ng tennis,i wonder why miniskirts are worn when playing tennis,akong gihuna huna kon ngano mini skirt ang ginasubl ob kon magdula og tennis
pasensya na dahil ang tagal mong naghintay,sorry for waiting so long,pasaylo kung dugay kaayo kang naghulat
riga ang kabisera ng latvia,riga is the capital of latvia,riga ang kabisera sa latvia
gusto mo bang dito ka na lang buong araw,do you want to be here all day,ganahan ba la nga diri nalang tibuok adlaw
natuwa ako nu ng mabalitaan ko,i was happy when i heard about it,ako nalipay sa akong nabalitaan
siguro tama ka,maybe you re right,basin sakto ka
mas gusto ni ang mga aso kaysa sa mga pusa,prefers dogs to cats,mas ganahan si og mga iro kaysa sa mga iring
walang may gustong gawin mo yan,nobody wants you to do that,walay giganahan nga buhaton nimo na
malipukon ang tinanim ni nellie sa mga paligid ng kanyang hardin,nellie planted around the edges of her garden,malipukon ang gitanom ni nellie sa palibot sa iyang tanaman
hinalo ni nellie ang malipukon sa harina,nellie mixed the dough with flour,gisagol ni nellie ang malipukon sa harina
nilagyan ni nellie ng malipukon ang mainit na tubig,nellie clumsily filled the hot water,gibutangan ni nellie og malipukon ang init nga tubig
hinalo ni nellie ang malipukon sa mainit na gatas,nellie mixed the curd into the hot milk,gisagol ni nellie ang mlalipukon sa init nga gatas
nilagyan ng malipukon ni nellie ang nilutong adobo,nellie put the cooked adobo in a crumbly manner,gibutangan ni nellie og malipukon ang iyang niluto nga adobo
may malipukon ang gulaman ni cassandra,cassandra s gelatin is curdled,anaay malipukon ang gulaman ni cassandra
mahilig sa malipukon at kanela si cassandra,cassandra loves curly and cinnamon,ganahan og malipukon ug kanela si cassandra
kinakain nila ang kalahati ng trigo ng buong mundo,they eat half of the world s wheat,ilang gikaon ang katunga nga trigo sa tibuok kalibutan
naglugaw si mhel sa kusina,mhel wandered into the kitchen,naglugaw si mhel sa kusina
nagpuspas si mhel sa kusina,mhel was busy in the kitchen,nagpuspas si mhel sa kusina
nilagyan ni mhel ng tokwa ang kanyang lugaw,mhel added tofu to his porridge,gibutngan ni mhel og tokwa ang iyahang lugaw
nilagyan ni mhel ng toyo ang kanyang puspas,mhel put soy sauce on his puspas,gibutngan ni mhel og toyo ang iyang puspas
nag aroskaldo si mhel sa kusina,mhel stormed into the kitchen,nag aroskaldo si mhel sa kusina
nag aroskaldo sina jhenna at mhel sa kusina,jhenna and mhel made out in the kitchen,nag aroskaldo sila jhenna ug mhel sa kusina
naglalagay ng tokwa si jhenna sa kanyang aroskaldo,jhenna puts toffee in her aroskaldo,nagbutang og tokwa si jhenna sa iyang aroskaldo
bumisita si benny sa sakahan ng kanyang tiyo,benny visited his uncle s farm,nibisita si benny sa basakan sa iyang angkol
nagbakasyon si benny sa kanyang tiyong sakahan,benny took a vacation at his uncle s farm,nagbakasyon si benny sa basakan sa iyang angkol
nagtaka si weena kung bakit masyadong marami ang mga simbolo sa wikang hapon,weena wondered why there were so many symbols in the japanese language,natingala si wenna kung nganong daghan kaayo og simbolo ang anaa sa pinulungang hapon
nag aral ng kaunting sulat ng hapon si weena,weena studied a little japanese writing,nagtuon og gamayng sulat sa hapon si weena
gusto ni wiener magsulat sa wikang hapon,wiener likes to write in japanese,ganahan si weinner magsulat sa pinulungang hapon
marunong si wiener ng silabaryo ng hapon,wiener knows the japanese syllabary,kabalo si weiner sa silabaryo sa hapon
marunong si wiener ng kaligrapiya ng hapon,wiener knew japanese calligraphy,kabalo si weiner sa kaligrapiya sa hapon
may kanela ang gulaman ni weena,weena s gelatin has cinnamon,anaay kanela ang gulaman ni weena
nasarapan si wiener sa gulaman na may kanela,wiener enjoyed the gelatin with cinnamon,nalamian si weiner sa gulaman nga naay kanela
gusto ni wiener ang gulaman na may malipukon,wiener likes gelatin with a crunch,ganahan si weiner og gulaman nga anaay malipukon
gumawa si wiener ng gulaman na may tsokolate,wiener made gelatin with chocolate,ganahan si weiner og gulaman nga anaay tsokolate
kumain ng keyk na tsokolate si wiener sa kapeterya,wiener ate chocolate cake in the cafeteria,nikaon og keyk na tsokolate si weiner sa kapeterya
type ko siya,he s my type,siya akong type
ipinagmamalaki ko talaga si,i m really proud of,akoa nga ikapanghambog si
misr ang tawag sa ehipto sa wikang arabo,egypt is called misr in arabic,misr ang tawag sa ehipto sa pinulungang arabo
maliliit ang paa ko kumpara sa iyo,my feet are small compared to yours,gagmay akong tiil kon ika tandi sa imo
masaya ba ang lahat,is everyone happy,malipayon ba ang tanan
salamat sa mabilis mong pagresponde,thank you for your quick response,salamat sa imong paspas nga pagtubag
nag aaral si doriða ng bikolano,doriða is studying bikolano,gatuon si dori a og bikolono
nag aaral si lina ng ilokano,lina is studying ilokano,gatuon si lina og ilokano
nag aaral si alicia ng cebuano,alicia is studying cebuano,gatuon si alicia og cebuano
dalawa ang araw sa langit ng daigdig niya si malakas at si maganda,there are two suns in the sky of his world strong and beautiful,duha ang adlaw sa langit sa iyang kalibutan si malakas ug maganda
sa likod ng mga bundok ang dalawang araw na si malakas at si maganda,behind the mountains are the two suns malakas and maganda,sa likod sa mga bukid ang duha ka adlaw nga si malakas ug maganda
nasa malaysia na ang anak ni adil na kazakh,adil s kazakh son is already in malaysia,anaa na sa malaysia ang mga anak ni adil na kazakh
nagbiyabiyahe siya sa asya,he is traveling in asia,gabiyahebiyahe siya sa asya
kumain si benny ng tsokolateng barkilyos,benny ate a barkilyos chocolate bar,nikaon si benny og tsokolate nga barkilyos
kumain si ng ubeng barkilyos,ate a banana barkilyos,nikaon si og ube nga barkilyos
dalawa ang buwan sa gabing langit ng daigdig niya si mabigat at si magaan,there are two moons in the night sky of his world heavy and light,duha ang bulan sa kagabhiong langit sa iyang kalibutan si mabigat ug magaan
hindi mahirap ang italyano,italian is not difficult,dili kabos ang mga italyano
hinding hindi ko na siya makikita muli,i will never see him again,dili na gyud nako siya makita pag usab
hinabol ng mga aso si sa kakahuyan,the dogs chased through the woods,gigukod sa mga tao si sa lasang
prinito ko ang isda pagkatapos itong i marinate,i fried the fish after marinating it,akong gi prito ang isda human ko ni gi marinate
halika sayaw tayo,come on let s dance,ali manayaw ta
berdeng keso ang kinain ni rodolfo,rodolfo ate green cheese,lunhaw nga keso ang gikaon ni rodolfo
wala silang nakitang mga elepanteng anim ang paa,they saw no six legged elephants,wala sila makakita og elepante nga unom ang tiil
ginamit ni rodolfo ang goma para sa paglangoy sa dagat,rodolfo used the rubber for swimming in the sea,gigamit ni rodolfo ang goma aron sa paglangoy sa dagat
hindi kumakain si mildred ng kendi,mildred doesn t eat candy,wala nikaon si mildred ug kendi
gumawa si myrna ng ubeng keyk,myrna made a banana cake,naghimo si myrna ug ube nga keyk
may mga parol na kulay ubeng nakabitin sa hardin,there are purple lanterns hanging in the garden,anaay mga parol nga kolor ube nga gibitay sa tanaman
may mga pulang parol na nakabitin sa loob ng templo,there are red lanterns hanging inside the temple,anaay mga pula nga parol nga nakasabit sulod sa templo
may berdeng parol na nakabitin sa harap ng kalye,there is a green lantern hanging in front of the street,adunay lunhaw nga parol ang nakasabit atubangan sa kalsada
sabi ng isang babae para lamang hayop sila,one woman said they re just like animals,nisulti ang isa ka babae mura sila og mga hayop
parang nakapalda ang mga lalaki sa bayan ninyo,it s like the men in your town wear skirts,mura ba og nakapalda ang inyong mga lalake sa lungsod
matatanda na ang mga tao sa bayan ninyo,the people in your town are old,edaran na ang mga tao sa inyong lungsod
maraming bakla sa bayan ninyo,there are many gays in your town,daghang bayot sa inyong lungsod
may luha ang pagsusulat mo,there are tears in your writing,adunay luha ang imong pagsulat
mas para kayong babae kaysa sa lalaki,you are more like a woman than a man,mas mura mo og babae kaysa lalaki
may mga anito sa mga paligid ng hardin ni zoe,there are anitos around zoe s garden,anaay mga anito sa palibot sa tanaman ni zoe
naniniwala si zoe sa mga bagay ng anito,zoe believes in things like this,mutuo si zoe sa mga butang sa anito
sigurado akong papasa siya sa darating na eksam,i am sure he will pass the upcoming exam,nakasigurado gyud ko nga makapasar siya sa muabotay nga eksam
ako ay nasa bahay ng kaigiban ko para ipagdiwang ang kaarawan ng kanyang anak,i was at my friend s house to celebrate his son s birthday,anaa ko sa balay sakong higala arun sa pagsaulog sa kaadlawan sa iyang anak
hindi talaga kita maiintindihan,i can t really understand you,dili gyud tika masabtan
nagsinungalin ba siya sa akin,did he lie to me,namakak ba siya sa akoa
kumakain si oliver ng talong,oliver eats eggplant,gakaon si oliver og talong
paborito ni oliver ang talong,oliver s favorite is eggplant,ampay ni oliver ang talong
kulay ube ang kamiseta ni oliver,oliver s shirt is purple,kolor ube ang sanina ni oliver
ube at talong ang tanghalian ni oliver,oliver s lunch is apples and eggplant,ube ug talong ang paniudto ni oliver
kulay ube ang kotse ni oliver ngayon,oliver s car is now purple,kolor ube ang sakyanan karon ni oliver
ubeng keyk ang pabertdey ni oliver kay sandy,oliver s birthday to sandy was banana cake,ube nga keyk ang pabertdey ni oliver kang sandi
kulay ube ang yoyo ni oliver,oliver s yoyo is purple,kolor ube ang yoyo ni oliver
tsokolateng keyk ang gusto ni kyle sa kanyang kaarawan,kyle wants chocolate cake for his birthday,tsokolate nga keyk ang gihandom ni kyle sa iyang kaadlawan
pulang gumamela ang tinanim ni bopeep sa kanyang hardin,bopeep planted red gumamela in his garden,pula nga gumamela ang gitanom ni bopeep sa iyang tanaman
nagpuntang tahiti si bing nang eroplano,bing went to tahiti by plane,niadto si tahiti si bing sakay sa eroplano
ubeng polboron ang pasalubong ni luisa sa mga bata,luisa s welcome to the children was tumultuous,ube nga polboron ang gasa ni luisa sa mga bata
siglong itlog ang kinain ni,ate a century egg,siglo nga itlog ang gikaon ni
pansit palabok ang gusto ni arnan,arnan likes spicy noodles,pansit palabok ang ganahan ni arnan
itlog ng pugo ang kasama ng kanyang sopas,quail eggs are included with his soup,itlog sa pugo ang pares sa iyang sopas
nilagyan ni nellie ng itlog ng pugo ang kanyang pansit,nellie added a quail egg to her noodles,gibutngan ni nellie og itlog sa pugo ang iyang pansit
palitaw na may asukal ang hinanda ni tonya,tonya s prepared with sugar,palitaw nga naay asukal ang gihanda ni tonya
siyopaw na bola bola ang gusto ni wanda,wanda likes meatballs,siyopaw na bola bola ang ganahan ni wanda
asadong siyopaw naman ang gusto ni larry,larry likes asado siyowa,og asadong siyopaw ang ganahan ni larry
gulaman na may buko at sago ang hinanda ni ellen,ellen prepared gelatin with knuckle and sago,gulaman nga anaay buko ug sago ang gihanda ni ellen
nagpitsa ang pamilya ni edwin,edwin s family had lunch,nagpitsa ang banay ni edwin
natatanaw ko ang dagat at ang ilog,i can see the sea and the river,akong nalantaw ang dagat ug sapa
siya ba y may bitbit na kahit anong tipo ng armas,is he carrying any type of weapon,siya ba nagbitbit sa masking unsang klase nga armas
nagtitibi si sa kuwarto niya,stays in his room,nagtibi si sa iyahang kwarto
may parke ng mga ibon sa timog ng kanyang siyudad,there is a bird park in the south of his city,anaay parke sa mga langgam sa habagatan sa iyang dakbayan
kulay abo ang langit ngayon sa siyudad,the sky is now gray in the city,kolor abo ang langit karun sa dakbayan
may parkeng puno ng bulaklak sa tabi ng paaralan,there is a park full of flowers next to the school,adunay parke nga napuno sa bulak kilid sa skwelahan
ilang beses na siya sa antigong siyudad,he has been to the ancient city several times,makadaghan na siya sa karaan nga siyudad
kumakain si celia ng sago t gulaman,celia eats sago and gelatin,gakaon si celia og sago ug gulaman
nasira ang tiyan ni celia pagkatapos niyang kumain ng dalandang galing sa puno,celia s stomach was upset after she ate an orange from the tree,nadaot ang tiyan ni celia human siya mikaon og dalandan ng gikan sa punuan
lumang bahay na may kapis ang bintana ang tinitirhan ni og,og lives in an old house with a broken window,karaang balay nga anaay kapis ang bintana ang gipuy an ni og
salabat at barkilyos ang kinakain ni og sa beranda,og eats salabat and barkilyos on the porch,salaba ug barkilyos ang ginakaon ni og sa beranda
berdeng mangga at bagoong ang kinakain ni og sa hardin,og eats green mangoes and anchovies in the garden,hilaw na mangga ug uyap ang ginakaon ni og sa tanaman
handa akong gawin ang kahit ano para sa yo,i am ready to do anything for you,andam ko buhaton ang tanan para sa imo
wala sa loob si,is not inside,wala sa sulod si
mabilis na tumitibok ang puso ko,my heart was beating fast,paspas nga midukdok ang akong dughan
dinidiligan ng ulan ang mga bulaklak,the rain waters the flowers,gibisbisan sa ulan ang mga bulak
ikaw ang pinuno,you are the leader,ikaw ang lider
paano magkakaroon ang isdang iyon ng isang butiki sa tiyan,how could that fish have a lizard in its stomach,giunsa man atong isdaa nga nasudlan og butiki ang iyang tiyan
huwag mong gisingin ang pusang natutulog,don t wake the sleeping cat,ayaw pukawa ang iring nga natulog
talagang may mga milagro at naniniwala kami sa mga ito,there really are miracles and we believe in them,tinuod ang milagro ug kami mutuo ani
gagawin ko ang kahit ano maliban iyon,i ll do anything but that,buhaton ko ang maski unsa ayaw lang kana
umiinom si bernardo ng sarsaparilya sa bote,bernardo drinks sarsaparilla from the bottle,gainom si bernardo ug sarsapilya sa bote
huwag magtapon ng basura dito,do not throw garbage here,ayaw paglabay ug basura diri
kailangan kong matulog bago maghatinggabi,i have to go to bed before midnight,kinahanglan nako matulog bago mag tungang gabii
byuda ang isang babaeng namatayan ng asawa,a widow is a woman whose husband died,byuda ang usa ka babae nga namatyan ug bana
mauna ako,i ll be first,muuna nako
kinain ng mga indiyo ang kanyang puso,the indians ate his heart,gikaon sa mga indiyo ang iyang kasing kasing
ang aso ni ay kayumanggi,s dog is brown,ang iro ni kay tabonon
siya ay bulag bingi at pipi,he is blind deaf and dumb,usa sya ka buta bungol ug amang
hindi handa si,is not ready,dili andam si
nag ispageti si ana sa restawran sa siyudad,ana ate spaghetti at a restaurant in the city,nag ispageti si ana sa restawran sa dakbayan
nagsarsaparilya si tony sa tindahan sa tabi,tony went to the store next door,nagsarapilya si tony daplin sa tindahan
simple lamang ang buhay ni og,og s life is simple,lunsay ra ang pamuyo ni og
walang kotse si og dahil malapit lamang ang trabaho niya,og doesn t have a car because his job is nearby,walay kotse si og kay duol ra man ang iyang balay sa trabahuan
maliit na hayop ka dahil malaking malaki ang sansinukob totoo iyon,you are a small animal because the universe is very big that s true,gamay ka nga mananap kay arang kadako ang sansinukob tinuod ni
niyog ito,it s coconut,lubi ni
gumagawa ang mga tagabukid ng alak mula sa niyog,farmers make wine from coconuts,gabuhat ang mga tagabukid og bahal
laman ng buko ang paborito ni og,og s favorite is knuckle meat,unod sa butong ang paborito ni og
buko pay ang mas gustong meryenda ni og,buko pay is og s favorite snack,pay gama sa butong ang ampay ni og
kumakain si og ng buko pay sa beranda,og is eating buko pay on the porch,gakaon og pay gama sa butong si og sa beranda
maraming ibon sa parke ng siyudad,there are many birds in the city park,daghan og langgam ang parke sa dakbayan
may pabrika ako ng alak sa aking nayon,i have a wine factory in my village,anaa koy pabrika sa ilimnon sa akong baryo
may tsokolateriya ako sa nayon,i have a chocolate shop in the village,anaa koy tsokolaterya sa akong baryo
may pabrika ako ng artipisyal na bulaklak,i have an artificial flower factory,anaa koy pabrika sa artipisyal nga bulak
sinamahan siya ng kanyang ina,his mother accompanied him,gikuyogan siya sa iyang inahan
pwede akong kumuha ng litrato dito,can i take a photo here,pwede ba ko mukuha og hulagway
noong bumalik si galing hapon naging budista siya,when peter returned from japan he became a buddhist,katong nibalik si sa hapon nahimo siyang budista
sa taylandiya binisita ni sandy ang mga templong budista,in thailand sandy visited buddhist temples,sa taylandiya giduaw ni sandy ang mga templong budista
kumain si sa tsokolateriya ko sa nayon,ate at my chocolate shop in the village,gakaon si karon sa tsokolateriya sa baryo
bumili ng keyk si luis sa pasteleriya ko sa nayon,luis bought a cake from my pastry shop in the village,nipalit og keyk si luis sa akong pasteleriya sa akong baryo
maraming kendi sa pasteleriya ko sa probinsiya,there are many candies in my pastry shop in the province,daghan og kendi sakong pasteleriya sa probinsiya
mas gusto ko ang itlog ng pugo,i prefer quail eggs,mas ganahan ko og itlog sa pugo
walang pakialam ang boyfriend ko sa akin,my boyfriend doesn t care about me,walay labot ang akong uyab sa akoa
alak mo to,it s your wine,ilimnon nimo ni
sa panaderiya ni rita nagbebenta siya ng tsokolateng tinapay,at rita s bakery she sells chocolate bread,sa panaderya ni rita nagbaligya siya og tsokolate nga pan
ano ang kulay ng daigdig,what is the color of the earth,unsa ang kolor sa kalibutan
ang mga ibon ay pula,the birds are red,ang langgam kay pula
may bagong produkto ako sa aking tsokolateriya sa probinsiya,i have a new product in my chocolate shop in the province,anaa koy bago nga produkto sa akong tsokolateriya sa probinsiya
sa pasteleriya ko may ubeng barkilyos,in my pastry there is a banana barkilyos,sa akong pasteleriya adunay ube nga barkilyos
sa pasteleriya ko may buko pay,in my pastry there is a lump of bread,sa akong pasteleriya adunay pay nga gama sa butong
sa panaderiya ko may istrobering tinapay,in my bakery there is strawberry bread,sa akong panaderiya adunay stroberi na pan
naiisip ko siya kapag naririnig ko ang awit na to,i think of him when i hear this song,akong siyang mahuna hunaan inig ka madungog ko ning kantaha
uhaw pa rin ako,i m still thirsty,giuhaw gihapon ko
nawa y matalo mo ang lahat ng ating mga kaaway,may you defeat all our enemies,ako naghandom na unta imong mapildi tanan natong kalaban
tingnan mo ang torreng yan sa ibabaw ng burol,look at that tower on top of the hill,tan awa na nga tore sa ibabaw sa bungtod
hindi ka na nag eenjoy magsulat nagtratrabaho ka lamang,you don t enjoy writing anymore you just work,wala ka na nalingaw nga magsulat gatrabaho nalang ka
hindi kayo nahihiya sa kabastusan ninyo,aren t you ashamed of your rudeness,wala ba mp maulaw sa inyong ka bastos
hindi pa ako nakatira sa boston,i ve never lived in boston,wala pa ko nakapuyo sa boston
paumanhin sinigawan kita,i m sorry i yelled at you,pasayloa ko og nashingitan man tika
mamamatay tayong lahat,we will all die,mangamatay tang tanan
minamahal ko siya,i love him,ako siyang hinigugma
wala akong pakialam sa iniisip mo,i don t care what you think,wala koy labot sa imong gina pang huna huna
walang balita na magandang balita,no news is good news,way balita nga maayong balita
hindi pinayagan ng doktor ang tatay ko na magbuhat ng mabibigat na bagay,the doctor did not allow my father to lift heavy objects,wala gitugtan sa doktor ang akong akong amahan nga mag alsa og mga bug at nga butang
siya y tamad at sakim,he is lazy and greedy,siya tapulan ug hakog
ang tinapay ay gawa sa trigo,bread is made from wheat,ang pan gi mugna gikan sa trigo
natatakot ang mga palaka sa mga ahas,frogs are afraid of snakes,nahadlok ang mga baki sa mga bitin
kailan magwawakas ang kasakiman ng tao,when will human greed end,kanus a mahuman ang ka hakog sa mga tao
bumangon kami nang madaling araw,we got up early in the morning,nibakod mi og kadlawng dako
parang di siya masayang makita tayo,he doesn t seem happy to see us,mura man siyag wala malipay nga makita ta
ang hardinero ang mamamatay tao,the gardener is the murderer,ang hardinero mao ang mamumuno
nakatira si dengdeng sa planetang bikumbong,dengdeng lives on the planet bikumbong,nagpuyo si dengdeng sa planetang bikumbong
nagtanim ng ube si dengdeng sa kanyang planeta,dengdeng planted pears on his planet,nagtanom og ube si dengdeng sa iyang planeta
moradong kanin ang kinakain ni dengdeng sa kanyang planeta,dengdeng eats like rice on his planet,morado nga bugas ang ginakaon ni dengdeng sa iyang planeta
magubat ang planetang bikumbong ni dengdeng,dengdeng s planet bikumbong is forested,sama sa lasang ang planetang bikumbong ni dengdeng
marakab ang disyertong planeta ni andong,andong s desert planet is barren,makarab ang disyerto nga planeta ni andong
may sakahan si andong sa kanyang planeta,andong has a farm on his planet,anaay basak si andong sa iyang planeta
may moradong baboy si andong sa kanyang sakahan,andong has a beautiful pig in his farm,anaay morado nga baboy si andong sa iyang basakan
may sasakyang pangalangaang si andong para sa kalawakan,andong has a spaceship for space,anaay sakyanan nga pangalangaang si andong para sa kawanangan
para pumunta sa ibang bituwin ginagamit ni andong ang kanyang sasakyang pangalangaang,to go to another star andong uses his spaceship,para muadto sa ubang bitoon ginagamit ni andong ang iyang sakyanan nga pangalangaang
si andong ang tsuper ng sasakyang pangalangaang,andong is the driver of the spaceship,si andong mao ang tagmaneho sa sakyanang pangalangaang
sa bintana ng sasakyang pangalangaang kita ni andong ang mga bituwin,through the window of the spaceship andong could see the stars,sa bintana sa sakyanang pangalangaang makita ni andong ang mga bitoon
alam ko anong ginawa ni,i know what did,nasayod sa kung unsa ang gibuhat ni
may bagong sasakyang pangkalawakan si teteng,teteng has a new spaceship,adunay bag ong nga sakyanang pangkawanangan si teteng
may harding domo si teteng sa kanyang parte ng kanyang planeta,teteng has a harding domo in his part of his planet,anaay tanaman nga domo si teteng sa iyang pahat sa planeta
may harding lungaw si teteng sa kanyang parte ng kanyang planeta,teteng has a harding cave in his part of his planet,anaay tanaman nga lungaw si teteng sa iyang pahat sa planeta
may tanim ng ube sa harding domo ni teteng,there is an ube plant in teteng s gardening domo,anaay tanom nga ube sa tanaman nga domo ni teteng
may moradong ubas sa harding lungaw ni teteng,there are purple grapes in teteng s gardening hole,anaay morado nga ubas sa tanaman nga lungaw ni teteng
kabilangan ang kolonya sa planeta ni teteng ng mga maraming lungaw,the colony on teteng s planet contains many caves,nahisakop sa kolonya sa planeta ni teteng nga anaay daghang lungaw
awading ang tawag sa planeta ni teteng,teteng s planet is called awading,awading ang ngalan sa planeta ni teteng
naniniwala ako kay hesu kristo,i believe in jesus christ,ako nituo kay hesu kristo
naniniwala ang mga kristiyano kay hesu kristo,christians believe in jesus christ,mituo ang mga kristiyano kang hesu kristo
hindi ginto ang lahat na kumikinang,all that glitters is not gold,dili bulawan ang tanan nga gasidlak
ubeng puto ang kinakain ni dodong,dodong eats banana puto,ube nga puto ang ginakoan ni dodong
moradong saging na galing sa gubat ng kanyang planeta ang paborito ni dodong,dodong s favorite is a banana that comes from the forest of his planet,morado nga saging gikan sa lasang sa iyang planeta ang ampay ni dodong
dinala niya ang mga aklat na kailangan ko,he brought the books i needed,iyang gidala ang mga libro nga akong kinahanglan
may kambal ang nanay ko,my mother has twins,anaay kambal ang akong inahan
sana ikaw ay nasa mabuti din,i hope you are well too,unta ikaw anaa sab sa maayo
ang leyon ay ang hari ng kagubatan,the lion is the king of the forest,ang leyon mao ang hari sa lasang
nawalan ako ng malay,i lost consciousness,nawal an ko og kusog
hinimatay ako,i passed out,nakuyapan ko
malaki ang sala sa bago kong bahay,the living room in my new house is big,dako ang sala sa bago nga balay
hindi nagawang kontrolin ni ang kanyang galit,couldn t control his anger,wala nakaya ni pugngan iyang kasuko
kailangan mo ba ng pera,do you need money,kinahanglan ba kag kwarta
ano ba ang gusto mong i almusal,what do you want for breakfast,unsa imo gusto kaunon pamahaw
tulad ng inaasahan di ka nga niya bibiguin,as expected he will not disappoint you,wala ka niya gi sayopn sama sa akong suma
wala akong ginagawa sa ngayon,i m not doing anything right now,wala koy gina buhat sa pagka karon
nakatira sila sa ibabang palapag,they live downstairs,sa ilalom sila naka puyo
ako si azeri,i am azeri,si azeri ako
nasa langit ang ibon,the bird is in the sky,ang mga langgam kay naa sa kalangitan
wala silang magawa,they can t do anything,wala silay mahimo
ang pagkatalo natin ngayon ay hindi wala lang,our loss today is not for nothing,ang atong kapildihon sa pag ka karon kay dili para sa wala
naroon rin si,was there too,tuara pd si
nandoon rin si,was there too,naa didto si
kung hindi niyo masagot ang tanong magpatulong kayo sa inyong guro,if you cannot answer the question ask your teacher for help,ug dili mo katubag sa pangutana pangatuna mo sa inyong maestro
kinailangan niyang magtrabaho kahit linggo,he had to work even on sundays,kinahanglan niya mag trabaho miski dominggo
huwag masyadong pilitin ha,don t push too hard huh,ayaw kaayo pugsa ha
babalik ako sa susunod na linggo,i will be back next sunday,mubalik ko sa sunod dominggo
unti unting mas dumadami ang ating nalalaman sa ingles,little by little we know more and more in english,ga anam anam atong natun an na ingles
may dalawang tainga ang tao,man has two ears,naay duha ka dalunggan ang tao
nagtatrabaho ang kuya ko sa isang gasolinahan,my older brother works at a gas station,akong kuya kay ga trabaho sa gasolinahan
nakapunta ka na ba ng kyoto,have you been to kyoto,naka adto na ba mog kyoto
wala siyang magawa kundi tumahimik,he could do nothing but remain silent,wala siya y mabuhat kung dili muhilom
nagkita kami sa simbahan,we met at church,sa simbahan kami nag kita
pumasok siya sa kwarto niya para magpahinga,he went into his room to rest,nisulod siya sa kwarto aron mag pahulay
pumasok siya sa kanyang silid para magpahinga,he went to his room to rest,nisulod siya sa kwarto aron mag pahulay
sinulat niya ang sarili niyang pangalan,he wrote his own name,iyang gi sulat iyang sariling pangalan
takot siyang mawalan ng pera,he is afraid of losing money,nahadlok siya mawad an ug kwarta
siya ay takot na mawalan ng salapi,he is afraid of losing money,iyang kahadlokan kay mawad an ug kwarta
basa pa ang kumot,the blanket is still wet,basa pa ang habol
mabagal siyang maglakad,he walks slowly,hinay siya mu baktas
hindi naman mahalagang pag alalahan mo pa iyan,it s not important for you to worry about that,di man na importante aron kabalakhan
mukhang hindi ka masyadong nakapag aral para sa pagsusulit,it sounds like you didn t study very well for the exam,murag wala kaayo ka nag tuon para sa aton buhatunon
parang uulan,it looks like it s going to rain,murag mag uwan
mukhang uulan,it looks like it s going to rain,kaulanon
pumasok si sa kuwarto,entered the room,nisulod si sa kwarto
nakalimutan mong patayin ang ilaw,you forgot to turn off the light,nakalimot kag patay sa suga
may bato sa loob ng sapatos ko,there is a stone in my shoe,naay bato sa sulod sa akong sapatos
ubeng tinapay ang kinakain ni andong,andong eats banana bread,ang gi kaon ni andong kay tinapay nga naay ube
nagtanim sa mga sakahan sa planetang irding ng ube at kamote,planted farms on the planet irding with pears and sweet potatoes,nag tanom sa basakan sa planetang irding ug ube og kamote
sa planetang irding maraming babuyan ng moradong baboy,on the planet irding there are many purple pigs,daghan og baboyan or moradong baboy sa planetang irding
may malaking asyenda si andong sa planetang irding,andong has a large estate on the planet irding,naay dako na yutaan si andong sa planetang irding
sa planetang irding may akuwakultura,on the planet irding there is aquaculture,naay isdaan na quary sa planetang irding
sa planetang irding may pagsasakang pangtubig,on the planet irding there is aquaculture,naay pang basak na tubig didto sa planetang irding
sa asyenda ni andong sa planetang irding may pagsasakang pangtubig din,in andong s estate on the planet irding there is also water farming,didto sa kayutaan ni andong sa planetang irding adunay pang basak na tubig
nagkaroon ng bagyo kahapon,there was a storm yesterday,naay bagyo gahapon
sa tingin mo marunong mangastila si obama,you think obama knows how to kill,panan aw nimo kahibaw mag espanyol si obama
ano ang tanong mo,what is your question,unsay pangutana nimo
nag aaral siya nang mabuti,he studies hard,ga tuo siyag maayo
kung ako sa yo mag aaply ako sa trabaho,if i were you i would apply for the job,ug ako sa imo mang apply kog trabaho
hindi mo kailangang humingi ng tawad,you don t have to apologize,di nimo angay mangayo ug pasaylo
parang hindi masaya si,doesn t seem happy,murag dili malipayon si
ang afrika ay hindi isang bansa,afrika is not a country,dili nasud ang afrika
nagtamo ng tatlong bala sa katawan si,received three bullets in his body,na igo ug duha ka bala sa kalawasan si
nasa panganib si,is in danger,delikado si
mahabang istorya,long story,taas na storya
nabago ang buhay ko mula nang nakilala ko siya,my life has changed since i met him,sukad nakaila nako siya nag bag o akong kinabuhi
madaming kakilala si,knows many people,daghan ug kaila si
iginagalang ni paul ang kanyang mga magulang,paul respects his parents,dako ug respeto si paul sa iyang ginikanan
hindi masyadong nag aaral si monica,monica doesn t study very well,wala kaayo ga tuon si monica
nasa kusina si,is in the kitchen,naa sa kusina si
mahilig ako sa pagong,i love the turtle,ganahan ko ug pagong
kailangan mong bumangon nang alas seis,you have to get up at six o clock,kailangan nimo mu mata ug alas sais
ang maliit na bituing iyon ay ang pinakamaningning,that little star is the brightest,katong bitoon na gamay ang pinaka hayag
ang kristyanismo at ang islam ay dalawang magkaibang mga relihiyon,christianity and islam are two different religions,lahi nga relihiyon ang kristyano ug islam
ano ito,what is it,unsa ni
ano to,what s that,saman ni
ipagpatuloy mo ang magandang gawain,keep up the good work,ipadayon imong maayong buhat
anong klaseng sensasyon tanong ng isang nagbabantay ng tindahan,what kind of sensation asked a store keeper,unsay klase nga sensasyon pangutana sa tig bantay ug tindahan
ano nga ba ang itsura ni,what does really look like,unsa gyud diay ang nahung ni
matangkad ba siya,is he tall,taas ba sya
mayroon ba siyang kayumangging buhok,does he have brown hair,naa bay pgka bulaw iyang buhok
sumusuot ba siya ng salamin,does he wear glasses,ga sul ob ba siyag antipara
ikaw ay magpanggap na hindi mo ako kilala,you pretend you don t know me,pag atik atik diha nga di ko nimo kaila
kung gaano man ako ka bobo mayroon pa ring mas bobo pa sa akin,no matter how stupid i am there are still more stupid than me,ug unsa man ko ka bogo naa pay mas bogo nako
kahit sino man siya wala tayong magagawa kundi ang magtiwala sa kanya,whoever he is we can t do anything but trust him,miski pag kinsa siya wala tay mabuhat kung dili mag salig sa iyaha
hindi ko maisip ang aking sarili na pumatay ng isang tao,i can t imagine myself killing someone,dili nako ma huna hunaan akong sarili nga mu patay ug isip ka tao
wala ako sa aking katinuan na gumawa ng takdang aralin,i was not in my right mind to do the homework,wala ko sa akong saktong pag huna huna para mag buhat ug buhatunon
ako ay napapaisip kung ano anong mga kasabihan ang nasa kanyang utak,i wonder what kind of sayings are in his mind,ga huna huna ko ug unsa ang mga pulong nga naa sa iyang huna huna
kumuha ka ba ng pera sa akin oo o hindi,did you take money from me yes or no,ga kuha kag kwarta sa akoa oo o dili
pinatay mo ba ang lalaking iyan oo o hindi,did you kill that man yes or no,imo bang gi patay na nga lalaki oo o dili
hindi rin naman ako interesado gawin ang mga bagay na ganyan,i m not interested in doing things like that either,wala sad koy interest aron buhaton ang mga ana na butang
isa iyan sa mga pinakaeksklusibong adress,that s one of the most exclusive addresses,isa na sa pinakaekslusib na adress
isa iyan sa pinakaeksklusibong adres sa lungsod,it s one of the most exclusive addresses in the city,isa na sa pinakaekslusib na adress diri sa atong lugar
naubos na ang kanyang paglaum pag asa,his hope is gone,nahurot na iyang paglaom
hahanapin kita charley,i ll find you charley,pangitaon tika charley
hindi mo matatapos ang proyekto,you can t finish the project,dili nimo mahuman imong proyekto
kailangan ko ng bagong gupit,i need a new haircut,kailangan nakog bag ong gupit
sino ang naglagay ng palaka sa aking kama,who put a frog in my bed,kinsa y nag butang ug baki sa akong katre
ang mga asyano ay kumakain ng bigas,asians eat rice,ga kaon ug bugas ang mga asyano
ang mga italyano ay kumakain ng pasta,italians eat pasta,ga kaon ug pasta ang mga italyano
talagang kakaiba ang kanyang ilong,his nose is really weird,lahi rajod iyang ilong
alam kong hindi ka niya mahal,i know he doesn t love you,kahibaw ko nga dili ka niya gina higugma
ako ay pupunta doon,i will go there,mu adto ko didto
inaasahan kong mali ka pero alam kong tama ka,i hope you re wrong but i know you re right,ga dahom ko nga mali ka pero kahibaw ko nga tama ka
inaasahan kong mali ka,i hope you are wrong,ga dahom ko nga mali ka
ako ay nahulog sa hagdan at natamaan ang aking ulo,i fell down the stairs and hit my head,nahulog ko sa hagdanan ug na igo akong ulo
pinayagan ko ang aking aso na tumakbo na may kalayaan,i let my dog run free,gi padagan nako akong iro nga mu dagan na walay babag
ang kabataan ay ang pag asa ng kinabukasan,youth is the hope of the future,ang mga batan on ang pag asa sa kaugmaon
wala siya sa bahay,he is not at home,wala siyay panimalay
ayaw kong magsalita sa wika mo,i don t want to speak your language,dili ko ganahan mu istorya sa imo stinoryahan
sinubukan namin,we tried,gi tistingan namo
sinaksak ni si,stabs,gi sak sak ni si
bakit ka nandiyan,why are you there,ngano naa ka dira
bakit kayo nandiyan,why are you there,ngano naa mo dira
dumating ako sa tsina,i came to china,ni abot ko sa tsina
ayaw mo bang sumagot,don t you want to answer,dili ka mu tubag
hindi ko alam kung kailan yun magaganap,i don t know when that will happen,wala ko kahibaw ug kanus a to mahitabo
hindi ko alam kung kailan uuwi si,i don t know when will come home,wala ko kahibaw ug kanus a mu uli si
hindi ko alam kung kailan babalik si,i don t know when will come back,wala ko kahibaw ug kanus a mu balik si
hindi ko alam kung kailan kita matutulungan,i don t know when i can help you,wala ko kahibaw ug kanus a tika matabangan
hindi ko alam kung kailan mapapalaya ang mga bilanggo,i do not know when the prisoners will be released,wala ko kahibaw ug kanus a mapagawas ang mga priniso
hindi ko alam kung kailan ako makakabalik sa boston,i don t know when i ll be back in boston,wala ko kahibaw ug kanus a ko maka balik sa boston
hindi ko alam kung kailan nagpakasal si pero alam ko na nagpakasal siya,i don t know when got married but i know he did,wala ko kabilbaw ug kanus a na minyo si pero kabalo ko nga na minyo na siya
gagamitin mo ba yan,will you use that,gamiton na nimo
tinuturuan ako magluto ng aking tatay,my father taught me to cook,gi tudloan ko sa akong tatay mag luto
ginagamit mo ba yan,do you use that,ginagamit na nimo
sa bahay lagi siyang nagbabasa nang nakahiga,at home he always reads lying down,sa balay pirmi siya ga basa nga naka higda
gusto mo bang magtrabaho hindi,do you want to work no,gusto ba ka mag trabaho dili
hindi siya pumunta sa lawa,he didn t go to the lake,wala siya ni adto sa lawa
wala akong paraan para malaman,i have no way of knowing,wala koy mabuhat aron mahibaw an
hindi ako ganoon kagaling sa pagsusulat ng mga kanta,i m not that good at writing songs,dili ko ing ana ka hawod sa pag suwat sa mga kanta
mayroon kang limang minuto para makapagbihis at bumaba,you have five minutes to get dressed and come downstairs,aduna kay lima ka minuto aron mag ilis ug mu baba
nabubo mo ang iyong kape,you spilled your coffee,nayabo nimo imong kape
ito ang aking paboritong larawan,this is my favorite picture,mao ni akong paboriton nga litrato
nag aaway ang aking mga magulang,my parents are fighting,ga away mi sa akong ginikanan
ang aking paboritong kulay ay bughaw,my favorite color is blue,paborito nako na kulay kay bughaw
kung alam ko yung totoo sasabihin ko sayo,if i know the truth i will tell you,kung kahibalo rako sa kamatuoran ako ng gi ingon sa imo
mayroong bagong kotse ang aking ama,my father has a new car,naay bag ong sakyanan akong amahan
aling bansa ang iyong pinanggagalingan,which country are you from,asa ka gikan na nasud
mas maputi pa ang kanyang balat sa niyebe,his skin is whiter than snow,mas puti pa iyang panit sa niyebe
ang kanyang sakit ay dulot ng masamang panahon,his illness was caused by bad weather,iyang sakit kay tungod sa pangit na panahon
nasa kanila yung kabayo,they have the horse,naa sa ila ang kabayo
tatawagan uli kita,i will call you again,tawagan tika usab
nagaalala rin si,is also worried,nabalaka pud si
biro ito tama,it s a joke right,atik ni diba
bansa ang niue,niue is a country,nasud and niue
paano ko nalaman,how did i know,gi unsa nako pag kahibalo
gusto kong tulungan mo siya,i want you to help him,ganahan ko nga tabangan nimo siya
oo siya si anthony,yes he is anthony,oo siya si anthony
nakita ko yun,i saw that,nakita nako to
anong kinalaman nito kay,what does this have to do with,unsay relasyon ani kay
saan ka magaaral ng aleman,where will you study german,asa man ka mag tuon ug aleman
walang kuwenta siyang kausapin,he is worthless to talk to,wala siyay pulos ka istorya
napakagulo ng aking buhok,my hair is such a mess,grabe ka gubot sa akong buhok
mabuti talaga tayong magkaibigan,we are really good friends,maayo gyud ta nga pagka amigo
gusto ko ng mga aso,i like dogs,ganahan kog mga iro
gusto ko yung aso,i like the dog,ganahan ko atong iro
gusto ko itong asong ito,i like this dog,ganahan ko aning iro a
gusto ko yung aso mo,i like your dog,ganahan pud ko atong iro nimo
gusto ko yung asong yun,i like that dog,ganahan ko ato nga iro
gusto ko yung mga aso mo,i like your dogs,ganahan ko atong mga iro nimo
kumuha ako ng taksi kasi umuulan,i took a taxi because it was raining,nag kuha ko ug taksi kay nag ulan
bakit hindi ka kumakain ng gulay,why don t you eat vegetables,ngano di ka mu kaon ug otan
baliw si suzan,suzan is crazy,buang si suzan
nagsinungaling si tungkol sa kanyang grado,lied about his grade,namakak si sa iyang grado
pinanganak ako noong ika ng marso,i was born on the th of march,gipanganak ko atong dise otse sa marso
mas maganda ka kay marika maniwala ka sa akin,you are more beautiful than marika believe me,mas gwapa kang marika tuo sa ako
sa tingin ko gusto ko siya,i think i like him,sa panan aw nako ganahan ko sa iyaha
nakatulog ang aking kanang kamay,my right hand fell asleep,nakatulog akong tuo nga kamot
kaya mo ba talagang gawin ito,can you really do it,kaya nimo ni buhaton
maganda ako kahit ano pang sabihin nila,i m beautiful no matter what they say,gwapa ko miski pag unsa ilang iingon
nagiipon siya para makabili ng bahay,he is saving to buy a house,ga tigom siya aron makapalit ug balay
mayroon akong limang mga kaibigan,i have five friends,naa koy lima nga barkada
mayroon akong mapa ng mundo,i have a world map,naa koy mapa sa kalibutan
ang aking ina ay isa ring guro,my mother is also a teacher,akong mama kay isa pud ka maestra
manatili kang lasing,stay drunk,mag pundo ka nga hubog
hindi niya magugustuhan yun,he won t like that,di na siya maganahan ana
nagtatago ka,you are hiding,ga panago ka
binagalan niyang maglakad para hindi siya madulas,he slowed down to avoid slipping,iya ng gi hinayan ang iyang pag baktas aron di siya ma i slide
sinabi mo na ba sa iyong ina,have you told your mother,gi ingnan na nimo imong mama
itago mo ang iyong bisikleta,hide your bike,tago a imong bike
mayroon siyang puting ngipin,he has white teeth,naa siya puti nga ngipon
magandang gabi sa inyong lahat,good evening to you all,maayo gabie sa inyong tanan
maari ba kitang makausap,can i talk to you,pwede ba tika ma istorya
puwede ba kitang kausapin,can i talk to you,pwede ba tika storyahon
ibinoto ko si,i voted for,akong gi botar si
madalas siyang tumugtog ng gitara,he often plays the guitar,ga tug tug siyag gitara panagsa
wala nang nag titiwala sa kanya,no one trusted him anymore,wala nay ga salig sa iyaha
bumalik ka dito,come back here,balik diri
ayaw kong magpahinga,i don t want to rest,dili ko gusto mag pahuway
mahina ka,you are weak,hinay ka
nagpakulay ka na ba ng buhok,have you dyed your hair,nag pa bulaw ka ug buhok
minahal ni si at minahal ni si,loved and loved,gihigugma ni si ug gihigugma pd ni si
gising si noong umuwi si,was awake when got home,mata si katung ni uli si
ubos na ang aking pasensya,i m running out of patience,hurot na akong pasensya
wala na akong pasensya,i have no more patience,wala na koy pasensya
kailangan natin lumabas dito,we have to get out of here,kinahanglan nato mu gawas diri
sinong gusto mo kausapin,who do you want to talk to,kinsa imong gusto ma istorya
dalhin mo sila sa ospital,take them to the hospital,dalaha sila sa ospital
mukhang pagod si,looks tired,murag gikapoy si
hindi kami ganun,we are not like that,dili mi ing ana
anong gusto mong sabihin,what do you want to say,unsa imong gusto ingnon
baka matulungan ka ni,maybe can help you,basig matabangan kang
kailangan natin siyang sagipin,we have to rescue him,kinahanglan nato siya luwason
naghihintay tayong lahat,we are all waiting,ga hulat tang tanan
matamis ang pulotpukyutan ngunit nanunusok ang bubuyog,honey is sweet but the bee stings,tamis nag pulot pukyutan pero ga panusok ang bubuyog
mabuting kaibigan si,is a good friend,maayo nga pagka amigo si
dilikadong mabuhay,it s hard to live,delikado mabuhi
walang makakapigil sa kanya,nothing can stop him,wala y maka pugong sa iyaha
sino,who,kinsa
para saan,for what,para asa
bakit ako,why me,ngano ako
bagalan mo ang iyong paglakad,slow down your walk,hinaya imong pag baktas
maglakad ka nang mabagal,walk slowly,pag baktas ug hinay
paki lakasan,please be strong,paki kusog
bakit hindi,why not,nganong dili
tumakbo si,ran,ni dagan si
subukan mo ulit,try again,tistingi usab
sinong may pakialam,who cares,kinsa ang naay labot
sumimangot si,frowned,ga mug ot si
umusog ka,get healthy,isbog ka
tumabi ka,step aside,sibog ka
tigilan mo nga ang paninigarilyo,stop smoking,undangi ang panigarilyo
tigilan mo ang iyong paninigarilyo,stop your smoking,undangi na imong panigarilyo
tulungan mo ang iyong sarili,help yourself,tabangi imong kaugalingon
tumawag ka,did you call,ni tawag ka
sundan mo ako,follow me,sundi ko
tumawa ako,i laughed,ni katawa ko
labas,out,gawas
lumabas ka,get out,gawas diha
sundin mo ako,follow me,sundoga ko
sumeryoso ka nga,be serious,pag tinarong gud
sumeryoso ka,be serious,pag tarong
kumakanta ang mga ibon,the birds are singing,ga kanta ang mga langgam
lumipas ang mga taon,years passed,nilabay ang mga tuig
ngumiti siya,he smiled,ni ngisi siya
sinubukan niya,he tried,gi tistingan niya
alam ko,i know,kahibaw ko
ako rin,me too,ako pud
nasusunog ang kahoy,the wood burns,nasunog ang mga kahoy
huminahon ka,calm down,pag kalma diha
kumalma ka,calm down,kalma diha
saluhin mo siya,catch him,sal a siya
tumatakbo ka,you are running,ga dagan ka
nawala si,disappeared,nawala si
tulungan mo ako,help me,tabangi ko
may nangyari,something happened,naay nahitabo
naiintindihan ko,i understand,nakasabot ko
walang namatay,no one died,walay namatay
umupo ka,sit down,lingkod diha
tawagan mo ako,call me,tawagi ko
nanalo sila,they won,nadaog sila
pakawalan mo siya,let him go,buy e siya
magintay ka dito,wait here,pag hulat diri
inimbitahan ko si jane para sa hapunan,i invited jane for dinner,gi imbitar nako si jane sa panihapon
nagpagupit ako ng buhok,i cut my hair,nag pa gupit ko ug buhok
tinatamad ako,i m lazy,gina tamad ko
laban,fight,laban
wag kang ganyan,don t be like that,ayaw pag ana
nagaway sila,they waved,nag away sila
anong nangyayari,what s going on,unsay nahitabo
sinong nananalo,who wins,kinsa y nadaog
alin yung saakin,which one is mine,asa akoa diha
gusto ni lumangoy,likes to swim,gusto ni mag salom
huling dumating si,came last,ulahi na abot si
diretso lang ang tingin,just look straight ahead,diretso lang ang tan aw
muntik na akong malunod,i almost drowned,hapit ko malumos
matangkad si,is tall,taas si
kadiri ka,you are disgusting,luod ka
nagkasakit ako,i got sick,nag ka sakit ko
minsan nananalo ang kasamaan,sometimes evil wins,usahay madaog ang mga dili maayo
mabilis tumakbo si lynn,lynn ran fast,pas pas mu dagan si lynn
lakasan mo yung boses mo,raise your voice,kusgi imong tingog
bagalan mo ang iyong paglalakad,slow down your walk,hinaya ang imong pag baktas
libre ba and mga inumin,are the drinks free,libre ba ang mga ilimnon
masakit ang aking tiyan,my stomach hurts,sakit akong tiyan
iwanan mo ako,leave me alone,pasagdi e ko
may nararamdaman ako,i feel something,naa koy nabati
mayroon akong nararamdaman,i have feelings,naa koy ginabati
umaakyat ng mga puno ang mga unggoy,monkeys climb trees,ni saka ang mga unggoy sa puno
gumuhit ka ng isang bilog,draw a circle,pag sulat ug lingin
maaari kang lumangoy,you can swim,pwede ka mu salom
nagsisinungaling ka,you are lying,naga pamakak ka
wala yun,that s not there,wala to
ano yun,what is that,unsa to
anong mangyayari,what will happen,unsay nahitabo
anong mayroon,what is there,unsay naa
magandang umaga sa inyong lahat,good morning to all of you,maayong adlaw kaninyong tanan
nauna tayong dumating,we came first,nauna ta nga naabot
anong nanakaw,what stole,unsay nakawat
kumusta kayong lahat,how are you all,kamusta mong tanan
masungit siya,he is grumpy,maldito siya
mukha siyang maputla,he looks pale,murag siyag nang luspad
hugasan mo ang iyong mukha,wash your face,hugasi imong nahung
nilalamig ako,i m cold,gina tugnaw ko
tumawag ka ng ambulansya,call an ambulance,tawag didto ug ambulansya
binilisan ko umuwi,i hurried home,gi pas pasan nakog uli
bilisan mo,hurry up,paspasi
magpahinga ka,take a break,pag pahuway
maganda ka,you are beautiful,gwapa ka
naging mayaman siya,he became rich,nahimo siyang dato
galit ka ba,are you angry,suko ba ka
naniniwala ako sayo,i believe in you,ga tuo ko nimo
bagay sayo ang luntian,green is your thing,bagay sa imo ang luntian
ninanais kita,i want you,gusto tika
kailangan kita,i need you,kinahanglan tika
mauna ka,be first,pag una
mukha kang inip,you look bored,mura kag bagot
kaya mo bang lumangoy,can you swim,kahibaw ba ka mu salom
walang nakakaintindi saakin,no one understands me,walay nakasabot sa akoa
mukha kang tanga,you look stupid,mura kag tanga
malamig,it s cold,tugnaw
maganda ang buhay,life is good,nindot ang kinabuhi
kanino ito,whose is it,kay kinsa ni
tumalon ka pababa,jump down,ambak paubos
sumang ayon tayo,let s agree,mu uyon ta
maging matapang ka,be brave,pangisog diha
sumang ayon ang lahat,everyone agreed,mu uyon tang tanan
dapat matulog ka na,you should go to sleep,dapat matulog naka
walang tumawa,no one laughed,walay mu katawa
nahulog ako,i fell,nahulog ko
sinong nagreklamo,who complained,kinsay nag reklamo
nasunog,burnt out,na ugdaw
amuyin mo ito,smell it,simhota ni
sinong nakakaalala,who remembers,kinsay nakahinomdom
napansin ko,i noticed,naka bantay ko
tulungan mo siya,help him,tabangi siya
ang lahat ay tumalon,everyone jumped,ang tanan kay mu ambak
tumalon ang lahat,everyone jumped,ambak ang tanan
bumaba ka,come down,naog ka
ipaliwanag mo ang iyong sarili,explain yourself,ipasabot imong kaugalingon
tanungin mo sila,ask them,pangutan a sila
nahimatay ka,you passed out,nakuyapan ka
sumigaw ako,i screamed,ni singgit ko
napakakadiri,how disgusting,kaluod
umubo siya,he coughed,ni ubo siya
intay,wait,huwat
manatili ka sa loob,stay inside,pag pundo diha sa sulod
ayusin mo to,fix it,ayuha kini
salamat ulit,thanks again,salamat usab
bumahing si,sneezed,nihumok si
wag mong pansinin,don t pay attention,ayaw tagda
ang sakit,the pain,sakit kaayo
sumuko siya,he gave up,ni surrender siya
magsalita ka nang mahinhin,speak modestly,sulti ug hinay
nandaya ka,you cheated,nanikas ka
nadulas si,slipped,na i slide si
sumigaw si,shouted,ni singgit si
panoorin mo to,watch it,lantawa ni
ikaw magsimula,you start,sugdi
nanalo ka,you win,ni daog ka
nagiiba ang mga tao,people are different,ga bag o ang tao
maaari ba akong lumangoy sa lawa na ito,can i swim in this lake,pwede ba ko mu salom diri sa lawa
paumanhin,sorry,pasensya
hindi ako taga dito,i m not from here,dili ko taga diri
pumasok ka,come in,sulod
sumang ayon ako,i agreed,ga uyon ako
huminga nang normal,breathe normally,hinga nga normal
napakasarap,very tasty,lami kaayo
magintay ka sa labas,wait outside,pag huwat sa gawas
ipinangako mo,you promised,ni promisa ka
paalis na ang tren,the train is leaving,palakaw na ang tren
malapit nang umalis ang tren,the train is about to leave,hapit na mu lakaw ang tren
sinungaling si,is a liar,bakakon si
sinubukan ko,i tried,gi tistingan nako
hindi nagtagumpay,did not succeed,wala ni lampos
gumana,work,ni gana
lumapit si,approached,ni duol si
naglakad si,walked,nag baktas si
lumalakad si,is walking,naga baktas si
bumoto si,voted,ni botar si
nagboluntaryo si,volunteered,nag boluntaryo si
sinong nagboluntaryo,who volunteered,kinsay nag boluntaryo
nagtrabaho si,worked,nag trabaho si
sinong sumigaw,who shouted,kinsa y ni singgit
umuwi ka,you go home,uli didto
subaybayan mo si,follow,bantayi si
panoorin mo si,watch,lantawa si
pagkatiwalaan mo si,trust,saligi si
isulat mo ang,write,isuwat ang
nadapa si,stumbled,nadagma si
sinubukan ni,tried,gi tistingan namo
naiintindihan ni,understands,nasabtan ni
hulihin si,catch,dakpa si
yakapin mo si,give a hug,gaksa si
patawanin mo si,make laugh,pakataw a si
halikan mo si,kiss,haluki si
pakawalan mo si,let go,buy e si
iligtas mo si,save,salbaha si
tulungan mo si,help,tabangi si
sinong lumangoy,who swam,kinsay ni salom
lumangoy si,swam,ni salom si
sinong nagsalita,who spoke,kinsay nag storya
nagtuturo si,teaches,naga tudlo si
sagutin mo si,answer,tubaga si
nagsalita si,spoke,nag storya si
tawagin mo si,call,taw ga si
tawagan mo si,call,tawaga si
nagpawis si,was sweating,naningot si
sinong tumayo,who stood up,kinsa y nio tindog
tumayo si,stood up,ni tindog si
sinong sumuko,who gave up,kinsa y ni surrender
tumakbo si,ran,ni dagan si
sinong tumakbo,who ran,kinsay ni dagan
naalala ni,remembered,naka hinumdom ni
naaalala ni,remembers,nahinumdoman ni
sinong nakinig,who listened,kinsay naminaw
napansin ni,noticed,naka bantay si
sumunod si,followed,ni apas si
nagdasal si,prayed,nag ampo si
sinong nandaya,who cheated,kinsa y nanikas
sinong nakatakas,who escaped,kinsa ang naka layas
sinong nakawala,who got away,kinsa ang naka buhi
tulungan niyo kami,please help us,tabangi mi ninyo
pumalakpak si,applauded,napalkpak si
bumoto sila,they vote,ni botar sila
isipin muli,think again,huna hunaa usab
nakakatulong,it helps,makatabang
nagintay ako,i waited,ni huwat ko
nangyari,happened,nahitabo
nangyayari,happening,panghitabo
nanatili ako,i stayed,ni pondo ko
nakalimutan namin,we forgot,nakalimtan namo
gusto kong matutong mag gitara,i want to learn to play the guitar,gusto ko maka tuon mu tug tug ug gitara
kumakain si luis ng palitaw sa kusina,luis is eating a snack in the kitchen,ga kaon si luis og palitaw sa kusina
nagluluto ng paksiw si luisa sa kusina,luisa is cooking paksiw in the kitchen,ga luto og paksiw si luisa sa kusina
hiniwalay ni karl ang mga buto sa laman ng pakwan,karl separated the seeds from the flesh of the watermelon,gi bulag ni karl ang mga bukog sa unod sa pakwan
nilaga ni karl ang mga buto ng langka,karl stewed jackfruit seeds,gi laga ni karl ang mga bukog sa langka
parang mayaman siyang magsalita,he seems to speak richly,mura siyag dato mu storya
pumunta siya sa paris kung saan niya ako unang nakilala,he went to paris where he first met me,ni adto siyag paris kung asa siya una nakaila nako
maglaro tayo ng taguan,let s play hide and seek,dula tag taguanay
masarap ang turones de kasoy sa tindahan ni dindin,the turones de kasoy at dindin s store are delicious,lami anf turon de kasoy sa tindahan ni dindin
marunong gumawa si dindin ng tocino de cielo,dindin knows how to make tocino de cielo,kabaw mu buhat si dindin ug tocino de cielo
nilaga ni dindin ang balinghoy,dindin stewed tapioca,gi laga ni dindin ang balinghoy
nasa kusina ni dindin ang tsokolateng keyk,the chocolate cake is in dindin s kitchen,naa sa kusina si dindin and tsokolet na keyk
mas gusto ni ang maja blanca,prefers maja blanca,mas ganahan si sa maja blanca
gumawa ng maja blanca si sa kusina,made maja blanca in the kitchen,nag buhat si ug maja blanca sa kusina
sinubo ni ang isang kutsarita ng maja blanca sa kanyang anak na lalaki,spooned a teaspoon of maja blanca at her son,gi hungit ni and isa ka kutsarita na maja blanca sa iyang anak na lalake
may mga bahay kubo sa dalampasigan,there are huts on the beach,naay mga payag sa dagat
may kahon ng espasol si myrna,myrna has a box of scissors,naay espasol na kaon si myrna
nagtatabas ng talahib si rolando sa bukid,rolando was cutting grass in the field,ga tabas ug talahib si rolando sa bukid
kakaunti na ang mga taong nagsasalita ng wika niya rito sa tiyera,few people speak his language here in tiyera,gamay nlaang ang mga tawo nga ga storrya sa lingwahe diri sa tiyera
mahilig si kyle ng pornograpiya,kyle loves pornography,ganahan si kyle ug pornograpiya
hindi komunista ang pamilya ni wallis,wallis s family was not communist,dili komunista ang pamilya ni wallis
masyadong maasim ang mga handa nila para sa mga bisita,the ones they prepared for the guests were too sour,grabe ka aslum ang mga handa nila para sa bisita
malungkot ang mga tagabaryo dahil umulan nang umulan noong pista nila,the villagers were sad because it rained heavily during their festival,wala nalipay ang mga taga baryo tungod sa sagunsod na ulan tung pista nila
makulimlim ang langit at kita ni alex ang bahay ni alice,the sky was overcast and alex saw alice s house,dag om ang langit og kita ni alex ang balay ni alice
sinubo ni alex ang espasol sa bibig niya,alex took a bite of the spoon in his mouth,gi hungit ni alex ang espasol sa iyang baba
hindi mahirap ang wikang pinag aaralan niya at natutuwa siya,the language he is learning is not difficult and he enjoys it,dili lisod ang lingwahe nga iyang gi tun an og nalipay siya
nagdrodroga ang mag asawa at malungkot sila,the couple is on drugs and they are lonely,ga droga ang mag asawa og dili sila malipayon
nasa ibang kabanata na ang buhay ni benny,benny s life is in another chapter,nasa lahi nga kapitulo ang kinabuhi ni benny
talagang maliit ang tao dahil napakalaki ng sansinukob,man is really small because the universe is so big,tuod nga gagmay ang tawo kay dako ang kalibutan
hindi kalagitnaan ang katauhan sa sansinukob,humanity is not the center of the universe,dili tunga ang mga katawhan sa uniberso
kumakain ng tocino de cielo si randy,randy eats tocino de cielo,ga kaon ug tocino de cielo si randy
nilagay ni randy ang espasol sa plato niya,randy put the knife on his plate,gi butang ni randy ang espasol sa iyang plato
maraming bahay kubo sa bukid nila,there are many huts in their farm,daghan ang mga payag sa ilang bukid
may bahay kubo si zelda sa tabi ng dalampasigan,zelda has a cottage by the beach,naay payag si zelda sa kilid sa dagat
sa gabi naglalakad si zelda sa tabi ng ilog,at night zelda walks by the river,sa gabie ga baktas si zelda sa kilid sa suba
nilagyan ni dindin ang sopas ng bulaklak ng saging,dindin topped the soup with banana flowers,gi butanagan ni dindin ang sopag ug bulak sa saging
tinikman ni dindin ang maja blanca ni,dindin tasted s maja blanca,gi tilawan ni dindin ang maja blanca ni
tinikman ni ronny ang tocino de cielo ni armando,ronny tasted armando s tocino de cielo,gi tilawan ni ronny ang tocino de cielo ni armando
nilagay ni ronny ang tocino de cielo sa ref sa kusina,ronny put the tocino de cielo in the refrigerator in the kitchen,gi butang ni ronny ang tocino de cielo sa ref sa kusina
kumakain si noel ng nilagang suso,noel eats breast stew,ga kaon si noel ug gi laga na suso
nagluluto ng sugpo si noel sa kusina,noel is cooking shrimp in the kitchen,ga luto si noel ug sugpo sa kusina
suman ang kinakain ni joel sa kusina,joel is eating in the kitchen,suman ang gina kaon ni joel sa kusina
tamales sa kusina ang kinakain ni joel,joel eats tamales in the kitchen,tamales sa kusina ang gina kaon ni joel
pan de ube ang kinakain ni joel sa panaderiya,joel eats pan de ube at the bakery,pan de ube and gina kaon ni joel sa panaderya
kalihim ang kinakain ni joel sa panaderiya,secretary joel eats at the bakery,kalihim ang gina kaon ni joel sa panaderya
may mga berdeng mangga sa buslo sa beranda,there are green mangoes in the bush on the porch,naay mga mangga na hilaw sa buslo sa beranda
may mga malalaking abokado sa buslo sa garahe,there are big avocados in the garage,adunay dagko na abokado sa buslo sa garahe
may mga kulay kulay na parol na nakabitin sa daan,there are colorful lanterns hanging on the road,adunay klase klaseng kolor na parol ang nakasabit sa dalan
talagang aburido ang mga bisita,the guests were really bored,tuod gyud nga aburido ang ang mga bisita
sinunog ng mga trabahador ang talahib sa kampo,the workers burned the talahib in the camp,gi daoban sa mga trabahador ang talahib sa kampo
sumiklab ang talahib sa kampo,discord broke out in the camp,ni siga ang talahib sa kampo
nabigla si ronaldo noong nabalitaan niyang nanalo siya sa loteriya,ronaldo was shocked when he heard that he had won the lottery,na kuratan si ronaldo tung nakabalita siya nga ni daog siya sa lotto
maraming nahuling isda sa dalampasigang katabi ng nayon,many fish were caught on the beach adjacent to the village,daghan na isda ang nadakpan sa dagat na tupad sa nayon
nagprito ng bangus si perlita sa kusina,perlita fried bangus in the kitchen,nag prito ug bangus si perlita sa kusina
nilagang balinghoy ang kinakain ni melissa sa almusal,melissa eats tapioca stew for breakfast,gi laga na balanghoy ang gikaon ni melissa sa pamahaw
nilagang balinghoy ang kinakain ni melissa sa agahan,melissa eats tapioca stew for breakfast,gi laga na balanghoy ang gikaon ni melissa sa pamahaw
nagluluto ng sago si freddy sa kusina,freddy is cooking sago in the kitchen,ga luto ug sago si freddy sa kusina
nilagyan ni freddy ng sago ang baso niya,freddy filled his glass with sago,gi butangan ni freddy ug sago ang iyang baso
may kulay kulay ang sago sa baso ni freddy,the sago in freddy s glass is colored,adunay klase klaseng kolor na sago ang naa sa baso ni freddy
lumangoy ang mga bata sa pisina ni perla,the children swam in perla s pool,ga salom ang mga bata sa pisina ni perla
nagdasal nang nagdasal si eva sa simbahan niya,eva prayed after prayer in her church,nag ampo nga nag ampo so eva sa iyang simbahan
tsampurado ang agahan ni tony,tony s breakfast is spoiled,tsampurado ang pamahaw ni tony
nag alaga ng kuneho si,raised a rabbit,nag alaga ug kuneho si
maraming maraming kuneho sa sakahan ni,there are many rabbits in s farm,daghan ug kuneho si sa basakan
nag eksperimento si ng kalderetang kuneho,experimented with rabbit caldera,nag eksperimento si ug kalderetang kuneho
nilagyan ng olibo ang kalderetang kuneho ni,s rabbit stew is topped with olives,gi butangan ug olbigo ang kalderetang kuneho ni
maraming maraming olibo ang gusto ni sa luto niya,likes a lot of olives in his cooking,daghan na olibo ang ganahan ni sa iyang luto
may mga maitim at berdeng olibo sa luto ni,there are dark and green olives in s cooking,adunay itom ug berde nga olibo sa luto ni
nasa isang garapa ang mga olibo ni,s olives are in a jar,anaa sa isa ka garapa ang mga olibo ni
mga berde at itim na olibo ang nasa loob ng garapa ni,s jar contained green and black olives,adunay berde og itom and naa sa sulod sa garapa ni
maraming mga garapang puno ng olibo si,has many jars filled with olives,daghan na garapa nga puno sa olibo si
naiyak na naman ang mga bisita,the guests started crying again,nakahilak napod ang mga bisita
talagang naiinggit sila sa wika kong tagalog,they are really jealous of my tagalog language,tuod nga naibog sila sa lingwahe nga tagalog
talagang mga inggitero sila,they really are hypocrites,tuod nga mga inggitero sila
dumating kang nakakotse di ba,you came by car didn t you,ni abot ka nga naka kotse diba
anong sinabi nila,what did they say,unsay ingon nila
magsasayaw kayo,you will dance,manayaw kamo
talagang kyut si nancy di ba,nancy is really cute isn t she,tuod na kyut si nancy di ba
gusto nilang mag ingles ang mga bata,they want the children to speak english,ganahan sila nga mag iningles ang mga bata
gusto nila ang ingles dahil gusto nila ang magulo ang ispeling,they like english because they like messy spelling,ganahan sila sa ingles kay ganahan sila sa libog nga ispeling
gusto nila ang ingles dahil gusto nila ang magulo ang ortograpiya,they like english because they like messy spelling,ganahan sila sa ingle kay gusto nila ug gubot sa ortograpiya
gusto ni tony ang kondol na kendi,tony likes candy,ganahan si tony ug kondol na kendi
mas masarap ang ubeng polboron ng tindahan nila,their store s banana polboron is tastier,mas lami ang ubeng polboron sa tindahan nila
ubeng polboron ang gusto ng mga bata,children like eggplant polboron,ube nga polboran ang ganahan sa mga bata
gumawa ng ubeng polboron si marita,marita made a banana polboron,nag himo ug ube nga polboron si marita
polborong ube ang kinain ni timmy,timmy ate pulborong ube,ube nga polboron ang gi kaon ni timmy
sapin sapin ang ginawa ni sandy,sandy did it layer by layer,sapin sapin ang gibuhat ni sandy
ang tao ay parang makina,man is like a machine,ang mga tawo kay mura ug makina
ang halaman ay parang makina,the plant is like a machine,ang tanom kay mura ug makina
ang hayop ay parang makina,the animal is like a machine,ang hayop kay mura ug makina
kung may makina ng oras ka pupunta ka ba sa nakaraan o sa kinabukasan,if you had a time machine would you go to the past or the future,ug aduna kay makina sa oras mu balik ka sa sauna o sa ugma
alam mong hindi natin puwedeng idagdag ang mga wikang iyon sa listahan dahil sa politika,you know we can t add those languages to the list because of politics,kahibaw ka nga dili pwede idungag to na lingwahe sa listahan tungod sa politika
mali ka hindi nila akalang patay na ako,you are wrong they didn t think i was dead,sayop ka wala sila nag dahom nga patay nako
parang parehong mga babae ang dalawang rasang iyon,those two races seem to be both women,parehas ra nga babaye ang duha ka rasang nato
masaya kami sa gabi ng pangangaluluwa dahil maraming handa,we are happy at the night of the soul because there are many people prepared,malipayon kami sa gabie sa pangangaluluwa tungod daghan ug handa
masayang masaya ang mga bata sa aming bayan nang gabi ng pangangaluluwa,the children in our town are very happy on gabi ng panganaluluwa,malipayon ang mga bata sa among baryo sa gabie sa pangangaluluwa
parang araw araw ay gabi ng pangangaluluwa sa bayan ni ricardo,it seems like every day is the night of compassion in ricardo s town,murag adlaw adlaw gabie sa pangangaluluwa sa baryo ni ricardo
sa likod ng bahay nila ay may puno ng kamyas,behind their house there is a kamyas tree,sa likod sa ilang balay naa y puno sa kamyas
balinghoy ang kinain ng pamilya sa kanilang agahan,the family ate tapioca for breakfast,balanghoy ang gikaon sa pamilya ganinang pamahaw
masarap ang kamatsili sa bayan ni nilo,kamachili is delicious in nilo s town,lami ang kamatsili sa baryo ni nilo
kumakain si liana ng kamatsili,liana is eating tomato,naga kaon si liana ug kamatsili
sino ang lolo at lola sa atin di ba kayo iyon,who are our grandparents isn t that you,kinsa atong lolo og lola di ba kamo
may naiyak na propesorang amerikana,an american professor cried,naay nihilak na propesorang amerikana
hindi nila mas gusto ang ingles naguguluhan sila,they don t prefer english they were confused,dili sila ganahan ug ingles nalibog sila
may naiyak na pilipinang ayaw nang magtrabaho,there was a crying filipina who didn t want to work anymore,naay nihilak na pilipina na di na uyon mag trabaho
ay naku naging babae na dito,oh my it s become a girl here,hay naku nahimo ng babae diri
umalis ka na aburido ka,go away you are stupid,hawa diri aburido ka
tumulog ka na inaantok ka na,go to sleep you re sleepy,tulog na diha ga duka naka
hindi ninyo nagustuhan ang ingles ko,you didn t like my english,dili mo ma ganahan sa akoang ingles
naging kalaban mo ba ako,did you become my enemy,nahimo ba ko nimong kaaway
wala bang nagmamahal sa inyo,does no one love you,wala bay nahigugma kanimo
may punong sinigwelas si jayjay,jayjay ate something,adunay puno nga sinigwelas si jayjay
ang bintana sa harap ng hardin ay bubog na berde,the window in front of the garden is bathed in green,ang bintana sa atubangan sa tamnanan kay bubog na berde
may mga rosas na kulay ube sa hardin ni noel,there are purple roses in noel s garden,adunay rosas nga kulay ube sa tamnanan ni noel
mga punong santol ang nasa palibot ng bahay ni warren,santal trees are around warren s house,adunay santol na puno sa palibot sa balay ni warren
naging demonyo na ang mga tao,people have become demons,nahimong demonyo ang mga tawo
wala nang mabait na tao,there are no nice people,wala nay buotan na tao
alam na matagal ang tagalog,tagalog is known for a long time,dugay na nahibal an ang tagalog
may mga puno ng kamatsili sa palibot ng bahay ni erik,there are tomato trees around erik s house,adunay puno sa kamtsili sa palibot sa balay ni erik
kumakain ng kamatsili si myra sa bahay,myra is eating kamacili at home,naga kaon ug kamatsili si myra sa balay
may buslong puno ng kamatsili si eileen,eileen has a stomach full of tomatoes,naay buslong puno sa kamatsili si eileen
mas gusto ni marcel maging bakla,marcel prefers to be gay,mas ganahan si marcel mahimong bayot
alam na lesbyana si dora,dora is known to be a lesbian,kahibaw nga tomboy si dora
parehong lesbyana sina risa at yolanda,both risa and yolanda are lesbians,parehas nga tomboy si risa og yolanda
alam ni tabitha na lesbyana siya,tabitha knows she is a lesbian,kahibaw si tabitha nga tomboy siya
matagal nang lesbyana si tabitha,tabitha has been a lesbian for a long time,dugay na nga tomboy si tabitha
nakarating ka na ba sa paris,have you been to paris,nakaabot na ba ka sa paris
wala kong kailangan ngayon,i don t need anything now,wala koy kinahanglan karon
nagbihis babae siya,he dressed as a woman,nag ilis siya g binabaye
nakapambabae siya,she is feminine,nag binabaye siya ug suot
nakapunta ka na ba sa paris,have you been to paris,naka adto na ba ka sa paris
hindi ko kailangan ng kahit na ano,i don t need anything,dili nako kinahanglan ang miski unsa
nagdamit siya ng pang babae,he dressed as a woman,nag sul ob siyag pang babae
kape pa po,more coffee,kape pa
kape pa pakiusap,more coffee please,palihog ko kape pa
ginutom ako ng maigi,i was very hungry,gi gutom ko ug taman
mahal kita,i love you,gihigugma tika
hindi ko yðn kasalanan,it s not my fault,dili nako to sala
hindi ko iyon kasalanan,it s not my fault,dili to nako sala
alam kong hihindi ka lang,i know you won t,kahibaw ko nga mu dili raka
alam kong hihindi ka,i know you won t,kahibaw ko nga mu dili ka
takot na takot si,was very scared,hadlok kaayo si
sobrang takot si,was very scared,na hadlok ug taman si
matagal nang lesbiyana si tabitha,tabitha has been a lesbian for a long time,dugay na nga tomboy si tabitha
alam ni tabitha na lesbiyana siya,tabitha knows she is a lesbian,kahibaw si tabitha nga tomboy siya
parehong lesbiyana sina risa at yolanda,both risa and yolanda are lesbians,parehas nga tomboy si risa og yolanda
alam na lesbiyana si dora,dora is known to be a lesbian,kahibaw nga tomboy si dora
gusto nilang maging bakla ka,they want you to be gay,uyon sila na mahimo kang bayot
inisip ni marcel na mas masaya ang magiging buhay niya kung bakla siya,marcel thought that his life would be happier if he were gay,gina huna huna ni marcel na mas malipayon ang kinabuhi ug mahimo siyang bayot
pagulung gulong ang buhay katulad ng mga panahon,life is rolling just like the seasons,pa libog nga pa libog ang kinabuhi sama sa mga kaugmaon
gumawa ng maja blanca si rhea sa bahay ni luis,rhea made a maja blanca at luis s house,nag buhat ug maja blanca si rhea sa balay ni luis
maja de ube ang paborito ni sally,maja de ube is sally s favorite,maja de ube ang paborito ni sally
tsitsaron ang kinain ni ricky sa kusina,ricky eats chicken in the kitchen,tsitsaron ang gi kaon ni ricky sa kusina
hinalo ni maritess ang tsitsaron sa pansit palabok,maritess mixed the tsitsaron with the noodles,gi halo ni maritess ang tsitsaron sa palabok
namili ng mga prutas at gulay si derek,derek went shopping for fruits and vegetables,namili si derek ug prutas og otan
mas gusto ni derek ang kapeng walang bayad,derek prefers free coffee,mas ganahan si derek ug kape nga walay bayad
mas gusto ni johnny maglaro ng putbol,johnny prefers to play football,mas ganahan si johnny mag dula ug putbol
nagbabasa si marisol ng siyensiyang piksiyon,marisol reads science fiction,ga basa ug siyensiyang piksyon si marisol
gusto ni marisol magbasa rin ng pantasya,marisol also likes to read fantasy,ganahan si marisol magbasa ug mga pantasya
nilagyan ni wesley ang eksperimentong karne niya ng tsokolate,wesley added chocolate to his experimental meat,gi butangan ni wesley ang eksperimentong karne ug tsokolate
salsa ng istroberi ang nilagay ni oscar sa kanyang lutong manok,oscar put strawberry salsa on his cooked chicken,duga sa istroveri ang gibutang ni oscar sa iyang gi luto nga manok
ang lalaking nakita namin kaninang umaga ay si ginoong green,the man we saw this morning was mr green,ang lalake nga among nakit an ganinang buntag kay si ginoong gree
may lumabas na pusa galing sa ilalim ng lamisita,a cat came out from under the table,adunay ni gawas nga iring gikan sa ilalom sa lamisita
may pusang lumabas sa ilalim ng lamesa,a cat came out from under the table,naay ni gawas na iring sa ilalom sa lamesa
walang dahilan para matakot,there is no reason to fear,walay rason aron mahadlok
hindi ito pangungusap,this is not a sentence,dili ni silot
ito ay hindi pangungusap,this is not a sentence,kini kay dili silot
wala nang nakakita sa kaniya sapul pa noon,no one has seen him since then,walay nay nakakita sa iya sa dugay na panahon
puwede bang patayin mo ang tv,could you turn off the tv,mahimo ba nimong patyon ang tv
hindi ka handa,you are not ready,dili ka andam
kumain na ako,i have eaten,ni kaon nako
niloko mo lang pala ako,you just tricked me,imo rakong gi uto
ang titi ang isa sa mga organong pangreproduktibo ng lalaki,the penis is one of the male reproductive organs,ang oten ang isa sa mga organong pang reproduktibo sa lalaki
masarap magkape kapag malamig ang panahon,coffee is good when the weather is cold,lami mangape pag bugnaw ang panahon
gabi na ngunit hindi pa siya makatulog,it was late but he still couldn t sleep,gabie na pero di gihapon siya maka tulog
napaluha siya sa pinapanood niyang malungkot na pelikula,he was moved to tears by the sad movie he was watching,nakahilak siya sa iyang gi tan aw na masulob on na palabas
nabanlian siya ng mainit na sabaw,he was wet with hot soup,gipulihan siya sa init nga sabaw
natalo ang manok niya,his chicken lost,nawala iyang manok
uuwi ka ba sa pasko,are you coming home for christmas,mopauli ka na ba alang sa pasko
malakas ang ulan,the rain is heavy,kusog ang ulan
parang naging bakla ka na,it s like you ve become gay,parang naging bakla ka na
hindi bakla ang lahat ng hindi mo naiintindihan,not everyone you don t understand is gay,ang tanan nga dili nimo masabut dili bayot
kailangan mo ng mas malaking bokabularyo,you need a bigger vocabulary,kailangan mo ng mas malaking bokabularyo
naging takot sila sa budismo,they became afraid of buddhism,nahadlok sila sa budismo
di pa nila masyadong naiintindihan ang budismo,they do not understand buddhism very well,wala pa nila masabut sa hingpit ang budismo
kumain si marivic ng kotonkendi,marivic ate cotton candy,ni kaon ug kotonkendi si marivic
kumain si stella ng ubeng polboron,stella ate a polboron banana,ni kaon ug ube nga polboron si stella
kumain si gordon ng turrones de casoy sa siyudad,gordon ate turrones de casoy in the city,ni kaon ug turrones de casoy si gordon sa siyudad
kumain si chuck ng buko popsikel,chuck ate a knuckle popsicle,ni kaon ug buko popsikel si chuck
kumain si chuck ng ice buko,chuck ate an ice knuckle,ni kaon ug ice buko si chuck
kumain si chuck ng ays buko,chuck ate ice cream,ni kaon ug ays buko si chuck
kumain si leia ng santol,leia ate a santol,ni kaon ug santol si leia
kumain si amy ng pritong bangus,amy ate fried bangus,ni kaon ug pritong bangus si amy
kumain si ng makopa,ate makopa,ni kaon ug makopa si
gumawa ng kalihim si benny,benny made a secretary,ni buhat ug kalihim si benny
gumawa ng pan de ube si benny,benny made pan de ube,nag buhat ug pan de ube si benny
kung baga imbes na tagalog ay nag ingles na ang mga lumad hindi na sila pilipino,if the natives speak english instead of tagalog they are no longer filipinos,kung baga imbes na tagalog usa na ka ingles ang mga lumad hindi na sila pilipino
kung nagtatagalog ang mga kapampangan magaling at pilipinong wika pa rin ang salita imbes na isang talagang dayuhan,if the kapampangans speak tagalog the word is still a good and filipino language instead of something really foreign,kung nagtagalog ang mga kapampangan hawd ug pilipinong lingwahe gihapon ang pulong imbes na usa gyud nga adlaw
ang sabi ko sa mga lumad ang tagalog ay pilipino pa at ang ingles ay dayuhan na,i said to the natives tagalog is still filipino and english is foreign,ang giingon ko sa mga lumad ang tagalog ay pilipino pa ug ang ingles ay dayuhan na
malalaki ang kanilang mga titi,their penises are big,dagko ang ilang mga oten
anong talagang ibig sabihin mo ng talagang hudyo ka,what do you really mean by you re really jewish,unsa gyud ang hinungdan sa imong talagang hudyo ka
isip ko y ang mga taong parating takot ay inutil,i think people who are always afraid are useless,huna huna ko ang mga tawo nga pirting hadlok kay mga inutil
kumain ng pitsi pitsi si fiona,fiona took a bite,ni kaon ug pitsi pitsi si fiona
kare kare ang kinain ni emilio,emilio ate kare kare,kare kare ang gikaon ni emilio
buko pay ang gusto ni nonong,nonong wants knuckles,buko pay ang ganahan ni nonong
buko pie ang gusto ni nonong,nonong likes knuckle pie,ganahan si nonong ug buko pie
kamusta na si dina,how is dina,kamusta na si dina
kumusta na si dina,how is dina,kamusta na si dina
kumain ng espasol si kyle,kyle ate a snack,ni kaon ug espasol si kyle
huwag mong ihugis ang buhay mo sa paghihintay ng malaking gera,don t shape your life around waiting for a big war,ayaw ilabay imohang kinabuhi mo sa paghulat sa daghang gera
gumagawa ng nilupak si oscar,oscar is making pottery,ni himo ug nilupak si oscar
kumakain si benny ng halo halo,benny eats mixed food,naga kaon si benny ug halo halo
mahal ko ang astronomiya,i love astronomy,gihigugma ko ang astronimiya
natutong maigi ang mga pari ng maya tungkol sa astronimya,the maya priests learned a great deal about astronomy,natutong maigi ang mga pari nga maya bahin sa astronimya
eksperto siya sa astronomiya,he is an expert in astronomy,eksperto siya sa astronomiya
agham ng sansinukob ang astronomiya,astronomy is the science of the universe,agham ng sansinukob ang astronomiya
agham ng mga bagay ng langit ang astronomiya,astronomy is the science of celestial objects,agham nga mga butang sa langit ang astronomiya
parang interesado siya sa astronomiya,he seems to be interested in astronomy,murag interesado siya sa astronomiya
ang mga nadiskubre ni galileo ay iniba ang mukha ng astronomiyang magpakailanman,galileo s discoveries changed the face of astronomy forever,ang mga nadiskubre ni galileo kay gi usab ang nawong sa astronomiyang hangtod sa hangtod
binubulay na pundador ng modernong astronomiya si nicolaus copernicus,nicolaus copernicus is considered the founder of modern astronomy,binubulay na pundador sa ulahi nga astronomiya si nicolaus copernicus
nag aral ng matematika at astronomiya sa unibersidad ng krakow si copernicus,copernicus studied mathematics and astronomy at the university of krakow,nag tuon nga matematika ug astronomiya sa unibersidad ng krakow si copernicus
parehong kasabay na pinakaantigo at pinakamodernong agham ang astronomiya,astronomy is both the oldest and the most modern science,parehong kasabay na pinakaantigo ug labing kadaghan agham ang astronomiya
naging interesado si nicolaus copernicus sa astronomiya nang estudyante siya sa unibersidad sa italya,nicolaus copernicus became interested in astronomy when he was a university student in italy,nahimong interesado si nicolaus copernicus sa astronomiya nga nang estudyante siya sa unibersidad sa italya
parang heograpiya ang astronomiya,astronomy is like geography,mura ug heograpiya ang astronomiya
dapat parte iyon ng basikong edukasyon nang katulad ng akin,that should be part of basic education like mine,dapat parte kanang basikong edukasyon nga adunay katulad nako
gusto niya ang siyensiyang piksiyon,he likes science fiction,ganahan siya sa siyensiyang piksyon
mahal niya ang siyensiyang piksiyon,he loves science fiction,gihigugma niya ang siyensiyang piksyon
mas gusto ko ang siyensiyang piksiyon,i prefer science fiction,mas ganahan ko sa siyensiyang piksyon
panatiko siya ng siyensiyang piksiyon,he is a science fiction fanatic,panatiko siya nga siyensiyang piksyon
dilaw ang saging,bananas are yellow,dilaw ang saging
masarap ang saging,bananas are delicious,lami ang saging
nagustuhan ni ang saging,liked the banana,naganahan si sa saging
mahal ko ang saging,i love bananas,gihigugma ko ang saging
may saging kami,we have bananas,naa mi y saging
may saging tayo,we have bananas,aduna tay saging
hinog na ba ang saging na ito,is this banana ripe,hinog ba ni nga saging
namulok na itong saging,this banana has sprouted,namulak na kini nga saging
sino ang umutot,who farted,kinsa nag ni utot
matamis ang saging,bananas are sweet,tam is ang saging
saging lamang ang kinain ko,i only ate bananas,saging ra akong gi kaon
meron bang saging,is there a banana,naa ba y saging
mayroon bang saging,are there bananas,aduna bay saging
saging ako,i m a banana,saging ko
gusto ko ang pritong saging,i like fried bananas,ganahan ko ug pritong saging
gusto ng langaw ang saging,flies like bananas,ganahan ang langaw sa saging
magtalop nang dalawa sa mga saging,peel two of the bananas,magtalop nang duha sa mga saging
di pa hinog ang mga saging na ito,these bananas are not yet ripe,di pa hinog ang mga saging na kini
hindi siya pumayag,he did not agree,wala siya ni sugot
dumating ako kagabi,i arrived last night,ni abot ko gabie
ayokong malaman kung ano ang pangalan niya,i don t want to know what his name is,di ko gusto makahibaw ug unsa iyang ngalan
huwag mong kalimutan kung sino ka,don t forget who you are,ayaw kalimti ug kinsa ka
ako ay nakatira sa malayong nayon,i live in a remote village,nakapuyo ko sa layo nga baryo
nakapunta ka na ba sa amin,have you been to us,naka adto na ba ka sa amoa
kay bango ng dumaang dalaga,because of the scent of the passing girl,ka humo sa ni agi nga dalaga
kay layo ng narating namin,how far we have come,kalayo sa among naabtan
sundan mo ang taong iyon,follow that person,sundi ng nga tawo
tagtuyot na naman tigang ang lupa tuyo ang bukirin,it s drought again the land is dry the fields are dry,tagtuyot napud tigang ang lupa tuyo ang bukirin
sumilong ka muna,take shelter first,palandong usa
inabot ako ng malakas na ulan kahapon,heavy rain hit me yesterday,naabtan kog kusog nga uwan gahapon
busog na busog ako,i am very full,busog kaayo ko
sandali lang kami,we re just a moment,kadali rami
umiinom ka ng tsa,you drink tea,inom ug tsaa
uminom ka ng tsa,you drink tea,inom ug tsaa
uminom ka,you drink,inom
anong inumin,what drink,unsay imnon
umiinom ng kape ako,i drink coffee,ga inom ug kape nako
uminom tayo,let s drink,inom ta
umiinom ng alak si,drinks alcohol,ga inom ug alak si
inumin ang katas na ito,drink this juice,inuma ang duga ani
inumin ang gatas mo,drink your milk,inuma ang imong gatas
uminom po ng tsa,drink some tea,inom ug tsaa
nainom ako ng gatas,i drank milk,naka inom ko ug gatas
nainom ang mga elepante ng tubig,the elephants drank the water,naka inom ko ug tubig sa elepante
nawala na ang makina ng oras,the time machine is gone,nawala na ang makina ng oras
nasaan na ang aking makina ng oras,where is my time machine,asa man ang akong time machine
kung may makina ng oras ka saan ka pupunta,if you had a time machine where would you go,kung adunay ka usa ka makina sa oras asa ka moadto
napakadilim ng gabi,the night was very dark,ngitngit kaayo sa gabii
nasaan ang tinapay,where s the bread,asa man ang tinapay
masakit ang ngipin ko,my tooth hurts,sakit akong ngipon
alam mo ba kung saan tayo pupunta,do you know where we are going,nahibal an ba nimo kung diin kami moadto
grabe ang sipon ko ngayon,i have a bad cold today,grabe ang akong sip on karon
nilagnat ako sa pagkabasa ko sa ulan,i got a fever after getting wet in the rain,gihilantan ko pagkahuman basa sa ulan
napanaginipan kita kagabi,i dreamed of you last night,nagdamgo ko nimo kagabii
hinabol ng pusa ang bubuwit,the cat chased the snake,gigukod sa iring ang ilaga
natalo ang inihalal kong kandidato para sa pangulo dahil dinaya nila ang resulta ng halalan,my elected candidate for president lost because they rigged the election results,ang akong napili nga kandidato pagka presidente napildi tungod kay gilimbungan nila ang sangputanan sa piliay
namili ng boto ang nagwaging gobernador,the winning governor cast his vote,ang nagdaog nga gobernador nagboto alang sa boto
nandaya ang kandidato upang manalo sa eleksiyon,the candidate cheated to win the election,naglimbong ang kandidato aron modaug sa piliay
binilisan niya ang paglalakad upang maabotan niya si gabriela,he sped up walking so he could reach gabriela,gipaspasan niya ang iyang lakaw aron maabot niya ang gabriela
malapit na naman ang botohan para sa mga susunod na mamumuno sa bayan,the polls for the next leaders of the town are coming soon,duol na ang pagboto alang sa sunod nga mga pinuno sa lungsod
hindi na ako maniniwala pa sa iba,i won t trust anyone else anymore,dili na ko motuo sa uban
umalis si kaninang alas kuwatro ng umaga,left this morning at four o clock,naghalin si alas kwatro sa aga
dalawang taon na ang nakaraan sapul nang iwanan niya ako,it s been two years since he left me,duha ka tuig na ang nakalabay sukad nga gibiyaan niya ako
nagbayad na ako sa iyo,i have paid you,gibayran na tika
ang pinakamahalagang organo ng sex ay ang utak,the most important sex organ is the brain,ang labing hinungdanon nga organo sa pakigsekso mao ang utok
masaya ako at nalaman kong nasa mabuti siyang kalagayan,i am happy and know that he is in good condition,malipayon ko ug nahibal an nako nga naa siya sa maayong porma
halika dito may ipapakita ako sa iyo,come here i have something to show you,dali ngari adunay ako ipakita kanimo
basa ang tuwalya,the towel is wet,basa ang tualya
kakaunti ang tao sa dalampasigan,there are few people on the beach,gamay ra ang mga tawo sa baybayon
hindi ako nagsisinungaling,i m not lying,dili ako namakak
tumapak ka sa timbangan,step on the scale,pagtunob ka sa timbangan
hindi dumating ang mga magulang mo di ba,your parents didn t come did they,wala moanhi ang imong ginikanan dili ba
kaarawan ko ngayon,today is my birthday,karon ang akong adlawng natawhan
labing walo ko na,i m eighteen,dise otso anyos ako
walang nakakaalam na kaarawan ko ngayon,nobody knows it s my birthday today,wala y nakahibalo sa akong adlaw ng natawhan karon
ikinararangal ko,i honor,gipasidunggan ako
nahihilo ako,i m dizzy,nalipong ko
nakapaa siyang naglakad,he walked on his feet,naglakaw siya nga nagtiniil
mabuti na ang aking pakiramdam,i feel good now,maayo ang akong pamati
nalulungkot ako,i m sad,naguol ko
para akong hihimatayin,i feel like i m going to faint,murag nakuyapan ko
umuwi ka na at magpalit ng damit,go home and change your clothes,pauli ug ilisan ang imong sinina
pakikuha mo nga ako ng kape,please get me a coffee,palihug hatagi ko ug kape
gusto mo ng kape,do you want coffee,gusto nimo kape
hindi niya napigilan ang maluha,he couldn t stop the tears,wala niya mapugngi ang luha
putangina nakalimutan ko ang password ko,putangina i forgot my password,putang ina nakalimot ko sa akong password
hinihingal siyang umakyat ng bundok,he was out of breath climbing the mountain,nahingangha siya sa iyang pagsaka sa bukid
malamang na galit sa akin ang aking kaibigan dahil hindi niya ako kinikibo,my friend must be mad at me because he doesn t move,tingali nasuko ang akong higala sa akon nga wala niya ako hilabti
magaling siyang magpasaring sa facebook,he is good at connecting to facebook,maayo siya sa pagsundog sa facebook
hindi ako nagdiriwang ng araw ng aking kapanganakan,i don t celebrate my birthday,wala ko gisaulog ang akong birthday
simulan na natin,let s get started,magsugod na ta
magrelaks tayo,let s relax,relaks ta
mag isa akong kumain,i ate alone,nag inusara akong nagkaon
nagpatiwakal siya sa edad na tatlumpo,he committed suicide at the age of thirty,naghikog siya sa edad nga traynta
nahihiya siyang magpasuso sa publiko,she is ashamed to breastfeed in public,naulaw siya magpasuso sa publiko
kinakailangan kong pasusuhin ang aking sanggol,i have to breastfeed my baby,kinahanglan nako magpasuso sa akong bata
kagigising ko,i just woke up,nakamata ko
umaga na pala,it s morning,buntag na
gabi na,it s night,gabie na
hapon na,it s afternoon,hapon na
lumulubog na ang araw sa kanluran,the sun is setting in the west,ang adlaw mosalop sa kasadpan
nawala ko ang relong bigay ng tatay ko,i lost the watch my father gave me,nawad an ako sa relo nga gihatag sa akong amahan
siyam ang buhay ng pusa,a cat has nine lives,ang iring adunay siyam ka kinabuhi
bakit mo ginawa ito sa akin,why did you do this to me,ngano nga nabuhat mo kini kanako
sa palagay mo babalikan kaya nila ako,do you think they will come back to me,sa imong hunahuna mobalik ba sila kanako
naiintindihan talaga ako ng aking matalik na kaibigan,my best friend really understands me,nasabtan gyud ko sa akong suod nga higala
sumisipol siya habang naglalakad,he whistled as he walked,nagsirit siya samtang naglakaw
nanganak siya ng kambal,she gave birth to twins,nanganak siya og kaluha
iisa ang bayag ni,s voice is the same,ang testicle ni usa ra
nahihirapan nang tumigas ang titi ni,s cock was getting hard,ang oten ni migahi nga gahi
nahihirapan nang tigasan si,was struggling hard,naglisud si ma utgan
hindi nasarapan si nang una silang magtalik ni,did not enjoy it when she and first had sex,wala ganahi si kaniadtong una silang nag kayat ni
hindi dinugo si sa una nilang pagtatalik ni,did not bleed when she and first had sex,wala nagdugo si sa una nila nga pakigsekso kay
masarap ang kantot,the fuck is good,lami ang kayat
limampu t dalawang bahagdan ng mga babaing briton ang mas gusto ang tsokolate kaysa kantot,fifty two percent of british women prefer chocolate to dick,singkwentay dos porsyento sa mga kababayen an sa britanya ang gusto sa tsokolate kaysa sa pag kayat
duwag si takot siya sa sarili niyang anino,is a coward he is afraid of his own shadow,si talawan nahadlok siya sa kaugalingon niyang anino
bumalik ka dito duwag,get back here coward,balik dinhi talawan
sinabi ko kay na isa siyang duwag,i told he was a coward,gisultihan ko siya usa ka talawan
ginawa mong isang hangal ang iyong sarili,you made a fool of yourself,gibuhat nimo ang buang sa imong kaugalingon
may anghit si,has a mustache,nakapanghupaw si
masakit pero kailangang limutin na natin ang lahat,it hurts but we have to forget everything,sakit man pero kinahanglan nakong kalimtan ang tanan
malapit na niyang matapos ang binabasa niyang makapal na aklat,he was about to finish the thick book he was reading,hapit na niya matapos ang baga nga libro nga iyang gibasa
tumigil muna siyang mag aral sa kolehiyo dahil wala na siyang gagastusin,he stopped going to college because he had nothing to spend,niundang siya sa pag adto sa kolehiyo una tungod kay wala siya gasto
isang linggo nang hindi pinapalitan ni ang kaniyang salawal,hasn t changed his underwear for a week,usa ka semana nga wala gibag o ni ang iyang mga brief
kinalong niya ang kaniyang anak saka niya isinayawsayaw upang tumigil ang pag iyak nito,he hugged his son then danced to make him stop crying,gigakus niya ang iyang anak ug unya misayaw aron dili na siya makahilak
ihinehele niya ang maliit niyang anak upang makaturog ito,he was rocking his little son so he could sleep,giguyod niya sa pagkatulog ang iyang gamay nga anak nga lalaki
kaunti na lang matatapos na,just a little while it will be over,gamay ra mahuman na
malapit nang mapuno,almost full,moabot na dayon
marami ang naani naming palay,we harvested a lot of rice,nag ani kami daghang bugas
matamis ang nilagang bagong pitas na mais,the stewed freshly picked corn is sweet,tam is ang bag o nga gi laga nga bag ong ani nga mais
bakit napakapayat mo na,why are you so thin,nganung niwang ka
tumaba ka naman,you gained weight,ni tambok ka
kay sarap ng hilik ng natutulog na pusa,how delicious a sleeping cat snores,kung unsa ka lami ang paghagok sa natulog nga iring
kailan ka maliligo,when do you take a bath,kanus a ka maligo
kailangang aminin mo muna ang kasalanan mo bago kita patatawarin,you must first confess your sin before i will forgive you,kinahanglan mo una nga ikumpisal ang imong sala sa dili pa nako mapasaylo
wala akong dapat na ihingi ng kapatawaran,i have nothing to apologize for,wala akong dapat na ihingi ng kapatawaran
wala akong anumang nalalaman sa pinaggagawa ng tatay ko,i don t know anything about what my father does,wala akong anumang nalalaman sa pinaggagawa ng tatay ko
bata pa ako nang mangyari ang batas militar sa bansa,i was still young when martial law happened in the country,bata pa ako kaniadtong nahitabo ang martial law sa nasud
upang umunlad ang bayan disiplina ang kailangan,in order for the people to develop discipline is needed,upang umunlad ang bayan disiplina ang kailangan
pinahirapan muna nila ang bihag bago nila ito pinatay,they tortured the captive before they killed him,gipasakitan nila ang bihag sa wala pa nila siya gipatay
bawal ang pumuna,it is forbidden to criticize,dili gitugotan ang pagsaway
maganda ang buhay noong panahon ng batas militar sa bansa,life was good during the martial law era in the country,maayo ang kinabuhi sa panahon sa martial law sa nasud
ilan nang pangulo ng pilipinas ang nanungkulan bago si benigno simeon aquino iii,how many presidents of the philippines were in office before benigno simeon aquino iii,pila na ang mga pangulo sa pilipinas nga nagserbisyo sa wala pa si benigno simeon aquino iii
ang pangunahing layunin niya sa buhay ay ang maging mayaman,his main goal in life is to become rich,ang iyang panguna nga katuyoan sa kinabuhi mao ang mahimong adunahan
nasaan ang iyong sandata,where is your weapon,asa imong armas
nasaan ang iyong kabiyak,where is your spouse,asa ang imong kapikas
huwag mong paglaruan iyang susi,don t play with that key,ayaw pagdula sa kana nga yawi
umiinom ng tubig ang mga elepante,elephants drink water,ang mga elepante nag inom ug tubig
umiinom ako ng gatas,i drink milk,miinom ko og gatas
nagkakape ako,i m having coffee,naa koy kape
inihahabla sa pandarambong ang mga presidente ng pilipinas kapag natapos na nila ang kanilang panunungkulan,philippine presidents are prosecuted for plunder when they finish their term of office,ang mga presidente sa pilipinas gikiha alang sa piracy sa higayon nga mahuman nila ang ilang termino
tuwing halalan walang natatalong kandidato sa pilipinas nadadaya lamang,every election no candidate loses in the philippines only cheated,sa matag piliay wala y pilde nga kandidato sa pilipinas ang pagpanikas ra
wala akong ganoon kadaming pera na kagaya ng iniisip mo,i don t have as much money as you think,wala koy daghang salapi sa imong gihunahuna
kailangan ko nang matulog,i need to sleep,kinahanglan kong matulog
matutulog na ako,i m going to sleep,matulog na ko
nabigla si nang malaman niyang nakipagkantutan si sa pinsan nito,was shocked when she found out that had sex with her cousin,nakurat si pagkahibalo nga nakigsekso si sa iyang ig agaw
kapag nakipagkantutan ang isang babae sa unang pagkakataon napupunit ang kaniyang hymen at siya ay dinudugo,when a woman has sex for the first time her hymen tears and she bleeds,kapag nakipagkantutan ang isang babae sa unang pagkakataon napupunit ang kaniyang hymen at siya ay dinudugo
ang isang posibleng hindi magandang epekto ng pildoras na pangkontraseptibo ay ang pagkawala ng libog,a possible side effect of the birth control pill is loss of libido,ang usa ka posible nga epekto sa contraceptive pill mao ang pagkawala sa libido
pagkatapos naming magkantutan sa puwit ng aking nobya karaniwang kailangan naming maghugas na mabuti,after we fuck my girlfriend s ass we usually have to do a good wash,pagkahuman nga gihugpaan namon ang asno sa akong hinigugma kasagaran kinahanglan nga maghugas kami nga maayo
ang akala ko ay minamahal niya ako ngunit ang totoo y ibig lamang niyang makipagkantutan sa akin,i thought he loved me but the truth is he just wanted to fuck me,gihunahuna ko nga gihigugma niya ako apan gusto lang gyud niya nga mangulitawo ako
sa aking daan pauwi nakasalubong ako ng magandang dalaga,on my way home i met a beautiful young woman,sa akong pagpauli nahimamat nako ang usa ka maanyag nga babaye
dumadaloy sa aking mga ugat ang dugo ng mga bayani,the blood of heroes flows through my veins,ang dugo sa mga bayani nag agay sa akong mga ugat
maraming panauhin ang pumunta sa kasal ni,many guests came to s wedding,daghang mga bisita ang nangadto sa kasal ni
dumating siyang may bitbit ng pinamalengkehan niyang biyas ng baka,he came carrying the beef he had marketed,mianhi siya dala ang gibaligya nga paa sa baka
tayong dalawa ang pupunta,the two of us will go,mangadto ming duha
pareho tayo ng kapalaran,we have the same fate,pareho kami g kapalaran
baunin natin iyang inihaw na hito,let s eat that grilled catfish,baunon nato ang sinugba nga hito
sumama akong manligaw,i came to flirt,niadto ko sa ga panguyab sa akoa
sila ang mga taong dinidiyos,they are the deified people,sila ang mga tawo nga gipakadiyos
lupa namin ang kinatayuan ng bahay ni,s house is our land,yuta namo ang gi tukuran ug balay ni
magaling mag araro si,is a good plowman,maayo si sa pagdaro
nag ulam kami ng binulanlang na gabi,we had a blessed night,nag alagad kami sa usa ka malimbongong gabii
isinilang ako sa buwan ng oktobre,i was born in the month of october,natawo ko kaniadtong buwan sa oktubre
magaganda ang mga kadalagahan nila sa nayon na iyon,their maidens were beautiful in that village,adunay sila mga gwapa nga babaye sa kana nga baryo
mangga namin ang mga nasa gilid ng kalsada,we love the ones on the side of the road,mangga namon ang mga sa daplin sa dalan
ngayon ka lang ba uminom ng alak,did you just drink alcohol today,nag inom ka ra ba og alkohol karon
ikaw ang nahirang na mamumuno,you are the chosen leader,ikaw ang gitudlo nga lider
takot ako sa gagamba,i m afraid of spiders,nahadlok ako sa mga lawalawa
ikaw ang napiling magtatalumpati,you are the chosen speaker,ikaw ang gipili nga mamumulong
nasa bahay ako,i m at home,naa ko sa balay
kahapon lang siya pumunta dito,he came here just yesterday,kagahapon lang siya ning anhi
daytoy ti kapintasan a kamera iti pagtagilakuan,that s the flaw in the camera s handling,daytoy ti kapintasan a kamera iti pagtagilakuan
kuwento lamang noong unang panahon ang narinig mong iyan,you only heard that story in the old days,nabati na nimo kana nga istorya sa karaan nga mga adlaw
naligo na ako nang tatlong beses pero naiinitan pa rin ako,i ve showered three times but i m still hot,tulo ka beses ako naligo apan igangan gihapon ako
pumunta ako sa bayan upang maghulog ng liham,i went to town to drop off a letter,miadto ako sa lungsod aron ihulog ang usa ka sulat
gutom ako kaya kinain ko ang natirang ulam,i was hungry so i ate the leftover dish,gigutom ako busa gikaon ko ang nahabilin nga pinggan
gutom na gutom ako kaya inubos ko ang isang kalderong kanin,i was so hungry that i finished a pot of rice,gigutom ako kaayo nga nakahurot ako usa ka kolon nga bugas
napakasarap ng tulog ko kaya hindi ko namalayang naihi ako sa aking higaan,i slept so well that i didn t realize i peed on my bed,nakatulog ako nga maayo nga wala ko nahibal an nga nanahi ako sa akong higdaan
inaantok ako kapag ganyang alas dos hanggang alas tres ng hapon,i m sleepy like that from two to three in the afternoon,nahinanok ako sa alas dos hangtod tres sa hapon
nauubos ang pera ko kabibili ng libro,i run out of money to buy books,nahutdan ako salapi aron makapalit usa ka libro
ipinagyayabang ni ang malaki daw niyang titi,brags about his big cock,gipanghambog ni ang bahin sa iyang dakong oten
maraming naikukuwento si kung ang usapan ay tungkol sa kantutan,has a lot to say when it comes to sex,daghan ang gisulti ni bahin sa kayatan
kakaunti ang bilang ng tamod ni kaya nahihirapan siyang makabuntis,s sperm count is low so he has trouble getting pregnant,gamay ra ang tulos na mugawas kay maong dili niya mabuntis si
hubo t hubad si kung matulog,is naked when he sleeps,wala y sulob na sanina si kung matulog
hindi nasiyahan si kahit buong gabi silang nagkantutan ni,was not satisfied even though she and had sex all night,wala nalipay si bisan tibuok gabii siya nakighilawas kay
nahuli ng pulis sina at na nagkakantutan sa kotse,the police caught and having sex in the car,nadakpan sa mga pulis si ug nga nakighilawas sa usa g usa sulod sa sakyanan
sinulat ni ang kantang iyan tatlong taon na ang nakalipas,wrote that song three years ago,gisulat na ni nga kanta tulo na katuig ang nilabay
pinagupitan ko na ang aking mahabang buhok,i cut my long hair,gipagupitan na nako akong taas na buhok
binunot ko lahat ang buhok sa aking kilikili,i pulled out all the hair in my armpits,gibunlot na nako tanan buhok sa akong ilok
ginupit ko ang makapal na bulbol ko,i cut my thick hair,gigupit na nako akong baga na bulbol
palihim na tinamnan ng mga guwardiya sa paliparan ng isang bala ng ang bag ni,airport guards secretly planted a bullet in s bag,pasikreto nga gitanoman sa mga gwardiya ug kalibre bayntes dos nga bala sa balay tugpahanan ang bag ni
paulit ulit nilang sinasabing matuwid daw ang daan ngunit liko liko naman ito,they keep saying that the road is straight but it is winding,kapila nila gibalik ug sulti na maayo ang dalan pero paliko liko diay
may mga puno ng kamatsili sa tabi ng kastilyo,there are tamarisk trees next to the castle,adunay mga punoan sa sampalok tapad sa kastilyo
may mga puno ng kamatsili sa likod ng kastilyo,there are tamarisk trees behind the castle,adunay mga punoan sa sampalok likod sa kastilyo
may mga puno ng kamatsili sa tabi ng mga bintana ng kastilyo,there are tamarisk trees by the windows of the castle,adunay mga punoan sa sampalok tapad sa mga bintana sa kastilyo
may mga puno ng kamatsili sa pagitan ng mga estatwa ng kastilyo,there are tamarisk trees between the castle statues,adunay mga punoan sa sampalok nga napatungaan sa mga estatwa sa kastilyo
may mga puno ng kamatsili sa burol ng kastilyo,there are tamarisk trees on the castle hill,adunay mga punoan sa sampalok sa bungtod sa kastilyo
may mga puno ng kamatsili sa tapat ng bakuran ng kastilyo,there are tamarisk trees opposite the castle grounds,adunay mga puno sa sampalok atbang sa nataran sa kastilyo
may mga puno ng kamatsili sa tabi ng bukal ng kastilyo,there are tamarisk trees by the castle fountain,adunay mga puno sa sampalok tapad sa sapa sa kastilyo
may mga puno ng sinigwelas sa tabi ng kastilyo,there are sinigwelas trees next to the castle,adunay mga punoan sa sinegwelas tapad sa kastilyo
may mga puno ng sinigwelas sa tabi ng burol ng kastilyo,there are sinigwelas trees by the castle hill,adunay mga punoan sa sinegwelas tapad sa bungtod sa kastilyo
may mga puno ng sinigwelas sa tabi ng bukal ng kastilyo,there are sinigwelas trees by the castle fountain,adunay mga punoan sa sinegwelas tapad sa sapa sa kastilyo
may mga puno ng sinigwelas sa tabi ng bakuran ng kastilyo,there are sinigwelas trees next to the castle grounds,adunay mga punoan sa sinegwelas tapad sa nataran sa kastilyo
may mga puno ng sinigwelas sa tabi ng estatwa ng kastilyo,there are sinigwelas trees next to the castle statue,adunay mga punoan sa sinegwealas tapad sa estatwa sa kastilyo
may mga puno ng sinigwelas sa likod ng kastilyo,there are sinigwelas trees behind the castle,adunay mga punoan sa sinegwelas likod sa kastilyo
may mga puno ng sinigwelas sa tabi ng mga bintana ng kastilyo,there are sinigwelas trees by the windows of the castle,adunay mga punoan sa sinegwelas tapad sa bintana sa kastilyo
may mga puno ng sinigwelas sa tabi ng batis ng kastilyo,there are sinigwelas trees by the stream of the castle,adunay mga punoan sa sinegwelas tapad sa sapa sa kastilyo
may mga puno ng sinigwelas sa burol ng kastilyo,there are sinigwelas trees on the castle hill,adunay mga punoan sa sinegwealas sa bungtod sa kastilyo
may mga puno ng sinigwelas sa pagitan ng mga estatwa ng kastilyo,there are sinigwelas trees between the castle statues,adunay mga punoan sa sinegwelas nga natungaan sa estatwa sa kastilyo
kumain ako nang marami bago ako naglakbay,i ate a lot before i traveled,nikaon usa kog daghan bago ko mibiyahe
hindi ako napilit ni na lumagda sa kasulatan,did not force me to sign the deed,wala ko napugos ni nga mupirma sa kasabutan
hindi ako pumunta sa pagpupulong na ipinatawag ni,i didn t go to the meeting called by,wala ko niadto sa gipatawag ni na panagipon
nagpunta akong mag aral sa bayan ng pinili,i went to study in the town of pinili,niadto kos lungsod sa pinili aron mag eskwela
kahit sampung libong pangungusap lamang ang maidagdag ko bago magtapos ang taon,even if i can only add ten thousand sentences before the end of the year,bahalag napulo ka libo
may lumagot sa tali,someone broke the rope,naa y nibali sa pisi
binalak ni ang magpatiwakal nang malaman niyang nakikipagkantutan si sa dati nitong kasintahan,planned to commit suicide when he found out that was having sex with her ex girlfriend,nagbalak si nga maghikog sukad nahibalan niya nga nakighilawas si sa iyang dating nobyo
nabaliw si dahil binigo ni ang kaniyang pag ibig,went crazy because failed his love,nabuang si kay nasayaop ni iyang pag higugma kaniya
hiniwalayan ni si nang malaman niyang baog ito,divorced when she found out he was barren,gibulagan ni si pagkahibalo nga baog diay siya
maliban kay na nobya niya may iba pang kasintahan si si na kapareho niyang lalaki,besides his bride has another lover who is the same boy as him,gawas kay nga iyahang nobya naa pa dunay lahi na uyab si si na parehas niya lalaki
nakipaghiwalay si kay nang mapatunayan niyang isa itong biseksual,broke up with when she found out he was bisexual,nakigbulag si kay apan napamatud an niini nga isa siya ka biseksual
hindi na kahihiyan ngayon ang pagiging isang bakla,being gay is no longer a shame,dili na ikaulaw karon na panahon ang pagka bayot
kalimitang ang isang lalaking galit sa bakla ay isa rin lamang nagtatagong bakla,usually a man who hates gays is also just a closeted gay,kasagaran sa mga lalaki nga adunay dako nga kasuko sa mga bayot kay mao say bayot nga gatago lang
masaya sina at bilang mag asawa sa kabila ng katotohanang bakla at tomboy sila,and are happy as a couple despite the fact that they are gay and lesbian,malipayon si ug ingon usa ka magtiayon sa pikas na kamatuoran nga sila kay bayot ug tomboy
magaling si na magsupsop ng titi,is good at sucking cock,hawod muchupa ug oten si
mas gusto ni na kasintahan ang isang bakla,prefers a gay boyfriend,mas gusto ni na bayot iyang nobyo
mas gusto ni na kasintahan ang isang tomboy,prefers a gay boyfriend,mas gusto ni ug uyabna tomboy
nagkabulutong ako noong bata ako,i had chicken pox when i was a child,nagka samad sama ko atung bata pako
kaya patpatin si ay dahil marami siyang bulate sa tiyan,so pat because he has a lot of worms in his stomach,maong payat si kay daghan siyag bitok sa tiyan
kung may makita ngayong isang magandang babae hindi mo na mawari kung babai ba talaga ito o isang lalaki,if you see a beautiful woman today you won t be able to tell if it s really a woman or a man,kung naa moy makita nga gwapang babaye karun na panahon di na nimo mahibalan kung babaye ba o lalake
iginagalang ko ang karapatan nila bilang tao ang mga bakla tomboy at nagpalit ng kasarian,i respect the rights of gays lesbians and transsexuals as human beings,gina respeto nako ang mga karapatan sa mga bayot tomboy ug mga nagkambyo ug pagkatao
hindi pa inililibing ang bangkay niya kahit ilang dekada nang nakaburol ito,his body has not been buried even though it has been buried for decades,wala pa gilubong ang iyang patay na lawas miskag pila na ka dekada ang nilabay
hindi naagnas ang bangkay niya kahit ilang dekada na itong nakalibing,his body did not decompose even though it had been buried for decades,wala na agnas ang iyang patay na lawas miskag pila na ka dekada ni naka lubong
marasap ang litsong baboy ngunit masyado itong mamanteka at punong puno ng kolesterol,the fried pork is delicious but it is too greasy and full of cholesterol,lami ang litsong baboy pero daghan lang ni ug mantika ug puno sab ug kolesterol
gustong gusto nilang ihanda ang litsong baboy sa mga piging lalo na sa pista,they love to prepare fried pork at feasts especially during festivals,gusto kaayo nila ihanda ang litsong baboy sa mga handaan labon nag piesta
pinakamasarap gawing pinapaitan ang kambing,it is best to make the goat bitter,lami kaayo himuong pinapaitan ang kambing
ang tunay na pinapaitan ay mapait sa halip na maasim,what is truly bitter is bitter rather than sour,ang tinuod na papaitan kay pait kaysa aslom
ang pait na ginagamit bilang sangkap sa tunay na pinapaitan ay hindi lamang ang apdo kundi ang pinigang nilalaman ng isaw ng hayup,the bitter that is used as an ingredient in the true bittering is not only the bile but the squeezed contents of the animal s udder,ang pait na gigamot pang sagol sa tinuod na papaitan kay dili lang apdo kundili gipuga sad na laman sa hayop
ang tunay na pinakbet at walang kasamang bunga ng kalabasa,the real pinakbet and without pumpkin fruit,ang tinuod na pinakbet kay wala y sagol na bunga sa kalabasa
ang kaibhan ng dinengdeng sa inabraw ay malimit na karamiha y mga dahon ng gulay ang nilulutong inabraw,the difference between dinengdeng and inabraw is that mostly vegetable leaves are cooked inabraw,ang kalahian sa dinengdeng ug sa inabraw kay gamay ra ang sagol na dahon sa gulay sa inabraw
ang tunay na pinakbet ay bagoong na isda ang inilalagay hindi ang bagoong na alamang,the real pinakbet is an anchovy fish that is placed not the anchovy that is known,ang tinuod na pinakbet kay bagoong sa isda ang sagol ug dii bagoong sa alamang
nakalalaki ng tiyan ang maraming kinakaing kanin,people who eat a lot of rice get a big stomach,makadako ug tiyan ang pagkaon ug daghan
ang tunay na lalaki ay magaling kumain ng kanin wala siyang pakialam kung lumaki man ang tiyan niya,a real man is good at eating rice he doesn t care if his belly gets bigger,ang tinuod na lalaking kay maayo mukaon ug kanon wala siyay palabot kung mudako man ang iyahang tiyan
hindi kapanipaniwala ang mga napapanood sa pelikula at tv,the movies and tv shows are incredible,dili dali katuohan ang mga makita nato sa mga salida ug tv
nangangarap sila na kapag presidente na ang kanilang kandidato mariwasa na ang buhay dahil magmumudmod daw ng ginto ang presidente,they dream that when their candidate becomes president life will be free because the president will gather gold,nagapangandoy sila na kung mahimo nag presidente ilang kandidato muanyag na ag ilang kina buhi kay naga wadwad ug bulawan ilang presidente
hanggang pangako lamang ang isang kandidatong nanghihingi ng boto,a candidate asking for votes is only a promise,hangtud saad lang ang mga kandidato nga gapangayo ug boto
anong oras ang byahe mo mamayang gabi,what time is your flight tonight,unsay oras imong biyahe unyang gabii
anong bus ang sasakyan mong magbibyahe,what bus will you travel on,unsa nga bus imong sakyan pagbiyahe
tumaas na ang pamasahe sa bus na papunta sa amin,the fare on the bus going to us has increased,nitaas na ang pamasahe krn padulong sa amoa
naghubad si sa harapan ni,undressed in front of,naghukas si sa atubangan ni
nakatulogan ni ang pinapanood niyang pelikula,fell asleep watching the movie,nakatulog na si sa iyang gitanaw na salida
tirhan mo ako,live with me,bilini ko
tumataba si,is gaining weight,nitaba si
pumapayat si,is losing weight,namayat si
malala ang karamdaman ni,is seriously ill,lala na ang sakit ni
hindi na magagamot ang sakit ni,s illness is incurable,di na matambalan ang sakit ni
halos isang taon nang nakaratay si,had been bedridden for almost a year,hapit isa na ka tuig naghigda si
tatawagan kita sa telepono kapag nakarating na ako sa aking patutunguhan,i will call you on the phone when i reach my destination,tawagan ra tika sa telepeno pag naka abot nako sa akong adtuan
hindi na makayanang iligtas ng mga doktor sa ospital si kaya iniuwi na ito,the doctors at the hospital could no longer save so he was taken home,di na matabang sa mga doktor sa balay tambalan si maong giuli nalang nila ni
kawawa ang mga inosenteng biktima ng mga teroristang nagbomba at namaril sa paris,woe to the innocent victims of the terrorists who bombed and shot in paris,luoy ang mga inosenteng biktima sa pagbomba ug pamaril sa mga terorista sa paris
masarap kung gayun ang luto niyang pinapaitan kasi kinatas na laman ng bituka ng kambing ang gamit niya,if that s the way he cooks it s delicious because he uses squeezed goat s intestines,lami kung ang iyang giluto na papaitan kung pinuga na laman sa kambing iyang gigamit
libo libo na ang namatay dahil sa terorismo,thousands have died because of terrorism,kapin libo na ang namatay tungod sa terorismo
galisin ang ulo ni nang siya ay bata pa,scratch s head when he was young,daghay katol katol ang ulo ni atung bata pa siya
malakas ang hilik ni pag tulog,snores loudly when he sleeps,kusog muhagok si pag matulog
nahuli na nila ang isa sa mga teroristang nagbomba sa paris,they have caught one of the terrorists who bombed paris,nadakpan na nila ang isa sa mga terosita nga nagbomba sa paris
inihaw na isda ang inulam namin kaninang tanghali,we had grilled fish this afternoon,giihaw na isda ang among giulam ganinang udto
hindi lamang sa paris may mga biktima ng terorismo marami pa sa lebanon kenya at iba pang lugar,not only in paris there are victims of terrorism there are many more in lebanon kenya and other places,dili lang sa paris ang naay mga biktima sa terorismo apan apil sad ang lebanon kenya ug uban pang mga lugar
malaki ang titi ni,has a big cock,dako ug bunal si
magaling na makata si,is a good poet,maayo nga magbabalak si
parang sa siling labuyo ang titi ni,s cock is like a snake,mura ra ug sili kadako ang bunal ni
kay laki ng titi ni,the size of s cock,kadako sa bunal ni
nakapaglathala na si ng aklat ng kaniyang mga tula,has published a book of his poems,nakabuhat na si ug libro para sa iyang mga tula
hindi ako nakakaunawa ng tagalog,i don t understand tagalog,dili ko makasabot ug tagalog
hindi ginalaw ni ang kaniyang pananghalian,didn t move his lunch,wala gitarog ni ang iyang paniudto
ayaw maligo ni kaya napakabaho at napakarusing na nito,doesn t want to take a bath so it s very smelly and intoxicating,dili gusto si maligo maong hugaw ug nanamaho na siya
maraming nobya si at ipinagyayabang niyang magaling siyang manligaw para lamang mapagtakpan niya ang tunay niyang katauhan bilang isang bisexual,has many girlfriends and brags about how good he is at courting just to hide his true identity as a bisexual,daghay nobya si ug ginapang hambog niyang anad siya manguyan aron lang tabunan iyang tinuod na pagkatao
mga gulay lang ang inuulam niya,he only serves vegetables,mga gulay ra iyang gina ulam
magaling mag ingles si kapag nalalasing,speaks english well when he is drunk,hawod muistorya ug inengles si kung hubog
mahapdi ang puki ni sa unang kantutan nila ni,s pussy was sore during her first sex with,nanghapdos ang bulak ni sa unang pakighilawas niya kay
habulin ng mga babae si,the girls chase after,hitsuraan si
oo naman,of course,oo uy
wala ka bang pakialam,don t you care,wala ba kay palabot
sulatan mo si,write to,suwati si
may mga tanim ng saging sa tabi ng kastilyo,there are banana plantations next to the castle,adunay mga tanom sa saging tapad sa kastilyo
may mga tanim ng saging sa tapat ng mga bintana ng kastilyo,there are banana plants opposite the windows of the castle,adunay mga tanom sa saging atbang sa bintana sa kastilyo
may mga tanim ng saging sa tabi ng batis ng kastilyo,there are banana plantations by the stream of the castle,adunay mga tanom sa saging kilid sa sapa sa kastilyo
may mga tanim ng saging sa burol ng kastilyo,there are banana plantations on the castle hill,adunay mga tanom sa saging sa bungtod sa kastilyo
may mga tanim ng saging sa paligid ng kastilyo,there are banana plantations around the castle,adunay mga tanom sa saging palibot sa kastilyo
may mga tanim ng saging sa tabi ng tarangkahan ng hardin ng kastilyo,there are banana plants next to the gate of the castle garden,adunay mga tanom sa saging naa tapad sa ganghaan sa tamnanan sa kastilyo
may mga tanim ng saging sa tarangkahan ng kastilyo,there are banana plants at the castle gate,adunay mga tanom sa saging sa ganghaan sa kastilyo
may mga tanim ng saging sa likod ng kastilyo,there are banana plantations behind the castle,adunay mga tanom sa saging likod sa kastilyo
may mga tanim ng saging sa tabi ng mga estatwa ng kastilyo,there are banana plantations next to the castle statues,adunay mga tanom sa saging tapad sa mga estatwa sa kastilyo
may mga tanim ng saging sa tabi ng ilog ng kastilyo,there are banana plantations next to the river of the castle,adunay mga tanom na saging tapad sa sapa sa kastilyo
may mga tanim ng saging sa harap ng kastilyo,there are banana plantations in front of the castle,adunay mga tanom na saging atbang sa kastilyo
may mga tanim ng gumamela sa tabi ng kastilyo,there are gumamela plants next to the castle,adunay mga tanom na gumamela tapad sa kastilyo
may mga tanim ng gumamela sa likod ng kastilyo,there are gumamela plants behind the castle,adunay mga tanom na gumamela likod sa kastilyo
may mga tanim ng gumamela sa burol ng kastilyo,there are gumamela plants on the castle hill,adunay mga tanom na gumamela sa bungtod sa kastilyo
may mga tanim ng gumamela sa tabi ng ilog ng kastilyo,there are gumamela plantations next to the river of the castle,adunay mga tanom na gumamela sa sapa sa kastilyo
may mga tanim ng gumamela sa tabi ng tarangkahan ng kastilyo,there are gumamela plants next to the castle gate,adunay mga tanom na gumamela tapad sa ganghaan sa kastilyo
may mga tanim ng gumamela sa hardin ng kastilyo,there are gumamela plants in the castle garden,adunay mga tanom na gumamela sa tamnanan sa kastilyo
may mga tanim ng gumamela sa tabi ng mga estatwa ng kastilyo,there are gumamela plants next to the castle statues,adunay mga tanom na gumamela tapad sa mga estatwa sa kastilyo
may mga tanim ng gumamela sa mga paligid ng kastilyo,there are gumamela plants around the castle,adunay mga tanom na gumamela nakapalibot sa kastilyo
may mga tanim ng gumamela sa tabi ng bakuran ng kastilyo,there are gumamela plants next to the castle grounds,adunat mga tanom na gumamela tapad sa likod balay sa kastilyo
may mga tanim ng gumamela sa tabi ng halamang bakod ng kastilyo,there are gumamela plants next to the castle hedge,adunay mga tanom na gumamela tapad sa mga tanom sa ganghaan
may mga tanim ng gumamela sa tabi ng batis ng kastilyo,there are gumamela plants next to the castle stream,adunay mga tanom na gumamela tapad sa sapa sa kastilyo
may mga tanim ng gumamela sa tabi ng bambang ng kastilyo,there are gumamela plants next to the castle ramparts,adunay mga tanom na gumamela tapad sa kanal sa kastilyo
may mga tanim ng gumamela sa tabi ng kanal ng kastilyo,there are gumamela plants by the castle moat,adunay mga tanom na gumamela tapad sa kanal sa kastilyo
may mga tanim ng gumamela sa likod ng bakuran ng kastilyo,there are gumamela plants in the back yard of the castle,adunay mga tanom na gumamela likod sa likod balay sa kastilyo
may mga tanim ng gumamela sa puwente ng tubig ng kastilyo,there are gumamela plants in the castle s water fountain,adunay mga tanom na gumamela sa tulay sa kastilyo
may mga tanim ng sa tabi ng puwente ng tubig ng kastilyo,there are trellis plants next to the castle s water fountain,adunay mga tanom sa aratiles tapad sa tulay sa kastilyo
may mga puno ng sa tabi ng bakuran ng kastilyo,there are trees next to the castle grounds,adunay mga punoan sa aratiles tapad sa liko balay sa kastilyo
may mga puno ng sa tabi ng tarangkahan ng kastilyo,there are trees by the castle gate,adunay mga punoan sa aratiles sa ganghaan sa kastilyo
may mga puno ng sa tabi ng mga bintana ng kastilyo,there are tree grates next to the windows of the castle,adunay mga punoan sa aratiles tapad sa bintana sa kastilyo
may mga puno ng sa tabi ng batis ng kastilyo,there are trees by the castle stream,adunay mga punoan sa aratiles tapad sa sapa sa kastilyo
may mga puno ng sa paligid ng puwente ng tubig ng kastilyo,there are trees around the castle s water fountain,adunay mga tanom sa aratiles nga nakapalibot sa tulay sa kastilyo
may mga puno ng sa tabi ng tulay ng kastilyo,there are trees of next to the bridge of the castle,adunay mga punoan sa aratiles tapad sa tulay
may mga puno ng sa hardin ng kastilyo,there are trees in the castle garden,adunay mga punoan sa aratiles sa tamnanan sa kastilyo
may mga puno ng sa korte ng kastilyo,there are trees of in the court of the castle,adunay mga punoan sa korte sa kastilyo
maraming paniki ang lumilipad sa tabi ng kastilyo,many bats fly by the castle,daghan mga paniki ang galupad tapad sa kastilyo
maraming paniki ang lumilipad sa gubat ng kastilyo,many bats fly in the forest of the castle,daghan mga paniki ang galupad sa lasang sa kastilyo
maraming paniki ang lumilipad sa hardin ng kastilyo,there are many bats flying in the castle garden,daghan mga paniki ang galupad sa tamnanan sa kastilyo
maraming paniki ang lumilipad sa tarangkahan ng kastilyo,many bats fly over the castle gate,daghan mga paniki galupad sa ganghaan sa kastilyo
maraming paniki ang lumilipad sa bakuran ng kastilyo,there are many bats flying in the castle grounds,daghan mga paniki galupad sa likod balay sa kastilyo
maraming paniki ang lumilipad nang gabi,many bats fly at night,daghan mga paniki ga lupad basta gabii
maraming paniki ang lumilipad nang madaling umaga,many bats fly early in the morning,daghan mga paniki galupad basta sayo sa kabuntagon
maraming paniki ang lumilipad sa likod ng kastilyo,there are many bats flying behind the castle,daghan mga paniki galupad sa likod sa kastilyo
maraming paniki ang lumilipad sa harap ng kastilyo,many bats fly in front of the castle,daghan mga paniki galupad atubangan sa kastilyo
maraming paniki ang lumilipad sa korte ng kastilyo,many bats fly in the castle court,daghan mga paniki galupad sa korte sa kastilyo
maraming paniki ang lumilipad sa burol ng kastilyo,many bats fly over the castle hill,daghan mga paniki galupad sa buntod sa kastilyo
maraming paniki ang lumilipad sa bundok ng kastilyo,many bats fly over the castle mountain,daghan mga paniki galupad sa bukid sa kastilyo
maraming paniki ang lumilipad nang takip silim,many bats fly at dusk,daghan mga paniki galupad pag hapit na mugabii
maraming paniki ang lumilipad nang madaling araw,many bats fly at dawn,daghan mga paniki galupad pag sayo sa buntag
maraming paniki ang lumilipad nang pagsikat ng araw,many bats fly at sunrise,daghan mga paniki galupad pag naa nay adlaw
maraming paniki ang lumilipad sa dalampasigan ng kastilyo,many bats fly on the beach of the castle,daghan mga paniki galupad sa kilid sa dagat sa kastilyo
maraming paniki ang lumilipad sa tabing dagat ng kastilyo,there are many bats flying over the beach of the castle,daghan mga paniki galupad sa kilid sa dagat sa kastilyo
maraming paniki ang lumilipad sa aplaya ng kastilyo,there are many bats flying over the castle waterfront,daghan mga paniki galupad sa may baybayon sa kastilyo
maraming paniki ang lumilipad sa baybayin ng kastilyo,there are many bats flying around the castle shore,daghan mga paniki galupad sa may baybay sa kastilyo
maraming kalapati ang lumilipad sa korte ng kastilyo,many pigeons fly in the castle court,daghan mga kalapti galupad sa korte sa kastilyo
maraming kalapati ang lumilipad sa tarangkahan ng kastilyo,many pigeons were flying at the castle gate,daghan mga kalapti galupad sa korte sa kastilyo
maraming kalapati ang lumilipad sa hardin ng kastilyo,there are many pigeons flying in the castle garden,daghan mga kalapti galupad sa ganghaan sa kastilyo
maraming kalapati ang lumilipad sa gubat ng kastilyo,many pigeons fly in the forest of the castle,daghan mga kalapti galupad sa lasang sa kastilyo
maraming kalapati ang lumilipad sa burol ng kastilyo,many pigeons fly over the castle hill,daghan mga kalapati galupad sa bungtod sa kastilyo
maraming kalapati ang lumilipad sa bundok ng kastilyo,many pigeons fly over the castle mountain,daghan mga kalapati galupad sa bukid sa kastilyo
maraming kalapati ang lumilipad sa baybayin ng kastilyo,many pigeons fly on the shore of the castle,daghan mga kalapati galupad sa baybay sa kastilyo
maraming kalapati ang lumilipad sa tabing dagat ng kastilyo,many pigeons fly on the beach of the castle,daghan mga kalapati galupad sa kilid sa dagat sa kastilyo
maraming kalapati ang lumilipad sa dalampasigan ng kastilyo,many pigeons fly on the beach of the castle,daghan mga kalapati galupad sa kilid sa dagat sa kastilyo
maraming kalapati ang lumilipad sa aplaya ng kastilyo,many pigeons fly on the castle waterfront,daghan mga kalapati galupad sa kilid sa dagat sa kastilyo
maraming gabyota ang lumilipad sa tabi ng kastilyo,many gabiotas fly by the castle,daghan mga kanaway galupad tapad sa kastilyo
maraming bako ang lumilipad sa tabi ng kastilyo,a lot of bats fly by the castle,daghan mga bako na langgam ang galupad tapad sa kastilyo
maraming kanaway ang lumilipad sa tabi ng kastilyo,many ravens fly by the castle,daghan mga kannaway nga galupad sa may kastilyo
maraming bako ang lumilipad sa baybayin ng kastilyo,a lot of sharks fly off the coast of the castle,daghan mga bako na langgam ang galupad sa baybay sa kastilyo
maraming bako ang lumilipad sa aplaya ng kastilyo,a lot of junk is flying on the castle waterfront,daghan mga bako na langgam ang galupad sa baybayon sa kastilyo
maraming bako ang lumilipad sa dalampasigan ng kastilyo,a lot of sharks fly on the beach of the castle,daghan mga bako na langgam ang galupad sa kilid sa dagat sa kastilyo
maraming bako ang lumilipad sa tabing dagat ng kastilyo,a lot of sharks are flying on the beach of the castle,daghan mga bako na langgam ang galupad sa kilid sa dagat sa kastilyo
maraming uwak ang lumilipad sa tabi ng kastilyo,many crows fly by the castle,daghan mga uwak galupad tapad sa kastilyo
maraming uwak ang lumilipad sa korte ng kastilyo,many crows fly in the castle court,daghan mga uwak galupad tsa koret sa kastilyo
maraming uwak ang lumilipad sa hardin ng kastilyo,many crows fly in the castle garden,daghan mga uwak galupad sa tamnanan sa kastilyo
maraming uwak ang lumilipad sa burol ng kastilyo,many crows fly over the castle hill,daghan mga uwak galupad sa bungtod sa kastilyo
maraming uwak ang lumilipad sa bundok ng kastilyo,many crows fly over the castle mountain,daghan mga uwak glupad sa bukid sa kastilyo
maraming loro ang lumilipad sa tabi ng kastilyo,many parrots fly by the castle,daghan mga loro galupad sa may kastilyo
maraming loro ang lumilipad sa gubat ng kastilyo,many parrots fly in the forest of the castle,daghan mga loro galupad sa lasang sa kastilyo
maraming loro ang lumilipad sa burol ng kastilyo,many parrots fly over the castle hill,daghan mga loro galupad sa bungtod sa kastilyo
maraming loro ang lumilipad sa bundok ng kastilyo,there are many parrots flying over the castle mountain,daghan mga loro galupad sa bukid sa kastilyo
maraming loro ang lumilipad sa tarangkahan ng kastilyo,many parrots fly at the castle gate,daghan mga loro galupad sa ganghaan sa kastilyo
maraming loro ang lumilipad sa bakuran ng kastilyo,many parrots fly in the castle grounds,daghan mga loro galupad sa likod balay sa kastilyo
maraming loro ang lumilipad sa halamang bakod ng kastilyo,many parrots fly over the castle hedge,daghan mga loro galupad sa ganghaan nga naay mga tanom sa kastilyo
maraming loro ang lumilipad sa hardin ng kastilyo,many parrots fly in the castle garden,daghan mga loro galupad sa tamnanan sa kastilyo
nagugutom ako,i m hungry,ginagutom ko
namimili ng talong si doria sa palengke,doria buys eggplant in the market,namalit ug talong si doria sa palengke
namimili ng sigarilyas si doria sa palengke,doria is shopping for cigarettes at the market,namalit ug sigarilyas si doria sa palengke
namimili ng pipino si doria sa palengke,doria is buying cucumbers at the market,namalit ug pipino si doria sa palengke
namimili ng petsay si doria sa palengke,doria is shopping for dates at the market,namalit ug petchay si doria sa palengke
namimili ng malunggay si doria sa palengke,doria buys horseradish at the market,namalit ug malunggay si doria sa palengke
namimili ng letsugas si doria sa palengke,doria is shopping for lettuce at the market,namalit ug letsugas si doria sa palengke
namimili ng patani si doria sa palengke,doria is shopping for patani at the market,namalit ug batawa si doria sa palengke
namimili ng mustasa si doria sa palengke,doria is shopping for mustard at the market,namalit ug mustasa si doria sa palengke
namimili ng ampalaya si doria sa palengke,doria is shopping for ampalaya at the market,namalit ug ampalaya si doria sa palengke
namimili ng monggo si doria sa palengke,doria is shopping for mongoose at the market,namalit ug monggos si doria sa palengke
kinakain nang mabagal ng malaking tao ang maliit na niyog,the big man slowly eats the small coconut,gina hinay ug kaon sa dakong tao ang gamay na niyog
kakainin nang mabagal ng taong malaki ang niyog na maliit,a big person will eat a small coconut slowly,ginkaonon ug hinay sa dakong tao ang gamay na niyog
kinakain nang mabilis ng taong malaki ang niyog na maliit,the big man quickly eats the small coconut,gina paspasan ug kaon sa dakong tao ug kaon ang gamay na niyog
kakainin nang mabilis ng taong malaki ang niyog na maliit,the big person will quickly eat the small coconut,ginakaon ug paspas sa dakong tao ang gamay na niyog
kumakain ang lalaki ng malaking keyk na puting tsokolate,the man is eating a large white chocolate cake,nagakaon ug dakong puti na tsokoleyt keyk ang lalake
kinain ng taong malaki ang niyog na maliit,the big man ate the small coconut,gikaon sa dakong tao ang gamay na niyog
kumain ang taong malaki ng niyog na maliit,the big man ate the small coconut,nikaon ang dakong tao ug niyog na gamay
kumakain nang mabagal ang taong malaki ng niyog na maliit,the big man eats the small coconut slowly,nagahinay ug kaon ang dakong tao ug gamay na niyog
kakain nang mabagal ang taong malaki ng niyog na maliit,the big man will eat the small coconut slowly,mukaon ug hinay ang dakong tao ug niyog
kumakain nang mabilis ang taong malaki ng niyog na maliit,the big man eats the small coconut quickly,nagakaon ug pinaspas ang dakong tao ug niyog
kakain nang mabilis ang taong malaki ng niyog na maliit,the big man will quickly eat the small coconut,gipaspasan ug kaon sa dakong tao ang niyog
binibigay ng hepe ang bulaklak sa tao,the chief gives the flower to the man,ginahatag ni hepe ang mga bulak sa katawhan
binigay ng hepe ang regalo sa tao,the chief gave the gift to the man,gihatag ni hepe ang regalo sa katawhan
kinakain ng lalaki ang malaking keyk na puting tsokolate,the man is eating the big white chocolate cake,ginakaon sa lalaki ang dakong puti na tosokoleyt keyk
binibigay ng hepe ang kabibe sa tao,the chief gives the conch to the man,gihatag ni hepe ang taklobo sa katawhan
kumakain ang mga lalaki ng malaking keyk na puting tsokolate,the boys eat a large white chocolate cake,nagakaon ang mga lalaki ug dako nga puti na tsokoleyt keyk
pula ang bulaklak na maliit,the small flower is red,pula ang mga bulak na gagmay
puti ang kabibeng maliit,the small shell is white,puti ang taklobo na gamay
kumakain ang mga lalaki ng empanadang isda,the men eat fish empanadas,nagakaon ang mga lalake ug empanadang isda
asul ang bulaklak na maliit,the small flower is blue,pug aw ang bulak na gamay
morado ang bulaklak na maliit,the small flower is purple,ubi ang bulak na gamay
dilaw ang bulaklak na maliit,the small flower is yellow,dalag ang bulak na gamay
itim ang bulaklak na maliit,the small flower is black,itom ang bulak na gamay
berde ang bulaklak na maliit,the small flower is green,lunhaw ang gamay na bulak
kulay abo ang bulaklak na maliit,the small flower is gray,abuhon ang gamay na bulak
puti ang bulaklak na maliit,the small flower is white,puti ang gamay na bulak
kulay dalandan ang bulaklak na maliit,the small flower is orange,kahelon ang bulak na gamay
maitim ang bulaklak na maliit,the small flower is dark,itomon ang bulak na gamay
maputla ang bulaklak na maliit,the small flower is pale,putlaon ang bulak na gamay
kulay ube ang bulaklak na maliit,the small flower is purple,ubi hon ang bulak na gamay
dilaw ang bulaklak na malaki,the large flower is yellow,dalag ang bulak na dako
pula ang bulaklak na malaki,the big flower is red,pula ang bulak na dako
puti ang bulaklak na malaki,the flower is white and large,puti ang bulak na dako
narangha ang bulaklak na malaki,the flower is large,kahelon ang bulak na gamay
kulay abo ang bulaklak na malaki,the large flower is gray,abuhon ang dako na bulak
asul ang bulaklak na malaki,the big flower is blue,pug aw ang bulak na dako
marami ang mga libro mo,you have many books,daghan imong mga libro
malaki ang kapihan,the party is big,dako ang kapihan
malungkot ang tao,the man is sad,masulub on nga tao
masaya ang tao,the person is happy,malipayon nga tao
matangkad ang tao,the man is tall,taas nga tao
pandak ang tao,the man is short,pandak nga tao
naiyak ang tao,the man cried,kahilakon nga tao
natawa ang tao,the man laughed,nakatawa nga tao
nakangiti ang tao,the man is smiling,nagpahiyom nga tao
tumawa,laugh,katawa
maliit ang kapihan,the partner is small,gamay ang kapihan
maliliit ang mga kapihan,the parties are small,gamay ang mga kapihanan
nagniyeniyebe sa bayan,it is snowing in town,naga esno sa lungsod
umuulan sa bayan,it s raining in town,nagaulan sa lungsod
magniyeniyebe sa bayan,it s snowing in town,mag esno sa lungsod
uulan sa bayan,it will rain in town,muulan sa lungsod
nagniyebe sa bayan,it snowed in town,nag esno sa bayan
umulan sa bayan,it rained in town,niulan sa lungsod
umuulan sa bayang malaki,it s raining in the big city,nagaulan sa dakong lungsod
nagniyeniyebe sa bayang malaki,it s snowing in the big city,naga esno sa dakong lungsod
umuulan sa bayang maliit,it s raining in a small town,nagaulan sa gamay nga lungsod
nagniyeniyebe sa bayang maliit,it s snowing in a small town,naga esno sa gamay na lungsod
kita ko ang malaking oso,i see the big bear,nakita nako ang dakong oso
kita ko ang osong malaki,i see the big bear,nakita nako ang oso nga dako
kita ko ang osong malaki ng gubat,i saw the big bear of the forest,nakita nako ang dakong oso sa lasang
kita namin ang mga osong malalaki ng gubat,we saw the big bears of the forest,nakita namo ang dakong oso sa lasang
kita natin ang mga osong malalaki ng gubat,we see the big bears of the forest,nakita nato ang mga oso nga dagko sa lasang
kita namin ang mga malalaking oso ng gubat,we saw the big bears of the forest,nakita namo ang mga dagkong oso sa lasang
kita natin ang mga malalaking oso ng gubat,we see the big bears of the forest,nakita nato ang mga dagkong oso sa lasang
may bulaklak sa bahay,there are flowers in the house,naa y bulak sa balay
may mga bulaklak sa mga bahay,there are flowers in the houses,naa y mga bulak sa balay
kumain ang lalaki ng isda,the man ate the fish,nikaon ang lalaki ug isda
maligayang pandaigdigang araw ng kababaihan,happy international women s day,maayong pangkalibutang adlaw sa mga kababaihan
hindi lahat ng hindi mo naiintindihan ay bakla,not everything you don t understand is gay,dili tanan butang nga wala nimo nasabtan kay bayot
kailangan mo ng mas maraming salita dahil parati mong sinasabing bakla ang lahat,you need more words because you keep calling everyone gay,kailangan nimog daghan na istorya kay permi nimo gina ingnan ug bayot ang tanan
matapang ang lasa ng mga suka,vinegars have a strong taste,isog ang lasa sa mga suka
ako y isang profesor ng wikang kastila,i am a professor of spanish language,ako y magtutudlo sa inistoryahang kastila
gusto ng ibang bayang may sakit kayo nang katulad ng kontra teknolohiya para maging pobre kayo,other countries want you sick like anti technology to make you poor,gusto sa ubang lungsod naa sad moy sakit sa kontra teknolohiya aron mamobre mo
ang mga bata naman ay hindi kontra teknolohiya dahil may selpon atbp,children are not anti technology because they have cell phones etc,ang mga bata kay dili kontra teknolohiya kay naa may selpon ug lain pa
ang mga isip ng digmaang pandaigdig ay para sa mga matatanda na nang katulad noong dekadang,the minds of the world war are for adults as they were in the s,ang mga huna huna atung gyerang pangkalibutan kay para ras mga tiguwang pareahas atung dekada mil nuebesientos singkwenta
parang mas maitim ang ingles kaysa sa tagalog dahil walang regularidad ang ortograpiya,english seems to be darker than tagalog because the orthography is not regular,murag mas itom ang inengles kaysa tagalog kay walay regularidad ang ortograpiya
parang mas maitim ang ingles kaysa sa tagalog dahil walang regularidad ang ispeling,english seems to be darker than tagalog because the spelling is irregular,murag mas itom ang inengles kaysa tagalog kay walay regularidad ang espeling
pinanganak si jhon sa marte,was born on mars,natao si sa maryte
pinanganak si jhon sa mars,was born on mars,natao si jhon sa mars
bumisita si jhon sa benus para makita niya ang mga tiyo niya,jhon visited benus to see his uncles,nibisita si jhon sa benus aron makita niya iyang mga uyuan
bumisita si jhon sa venus para makita niya ang mga tiyo niya,jhon visits venus to see his uncles,nibisita sa jhon sa benus aron makita niya iyang mga uyuan
sa siyudad ng barsoom sa marte nakatira si jhon,jhon lives in the city of barsoom on mars,sa lungsod sa barsoon sa marte nagpuyo si jhon
binigyan ng mga alyenihena ang mga taga tiyera ng lakas ng teleportasyon,the aliens gave the people of tiyera the power of teleportation,gihatagan sa mga elyenihena ang mga taga tiyera ug kusog sa teleportasyon
binigyan ng mga alyenihena ang mga taga tiyera ng lakas ng telepatiya,the aliens gave the people of tiera the power of telepathy,gihatagan sa mga elyenihena ang mga taga tiyera ug kusog sa telepatiya
binigyan ng mga alyenihena ang mga taga tiyera ng lakas ng telekinesis,the aliens gave the people of tiera the power of telekinesis,gihatagan sa mga elyenihena ang mga taga tiyera ug kusog sa telekinesis
binigyan ng mga alyenihena ang mga taga tiyera ng lakas ng artipisyal na grabidad,the aliens gave the people of tierra the power of artificial gravity,gihatagan sa mga elyenihena ang mga taga tiyera ug kusog sa artipisyal na grabidad
binigyan ng mga alyenihena ang mga taga tiyera ng lakas ng artipisyal na dagsin,the aliens gave the people of tierra the power of artificial lightning,gihatagan sa mga elyenihena ang mga taga tiyera ug kusog sa artipisyal na dagsin
pupunta ako sa parke,i m going to the park,muadto kos suroyanan
nagluluto ng sinigang si,is cooking porridge,nagaluto ug sinigang si
nagluluto ng tapsilog si,is cooking tapsilog,nagaluto ug tapsilog si
nagluluto ng puspas si,is cooking puspas,nagaluto ug aruskaldo si
nagluluto ng lugaw si,is cooking porridge,nagaluto ug lugaw si
nagluluto ng hawot si,is cooking hawot,nagaluto ug bulad si
nagluluto ng sinangag si,is cooking fried rice,nagaluto ug sinangag si
nagluluto ng tsampurado si,is cooking tsampurado,nagaluto ug tsamporado si
nagluluto ng pansit si,is cooking noodles,nagaluto ug pansit si
nagluluto ng pansit kanton si,is cooking canton noodles,nagaluto ug pansit kanton si
nagluluto ng pansit palabok si,is cooking noodles,nagaluto ug pansit palabok si
nagluluto ng pansit buko si,is cooking knuckle noodles,nagaluto ug pansit buko si
nagluluto ng nilaga si,is cooking a stew,nagaluto ug nilaga si
nagluluto ng leche flan si,is cooking leche flan,nagaluto ug leche flan si
nagluluto ng itlog si,cooks eggs,nagaluto ug itlog si
nagluluto ng ube si,is cooking ube,nagaluto ug ubi si
nagluluto ng gabi si,cooks in the evening,nagaluto ug gabi si
nagluluto ng baboy si,cooks pork,nagaluto ug baboy si
nagluluto ng karne si,cooks meat,nagaluto ug karne si
nagluluto ng longganisa si,is cooking longganisa,nagaluto ug longganisa si
nagluluto ng tocino de cielo si,cooks tocino de cielo,nagaluto ug tocino de cielo si
nagluluto ng pinipig si,is cooking pipinig,nagaluto ug pinipig si
nagluluto ng suman si,is cooking suman,nagaluto ug suman si
nagluluto ng tamales si,cooks tamales,nagaluto ug pintos si
nagluluto ng saging si,cooks bananas,nagaluto ug saging si
nagluluto ng manok si,is cooking chicken,nagaluto ug manok si
nagluluto ng pating si,cooks shark,nagaluto ug pating si
nagluluto ng hipon si,is cooking shrimp,nagaluto ug pasayan si
nagluluto ng alimango si,cooks crab,nagaluto ug kagang si
nagluluto ng gulay si,cooks vegetables,nagaluto ug gulay si
nagluluto ng kamatis si,cooks tomatoes,nagaluto ug kamatis si
nagluluto ng turon si,is cooking turon,nagaluto ug turon si
nagluluto ng ampalaya si,cooks ampalaya,nagaluto ug ampalaya si
nagluluto ng pugo si,is cooking quail,nagaluto ug pugo si
nagluluto ng itlog ng pugo si,cooks quail eggs,nagaluto ug itlog sa pugo si
nagluluto ng palaka si,cooks a frog,nagaluto ug baki si
nagluluto ng dila ng baka si,cooks beef tongue,nagaluto ug dila sa baka si
nagluluto ng baka si,cooks beef,nagaluto ug baka si
nagluluto ng mani si,cooks peanuts,nagaluto ug mani si
nagluluto ng kasoy si,cooks cashews,nagaluto ug kasoy si
nagluluto ng buto ng langka si,cooks jackfruit seeds,nagaluto ug liso sa nangka si
nagluluto ng lumpia si,cooks spring rolls,nagaluto ug lumpia si
nagluluto ng omelette si,is cooking an omelette,nagaluto ug tortilya si
nagluluto ng dila ng pato si,cooks duck tongue,nagaluto ug dila sa patok si
nagluluto ng pato si,is cooking duck,nagaluto ug patok si
nagluluto ng paa ng manok si,is cooking a chicken leg,nagaluto ug tiil sa manok si
nagluluto ng isda si,cooks fish,nagaluto ug isda si
nagluluto ng ulo ng isda si,cooks a fish head,nagaluto ug ulo sa sida si
nagluluto ng salmon si,is cooking salmon,nagaluto ug salmon si
nagluluto ng pansit at itlog ng pugo si,cooks noodles and quail eggs,nagaluto ug pansit ug itlog sa pugo si
nagluluto ng sisig si,cooks sisig,nagaluto ug sisig si
nagluluto ng sisig at manok si,cooks sisig and chicken,nagaluto ug sisig na manok si
nagluluto ng sisig at saging si,cooks sisig and bananas,nagaluto ug sisig ug saging si
nagluluto ng sisig at leche flan si,cooks sisig and leche flan,nagaluto ug sisig ug leche flan si
nagluluto ng sisig at tsampurado si,cooks sisig and tsampurado,nagaluto ug sisig ug tsamporado si
nagluluto ng sisig at isda si,cooks sisig and fish,nagaluto ug sisig ug isda si
nagluluto ng sisig at nilaga si,cooks sisig and stew,nagaluto ug sisig ug nilaga si
nagluluto ng sisig at sinangag si,cooks sisig and fried rice,nagaluto ug isis ug sinangag si
nagluluto ng sisig at pansit buko si,cooks sisig and knuckle noodles,nagaluto ug sisig ug pansit si
nagluluto ng sisig at pansit palabok si,cooks sisig and noodles,nagaluto ug sisig ug pansit palabok si
nagluluto ng sisig at pansit kanton si,cooks sisig and canton noodles,nagaluto ug sisig ug pansit kanton si
nagluluto ng tsitsaron si,is cooking tsitsaron,nagaluto ug tsitsaron si
nagluluto ng tsitsaron at tsampurado si,cooks tsitsaron and tsampurado,nagaluto ug tsitsaron ug trsamporado si
nagluluto ng tsitsaron at itlog si,cooks tsitsaron and eggs,nagaluto ug tsitsaron ug iltog si
nagluluto ng tsitsaron at itlog ng pugo si,cooks tsitsaron and quail eggs,nagaluto ug tsitsaron ug itlog sa pugo si
nagluluto ng tsitsaron at bihud si,cooks tsitsaron and bihud,nagaluto ug tsitsaron ug bihud si
nagluluto ng tsitsaron at aligi si,cooks tsitsaron and aligi,nagaluto ug tsitsaron ug laman sa kagang si
nagluluto ng tsitsaron at tapsilog si,cooks tsitsaron and tapsilog,nagaluto ug tsitsaron ug tapsilog si
nagluluto ng tsitsaron at tapa si,cooks tsitsaron and tapa,nagaluto ug tsitsaron ug tapa si
nagluluto ng tsitsaron at tocino si,cooks tsitsaron and bacon,nagaluto ug tsitsaron ug tosino si
nagluluto ng tsitsaron at nilaga si,cooks tsitsaron and stew,nagaluto ug tsitsaron ug nilaga si
gumagawa ng gulaman si,is making gelatin,nagabuhat ug gulaman si
gumagawa ng halo halo si,is making a mess,nagabuhat ug halo halo si
gumagawa ng maiz con hielo si,is making maiz con hielo,nagabuhat ug maiz con yelo si
gumagawa ng ube si,makes ube,nagabuhat ug ubi si
gumagawa ng nilupak si,is making pottery,nagabuhat ug nilupak si
gumagawa ng kakanin si,is making food,nagbuhat ug kakanin si
gumagawa ng biko si,is making a biko,nagbuhat ug biko si
gumagawa ng tsokolate si,makes chocolate,nagbuhat ug tsokoleyt si
gumagawa ng sapin sapin si,is doing layer by layer,nagbuhat ug sapin sapin si
gumagawa ng pichi pichi si,is making pichi pichi,nagbuhat ug pichi pichi si
gumagawa ng longganisa si,is making longganisa,nagbuhat ug longganisa si
gumagawa ng leche flan si,is making leche flan,nagbuhat ug leche flan si
gumagawa ng maja blanca si,makes maja blanca,nagbuhat ug maha blanka si
gumagawa ng maja de ube si,makes maja de ube,nagbuhatb ug maha de ubi si
gumagawa ng pulburon si,makes gunpowder,nagbuhat ug pulburon si
gumagawa ng pulburong ube si,makes ube powder,nagbuhat ug pulburong ubi si
gumagawa ng pulburong tsokolate si,makes chocolate powder,nagbuhat ug pulburon nga tsokoleyt si
gumagawa ng pandesal si,is making pandesal,nagbuhat ug pandesal si
gumagawa ng kalihim si,works as a secretary,nagbuhat ug pan de pula si
gumagawa ng pan de ube si,is making pan de ube,nagbuhat ug pan de ubi si
gumagawa ng buko pay si,is making buko pay,nagbuhat ug buko pay si
gumagawa ng buko dyus si,is making buko juice,nagbuhat ug buko jos si
gumagawa ng kalamansi dyus si,makes lime juice,nagbuhat ug kalamansi jos si
gumagawa ng manggang dyus si,makes mango juice,nagbuhat ug manggang nga jos si
gumagawa ng langkang keyk si,is making a cake,nagbuhat ug nangka nga keyk si
gumagawa ng manggang keyk si,is making a mango cake,nagbuhat ug mangga nga keyk si
gumagawa ng tsokolateng keyk si,is making a chocolate cake,nagbuhat ug tsokoleyt keyk si
gumagawa ng ubeng keyk si,is making a banana cake,nagbuhat ug ubi nga keyk si
gumagawa ng istrobering keyk si,is making a strawberry cake,nagbuhat ug istroberi na keyk si
gumagawa ng blubering keyk si,is making a blueberry cake,nagbuhat ug bluberi na keyk si
gumagawa ng mint na keyk si,is making a mint cake,nagbuhat ug herbabuena na keyk si
ginagatasan ni ang baka,is milking the cow,ginagatasan ni ug gatas ang baka
sino ang hinahanap niyo,who are you looking for,kinsa inyong ginapangita
wala akong natutunan ni kahit ano mula sa guro,i didn t learn anything from the teacher,wala koy natunon miskan unsa pa sa magtutudlo
tumatawa ang buong grupo,the whole group laughs,nagkatawa ang tibuok grupo
kailangan ng pasensya nitong trabahong ito,this job requires patience,kailangan ug pasensya ni nga trabaho
kamusta,how are you,kumusta ka
pumunta ako sa palengke,i went to the market,muadto ko sa palengke
dapat akong matulog,i should sleep,mahimo matulog nako
dapat tayong matulog,we should sleep,mahimo matulog nata
ngayon ay ika ng hunyo at kaarawan ngayon ni muriel,today is june th and today is muriel s birthday,karun ang ika dise otso sa bulan sa hunyo ug ang pagkatao ni muriel
maligayang bati muiriel,congratulations muiriel,malipayong adlawng natawhan muriel
dalawampung taon na si muiriel,muiriel is twenty years old,baynte ka tuig na si muriel
hindi ko alam,i don t know,wala ko kabalo
wala akong masabi,i can t say anything,wala koy mahisgot
hindi yun mangyayari,that will not happen,wala to nahitabo
tatawag ako bukas pagkauwi ko,i will call tomorrow when i get home,mutawag ko ugma inig uli nako
hindi hindi ako ikaw,no i m not you,dili dili ako ikaw
sinisipa niya ako,he s kicking me,ginasipa ko niya
sigurado ka,are you sure,siguro ka
sigurado ka ba,are you sure,siguro ba ka
uy may paruparo,hey there s a butterfly,uy alibangbang
uy mayroong paruparo,hey there s a butterfly,uy naa y alibangbang
bilis,speed,pagdali
pagtanda ko gusto ko maging hari,when i grow up i want to be a king,pagkatigulang nako gusto ko mahimong hari
paglaki ko gusto ko maging hari,when i grow up i want to be a king,pagdako nako gusto ko mahimong hari
ang taba ko,i m fat,taba ko
masyado akong mataba,i m too fat,sobraan rako ka taba
ano ngayon,what now,unsa karun
ano naman,what is it,unsa nasad
babarilin ko siya,i will shoot him,barilon nako siya
babae ka kasi,because you are a woman,babae man gud
bakit mo natanong,why did you ask,ngano ka nangutana
gano katagal ka nanatili,how long did you stay,unsa ka kadugay nagpabilin
ako si,i m,ako si diay si
taga saang bansa ka,what country are you from,taga asa kang nasud gikan
uy niebe,hey snow,uy esno
babalik ako bukas kung kaya ko,i will come back tomorrow if i can,mubalik ko ugma kung kaya nako
hindi ba tayo dapat maging magkaibigan,shouldn t we be friends,dili ba dapat ta mahimong magka amigo
bakit mo sinasabi yan sa akin,why are you telling me that,ngano nimo na giingon sa ako
mag isa lang siya sa bahay,he was alone at home,siya ra isa sa balay
tinaas niya ang kanyang kamay upang pumara ng taksi,he raised his hand to hail a cab,gitaas niya iyang kamot para mupara ug masakyan
gustong gusto ko,i really like it,gusto kaayo nako
ang baho mo masyado,you stink too much,baho kaayo ka
parang wala nang nakikinig sa atin,it s like no one listens to us anymore,murag wala y naminaw sa atoa
kailangan mong malaman ang iyong kabiguan,you need to know your failure,kinahanglan nimo mahibalan kung asa ka nasayup
pinakanta niya ako,he sang to me,gipakanta ko niya
nagaaral ka ng ingles,you study english,nagatuon kog inengles
binili ko ito kahapon,i bought it yesterday,gipalit nako ni gahapon
binili ko ito kagabi,i bought it last night,gibili nako ni kagabii
medyo pagod ako ngayon,i m a little tired today,gikapoy ko gamay karun
mahilig lumangoy si,likes to swim,ganahan mulangoy si
mas matangkad ng konti sa akin si,is a little taller than me,mas tangkad gamay sa akoa si
tamad ka,you are lazy,tapulan ka
kasi sira ang luma kong akyatan,because my old climbing frame is broken,sira akong karaan na hagdanan
punta ka sa martes kung posible,go on tuesday if possible,adto karung martes kung pwede
masyado akong antok para magmaneho,i m too sleepy to drive,katulgon ko para magdrayb
antok na antok ako para magmaneho,i m too sleepy to drive,katulgon kaayo ko para magdrayb
malamig kahapon,it was cold yesterday,bugnaw kagahapon
malamig kagabi,it was cold last night,bugnaw kagabii
naghahanap ako ng bahay,i am looking for a house,nagapangita kog balay
hindi ako makapag aral sa bahay,i can t study at home,dili ko makatuon sa balay
hindi ito sa akin,it is not mine,dili mani ako
bakit hindi na siya nakikipaglaro sa akin,why doesn t he play with me anymore,ngano wala siya nakigdula nako
ayusin mo ito,fix it,tarunga ni
alam ko ang pangalan nilang lahat,i know all their names,kabalo ko sa ilang mga pangan tanan
gagawin namin yun,we will do that,himuon namo to
kailangan mong magtrabaho hindi magisip,you have to work not think,kinahanglan nimo magtrabaho usab dili lang maghuna huna
asan ang aking bola,where is my ball,asa ang akoang bola
gagawin ko kung kaya ko,i will do it if i can,buhaton nako kung kaya nako
walang bumagsak sa aking mga estudyante,none of my students failed,wala y nabagsak sa akoang mga istudyanti
nagsasalita ka ba ng pranses araw araw,do you speak french every day,nagasitorya ba ka ug inistoryahang pransiya kada adlaw
nagsasayaw sila,they are dancing,nisayaw sila
kahit sa kabilang bahay siya nakatira hindi man lang siya bumati sa amin,even though he lives in the other house he didn t even greet us,miskan pa ug taga pikas balay ra siya wala man lang ko niya gi abi abi
ako si edgar degas,i am edgar degas,ako diay si edgar degas
sabihin mo sa akin kung ano ang ginawa mo sa hawaii,tell me what you did in hawaii,ingna sa akoa kung unsa imong gibuhat sa hawaii
ikuwento mo sa akin kung ano ang ginawa mo sa hawaii,tell me about what you did in hawaii,istoryahi ko kung unsa imong gibuhat sa hawaii
pinanood mo ba yung laro,did you watch the game,gitanaw nimo ang dula
sigurado ako,i m sure,nakasiguro ko
malapit ang aming paaralan sa istasyon,our school is near the station,duol ra among eskwelahan sa estasyon
kaya mo ba akong tulungan ng konti,can you help me a little,kaya ba ko nimo tabangan miskag gamay lang
saan tayo magsisimula,where do we start,asa man ta mag sugod
hindi ka kayang tulungan ni,can t help you,dili ka kaya tabangan ni
naniniwala sila sayo,they believe in you,nituo sila sa imo
hindi ka perpekto,you are not perfect,dili ka hingpit
sa tingin ko hindi pa ako handa,i don t think i m ready yet,sa akong pananaw dili pako andam
mayroon akong mga paltos sa aking mga paa,i have blisters on my feet,naa koy mga paltos sa akong mga tiil
kita mo ba ang bahay na iyon iyon ang aking bahay,do you see that house that s my house,kita ka ana na balay akoa ng balay
alam niya kung paano magsalita at magsulat sa wikang pranses,he knows how to speak and write in french,kabalo siya kung unsa ko muistorya ug sinultian pransiya
marunong siyang magsalita at magsulat sa wikang pranses,he can speak and write in french,kabalo siya musulat ug muistorya sa sinultian sa pransiya
mas matanda siya sayo ng walong taon,he is eight years older than you,mas tiguwang apko nimo ug otso ka tuig
ang pagbenta ng mga kotse ang aking negosyo,selling cars is my business,ang pag pamaligya ug sakyanan maoy akong negosyo
lagi akong nagsisipilyo pagkakain ng matatamis na pagkain,i always brush my teeth after eating sweet foods,pirme ko manutbras inig human ug kaon ug mga tamis na pagkaon
anong gusto mong mangyari,what do you want to happen,unsa may buot pasabot nimo nga mahitabo
inggit ka,you are jealous,nasina ka
may malalaking mata ang mga kuwago,owls have big eyes,naay dakong mata ang bahaw
pinayuhan niya akong pumunta doon,he advised me to go there,gitambagan ko niya nga muadto didto
mabuting estudyante si,is a good student,maayo nga estudyante si
alam ni kung anong kailangan mo,knows what you need,nasayod si kung unsa imong kinahanglan
hindi nila ako paniniwalaan kahit manumpa ako na totoo ito,they won t believe me even if i swear it s true,di ko nila tuohan miskan pag manumpa ko nga tinuod to
hindi ko alam kung may oras pa,i don t know if there is time,wala ko kabalo kung naa pa ba y oras
matagal mo na ba siyang kilala,how long have you known him,dugay na ba mo nagkaila
hindi pa nagsisimula si,has not started yet,wala pa nagsugod si
kasing takot ni si,was as scared as,parehas nahadlok si ug
hinangaan niya ang aking bagong kotse,he admired my new car,giidolo niya ang akong bagong sakyanan
gusto mo bang maging aking kasintahan oo hindi siguro,do you want to be my girlfriend yes nope maybe,gusto ba ko nimo mahimong uyab oo dili basig
inamin ni ang kanyang pagkakamali,admits his mistake,giamin ni ang iyang mha nasayup
magmadali ka baka hindi mo maabutan yung bus,hurry up you might not catch the bus,pagdali basig di nimo maabtan ang bus
anong oras ka madalas lumabas ng bahay,what time do you usually leave the house,unsa ka oras permi mugawas sa inyong balay
kung pagod siya hayaan mo siyang matulog,if he is tired let him sleep,kung gikapoy siya pasagdi siya matulog
baka hindi,maybe not,basig dili
hindi ako guro,i m not a teacher,dili ko magtutudlo
mahal ko ang mga pagong,i love turtles,palangga nako ang mga pawikan
pumasok ako sa loob para uminom ng kape,i went inside to drink coffee,nisulod ko sa sulod aron muinom ug kape
yung batang lalaki na pumunta kahapon ay ang aking nakababatang kapatid,the boy who came yesterday is my younger brother,katung bata nga lalaki nga niadto diri gahapon kay akong manghud
nakita ko yung babae,i saw the woman,nakita nako ang babae
buksan mo ang iyong aklat sa ika siyam na pahina,open your book to page nine,ablihi imong libro ug adto sa ika neube na panid
gusto ni mike ang mga pusa,mike likes cats,ganahan si mike ug mga iring
mayroong tore sa tuktok noong bundok,there was a tower at the top of the mountain,naa y torre ibabaw sa bukid
gawin mo kung anong pinapagawa niya sayo,do what he tells you to do,buhata kung unsa ang ginapabuhat sa imo
ang bahay namin ay bahay mo,our house is your house,ang among balay imo sang balay
sa aking opinyon ikaw ay mali,in my opinion you are wrong,sa akong hunahuna ikaw may nasayop
sa aking opinyon mali ka,in my opinion you are wrong,sa akong hunahuna sayop ka
sa tingin ko ginagamit ka nila,i think they are using you,sa akong pananaw igo raka nila gigamit
layunin kong aralin ang iyong wika,i aim to learn your language,katuyoan nako magtuon sa inyong sinultian
ang tanging panahon na nakikipag usap ka sa akin ay kapag kailangan mo ng pera,the only time you talk to me is when you need money,mao lamang na panahon ka makig istorya nako pag panginahanglan ka ug kwarta
binigyan ko si ng malaking yakap,i gave a big hug,gihatag nakog dakong gakos si
wag mong hayaang gawin ni,don t let do it,ayaw tugti na buhaton ni
sigurado ka bang hindi pa tayo nagkita dati,are you sure we haven t met before,nakasiguro ba ka na wala pa ta nagkita sauna
ano ang kabisera ng haiti,what is the capital of haiti,unsa ang kaulohan sa haiti
gusto mo ba talaga ito,do you really want this,gusto ba nimo ni
narito ang pagbigkas,here is the pronunciation,di ara ang pag sulti
una kaming nandito,we are here first,nauna mi diri
sinabi ko sayong wag silang kausapin,i told you not to talk to them,giingna tika nga dili sila istoryahon
alam kong hindi ka ganoon,i know you re not like that,kabalo ko na dili ka ingon ato
saan natin matatagpuan ang katotohanan,where do we find the truth,asa nato makitan ang kamatuoran
mahal ko ang aking asawa ngunit minsan kailangan kong mapag isa,i love my husband but sometimes i need to be alone,palanggan nako ang akong asawa pero usahay kinahanglan nako mag inusara
akala ko gagawa si ng almusal,i thought was going to make breakfast,abi nakog magbuhat si ug pamahaw
mag isa bang nagtrabaho si,did work alone,nag inusara ug trabaho si
iyon ang iyong kagandahan,that is your beauty,mao na ang nakamaayo nimo
ating batiin ang ating mga bisita,let s greet our guests,atong abiabihon ang atong mga bisita
anong gusto mong kaiinin,what do you want to eat,unsa imong gusto kaunon
anong gusto niyong kaiinin,what do you want to eat,unsa inyong gusto kaunon
basta pumasok ka,just come in,basta sulod sa
wala nang kuwenta ang mga ito,they are worthless,wala ni silay mga pulos
lumangoy siya patungo sa ibayo,he swam towards the other side,milangoy siya padulong sa atbang
siya ang pranses na ambasador sa portugal,he is the french ambassador to portugal,siya ang pransiyang tinugyanan sa portugal
gusto niya ang mga bughaw na bestida,he likes blue clothes,gusto niya ang mga pugaw na mga sinina
nagpalaki siya ng dalawang mga bata,she raised two children,gipadako niya ang duha ka bata
hindi sila dadating hanggang bukas,they won t arrive until tomorrow,dili sila muabot hangtud ugma
isa siyang komedyante,he is a comedian,isa siya ka komedyante
maglakad ka sa kahabaan ng ilog at makikita mo ang paaralan,walk along the river and you will see the school,paglakaw sa kataas sa suba aron makita nimo ang eskwelahan
hindi masyadong kumakain ng karne si,doesn t eat much meat,dili kaayo gakaon ug karne si
bakit mo ako pinasasalamatan,why are you thanking me,ngano ko nimo gi bentaha
hindi ko alam na marunong pala mag pranses si,i didn t know that could speak french,wala ko nasayud na kabalo diay si ug sinultian sa pransiya
kakabalik ko lang,i just got back,bago rko nakabalik
pakikuwenta nga ulit sa akin,please tell me again,palihog ko pila ang kinatibuk an
huwag mong hawakan ang hindi sayo,don t touch what isn t yours,ayaw guniti kung dili imo
hindi mo magugustahan si,you won t like,dili nimo magustuhan si
wala na tayong asukal,we have no more sugar,wala na tay asukar
ito ang aking mga libro at yun ang kanyang mga libro,these are my books and those are his books,mao ni ang akong mga libro ug mao to iyahang mga libro
ito ang aking mga aklat at yun ang kanyang mga aklat,these are my books and those are his books,mao ni ang akong mga libro ug mao to iyahang mga libro
nakita mo na ba sila,have you seen them,nakitan na ba nimosila
nagising si,woke up,nakamata si
bigyan mo ako ng kalahati,give me half,hatagi ko ug katunga
nakakain ka na ba ng hilaw na mga isda,have you ever eaten raw fish,nakakaon na ba ka ug hilaw na isda
handa na si para sayo,is ready for you,andam na si para nimo
hindi ko alam na may pakialam ka pala,i didn t know you cared,wala ko nasayod kung naa pa ba kay palabot
hindi ko ito susi,it s not my key,dili na akoang susi
hindi akin ang susi na ito,this key is not mine,dili mani akoang susi
umupo si at naghintay,sat and waited,nilingkod si ug naghulat
sumasangayon siya sa aking opinyon,he agrees with my opinion,niuyon siya sa akong hunahuna
hindi ko alam kung paano kita pasasalamatan,i don t know how to thank you,wala ko kabalo kung unsay pamaagi tika pasalamatan
muntik nang makalimutan ni,almost forgot,hapit makalimot si
maaaring umulan ngayong gabi,it may rain tonight,basig muulan karung gabii
inilagay niya ang kahon sa mesa,he put the box on the table,gibutang niya ang karton sa lamesa
marami siyang kilalang tao,he has many famous people,daghan siya y kaila na tao
siya ang aking kuya,he is my older brother,siya ang akong magulang
siya ang aking nakatatandang kapatid,he is my older brother,siya ang akong kinamagulangan
kailangan kitang tumahimik,i need you to shut up,kinahanglan tika pahilumon
may gusto ba si kay,does like,naa bay y gusto si kang
ang aking ama at ang aking kapatid ay nagtatrabaho sa pabrika na ito,my father and my brother work in this factory,ang akong amahan ug akong igsuon kay diri na pabrika nagtrabaho
wala ka bang maalala,don t you remember anything,wala kay nahinumdoman
hindi nila maiintindihan,they will not understand,wala sila nakasabot
hindi nila naiintindihan,they don t understand,wala nila nasabtan
patay na sila,they are dead,patay na sila
hindi alam ni kung nasaan iyon,didn t know where it was,wala kabalo si kung asa to
mukhang galit si,looks angry,murag nasuko si
uulan ngayong hapon,it will rain this afternoon,muulan karung hapon
nasaan yung libro,where is the book,asa ang libro
nasaan yung aklat,where is the book,asa ang libro
pinauwi ni si,sent home,gipapauli ni si
alam mo ba kung ano ang apelyido ni,do you know what s last name is,nasayod ba ka sa apilyedo ni
parehas silang nanggagaling sa parehong bansa,they both come from the same country,parehas sila gikan sa parehang nasod
alam mo na mahal kita,you know i love you,kabalo ka gihigugma tika
kaya kong magrekomenda ng mabuting abugado,i can recommend a good lawyer,kaya nako mu rekomendar ug maayong abogado
huwag kalimutan na patayin ang apoy,do not forget to turn off the fire,ayaw kalimot na patyon ang kalayo
takot sa apoy ang ibang mga hayop,other animals are afraid of fire,hadlok sa kalayo ang uban mananap
maari mo siyang kausapin,you can talk to him,mahimo nimo siyang istoryahan
kailangan mong sabihin kay,you have to tell,dapat nimo isulti kay
ibalik mo kung saan mo nakuha,put it back where you got it,ibalik kung asa nimo nakuha
kinailangan kong kumuha ng pera,i had to get money,kinahanglan nako mukuha ug kwarta
kagabi nagbasa ako ng libro,last night i read a book,kagabii nagbasa ko ug libro
kagabi nagbasa ako ng aklat,last night i read a book,kagabi nagbasa ako ng aklat
naaalala mo ba,do you remember,nakahinumdom paka
pinaniniwalaan kita,i believe you,gituohan tika
sa totoo lang hindi ko talaga alam,honestly i really don t know,sa tinuond lang wala najud ko asayod
imposible,impossible,imposibel
hindi,no,dili
alis,leave,hawa
labas,outside,gawas pagandam
paumanhin,sorry,pasayloa ko
ito,this,kani
lakasan,get stronger,kusugi
nakalimutan nila akong gisingin,they forgot to wake me up,nakalimot silag pukaw nako
gisingin mo siya,wake him up,pukawa siya
paumanhin,sorry,pasaylo
seryoso,seriously,seryoso
mabuti,good,maayo
tayo,let s go,kanato
patay,dead,patay
hindi kapanipaniwala,unbelievable,di katuohan
malamang,probably,kadaghanan lagmit
yuko,bow down,duko
mag aral,study,pagtuon
kain,eat,kaon
marunong ka bang mag ingles,can you speak english,kabalo ba ka mag inengles
marunong ba kayong mag ingles,do you know how to speak english,kabalo ba mo mag inengles
ano iyan,what is that,unsa na
ang lamig,the cold,katugnaw
mainit ang buhangin,the sand is hot,init ang balas
kailan,when,kanusa
kailan yun,when is that,kanusa to
kailan ang almusal,when is breakfast,kanusa ang pamahaw
paano,how,unsaon
gaano kalalim,how deep,unsa kalawom
gaano kalaki,how big,unsa kadako
halika t tignan mo para sa iyong sarili,come and see for yourself,ali ug tanawa para sa imong kaugalingon
pero bakit,but why,apan ngano
talaga bakit,really why,gyud ngano
saan,where,asa
halika,come on,ali
pasok,enter,sulod
walang anuman po,there is nothing,wala y problema
nagtuturo ako,i am teaching,nagatudlo ko
magsisimula na ako,i m about to start,magsugod pako
nasaan kayo,where are you,asa mo
hindi ko maiintindihan,i can t understand,dili nako masabtan
hindi ko naiintindihan,i don t understand,wala nako nasabtan
subukan natin,let s try,sulayan nato
sumuka ako,i threw up,nisuka ko
nagtatrabaho ako,i am working,nagatrabaho ko
hindi ko masyadong maiintindihan kung anong pinagusapan nila,i couldn t quite understand what they were talking about,wala kaayo ko y nasabtan sa ilang giistoryahan
sinong magbabasa ng ganyang kakapal na libro,who would read such a thick book,kinsay mubasa ug ing ana kabaga na libro
sinong magbabasa ng ganyang kakapal na aklat,who would read such a thick book,kinsay mubasa ug ing ana kabaga na libro
mayroon akong maiingay na mga kapitbahay,i have noisy neighbors,naa koy mga saba na mga silingan
pinasalamatan ni si para sa kanyang tulong,thanks for her help,gipasalamatan ni si sa iyang natabang
kailangan nating protektahan ang ating mga sarili,we have to protect ourselves,kinahanglan nato panalipdan ang atong mga sarili
sugod,rush,sulong
ngiti,smile,pahiyom
ngumiti ka,you smile,pagpahiyom
sinubukan mo,you tried,misulay
sumubok ka,you try,sulayi
sinusubukan ko,i m trying,ginasulayan
magsaya ka,have fun,pag malipayon
magsaya kayo,have fun,pag malipayon mo
sumisibol ang mga bulaklak,flowers are sprouting,nanurok na ang mga bulak
dahandahang magmaneho,drive slowly,paghinay hinay ug drayb
sinong may alam,who knows,kinsa y nakahibalo
hablutin siya,beat him up,gukora siya
umiyak siya,he cried,naghilak siya
gising,wake up,pagmata
gumising ka,wake up,pagmat na
gumising kayo,wake up,pagmata namo
mawalang galang na,that s disrespectful,gapanghimaraut ko
sundan siya,follow him,sundon siya
nawala siya,he disappeared,nawala siya
kumain ng mahinahon,eat slowly,kalma lang inig kaon
yakapin mo ako,hug me,gakosa ko
tigilan iyan,stop that,undangi na
naiintindihan namin,we understand,nakasabot mi
wag pansinin si,ignore,ayaw tagda si
kay ganda,how beautiful,ka gwapa
kuhanin mo,take it,kuhaa
kuhanin niyo,take it,kuhaa ninyo
tawagan mo kami,call us,tawagi mi
tawagan niyo kami,call us,tawagi mi ninyo
panoorin ako,watch me,tan awa
panoorin mo ako,watch me,tan awa ko
panoorin niyo ako,watch me,tan awa ko ninyo
gamitin ito,use it,gamita ni
gamitin mo ito,you use it,kini ang gamita
gamitin niyo ito,use it,mao ni inyong gamiton
wala akong paki alam kung gaano ka katanda,i don t care how old you are,wala ko y palabot kung mas tiguwang paka nako
wala akong paki alam kung gaano kayo katanda,i don t care how old you are,wala ko y palabot kung unsa ka katiguwang
bumalik ka,come back,balik
bumalik kayo,come back,balik mo
hindi ko sinabing tutulungan kita,i didn t say i would help you,wala ko y gisaad na tabangan tika
sundan kami,follow us,sunda mi
sundan mo kami,follow us,sunda mi ninyo
sundan niyo kami,follow us,sunoda mi ninyo
hindi ko alam kung magkano to,i don t know how much it is,wala ko kabalo kiung tagpila ni
ayaw ko talagang umalis ka,i really don t want you to leave,dili ko gusto mulakaw ka
ipakita sa akin,show me,ipakita sa ako
ipakita mo sa akin,show me,ipakita sa akoa
ipakita niyo sa akin,show me,ipakita ninyo sa akoa
nagsinungaling si,lied,namakak si
umalis si,left,nilakaw si
natalo si,lost,napildi si
wala na si,is gone,nawala si
kumaway si,waved,nangamay si
lalangoy ka ba kasama si,will you swim with,mulangoy ba ka kauban si
ngumiti si,smiled,nagpahiyom si
ang bawat tao y sumigaw,everyone shouted,ang kada katawhan nisinggit
mayroon bang mga problema na dapat naming malaman,are there any problems we should be aware of,naa bay problema nga dapat mi masayod
ang bawat tao y ngumiti,everyone smiled,ang kada katawhan kay nagpahiyom
ang bawat tao y naghintay,everyone waited,ang kada katawhan kay nag hulat
natalo kami,we lost,napildi mi
sa loob ng ilang minuto nakain na ni ang lahat ng pagkain sa mesa,within minutes had eaten all the food on the table,sa sulod sa pila ka minuto nakaon na ni ang tanang pagkaon sa lamesa
naaalala namin,we remember,nahinumdoman namo
sumuko kami,we gave up,misurender nami
nag usap kami,we talked,nakig istorya mi
naghintay kami,we waited,naghulat mi
nanalo kami,we won,nadaog mi
naghintay si,waited,naghulat si
higit na maikli ang kanyang hintuturo kaysa sa kanyang palasingsingan,his index finger is shorter than his ring finger,labaw pang gamay ang iyang panagtudlo nga tudlo kaysa sa iyang tudlong pang singsing
humihilik si,snores,nagahagok si
mukha siyang may sakit na tao,he looks like a sick person,mura siyag masakiton na tao
hindi ko na ulit sayo sasabihin,i won t tell you again,di na nako ni utruhon ug sukti kanimo
hindi siya mapapagkatiwalaan,he cannot be trusted,dili siya kasaligan
maari mo bang ibigay sa akin ang lokasyon ng tirahan ni to,can you give me the location of to s residence,mahimo ba nimong mahatag sa akoa ang nahimutangan sa balay ni
huminga ng malalim si,took a deep breath,niginhawa ug lawom si
halatang matalino kang bata,you are obviously a smart kid,klaro nga maantigo ka na bata
bumibili sila ng gulay sa pamilihan,they buy vegetables in the market,nagapamalit sila ug gulay sa palitanan
nagbayad si,paid,nibayad si
tumingin si,looked,nitanaw si
nakinig si,listened,naminaw si
tumawa si,laughed,nikatawa si
alam ni,knows,nakahibalo si
tumalon si,jumped,niambak si
nakinig ng mabuti sa akin si,listened to me carefully,naminaw ug maayo si
nahimatay si,passed out,nakuyapan si
nawalan ng malay si,fainted,nawadag kasayoran si
nakawala si,got away,nakawala si
nalunod si,drowned,nalumos si
nagmaneho si,drove,nagdrayb si
nagmamaneho si,is driving,nagadrayb si
umiinom si,is drinking,nagainom si
nagsayaw si,danced,nisayaw si
umiyak si,cried,nihilak si
umubo si,coughed,niubo si
umamin si,admitted,niamin si
alam ng bawat tao ang aming mga pangalan,everyone knows our names,nakabalo ang mga katawhan sa among mga pangalan
nangdadaya si,is cheating,nagapanikas si
sobrang putla mo,you are so pale,grabe nimo ka luspad
nangdaya si,cheated,nanikas si
tumawag si,called,nitawag si
dumighay si,belched,nidighay si
kumurap si,blinked,namilok si
maari mo bang ipaalam sa akin kapag nakarating na si,could you please let me know when arrives,mahimo ba nimo ipahibalo sa ako kung muabot na si
sumagot si,replied,nitubag si
sumasangayon si,is flying,niuyon si
sumangayon si,agreed,nakauyon si
gumagana ito,it works,mugana ni
mabuti kang tao,you are a good person,maayo kang tao
nagsinungaling sila,they lied,nagapamakak sila
umalis sila,they left,nihawa sila
tumawa sila,they laughed,nikatawa sila
nagyakapan sila,they hugged,nag gakos sila
nahulog sila,they fell,nahulog sila
nakawala sila,they got away,nakatakas sila
nawala sila,they disappeared,nawala sila
nagsayaw sila,they danced,nisayaw sila
nagsayawan sila,they danced,nagsinayaway sila
sumayaw sila,they danced,nisayaw sila
tatlong taon kang mas bata kay,you are three years younger than,tulo ka tuig imong kabata kay
nanatili sa bahay si buong araw kahapon,stayed at home all day yesterday,nagpabilin sa balay si tibuok adlaw
sinabi ko sa kanya kung ano ang aking nakita,i told him what i saw,giingon nako sa iyaha kung unsa akong nakita
sinabi ko sa kanya kung anong nakita ko,i told him what i saw,giingon nako niya kung unsa akong nakita
tumawag sila,they called,nitawag sila
gumagana yoon,that works,mugana na
gumana yoon,that worked,nigana to
nasunog sila,they burned,nasunog sila
nakatulong iyon,that helped,nakatabang to
manatili ka dito,stay here,pagpabilin diri
magsimula kang magsulat,you start writing,pagsugod na ug sulat
simulan ang pagsusulat,start writing,sugdan na ang pagsulat
simulan ang pagkanta,start singing,sugdi na ang pagkanta
magsimula kang kumanta,you start singing,pagsugod na ug kanta
simulan ang pagtakbo,start running,sugdi ang pagdagan
magsimula kang tumakbo,you start running,pagsugod na ug dagan
magumpisa ngayon,get started now,magsugod karun
magsimula dito,start here,magsugod diri
simulan ang pagbibilang,start counting,sugdi na ang pagbilang
magsimula ng pagbibilang,start counting,pagsugod na ug pag bilang
manatiling alisto,stay alert,pagpabiling abtik
manatiling gising,stay awake,pagpabiling mata
sa tingin ko parehong nagsisinungaling si at,i think both and are lying,sa akong pananaw parehas nagapangatik si ug
isa na lang ang mayroon tayo,we only have one more,isa nalang ang naa ta
naalala ko ang gabing iyon,i remember that night,nakahinumdom ko ato nga gabii
nahain na ang almusal,breakfast has been served,niana na ang pamahaw
nagiwan ako ng nota sa ilalim ng pinto,i left a note under the door,nagbilin ko ug sulat ilalom sa pultahan
mayroong batang lalaki,there is a boy,naa y batang lalaki
mayroong sumigaw,someone shouted,naa y nagasinggit
mayroong nagbago,something has changed,naa y nagbago
bumalik agad agad,be right back,nibalik dayun
ayaw kong mag alala ka,i don t want you to worry,dili ko gusto mabalaka ka
walang nakaintindi,no one understood,wala y nakasabot
walang nakakaalala,no one remembers,wala y naka hinumdom
walang nakikinig,no one listens,wala y nagapaminaw
walang may pakialam,nobody cares,wala y naa y palabot
walang tumawag,no one called,wala y nagatawag
walang sumagot,no one answered,wala y naga tubag
kabisaduhin ito,memorize it,pagsaulo hon nato ni
hindi naman ako kinabahan,i wasn t nervous at all,wala man ko nakulbaan
patawarin mo kami,forgive us,pasayloa mi
patawarin niyo kami,please forgive us,pasayloa mi ninyo
kalimutan si,forget,kalimtan si
sundan si,follow,sunda si
tapusin ito,finish it,humanon ni
hanapin si,find,pangitaa si
gusto mo ba ang iyong mga katrabaho,do you like your coworkers,ganahan ba ka sa imong mga kauban sa trabaho
lahat ay nagbago,everything has changed,tanan nagbago
ang bawat tao y tumayo,everyone stood up,ang kada katawhan mitindog
lahat ay nagbabago,everything changes,tanan kay magbago
ang bawat tao y nanalangin,everyone prayed,ang kada katawhan kay nag ampo
ang bawat tao y tumingin,everyone looked,ang kada katawhan kay mitanaw
nakatakas ang lahat,everyone escaped,nakatakas ang tanan
naghintay ang lahat,everyone waited,naghulat silang tanan
nanatili ang lahat,everyone stayed,nagpabilin silang tanan
ngumiti ang lahat,everyone smiled,nagphiyom silang tanan
nagbayad ang lahat,everyone paid,nibayad silang tanan
umalis ang lahat,everyone left,nihawa silang tanan
lahat ay umalis,everyone left,silang tanan kay nihawa
alam ng lahat,everyone knows,nakahibalo ang tanan
magdala ng pagkain,bring food,modala ug pagkaon
magdala ka ng pagkain,bring food,pagdala ug pagkaon
magdala kayo ng pagkain,bring food,pagdala mo ug pagkaon
magdala ng tulong,bring help,modala ug tabang
magdala kayo ng tulong,bring help,pagdala ug tabang
magdala ng ka ng tulong,bring help,pagdala mo ug tabang
magdala ng alak,bring wine,modala ug ilimnon
magdala ka ng alak,bring some wine,pagdala ug ilimnon
magdala kayo ng alak,bring some wine,pagdala mo ug ilimnon
buhatin ito,lift it up,kargaha
buhatin mo ito,lift it up,kargaha ni
buhatin niyo ito,lift it up,bitbita ni ninyo
magtanong tanong,ask questions,mag sigeg pangutana
kumindat si,winked,nangindat si
tumatawa ang lahat,everyone laughs,nangatawa ang tanan
sulong,forward,sugod
sumulong ka,go ahead,magpadayon ka
sumulong kayo,move forward,padayon kamo
lapit,close,duol
lumapit kayo,come closer,duol mo
lumapit ka,come closer,duol sa gud
pumasok kayo,come in,sulod kamo
halikayo,come on,ali mo dire
pagpalain ka,bless you,panalanginan ka
nakarinig kami ng putok ng baril,we heard a gunshot,nakadungog mi ug buto sa pusil
naliligo ako araw araw,i take a bath every day,adlaw adlaw mi naga ligo
hindi ako nagsusuot ng sapatos sa loob ng bahay ko,i don t wear shoes inside my house,dili ko naga sulob ug sapatos sa sulud sa balay
hindi ako nagsusuot ng sapatos sa loob ng aking bahay,i don t wear shoes inside my house,dili ko naga sulob ug sapatos sa sulud sa akoang panimalay
nangongolekta ng mga lumang barya si,collects old coins,naga kolekta si ug mga sensillyo
sinong kumain,who ate,kinsa ang nagkaon
dumating si,arrived,si niabot
kakainin mo ba ito,will you eat it,mokaon ka ani
mas malaki sa akin si,is bigger than me,mas dako si sa ako
gusto ni magsalita,wants to talk,gusto ni mo storya
salamat sa iyong nakalipas na imbitasyon,thank you for your past invitation,salamat sa imohang miaging inbetasyon
kaya kong magmaneho ng kotse,i can drive a car,kaya nako mag drayb ug sakyanan
marunong akong magmaneho,i know how to drive,kamao ko mo drayb
naiwan ko ang aking susi sa aking kuwarto,i left my key in my room,nabilin nako ang akoang yabe sa akoang kwarto
hinuhugasan ko ang aking mga medyas,i wash my socks,ginahugasan nako akoang mga medyas
wala akong pagkain sa bahay ko,i have no food in my house,wala nako y pagkaon sa akoang balay
laging tumatahol ang aso ko,my dog is always barking,perme ga uwang ang iro nako
laging tumatahol ang aking aso,my dog is always barking,perme ga uwang ang akoang iro
parang magkapatid kami ni,and i are like brothers,mura mi ug igsuon ni
nagkamali ako tungkol sa kanya,i was wrong about him,namali ko labot sa iya
masyadong malamig para lumangoy ako,it s too cold for me to swim,bugnaw ra kaayo para mo salom ko
hindi ko inakala na gagawin talaga ni,i didn t think would actually do it,wala ko nag dahom na buhaton gyud ni
ikaw o ako,you or me,ikaw o ako
nauubusan ng gasul si,is running out of gas,mahutdan na ug gasul si
bakit sila galit,why are they angry,ngano nasuko sila
hindi natin siyang hahayaang mamatay,we will not let him die,dili nato siya pasagdan nga mamatay
ano sa tingin mong kaya kong gawin para kay,what do you think i can do for,unsa sa tanaw nimo ang makaya nako buhaton para kay
nakakita ka na ba ng balena,have you ever seen a whale,nakakita na ba ka ug balyena
tumatakbo ang ating mundo sa koryente,our world runs on electricity,naga dagan ang atong kalibutan sa kuryente
paki sarado ng pinto,please close the door,paki sirado sa pultahan
ito ay isang matandang libro,this is an old book,kini kay isa ka karaan nga libro
ito ay isang matandang aklat,this is an old book,kini kay usa ka daan nga basahon
noong bata ako wala akong kinakatakutan,when i was young i was afraid of nothing,kadtong bata pako wala koy ginakahadlokan
dapat kong sabihin kay,i should tell,angay nako iingon kay
pinanganak siya sa ika na siglo,he was born in the th century,natawo siya sa ika dyesinwebe na siglo
nagbago si,has changed,nagbag o si
sinong nahulog,who fell,kinsay natagak
nahulog si,fell,natagak si
nagsisinungaling si,is lying,nagapangatik si
nakikinig si,is listening,nagapaminaw si
mayroong kaibigan si na nasa bilangguan,has a friend who is in prison,si naay higala sa prisohan
hindi dapat ginawa ni ang kanyang ginawa,should not have done what he did,wala unta gibuhat ni katong iyang gibuhat
sumuko si,gave up,nisuko na si
gusto ko lang malaman kung anong nangyari,i just want to know what happened,gusto nako mahibalan kung unsay nahiatbo
naglayas si,ran away,milayas si
binayaran ako ni,paid me,gibayran ko ni
binato niya yung aso ng bato,he threw a stone at the dog,gilabayan niya ang iroo ug bato
kasal ako,i am married,minyo na ko
nakahawa ang pagtawa,laughter is contagious,makatakod ang katawa
sa kanya ang bahay na iyon,that house is his,iyaha to nga balay
nakahuli ako ng tatlong isda kahapon,i caught three fish yesterday,gahapon nakadakop ko ug tulo ka isda
imposible yoon para sa akin,that is impossible for me,imposible kana alang kanako
puwede kang umuwi kung gusto mo,you can go home if you want,pwede ka mopauli kubng gusto nimo
naghintay ako ng sampung minuto,i waited ten minutes,nag hulat ko ug napulo ka minuto
hinanap namin siya,we looked for him,gipangita namo siya
nag usap sila buong gabi,they talked all night,nag istorya sila tibuok gabii
anong oras ka aalis,what time are you leaving,unsang orasa ka mo hawa
naniniwala si na tama siya,believes he is right,nagatuo si na husto siya
ayaw kong suportahan si,i don t want to support,dili ko gusto suportahan si
mayroon kang lagnat,you have a fever,gihilantan ka
mayroon siyang bisikleta,he has a bicycle,naa siyay biseklita
magiging mag isa ako,i will be alone,mag inusara ko
hindi mo ako kailangang pasalamatan,you don t have to thank me,dili nimo kailangan nga pasalamatan ko
kailangan namin ng pagkain mga damit at bahay upang mabuhay,we need food clothes and house to survive,kinahanglan namo ug pagkaon mga sinina ug balay aron mabuhi
nagkatotoo ang pangarap ni mayuko,mayuko s dream came true,natuman ang pangandoy ni mayuko
atras,back off,balik
nanuroy,nanuroy,gituyo nimo
ano ang iyong katutubong wika,what is your native language,unsa ang imong lumad na sinultian
hindi ko iyon isinulat,i didn t write that,wala nako to gisulat
saan ako magsisimula,where do i start,asa ko mag sugod
kahit humingi siya ng tawad galit pa rin ako,even though he apologized i was still angry,bisag mangayo pa siya ug pasaylo nasuko ra gihapon ko
walang makakaalam,no one will know,walay nakahibalo
maraming tao ang nagsasalita ng pranses sa aprika,many people speak french in africa,daghang tao ang naga sulti ug pranses sa aprika
tahimik siyang tao,he is a quiet person,hilumon sya na tao
namasyal kami kahapon kasama ang mga anak ko kaibigan ko kaya pag uwi ko pagud na pgud ako,we went for a walk yesterday with my children friends so when i got home i was tired,nanuroy mi gahapon kauban akong mga anak higala ko maong pag uli nako gikapoy kaayo ko
nagpahinga lang sandali tapos nagluto para sa hapunan,just rested for a while and then cooked for dinner,nagpahuway lang kadiyot dayon nagluto alang sa panihapon
bitawan mo siya,let him go,buhii siya
pakawalan mo siya,let him go,buhii siya
kamusta,hello,kumusta
lumipat si sa australya,moved to australia,si mibalhin sa australya
marami akong naipong pera,i have saved a lot of money,daghan nakog natigom na salapi
madalas nakukuha ni ang gusto niya,often gets what she wants,kanunay makuha ni ang gusto niya
kakaalis lang ng bus,the bus just left,mao pay paglarga sa bus
sino ang nauna sa inyo,who came before you,kinsa ang nauna sa inyo
sino may gusto ng sorbetes,who likes ice cream,kinsay ganahan og ice cream
kailangan ka namin dito ngayon din,we need you here right now,kinahanglan ka namo karon
siya ay isang napakasamang tao,he is a very bad person,siya kay usa ka tawo nga dili maayo
nasaan ang mag aaral,where is the student,asa ang estudyante
nasa silid aralan ang mag aaral,the student is in the classroom,naa sa classroom ang estudyante
subukan natin to,let s try it,sulayan nato kini
di ito matatapos,it won t end,dili kini mahuman
di ko lang talaga alam kung ano sasabihin,i just don t know what to say,wala lang gyud ko kabalo kung unsa akong isulti
di ako magugulat,i won t be surprised,dili ko matingala
ayoko nyan,i don t want that,dili ko ana
sana makapunta ako ng japan,i hope i can go to japan,unta makaadto ko sa japan
salamat sa iyong paliwanag,thanks for your explanation,salamat sa imohang pagpasabot
di maaari,can t,dili pwede
tahan na,hold on,hilom na
maaari ba akong magtanong,can i ask a question,pwede ba ko mangutana
anong gusto mo,what do you want,unsay gusto nimo
nawala ko ang aking pitaka,i lost my wallet,nawala nako akoang pitaka
tingnan mo ako pag kinakausap kita,look at me when i m talking to you,tanawa ko pag gina istoryahan tika
masakit ang ulo ko,i have a headache,sakit akong ulo
sarhan mo ang pinto pag alis mo,close the door when you leave,sirad i ang pultahan pag mogawas ka
di ako magpapatalo,i will not lose,dili ko mag papildi
may klase ako bukas,i have class tomorrow,naa koy klase ugma
nawala sya na parang bula,he disappeared like a bubble,nawala siyag pinakalit
wag mo kaming kalimutan,don t forget us,ayaw mi ug kalimti
wala akong pakialam,i don t care,wala koy labot
mabuting tao sya,he is a good person,siya usa ka maayong tawo
maliligo na ako,i m going to take a shower,maligo nako
gusto mong sumama,do you want to come along,gusto ka mo kuyog
kukunin ko sya,i will get him,kuhaon nako siya
di akin ang mga ito,they are not mine,dili sila akoa
ayoko bumagsak sa aking mga pagsusulit,i don t want to fail my exams,dili ko gusto nga mapakyas sa akong pasulit
wala na akong maisip,i can t think of anything else,wala nakoy mahunahunaan
may pangsulat ka,do you have something to write,naa kay panuwat
walang duda,no doubt,walay pagduha duha
akala ko totoo yun,i thought that was true,abi nakog tinuod to
sukli mo,change it,kambyo nimo
pasensya na wala akong panukli,i m sorry i don t have an initial,pasaylo wala koy pang kambyo
sino sila,who are they,sila kinsa na
di ako sang ayon sa kanya,i don t agree with him,dili ko uyon sa iya
kilala mo sya,do you know him,kaila ka sa iya
pagupit ka na ng buhok,cut your hair now,putli nana imong buhok
mag aral kang mabuti,study hard,pagtuon ug tarong
sino ang hinihintay mo,who are you waiting for,kinsa imong gipaabot
maputla ka,you are pale,nang luspad ka
ipinagmamalaki kita,i m proud of you,gina pang hambog tika
marunong kang magmaneho ng sasakyan,do you know how to drive a car,kabalo ka mo drayb ug awto
humingi ka ng tawad,you apologize,pangayo ug pasaylo
nagsinungaling ka sa akin di ba,you lied to me didn t you,diba namakak man ka sa ako
bakit ka liban kahapon,why were you absent yesterday,nganong wala ka gahapon
galingan mo,you re from,tarunga ha
mahuhuli ka na sa eskwela,you will be late for school,maulahi naka sa eskwelahan
nahulog mo ang lapis mo,you dropped your pencil,natagak nimo imong lapis
hindi ka duwag,you are not a coward,dili ka tanga
nabasa mo ba lahat,did you read it all,nabasa ba nimo tanan
hindi ka nag iisa,you are not alone,wala ka nag inusara
hindi ka na bata,you are not young anymore,dili naka bata
hindi ka nagbago,you haven t changed,wala ka nag bag o
bakit di ka makakapunta,why can t you go,nganong dili ka maka adto
meron ka bang gusto,do you want anything,naa kay ganahan
maaasahan mo si,you can count on,makasalig ka kay
paano kayo nagkakilala,how did you meet,giunsa ninyo pagkailaila
itigil mo na ang paninigarilyo,stop smoking,undangi na kanang sige ug panigarilyo
masyado kang mareklamo,you complain too much,reklamador kaayo mo
bayad po,pay it,bayad nako
kamusta,hello,kumusta
pakidalian,please hurry,pakidali palihug
para,for,diri lang
tara,come on,tara
pagsisisihan niya ito,he will regret it,iya kining kamahayan
wala kang mahahanap na iba na gagawa niyan para sa iyo,you won t find anyone else to do that for you,wala kay makita na lain nga mo himo ana para sa imo
may sakit ang lolo ko,my grandfather is sick,naay sakit akong lolo
nasa taas silang lahat,they are all up,naa sila tanan sa taas
paano niya babayaran ang kanyang mga utang,how will he pay his debts,unsaon niya pagbayad ang iyang mga utang
hindi pa magaling ang sugat,the wound has not yet healed,wala pa naayo akong samad
nandito kami para protektahan ka,we are here to protect you,naa rami dire aron panalipudan ka
nandito kami upang maprotektahan ka,we are here to protect you,ania kami aron mapanalipdan ka
kilala ang piyanistang ito para sa kanyang pagkadalubhasa,this pianist is known for his mastery,kini nga pianista naila sa iyang kahanas
huwag mo akong lisanin dito sa disyerto,don t leave me here in the desert,ayaw kog biyai dinhi sa disyerto
maaari nilang buksan ang bintana,they can open the window,pwede nila ablihan ang bintana
maaari mong buksan ang bintana,you can open the window,pwede nimo ablihan ang bintana
maaari niyong buksan ang bintana,you can open the window,pwede ninyo ablihan ang bintana
alam nga namin iyon,we know that,kabalo na gane mi ato
alam nga natin iyon,we know that,kabalo na ta ato
dumaan kami ng botika bago kami umiwi sa bahay,we stopped by the pharmacy before heading home,ni hapit pami sa botika usa mi ni uli sa balay
nagbuo sila ng maliit na nayon sa isang isla,they built a small village on an island,naghimo sila ug usa ka gamay nga baryo sa usa ka isla
ngumuya ng butas sa pader ang daga,the rat chewed a hole in the wall,gi kitkit sa daga ang buslot sa pader
nagasawa siya ng napakagandang babae,he married a very beautiful woman,nangasawa siya ug gwapa kaayo nga babaye
maraming salamat mga kaibigan,thank you very much friends,daghang salamat mga higala
dalawang taon kang masbata kay,you are two years younger than,mas bata kag duha ka tuig kontra kay
ang taong iyon ay may nunal sa gilid ng kanyang mata,that person had a mole in the corner of his eye,kana nga tawo adunay alom sa kilid sa iyng mata
sila ay nakaupo sa mesa,they are sitting at the table,naglingkod sila sa lamesa
nakaupo sila sa mesa,they are sitting at the table,nanglingkod sila sa lamesa
kilala ko ang mga babaeng iyon,i know those girls,kaila ko atong mga babaye
ang bilis ng tibok ng aking puso,the speed of my heart beat,ka paspas sa pitik sa akng kasingkasing
nagpakamatay ba si,did kill himself,nag hikog ba si
ito ay kakaiba,it s weird,kini katingad an
iyan ay kakaiba,that s weird,katingad an kana
sino ang tumutugtog ng piano,who plays the piano,kinsa ang nag pa tugtog sa piano
hindi sila makapag lakbay dahil may problemang naganap,they couldn t travel because something went wrong,dili sila madayun ug lakaw kay naay problema nga nahitabo
hindi sila makapag biyahe dahil may problemang naganap,they couldn t travel because there was a problem,dili sila makabiyahe tungod sa usa ka problema nga nahitabo
naglabas siya ng isang itlog,she released an egg,nagpagawas siya ug usa ka itlog
kinailangan ni na magsimula ulit,had to start over,kinahanglan nga magsugod pag usab si
ito ay libro ni tony,this is tony s book,kini kay libro ni tony
kay tony ang librong ito,this book belongs to tony,kay tony kini na libro
ito ay aklat ni tony,this is tony s book,kini ang libro ni tony
kay tony ang aklat na ito,this book belongs to tony,kini nga libro iya ni tony
gusto kong sabihin sa kanya na mahal ko siya,i want to tell him that i love him,gusto nako isulti sa iya nga gihigugma ko siya
dapat mong bitawan ang paninigarilyo at pag inom,you should give up smoking and drinking,kinahanglan nga mohunong ka sa pagpanigarilyo ug pag inom
may problema ka ba sa kanila,do you have a problem with them,adunay ba kay problema sa ila
maaari kang sumama kung gusto mo,you can come along if you want,pwede ka mo kuyog kung gusto nimo
hindi umamin ng kahit ano si,didn t admit anything,wala ni tug an bisag unsa si
madalas humiga sa damo ang aking aso,my dog often lays on the grass,ang akong iro kanunay nagahigda sa kasagbutan
nagtatanghalian siya ngayon,he is having lunch now,naniudto siya karon
mayroong malaking apoy kagabi,there was a big fire last night,adunay usa ka dakong sunog kagabii
nagmamadali siyang mahabol ang tren,he is in a hurry to catch up with the train,nagdali dali siya nga makaapas sa tren
kaunti na lang ang natitirang kape sa kaldero,there was only a little coffee left in the pot,gamay na lang ang nabilin nga kape sa kaldero
ang kroasya ay nasa timog silangang bahagi ng europa,croatia is in the southeastern part of europe,ang croatia kay naa sa habagatan sidlakang bahin sa europa
ang bansang kroasya ay nasa timog silangang bahagi ng europa,the country of croatia is in the southeastern part of europe,ang nasud croatia kay naa sa habagatan sidlakang bahin sa europa
kailangan mong magtrabaho hindi mag isip,you have to work not think,kinahanglan nimo magtrabaho ayaw hunahunaa
mas maraming pamasko ang natanggap ng aking babaeng kapatid,my sister got more christmas presents,mas daghan ug nadawat nga pamasko ang akong iguson nga babaye
mas maraming aginaldo ang natanggap ng aking babaeng kapatid,my sister received more presents,ang akong igsoon nakadawat ug daghang mga regalo sa pasko
nasa bilangguan na ngayon si,is now in prison,naa na sa prisohan karon si
ako ay lubos na bigo,i am very disappointed,ako kay medyo na pakyas
wala nang makakapigil sa akin ngayon,nothing can stop me now,wala y makapugong kanako karon
wala nang asukal,no more sugar,wala nay asukar
tumawag ako sayo kagabi upang ibigay ang mabuting balita,i called you last night to give you the good news,nitawag ko sa imo kagabii aron ihatag sa imo ang maayong balita
tinawagan kita kagabi upang ibigay ang mabuting balita,i called you last night to give the good news,gitawagan tika gabii aron ihatag sa imo ang maayong balita
kailangan ko pa rin ng tulong mo sa paghahanap ng aking mga susi,i still need your help finding my keys,kinahanglan nako ang imong tabang sa pagpangita sa akong mga yabi
gaano kalaki ang iyong pamilya,how big is your family,unsa kadako imong pamilya
gusto ko ng kutsilyo,i want a knife,gusto ko og kutsilyo
nakakita ako ang isang lobo isang soro at isang kuneho,i saw a wolf a fox and a rabbit,nakita ko ug usa ka lobo usa ka singgalong ug usa ka koneho
nakatira ka ba sa turkey,do you live in turkey,sa turkey ba ka nag puyo
naninirahan ka ba sa turkey,do you live in turkey,nagpuyo ba ka sa turkey
may nanunuod sayo,someone is watching you,naay nag tanaw sa imo
malubha ang naging sakit ni,was seriously ill,grabe
nabigo si,failed,napakyas si
sobrang asim ng prutas na ito,this fruit is very sour,grabe ka aslom aning prutasa uy
napaka asim ng prutas na ito,this fruit is very sour,aslom kaayo kini nga prutas
kinailangan naming maglakad pauwi,we had to walk home,kinahanglan namo nga maglakaw pauli
ang biktima ay namatay sa isang ospital sa boston,the victim died at a boston hospital,ang biktima kay namatay sa usa ka hospital sa boston
namatay ang biktima sa isang ospital sa boston,the victim died at a boston hospital,ang biktima namatay sa usa ka hospital sa boston
napakahirap talaga ng buhay minsan,life is really hard sometimes,lisud gyud ang kinabuhi usahay
sobrang hirap talaga ng buhay minsan,life is really hard sometimes,grabe ka lisud gyud ang kinabuhi usahay
anong mangyayari kung hindi tayo bigyan ni nanay ng pera,what will happen if mom doesn t give us money,unsa man ang mahitabo kung dili ta hatagan ug salapi ni mama
magdamag silang nagsayawan,they danced all night,nag sayaw sila tibuok gabii
bago ang mga libro ng estudyanteng ito,these student books are new,ang mga libro sa estudyante kay bag o
bago ang mga aklat ng estudyanteng ito,these student books are new,ang mga libro sa estudyante kay bag o
bago ang mga aklat ng mag aaral na ito,these student books are new,bag o ang mga libro sa mga estudyante
bago ang mga libro ng mag aaral na ito,these student books are new,ang mga libro sa estudyante kay bag o
ginawa ko na ang aking takdang aralin,i have done my homework,nahuman na nako ang akong buluhaton
lumipad ang mga ibon patimog sa paghahanap ng init,birds fly south in search of warmth,ni lupad ang mga langgam sa habagatan sa pag pangita ug init
hindi ako nanunuod ng palabas na iyon,i don t watch that show,wala ko ni tanaw ato na salida
hindi ko pinapanuod ang palabas na iyon,i don t watch that show,dili ko naga tanaw ato nga salida
sinugod nila ang mga kalaban,they rushed the enemies,gisulong nila ang mga kontra
ibabalik ko ang libro sa lalong madaling panahon,i will return the book as soon as possible,ibalik ra nako ang libro sa labing dali na panahon
ibabalik ko ang aklat sa lalong madaling panahon,i will return the book as soon as possible,ibalik ra nakao ang basahon sa labing dali na panahon
sinabi niya sa akin ang lahat,he told me everything,giingon niya tanan sa ako
naghintay ako sa labas para sa kanya,i waited outside for him,nag hulat ko sa gawas para sa iyaha
bumibili kami ng mga cd,we buy cds,nagapalit mi ug cd
sa tingin ko sinadya iyon,i think that was intentional,sa tanaw nako iyaha tong gituyo
hindi nangangagat ang mga asong tumatahol,barking dogs don t bite,dili mamaak ang mga iro nga naga uwang
anong oras siya dumating doon,what time did he get there,unsa sya orasa naabot didto
magiging doktor siya pag laki niya,he will be a doctor when he grows up,mahimo na siyang manambalay pag dako niya
binigyan ko ng diksyunaryo ang aking lalaking kapatid,i gave my brother a dictionary,gihatagan nakog diksyonaryo ang akoang igsuon nga lake
mahal ko si,i love,nahigugma ko kay
matalino siya,he is smart,utokan siya
bago ito,this is new,bag o kini
natalo nanaman sila,they lost in turn,na pildi na pud sila
natalo ulit sila,they lost again,pildi na sad sila
hindi sila tumakbo,they didn t run,wala sila ni dagan
eh ikaw,what about you,ikaw uy
ginalit nila ako,they made me angry,gipasuko ko nila
hindi ako sumisigaw,i don t shout,wala ko ni singgit
minahal ko si,i loved,gihigugma nako si
hindi ako uhaw,i m not thirsty,wala ko gi uhaw
mahal ako ni,loves me,naay paghigugma si sa ako
minahal ako ni,loved me,gihigugma ko ni
mayaman ka,you are rich,adunahan ka
ikaw ay mayaman,you are rich,ikaw kay adunahan
hindi ako nagtatrabaho,i don t work,dili ko naga trabaho
hindi ako nagmumukmok,i m not complaining,wala ko nag tanga
halikan mo ako,kiss me,haloki ko
hinalikan ko si,i kissed,gihalokan nako si
niyakap ko si,i hugged,gi gakos nako si
tatawagan kita,i will call you,tawagan nako ka
ako ang nanay ni,i am s mother,ako ang mama ni
niyakap ako ni,hugged me,gi gakos ko ni
kumanta siya ng kanta,he sang a song,ning kanta sya ug kanta
bumalik ka sa loob,go back inside,balik didto sa sulod
hindi nila ako pinansin,they ignored me,wala ko nila tagda
hindi pa ako nakakatulog,i haven t slept yet,wala pa ko nakatulog
ako ang asawa ni,i am s wife,asawa ko ni
tutulungan kita,i will help you,tabangan tika
ito ay mga ibon,these are birds,mga langgam kini
magkapitbahay kami,we are neighbors,silingan ra mi
magkakapitbahay kami,we are neighbors,magkasilingan ra mi
walang asin,no salt,walay asin
kakatapos ko lang,i just finished,bag o ra ko nahuman
nagulat ako,i was surprised,nakuratan ko
nagbibiro lang ako,i m just kidding,nag binuang ra ko
huwag maging sakim,don t be greedy,ayaw pag binuraot
hindi ko pa nasubukan,i haven t tried yet,wala pa nako na sulayan
asawa ko siya,he is my wife,siya akong asawa
hindi ako makatigil,i can t stop,dili nako mapugngan
hindi ako sumigaw,i didn t scream,wala ko ni singgit
may nakita ako,i saw something,naa koy nakitan
mahal kita,i love you,gihigugma ko ikaw
hindi ako makapaghintay,i can t wait,dili nakokahulat
hawakan mo ang kandila,hold the candle,kupti ang kandila
naiintindihan kita,i understand you,kasabot ko sa imo
susundan kita,i will follow you,sundon tika
magtatanong tanong ako sa paligid,i will ask around,mangutana ko sa palibot
nakakatakot ang pagbabago,change is scary,hadlok ang pag bag o
sasama ako,i will go with you,mo uban ko
papayagan ko ito,i will allow it,tugotan ko kini
mayroon akong takdang aralin,i have homework,naa koy asaynment
ako ay taga norway,i am from norway,taga norway ko
taga norway ako,i m from norway,taga norway rako
mahal ko pa rin si,i still love,gihigugma pa nako si
magugustuhan ako ni,will like me,magustuhan ko ni
gusto ba ako ni,does like me,naka gusto kaha si sa ako
hindi siya naninigarilyo,he doesn t smoke,dili sya naga sigarilyo
kailangan ako dito,i m needed here,kinahanglan ko diri
dinala niya ang kanyang aklat,he brought his book,gidala niya iyang libro
dinala niya ang kanyang libro,he brought his book,gidala niya iyang libro
ikaw ang aking kaibigan,you are my friend,ikaw ang akong higala
sira ang panulat,the pen is broken,guba akong pang sulat
nawalan ako ng hikaw,i lost my earring,nawalaan ko ug ariyos
hindi ko hinalikan si,i didn t kiss,wala nako gi halokan si
nananaginip ba si,is dreaming,nagdamgo ba si
handa ba tayo,are we ready,andam na ba ta
handa na ba tayo,are we ready,andam na ba kita
tapos na ba tayo,are we done,humana na ba kita
umuulan nanaman,it s raining,nag ulan na sad
umuulan ulit,it s raining again,ni ulan na pud
hinalikan ni ang aking kamay,kissed my hand,gi halokan ni ang akong kamot
talaga,really,tinuod gyud
bumaba ka dito,get down here,naog diri
umiiyak si eliza,eliza is crying,naghilak si eliza
kumakain ako ng tokwa,i eat tofu,naga kaon ko ug tokwa
sinuwerte sila,they got lucky,suwerte sila
naglakad ako mag isa,i walked alone,nag lakaw ko ako ra usa
gusto ko ang mga pagong,i like turtles,guato nako ang mga pawikan
nagsisinungaling siya,he is lying,namakak na siya
nakita ko si doon,i saw there,nakitan nako si didto
mahal ko ang pagtuturo,i love teaching,gusto nako ang pagtudlo
nakita kong kumurap si,i saw blink,nakitan nako si nga nipirat
bago dito si,is new here,bag o si dinhi
kailangan kong umalis,i have to leave,kinahanglan nako mo lakaw
sinong tinanong mo,who did you ask,kinsay gipangutana nimo
alam kong alam mo,i know you know,kabalo ko na kabalo ka
maaari ba tayong sumayaw,can we dance,pwede ba tika makasayaw
nawala ko ang aking telepono,i lost my phone,nawala nako akoang selpon
oras na ng pagtulog,it s time to sleep,oras na sa pag tulog
gusto kita,i like you,ganahan ko sa imo
alam kong nagsinungaling si,i know lied,kabalo ko nga namakak ra si
hindi ginusto ni na pakasalan si,did not want to marry,dili gusto ni nga pakaslan si
kailangan ka ng pamilya mo,your family needs you,kinahanglan ka sa imong pamilya
bakit mahirap ang pagbabago,why is change difficult,nganong lisud ang pag bag o
magugustuhan ito ng ating mga apo,our grandchildren will love it,ma ganahan ang atong mga apo ani
ito ay isang luntiang kuwaderno,it is a green notebook,kini usa ka berde nga notebook
hindi naramdaman ni ang lindol,did not feel the earthquake,wala ka ramdam ug linog si
sa akin ang panulat na ito,this pen is mine,akoa kining pang sulat
mahilig akong kumuha ng mga litrato,i like to take pictures,ganahan ko naga kuha ug mga piktyurs
si ang bida sa palabas,is the star of the show,si ang bida sa salida
sabihin mo kay na handa na akong umalis,tell i m ready to go,ingna si nga andam nako mo lakaw
sinong nagsabi niyan sayo,who told you that,kinsay nag ingon ana sa imoha
alin dito ang sayo,which one is yours,asa diri imoha
nagising ako mula sa bangungot,i woke up from the nightmare,nakamata ko sa akong damgo
ang mga bata ay mga bisita,children are guests,bisita na ang mga bata
paano ko malulutas ang problemang ito,how can i solve this problem,unsaon nako pag sulbad ani nga problema
lagi silang nag aaway,they always fight,kanunay ra sila naga away
ang pagong ay walang ngipin,the turtle has no teeth,walay ngipon ang pwaikan
tinawagan ni si,called,gitawagan ni si
maglilinis ako ng kuwarto ko mamaya,i will clean my room later,mag limpyo ko sa akong kwarto unya
siya ba ay hapon,is he japanese,hapon na siya
maghugas ka ng kamay,wash your hands,pag hugas didto ug kamot
kailan magugunaw ang mundo,when will the world end,kanusa ang katupasan sa kalibutan
alam ng lahat ang awiting ito,everyone knows this song,kabalo silang tanan anang kantaha
ano ang nangyayari dito,what is going on here,unsay nahitabo dinhi
hindi importante kung ilang libro ang iyong nabasa pero kung anong mga libro ang iyong nabasa,it is not important how many books you read but what books you read,dili hinungdanon kung pila ka mga libro ang imong nabasa apan kung unsang mga libro ang imong nabasa
nagmamaneho si ng ford,drives a ford,naga drayb si
ginising niya si,he woke up,gipukaw niya si
masyado akong iyakin,i cry too much,hilakon kaayo ko
pwede po ba akong makakuha ng mga kupon,can i get coupons,pwede ba ko maka kuha ug kupon
pagkalabas ng dalawa mula sa simbahan tumunog ang kampana,after the two left the church the bell rang,paggawas sa duha sa simbahan nagtingog na ang kampana
maaring gamitin ang itlog bilang sandata,the egg can be used as a weapon,ang mga itlog mahimong magamit nga hinagiban
hindi na naninigarilyo si,doesn t smoke anymore,dili naga panigarilyo si
nakahuli ako ng malaking isda kahapon,i caught a big fish yesterday,nakadakop ko ug dako nga isda gahapon
maraming tao nakapila sa linyang yan,there are many people queuing in that line,daghang taong nakalinya dha sa linya
tahimik siya buong araw,he was quiet all day,hilom ra siya tibuok adlaw
kung di tayo mamamadali hindi natin maabutan ang huling tren,if we don t hurry we won t catch the last train,kung wala ta nag dali dili nato maabsan ang kinalasan na tren
mas mabigat siya kaysa sa akin ng sampung kilo,he is ten kilos heavier than me,mas bugat siya kaysa sa akoa ug diyes kilo
sinisipon daw si,is said to be catching a cold,gi sip on daw si
sandali lang,just a moment,huwat lang
di nakasintas ang sapatos mo,your shoes are not laced,wala naka hikot imong sapatos
kailangan ko ng bagong bisikleta,i need a new bike,kinahanglan nako ug bag o nga bisikleta
may pera ako pambili lang niyan,i have money to buy just that,naa koy salapi pang palit ana
pakidala si dito,please bring here,dalaa sa si diri
walang kasing saya ng naglalakbay nang mag isa,there is nothing like traveling alone,wala y mas makalipay sama sa pagbiyahe nga mag inusara
kumakain ng tsitsaron si,is eating a cucumber,nagakaon si og tsitsaron
kumakain ng ube si,eats pears,nagakaon si og ube
kumakain ng pandesal si,is eating pandesal,nagakaon si og pandesal
kumakain ng tinapay si,eats bread,nagakaon si og pandesal
kumakain ng tsokolate si,eats chocolate,nagakaon si og tsokolate
kumakain ng puto si,eats puto,nagakaon si og puto
kumakain ng puto bumbong si,eats puto bummong,nagakaon si og putong bumbong
kumakain ng ginataan si,is eating a snack,nagakaon si og ginataan
kumakain ng ginataang bilu bilo si,eats the prepared bilu bilo,nagakaon si og ginataang bilu bilo
kumakain ng ginataang monggo si,eats a stuffed mongoose,nagakaon si og monggo
kumakain ng sopas na monggo si,eats mango soup,nagakaon si og sopas na monggo
kumakain ng sotanghon si,is eating sotanghon,nagakaon si og sotanghon
kumakain ng hopia si,eats hopia,nagakaon si og hopia
kumakain ng siopao si,eats siopao,nagakaon si og siopao
kumakain ng pansit palabok si,is eating noodles,nagakaon si og pansit palabok
kumakain ng litson si,is eating roast,nagakaon si og litson
kumakain ng kalamay si,eats consciousness,nagakaon si og kalamay
kumakain ng biko si,is eating biko,nagakaon si og biko
kumakain ng lansones si,eats lansones,nagakaon si og lansones
kumakain ng kutsinta si,is eating cuscinta,nagakaon si og kutsina
kumakain ng saging si,is eating a banana,nagakaon si og saging
kumakain ng pritong saging si,eats fried bananas,nagakaon si og gi nga pritong saging
kumakain ng maja blanca si,eats maja blanca,nagakaon si og maja blanca
kumakain ng maja de ube si,is eating maja de ube,nagakaon si og maja de ube
kumakain ng sinigwelas si,is eating breakfast,nagakaon si og sinigwelas
kumakain ng sinigang na baka si,eats beef porridge,nagakaon si og sinigang na baka
kumakain ng nilagang baka si,eats stewed beef,nagakaon si og nilagang baka
kumakain ng sinangag si,is eating fried rice,nagakaon si og sinigang
kumakain ng tsampurado si,is eating tsampurado,nagakaon si og tsampurado
kumakain ng hawot si,is eating hawot,nagakaon si og hawot
kumakain ng paksiw si,is eating paksiw,nagakaon si og paksiw
kumakain ng dinuguan si,eats blood,nagakaon si og dinuguan
kumakain ng espasol si,is eating espasol,nagakaon si og espasol
kumakain ng pan de ube si,is eating pan de ube,nagakaon si og pan de ube
kumakain ng sago si,eats sago,nagakaon si og sago
kumakain ng gulaman si,eats gelatin,nagakaon si og gulaman
kumakain ng buko pandan si,is eating pandan knuckle,nagakaon si og buko pandan
kumakain ng sago t gulaman si,eats sago and gelatin,nagakaon si og sago t gulaman
kumakain ng adobo si,eats pickles,nagakaon si og adobo
kumakain ng adobong manok si,eats pickled chicken,nagakaon si og adobong manok
kumakain ng adobong baboy si,eats pickled pork,nagakaon si og adobong baboy
kumakain ng menudo si,is eating menudo,nagakaon si og menudo
kumakain ng morcon si,eats morcon,nagakaon si og morcon
kumakain ng embutido si,eats a steak,nagakaon si og embutido
kumakain ng balut si,eats balut,nagakaon si og balut
kumakain ng sapin sapin si,eats layer by layer,nagakaon si og sapin sapin
kumakain ng buko si,eats knuckles,nagakaon si og butong
kumakain ng halo halo si,eats mixed food,nagakaon si og halo halo
kumakain ng pansit buko si,eats knuckle noodles,nagakaon si og pansit buko
kumakain ng pansit luglog si,is eating luglog noodles,nagakaon si og luglog
kumakain ng pansit malabon si,eats malabon noodles,nagakaon si og pansit malabon
kumakain ng sisig si,eats sisig,nagakaon si og sisig
kumain ng buko si,ate a knuckle,nikaon si og butong
kumain ng buko pandan si,ate a knuckle of pandan,nikaon si og buko pandan
kumain ng sisig si,ate sisig,nikaon si og sisig
kumain ng litson si,ate a roast,nikaon si og litson
kumain ng sapin sapin si,ate layer by layer,nikaon si og sapin sapin
kumain ng tsampurado si,ate tsampurado,nikaon si og tsampurado
kumain ng pansit si,ate noodles,nikaon si og pansit
kumain ng tsokolate si,ate chocolate,nikaon si og tsokolate
kumain ng biko si,ate biko,nikaon si og biko
kumain ng suman si,ate something,nikaon si og suman
kumain ng tamales si,ate tamales,nikaon si og tamales
kumain ng lumpia si,ate spring rolls,nikaon si og lumpia
kumain ng halo halo si,ate mixed food,nikaon si og halo halo
kumain ng keyk si,ate a cake,nikaon si og keyk
kumain ng ube si,ate an apple,nikaon si og ube
kumain ng pandesal si,ate pandesal,nikaon si og pandesa
kumain ng pan de ube si,ate pan de ube,nikaon si og pan de ube
kumain ng adobo si,ate pickles,nikaon si og adobo
kumain ng adobong manok si,ate pickled chicken,nikaon si og adobong manok
kumain ng adobong baboy si,ate pickled pork,nikaon si og adobong baboy
kumain ng tinapay si,ate bread,nikaon si og pan
kumain ng paella si,ate paella,nikaon si og paella
kumain ng sorbetes si,ate ice cream,nikaon si og ice cream
kakain ng menudo si,will eat menudo,mokaon og menudo si
kakain ng maiz con hielo si,will eat maiz con hielo,mokaon og mais con yelo si
kakain ng kutsinta si,will eat a piece of cake,mokaon og kutsinta si
kakain ng buko si,will eat a knuckle,mokaon og butong si
kakain ng buko pandan si,will eat a pandan knuckle,mokaon og buko pandan si
kakain ng sinigwelas si,will eat breakfast,mokaon og sinigwelas si
kakain ng pritong saging si,will eat fried bananas,mokaon og pritong saging si
kakain ng tsampurado si,will eat tsampurado,mokaon og tsampurado
kakain ng hawot si,will eat a lot,mokaon og hawot si
kakain ng nilagang baka si,will eat beef stew,mokaon og nilagang baka si
kakain ng sinigang na baka si,will eat beef porridge,mokaon og sinigang na baka si
kakain ng sinangag si,will eat fried rice,mokaon og sinigang si
kakain ng tapa si,will eat tapa,mokaon og tapa si
kakain ng bangus si,will eat bangus,mokaon og bangus si
kakain ng dilis si,will eat anchovies,mokaon og dilis si
kakain ng adobo si,will eat pickles,mokaon og adobo si
kakain ng adobong manok si,will eat pickled chicken,mokaon og adobong manok si nestpr
kakain ng adobong baboy si,will eat pickled pork,mokaon og adobong baboy si
kakain ng biko si,will eat biko,mokaon og biko si
kakain ng litson si,will eat roast,mokaon og litson si
kakain ng alimango si,will eat a crab,mokaon og kasag si
kakain ng taba ng talangka si,will eat talangka fat,mokaon og taba sa langka si
kakain ng hipon si,will eat shrimp,mokaon og pasayan si
kakain ng tahong si,will eat mussels,mokaon og tahong si
kakain ng taho si,will eat taho,mokaon og taho si
gawang kawayan ang kastilyo niya,his castle is made of bamboo,ang iyang kastilyo hinimo sa kawayan
gawang kahoy ang kastilyo niya,his castle is made of wood,ang iyang kastilyo hinimo sa kahoy
gawang bato ang kastilyo niya,his castle is made of stone,ang iyang kastilyo hinimo sa bato
gawang bakal ang kastilyo niya,his castle is made of iron,ang iyang kastilyo hinimo sa baso
gawang bubog ang kastilyo niya,his castle was built,ang iyang kastilyo hinimo sa bakal
naging parang buhangin ang mga bituwin sa galaksiya,the stars in the galaxy became like sand,nahimo ug balas ang mga bitoon sa galaksiya
naging parang buhangin ang mga bituwin sa sanlibutan,the stars of the world became like sand,nahimo ug balas ang mga bitoon sa kalibutan
kumakain ng saging si,is eating a banana,nagakaon ug saging si
iyan ay hindi magandang rason,that s not a good reason,dili na sya nindot nga makatarungan
naiyak ang mga matsin at unggoy sa gubat,the macaws and monkeys in the forest cried,nang hilak ang mga unggoy sa lasang
bawal ang aso sa kanyang siyudad,dogs are not allowed in his city,dili pwede ang iro sa iyang syudad
may puting ibon sa hawla sa hardin,there is a white bird in a cage in the garden,adunay usa ka puti nga langgam sa hawla sa tanaman
umiinom si andres ng isang tsokolate sa tsokolateriya,andres is drinking a chocolate at the chocolatier,si andrew nag inom ug usa ka tsokolate sa tsokolate
naririnig kong malimit ang akala mo y maliit ka,i hear you thought you were small a lot,kanunay kong madungog nga giisip nimo nga gamay ka
hindi nila alam na ang kalawakan ng sansinukob ay talagang talagang malaking malaki,they don t know that the vastness of the universe is really really big,wala sila kabalo nga dako kaayo ang uniberso
parang isang butil ng buhangin ang ating tiyera sa dalampasigan,our tiyera is like a grain of sand on the beach,ang among tiya sa baybayon sama sa usa ka lugas nga balas
talagang malaki ang sansinukob at maliliit ang tao,the universe is really big and people are small,dako gyud ang uniberso ug gamay ang mga tawo
anong ginawa mo ngayong araw,what did you do today,unsay gi himo nimo karong adlawa
humuta sa bugambilya,get off the hook,humuta sa bugambilya
naka kita ka sa bugambilya ni lola,did you see me in grandma s bugamblya,naka kita ka sa bugambilya ni lola
maytag naa tay bugambilya para naay lantawon sa beranda,mayday we have bugambila to look out on the porch,maytag naa tay bugambilya para naay lantawon sa beranda
maaari ba akong humingi ng pabor sa iyo,can i ask you a favor,pwede ko mangayog pabor sa imo
walang nagbigay sa akin niyan,no one gave me that,walay nag hatag sa ako ana
wala akong pupuntahan,i m not going anywhere,wala koy adtoan
ang tubig ay buhay,water is life,ang tubig kay kinabuhi
kumakain si ng tinutong,eats what he learned,nagakaon si og tinutong
kumain si ng tinutong,ate what was taught,nikaon si og tunutong
kakakain si ng tinutong,will eat what he learned,nagakaon si og tinutong
nakain si ng tinutong,ate what he learned,nikaon si og tunutong
kakain si ng tinutong,will eat what he learned,mokaon si og tinutong
ipinakain si ng tinutong,was fed by the apprentice,gipakaon si og tinutong
ipinakakain si ng tinutong,is fed by the apprentice,ginapakaon si og tinutong
ipakakain si ng tinutong,will be fed by the teacher,ginapakaon si og tinutong
kinainan ni ang mangkok ng tinutong,ate the student s bowl,gikaon ni ang paksanan sa tinutong
kinakainan ni ang mangkok ng tinutong,is eating from the bowl of the student,ginakaunan ni ang paksanan sa tinutong
kakainan ni ang mangkok ng tinutong,will eat the bowl of the apprentice,kaunon ni ang panaksan sa tinutong
kinain ni ang tinutong,ate what was taught,gikaon ni ang tinutong
kakainin ni ang tinutong,will eat what he learned,kaunon ni ang tinutong
kinakain ni ang tinutong,eats what he learned,ginakaon ni ang tintuong
ipinagkain ni si celeste ng tinutong,fed celeste with what he had learned,gipakaon ni si celeste og tinutong
ipagkakain ni si celeste ng tinutong,will feed celeste what he learned,pakaunon ni si celeste og tinutong
ipinagkakain ni si celeste ng tinutong,makes celeste eat what he learned,ginapakaon ni si celeste og tinutong
ipinangkain ni ang mangkok ng tinutong,ate the student s bowl,gipakaon ni ang panaksan sa tinutong
ipinangkakain ni ang mangkok ng tinutong,ate the student s bowl,ipakaon ni ang panaksan sa tinutong
ipangkakain ni ang mangkok ng tinutong,will eat the bowl of the apprentice,ipakaon ni ang panaksan sa tinutong
gusto mo bang matutong mag piano,do you want to learn to play the piano,gusto ka makabalo mag piano
ang anchorage ang pinakamalaking siyudad sa alaska,anchorage is the largest city in alaska,ang anchorage ang kinadak ang lungsod sa alaska
isang sirena si,is a mermaid,usa ka sirena si
napakaganda ng mga bituin,the stars are so beautiful,nindot kaayo ang mga bituon
nanonood ng balita si,is watching the news,nag tanaw ug balita si
gusto ko lang matulog,i just want to sleep,gusto lang nako matulog
nagtagpo ang kanilang mga mata,their eyes met,nagtagbo ang ilang mga mata
nagsimula na ang pelikula,the movie has started,nag sugod na ang sine
parang galit sila sa isa t isa,they seem to hate each other,murag nasuko na sila sa usag usa
pareho tayong naguguluhan,we are both confused,parehas rata nalibog
bakit naman tayo tutulungan ni,why would help us,ngano tabangan man ta ni
nakita ko siyang naglinis ng kuwarto,i saw him clean the room,nakitan nako siya nang limpyo og kwarto
ginagawa ko ang takdang aralin pagkauwi mula sa eskwelahan,i do my homework after coming home from school,gina himo nako akong mga buluhatong pag uli nako gikan sa eskwelahan
doon ako makikipagkita sa kanya,i will meet him there,didto nako siya sugaton
itinatanggi mo ba iyon,do you deny that,gilimod ba nimo to
hindi ito mura no,it s not cheap is it,dili kini barato dili ba
ninakawan niya ako ng pera,he robbed me of money,gikawatan kok niya ug salapi
nakakadiri ka,you are disgusting,kaluod nimo uy
sino ang kasama mo magdiwang ng pasko,who are you celebrating christmas with,kinsay kauban nimo mag saulog sa pasko
may koneksyon ang lahat,everything is connected,ang matag usa adunay koneksyon
konektado ang lahat,everything is connected,konektado ang tanan
upo,sit down,lingkod
magkasama silang nagbakasyon,they went on vacation together,uban sila nag bakasyon
hindi pinapakain ng pag asa ang mga pamilya natin,hope does not feed our families,ang paglaum dili makapakaon sa atong mga pamilya
mahalaga ang pamilya,family is important,hinungdanon ang pamilya
merong sumagot,someone answered,naay ni tubag
sumagot ako,i answered,nitubag ko
umiinom ako ng isang tasa ng blubering tsa sa tsahan,i drink a cup of blubering tea in the teapot,nag inom ako usa ka tasa nga nagbula nga tsaa sa kalan
ang kuro ng ibang dalubtala ay may septilyong planeta sa ating sansinukob na may serong karugtong,another astronomer s theory is that there is a septyl planet in our universe with zeros attached,usa pa nga syentista naghunahuna nga adunay pito ka planeta sa atong uniberso ang nga adunay nga mga zero
magtaro keyk muna tayo sa kusina,let s make cake first in the kitchen,mag luto na ta ug keyk sa kusina
magkeyk ng mangga muna tayo sa salas,let s have a mango cake in the living room,mag mangga keyk sa ta sa sala
magkeyk ng ube muna tayo sa salas,let s make an ube cake in the living room,mag ube keyk sa ta sa sala
maayos ang manggang keyk niya,her mango cake is good,maayo ang iyang cake na mangga
magmanggang keyk muna tayo sa salas,let s bake a cake in the living room,mag manggang sa ta didto sa sala
mag ubeng keyk muna tayo sa salas,let s have cake together in the living room,mag ubeng keyk sa ta didto sa sala
nakatakas ang unggoy,the monkey escaped,nakatakas ang unggoy
nawa y ang puwersa ay sumaiyo,may the force be with you,hinaut nga ang kusug mag uban kanimo
nawa y mapasaiyo ang puwersa,may the force be with you,hinaut nga ang kusug mag uban kanimo
nang ibang panahon ay magiging mabuti ang lahat pag asa natin iyon,sometime everything will be fine that s our hope,adlaw nga mamaayo ang tanan gilauman namon kana
nang mabuti ang lahat ngayon ilusyon iyon,when everything is fine now that s an illusion,maayo ang tanan karon kana usa ka ilusyon
walang bansa sa daigdig na ito y ang pag ibig ay hindi nagawang manunula ang mga mangingibig,there is no country in this world where love has not made lovers poets,wala y nasud dinhi sa kalibutan nga ang gugma wala magbuhat mga magbabalak nga magbabalak
nililito ako ng sansinukob at hindi ko maguni guni na umiiral itong relo at wala siyang relohero,the universe confuses me and i can t imagine that this watch exists without a watchmaker,ginalibug ako sa uniberso ug dili ko mahunahuna nga adunay kini nga relo ug wala kini relohero
ako ay parang yaong mga maliliit na bang bang na nanganganinag dahil mababaw sila,i am like those little bang bangs that shine because they are shallow,mura ko ug gagmay nga banger nga nagdan ag tungod kay mabaw
nawa y sumainyo ang puwersa,may the force be with you,hinaut nga ang kusug mag uban kanimo
nawa y mapasainyo ang puwersa,may the force be with you,hinaut nga ang kusug mag uban kaninyo
kakain ba ng melong sorbetes at sariwang tsokolateng keyk,would you like to eat mellow ice cream and fresh chocolate cake,mokaon ba ka ug melon ice cream ug lab as nga tsokolateng keyk
nawa y sumaiyo ang puwersa,may the force be with you,hinaut nga ang kusug mag uban kanimo
mas barako kaysa yaong kay ang kape ko,my coffee is cheaper than s,ang akong kape mas barato kaysa kang
kapeng gulaman ang kinakain ni enrico,enrico eats gelatin coffee,nagkaon si enrico og kape nga gelatin
naniniwala sa libreng sekso at pagmamaluho ang relihiyon ni luis,luis s religion believes in free sex and luxury,ang relihiyon ni luis nagtuo sa libre nga sekso ug kaluho
kung talagang dalubtala ang isip mo walang kuwenta ang magbiyahe simple sa surpasyo ng basketbol na tiyera ang tawag,if your mind is really crazy it s worthless to simply travel to the basketball surface called tiyera,kung nagduhaduha gyud ang imong hunahuna wala y hinungdan nga mobiyahe yano sa basketball stadium nga gitawag og tiyera
magbulay tungkol sa sariling pag iral parte ng kalikasang pagkatao iyon,think about your own existence that s part of the human nature,hunahunaa kini nga hunahuna samtang nakig uban ka sa uban
nilalagyan ni ng kabuti ang nilulutong sopas,puts goodness on the cooking soup,gibutang ni ang mga uhong sa giluto nga sabaw
nilalagyan ni ng luya ang nilulutong sopas,puts ginger on the cooking soup,gibutang ni ang luya sa giluto nga sabaw
nilalagyan ni ng sili ang nilulutong sopas,puts chili on the cooking soup,gibutang ni ang sili sa giluto nga sabaw
nilalagyan ni ng kamote ang nilulutong sopas,puts sweet potato in the cooking soup,gibutang ni ang kamote sa giluto nga sabaw
nilalagyan ni ng kamatis ang nilulutong sopas,puts tomatoes in the cooking soup,gibutang ni ang mga kamatis sa giluto nga sabaw
may ube sa loob ng tinapay ni enrico,there is a pear inside enrico s bread,adunay purpura sa sulud sa pan ni enrico
may ube sa loob ng keyk ni enrico,there is an apple inside enrico s cake,adunay purpura sa sulud sa cake ni enrico
tsokolate ang lasa ng ayskrim ni oscar,oscar s ice cream is chocolate flavored,tsokolate ang lasa ng ayskrim ni oscar
istroberi ang lasa ng ayskrim ni rafael,rafael s ice cream is strawberry flavored,istroberi ang lasa ng ayskrim ni rafael
sana y kumain tayo sa restawrang byetnames,i wish we could eat at a vietnamese restaurant,unta mokaon kami sa restawran sa vietnam
sana y kumain tayo sa restawrang koreano,i wish we could eat at a korean restaurant,unta mokaon kami sa restawran sa korea
sana y kumain tayo sa restawrang hapon,i wish we could eat at a japanese restaurant,unta mokaon kami sa restawran sa chinese
sana y kumain tayo sa restawrang pranses,i wish we could eat at a french restaurant,unta mokaon kami sa restwran sa france
sana y kumain tayo sa restawrang aleman,i wish we could eat at a german restaurant,unta mokaon kami sa restwran sa germany
sana y kumain tayo sa restawrang intsik,i hope we eat at a chinese restaurant,unta mokaon kami sa restwran sa intsik
sana y kumain tayo sa restawrang griyego,i wish we ate at a greek restaurant,unta mokaon kami sa restwran sa greek
sana y kumain tayo sa restawrang meksikano,i hope we eat at a mexican restaurant,unta mokaon kami sa restwran sa mexico
sana y kumain tayo sa restawrang italyano,i wish we could eat at the italian restaurant,unta mokaon kami sa restwran sa italy
sana y kumain tayo sa restawrang brasilyano,i hope we eat at a brazilian restaurant,unta mokaon kami sa restwran sa brazil
sana y kumain tayo sa restawrang portuges,i wish we could eat at a portuguese restaurant,unta mokaon kami sa restwran sa portuguese
sana y kumain tayo sa restawrang kastila,i hope we eat at a spanish restaurant,unta mokaon kami sa restwran sa spain
sana y kumain tayo sa restawrang suweko,i wish we could eat at a swedish restaurant,unta mokaon kami sa restwran sa swedish
sana y kumain tayo sa restawrang danes,i hope we eat at the danish restaurant,unta mokaon kami sa restwran sa denmark
sana y kumain tayo sa restawrang hawayano,i hope we eat at the hawaiian restaurant,unta mokaon kami sa restwran sa hawaii
sana y kumain tayo sa restawrang taylandes,i hope we eat at a thai restaurant,unta mokaon kami sa restwran sa thailand
sana y kumain tayo sa restawrang arabo,i hope we eat at an arab restaurant,unta mokaon kami sa restwran sa arabic
sana y kumain tayo sa restawrang ruso,i wish we could eat at a russian restaurant,unta mokaon kami sa restwran sa russia
umulan nang magaling sa siyudad niya,it rained hard in his city,kusog ang ulan sa iyang lungsod
uulan nang magaling sa siyudad niya,it will rain well in his city,kusog ang ulan sa iyang lungsod
umuulan nang magaling sa siyudad niya,it s raining hard in his city,kusog ang ulan sa iyang lungsod
umulan nang magaling sa kabundukan niya,it rained well in his mountains,maayong miulan sa iyang bukid
uulan nang magaling sa kabundukan niya,it will rain well in his mountains,maayong pag ulan sa bukid
berde ang kulay ng buhok ng halimaw,the color of the monster s hair is green,berde ang kolor sa buhok sa monster
tumingin kay ang halimaw,the monster looked at,gitan aw sa monster si
galing sa kabundukan ang halimaw,the monster came from the mountains,ang monster gikan sa bukid
galing sa karagatan ang halimaw,the monster comes from the ocean,ang monster gikan sa dagat
galing sa disyerto ang halimaw,the monster comes from the desert,ang monster gikan sa disyerto
galing sa ilog ang halimaw,the monster came from the river,ang monster gikan sa sapa
galing sa gubat ang halimaw,the monster came from the forest,ang monster gikan sa giyera
pumunta sa kabundukan ang halimaw,the monster went to the mountains,ang monster mibiya sa bukid
pumunta sa karagatan ang halimaw,the monster went to the ocean,ang monster mibiya sa dagat
umalis sa disyerto ang halimaw,the monster left the desert,gibiyaan sa monster ang disyerto
umalis sa ilog ang halimaw,the monster left the river,gibiyaan sa monster ang suba
umalis sa gubat ang halimaw,the monster left the forest,ni hawa sa lasang ang monster
sa walang pasyensiya nangyayari ang matagumpay na paggawa nang walang ginagawa,without patience successful work happens without doing anything,sa walay pailub malampuson nga pagbuhat nga wala y trabaho ang mahitabo
tatsulok ang mga pinto sa restawran doon,the restaurant doors there are triangular,trianggulo ang mga pultahan didto sa restawran
kuwadrado ang mga pinto sa restawran doon,the restaurant doors there are square,kuwadro ang mga pultahan sa restawran
bilog ang mga pinto sa restawran doon,the restaurant doors there are round,lingin ang mga pultahan sa restawran didto
hindi dapat mag alala si sami tungkol kay layla,sami shouldn t worry about layla,dili kinahanglan mabalaka si sami bahin kang layla
magiging maayos siya,he will be fine,maayo ra siya
dapat tumawid tayo nang ilog,we must cross the river,kinahanglan motabok kita sa suba
ano kaya ang mga kabayo,what are horses,unsa ang mga kabayo
tatsulok ang mga bintana sa restawran doon,the windows in the restaurant there are triangular,trianggulo ang mga bintana didto sa restawran
kuwadrado ang mga bintana sa restawran doon,the windows in the restaurant there are square,kuwadro ang mga bintana sa restawran
bilog ang mga bintana sa restawran doon,the windows in the restaurant there are round,lingin ang mga bintana sa restawran didto
nagbabasa ng libro si gregorio sa restawran,gregorio is reading a book in the restaurant,nagbasa og libro si gregorio sa restawran
nagbabasa ng diyaryo si gregorio sa kapihan,gregorio was reading a newspaper in the cafeteria,gibasa ni gregorio ang usa ka pamantalaan sa kapihan
tatsulok ang mga bintana sa kapihan doon,the windows are triangular in the room there,trianggulo ang mga bintana didto sa kapihan
kuwadrado ang mga bintana sa kapihan doon,the windows in the room there are square,kuwadrado ang bintana didto sa kapihan
bilog ang mga bintana sa kapihan doon,the windows are round in the room there,lingin ang mga bintana didto sa kapihan
tatsulok ang mga pinto sa kapihan doon,there are triangular doors in that room,trianggulo ang mga pultahan didto sa kapihan
bilog ang mga pinto sa kapihan doon,the doors are round in the dining room there,lingin ang mga pultahan didto sa kapihan
tatsulok ang mga mesa sa tsokolateriya roon,the tables in the chocolate shop there are triangular,trianggulo ang mga lamesa didto sa tsokolaterya
bilog ang mga mesa sa tsokolateriya roon,the tables are round in the chocolate shop there,lingin ang mga lamesa didto sa tsokolaterya
pula ang mga mesa sa tsokolateriya roon,the tables in the chocolate shop there are red,pula ang mga lamesa sa tsokolaterya
kulay ube ang mga mesa sa tsokolateriya roon,the tables in the chocolate shop there are purple,ang mga lamesa sa tsokolate didto purpura
berde ang mga mesa sa tsokolateriya roon,the tables in the chocolate shop there are green,ang mga lamesa sa tsokolate didto berde
kulay abo ang mga silya sa kapihan doon,the chairs in the dining room are gray,ang mga lingkuranan sa kapihan didto ubanon
kulay ube ang mga silya sa kapihan doon,the chairs in the dining room are purple,ang mga lingkuranan sa kapihan didto purpura
kulay dalandan ang mga silya sa kapihan doon,the chairs in the dining room are orange,ang mga lingkuranan sa kapihan didto adunay kahel
kulay rosas ang mga silya sa kapihan doon,the chairs in the dining room are pink,ang mga lingkuranan sa kapihan didto adunay rosas
itim ang mga silya sa kapihan doon,the chairs in the dining room are black,ang mga lingkuranan sa kapihan didto itum
asul ang mga silya sa kapihan doon,the chairs in the dining room are blue,ang mga lingkuranan sa kapihan didto asul
dilaw ang mga silya sa kapihan doon,the chairs in the dining room are yellow,ang mga lingkuranan sa kapihan didto adunay dalag
pula ang mga silya sa kapihan doon,the chairs in the dining room are red,ang mga lingkuranan sa kapihan didto pula
puti ang mga silya sa kapihan doon,the chairs in the dining room are white,puti ang mga lingkuranan sa kapihan didto
kulay tsokolate ang mga silya sa kapihan doon,the chairs in the dining room are chocolate colored,ang mga lingkuranan sa kapihan didto brown
berde ang mga silya sa kapihan doon,the chairs in the dining room are green,ang mga lingkuranan didto sa kapihan kay lunhaw
kulay tsokolate ang mga mesa sa kapihan doon,the tables in the cafeteria there are chocolate colored,ang mga lingkuranan didto sa kapihan kay tabunon
berde ang mga mesa sa kapihan doon,the tables in the cafeteria there are green,ang mga lamesa didto sa kapihan kay lunhaw
kulay abo ang mga mesa sa kapihan doon,the tables in the cafeteria there are gray,ang mga lamesa didto sa kapihan kay abohon
siyano ang mga mesa sa kapihan doon,those are the tables in the cafeteria there,ang mga lamesa didto sa kapihan kay siyan
may malaking kuwadradong salamin sa kapihan doon,there is a large square mirror in the living room there,naay dakong kuwadrados nga salamin didto sa kapihan
may malaking tatsulok na salamin sa kapihan doon,there is a large triangular mirror on the table there,naay dakong trianggulo nga salamin didto sa kapihan
may malaking parihabang salamin sa kapihan doon,there is a large rectangular mirror in the room there,naay dakong rektanggulo didto sa kapihan
may malaking bilog na salamin sa kapihan doon,there is a large round mirror on the table there,naay dakong lingin nga salamin didto sa kapihan
may malaking biluhabang salamin sa kapihan doon,there is a large oblong mirror in the living room there,naay dakong pormag itlog nga salamin didto sa kapihan
kulay abo ang gilid ng salamin,the edge of the glass is gray,ang kilid sa salamin kay kolor abo
kulay dalandan ang gilid ng salamin,the rim of the glass is orange,kolor kahil ang kilid sa salamin
kulay ube ang gilid ng salamin,the rim of the glass is purple,kolor bayolet ang kilid sa salamin
puti ang gilid ng salamin,the edge of the glass is white,kolor puti ang kilid sa salamin
kulay tsokolate ang gilid ng salamin,the rim of the glass is chocolate colored,ang kilid sa salamin kay kolor tabunon
asul ang gilid ng salamin,the edge of the glass is blue,kolor bughaw ang kilid sa salamin
pula ang gilid ng salamin,the rim of the glass is red,ang kilid sa salamin kay kolor pula
kulay abo ang gilid ng malaking biluhabang salamin,the rim of the large oblong glass is gray,abohon ang kilid sa dako nga murag itlog na salamin
kulay ube ang gilid ng malaking biluhabang salamin,the rim of the large oblong glass is purple,bayolet ang kilid sa dako nga murag itlog na salamin
kulay dalandan ang gilid ng malaking biluhabang salamin,the rim of the large oblong glass is orange,kolor kahil ang kilid sa dako nga mura itlog na salamin
dilaw ang gilid ng malaking biluhabang salamin,the rim of the large oblong glass is yellow,kolor dalag ang kilid sa dako nga murag itlog na salamin
pula ang gilid ng malaking biluhabang salamin,the rim of the large oblong glass is red,pula ang kolor sa dako nga murag itlog na salamin
kulay tsokolate ang gilid ng malaking biluhabang salamin,the rim of the large oblong glass is chocolate colored,kolor tabunon ang kilid sa dako nga murag itlog na salamin
berde ang gilid ng malaking biluhabang salamin,the rim of the large oblong glass is green,kolor lunhaw ang kilid sa dako nga murag itlog na salamin
kulay abo ang gilid ng bilog na salamin,the rim of the round glass is gray,abohon ang kolor sa kilid sa lingin nga salamin
kulay ube ang gilid ng bilog na salamin,the rim of the round glass is purple,bayolet ang kilid sa lingin nga salamin
kulay kape ang gilid ng bilog na salamin,the rim of the round glass is brown,kolor tabunon ang kilid sa lingin nga salamin
bughaw ang gilid ng bilog na salamin,the rim of the round glass is blue,kolor asul ang kilid sa lingin nga salamin
berde ang gilid ng bilog na salamin,the rim of the round glass is green,kolor lunhaw ang kilid sa lingin nga salamin
pula at berde ang kumot,the blanket is red and green,kolor pula og lunhaw ang kolor sa habol
pula at itim ang kumot,the blanket is red and black,pula og itum ang kolor sa habol
pula at dilaw ang kumot,the blanket is red and yellow,pula ogdalag ang kolor sa habol
pula at puti ang kumot,the blanket is red and white,pula og puti ang kolor sa habol
pula at kulay dalandan ang kumot,the blanket is red and orange,pula og kahil ang kolor sa habol
berde at kulay abo ang kumot,the blanket is green and gray,lunhaw og abohon ang kolor sa habol
berde at kulay tsokolate ang kumot,the blanket is green and chocolate colored,lunhaw og tabunon ang kolor sa habol
berde at biyoleta ang kumot,the blanket is green and violet,lunhaw og bayolet ang kolr sa habol
berde at puti ang kumot,the blanket is green and white,lunhaw og puti ang kolor sa habol
berde at kulay rosas ang kumot,the blanket is green and pink,lunhaw og rosa ang kolor sa habol
berde at itim ang kumot,the blanket is green and black,lunhaw og itum ang kolor sa habol
berde at kulay dalandan ang kumot,the blanket is green and orange,lunhaw og kahil ang kolor sa habol
berde at kulay kape ang kumot,the blanket is green and brown,lunhaw og tabunon ang kolor sa habol
berde at lila ang unan,the pillow is green and purple,lungtian og bayolet ang kolor sa habol
berde at puti ang unan,the pillow is green and white,lungtiang og puti ang kolor sa habol
berde at puti ang kurtina,the curtain is green and white,lungtian og puti ang kolor sa kurtina
berde at biyoleta ang kurtina,the curtain is green and violet,lungtian og bayolet ang kolor sa kurtina
berde at bughaw ang kurtina,the curtain is green and blue,lungtian og asul ang kolor sa kurtina
berde at kulay kape ang kurtina,the curtain is green and brown,lungtian og tabunon ang kolor sa kurtina
puti at pula ang kamiseta,the shirt is white and red,puti og pula ang kolor sa sanina
puti at berde ang kamiseta,the shirt is white and green,puti og luntian ang kolor sa sanina
puti at itim ang kamiseta,the shirt is white and black,puti og itum ang kolor sa sanina
berde at pula ang kamiseta,the shirt is green and red,luntian og pula ang kolor sa sanina
berde at itim ang kamiseta,the shirt is green and black,luntian og itum ang kolor sa sanina
berde at dilaw ang kamiseta,the shirt is green and yellow,luntian og dalag ang kolor sa sanina
berde at kulay dalandan ang kamiseta,the shirt is green and orange,luntian og kahil ang kolor sa sanina
berde at kulay kape ang kamiseta,the shirt is green and brown,luntian og tabunon ang kolor sa sanina
berde at lila ang kamiseta,the shirt is green and purple,luntian og bayolet ang kolor sa sanina
berde at kulay tsokolate ang kamiseta,the shirt is green and chocolate,luntian og tabunon ang kolor sa sanina
pula at puti ang baso,the glasses are red and white,pula og puti ang baso
pula at dilaw ang baso,the glasses are red and yellow,pula og dalag ang baso
pula at itim ang baso,the glasses are red and black,pula og itum ang baso
pula at lila ang baso,the glasses are red and purple,pula og bayolet ang baso
pula at kayumanggi ang baso,the glass is red and brown,pula og tabunon ang baso
berde at pula ang baso,the glasses are green and red,luntian og pula ang baso
berde at puti ang baso,the glass is green and white,luntian og puti ang baso
berde at biyoleta ang baso,the glasses are green and violet,luntian og bayolet ang baso
berde at kulay tsokolate ang baso,the glass is green and chocolate colored,luntian og tabunon ang baso
berde at kulay kape ang baso,the glass is green and brown,luntian og tabunon ang baso
kulay rosas at bughaw ang panuos,the color is pink and blue,rosa og asul ang baso
kulay dalandan at bughaw ang panuos,the color is orange and blue,rosa og asul ang kolor
kulay ube at bughaw ang panuos,the tail is purple and blue,bayolet og asul ang kolor
biyoleta at bughaw ang panuos,the back is violet and blue,bayolet og asul ang kolor
pula at bughaw ang panuos,the tail is red and blue,pula og asul ang kolor
pula at itim ang dyaket,the jacket is red and black,pula og itum ang dyaket
puti at dilaw ang dyaket,the jacket is white and yellow,pula og dalag ang dyaket
berde at dilaw ang dyaket,the jacket is green and yellow,luntian og dalag ang dyaket
berde at puti ang dyaket,the jacket is green and white,luntian og puti ang dyaket
berde at kulay tsokolate ang dyaket,the jacket is green and chocolate,luntian og tabunon ang dyaket
berde at kulay kape ang dyaket,the jacket is green and brown,luntian og tabunon ang dyaket
kulay dayap ang dyaket,the jacket is lime colored,luntian ang dyaket
berde at puti ang sambalilo,the sambalilo is green and white,luntian og puti ang kalo
berde at bughaw ang sambalilo,the sambalilo is green and blue,luntian og asula ng kalo
berde at kulay tsokolate ang sambalilo,the sambalilo is green and chocolate colored,luntian og tabunon ang kalo
berde at kulay kape ang sambalilo,the sambalilo is green and brown,luntian og tabunon ang kalo
kita sa labas ng pulang bintana ang kabilugan ng buwan,i can see the full moon outside the red window,kita sa gawas sa pula nga bintana ang takdol nga bulan
kita sa labas ng kulay dalandang bintana ang kabilugan ng buwan,i can see the full moon outside the orange window,kita sa gawas sa kahil nga bintana ang takdol nga bulan
kita sa labas ng lilang bintana ang kabilugan ng buwan,i can see the full moon outside the purple window,kita sa gawas sa pula nga bintana ang takdol nga bulan
kita sa labas ng berdeng bintana ang kabilugan ng buwan,i can see the full moon outside the green window,kita sa gawas sa luntian nga bintana ang takdol nga bulan
kita sa labas ng kulay kapeng bintana ang kabilugan ng buwan,i can see the full moon outside the brown window,kita sa gawas sa tabunon nga bintana ang takdol nga bulan
puti at itim ang maskara,the mask is white and black,puti og itom ang maskara
puti at dilaw ang maskara,the mask is white and yellow,puti og dalag ang maskara
puti at pula ang maskara,the mask is white and red,puti og pula ang maskara
puti at kulay kape ang maskara,the mask is white and brown,puti og tabunon ang maskara
puti at kulay tsokolate ang maskara,the mask is white and chocolate colored,puti og tabunon ang maskara
puti at kayumanggi ang maskara,the mask is white and brown,puti og tabunon ang maskara
puti at lila ang maskara,the mask is white and purple,puti og bayolet ang maskara
puti at kulay ube ang maskara,the mask is white and purple,puti og bayolet ang maskara
berde at itim ang maskara,the mask is green and black,luntian og puti ang maskara
berde at puti ang maskara,the mask is green and white,luntian og tabunon ang maskara
berde at kulay tsokolate ang maskara,the mask is green and chocolate colored,luntian og tabunon ang maskara
berde at kayumanggi ang maskara,the mask is green and brown,luntian og tabunon ang maskara
berde at kulay kape ang maskara,the mask is green and brown,luntian og tabunon ang maskara
ilang episode na ng one piece yung napanood mo,how many episodes of one piece have you watched,pila na ka yugto sa one piece ang imong natan aw
pasensya na di ako nakapagreply sayo kaagad busy kasi ako,i m sorry i couldn t reply to you right away i was busy,pasensya na wala ko ka reply nimo dayon kay nagkapuliki ko
gusto mo bang pumunta ako ng japan para makita ka,do you want me to come to japan to see you,ganahan ka moadto ko sa japan para makitan tika
ako lang ba ang kaibigan mong hindi japanese,am i your only non japanese friend,ako ra ba ang imong higala nga dili hapon
ang pangalan ko ay,my name is,ang akong ngalan kay
mahal kita mahal din kita,i love you i love you too,gihigugma tika gihigugma pud tika
pumupunta si sa bahay ng mga magulang nya tuwing sabado at linggo,goes to his parents house every saturday and week,si nagaadto sa balay sa iyang mga ginikanan matag katapusan sa semana
hindi siya dalubhasa sa kasaysayan,he is not a history expert,dili siya eksperto sa kasaysayan
hindi ako makapagbasa dito naiinis ako sa sobrang kaliwanagan,i can t read it i m disgusted by so much clarity,dili nako mabasa kini nag lagot ko kay hayag kaayo
sinubukan ni yakapin si,tried to hug,gisulayan ni nga gakson si
kung ako ikaw hindi ko iyon papansinin,if i were you i would ignore that,kung ako ikaw dili ko kana tagdon
masaya si,is happy,malipayon si
si ay masaya,is happy,si kay maliupayon
hindi kailanman umaalis ng bahay ang aking kaibigan na walang sigarilyo,my friend never leaves home without a cigarette,ang akong mga higala dili gyud mobiya sa balay nga walay sigarilyo
huwag bumigong dumating dito sa takdang oras,do not fail to arrive here on time,ayaw pakyasa nga moanhi dinhi sa husto nga oras
itinuturi mo ba ang iyong sarili na matatas na mananalita ng pranses,do you consider yourself a fluent french speaker,giisip ba nimo ang imong kaugalingon nga usa ka larino nga nagsulti sa pranses
maaari mo ba akong turuan kung paano iyan gawin,can you teach me how to do that,pwede ko nimo tudloan kung unsaon na pagbuhat
kawawang pusa hindi niya mahuli ang maliksing daga,poor cat he could not catch the nimble mouse,kaluoy sa iring dili niya madakup ang hidlas nga daga
mayroon kaming kakaunting pagkakataon na magsalita ng aleman,we have little chance to speak german,gamay ra ang among oportunidad nga makasulti sa aleman
mayroon tayong kakaunting pagkakataon na magsalita ng aleman,we have little chance to speak german,gamay ra ang atong oportunidad nga makasulti sa aleman
sana makapunta ako sa hapon,i hope i can go to japan,unta makaadto ko sa japan
sining ba ito,is it art,arte ba kini
ang aking tiyuhin ay napakamayaman,my uncle is very rich,dato kaayo ang akong uyoan
madaling mabuhol ang sinulid na ito,this yarn is easy to knot,kini nga hilo dali nga mahabol
walang pulang sinulid,no red thread,walay pula nga hilo
hindi magaling magsalita ng pranses si,does not speak french well,dili hawd mo estorya ug pranses si
ekkantu,ekkantu,pag awit
magandang araw ikaw ba si sherlock holmes,good day are you sherlock holmes,maayong adlaw ikaw ba si sherlock holmes
who will read a book that thick,who will read a book that thick,kinsa ang mobasa sa usa ka libro nga ingon ana kabaga
akala ko desperado ka nang gawin iyan,i thought you were desperate to do that,abi nako desperado na nimo nang buhaton
ang mga problema sa pagtulog ay tinatawag na insomnia,sleep problems are called insomnia,ang mga problema sa pagkatulog gitawag nga insomnia
hindi namin mapigilan na mamangha sa kaniyang talento,we can t stop being amazed at his talent,dili namo malikayan nga mahibulong sa iyang talento
napapagod na ako sa walang katapusang reklamo mo,i m tired of your endless complaints,gikapoy na ko sa imong walay katapusan nga mga reklamo
sinabi ni na hindi niya alam kung saan binili ni ang bisikleta niya,says he doesn t know where bought her bike,ingon ni nga wala siya kabalo kung diin gipalit ni ang iyang bayk
sige lang,go ahead,sige ra
isang beses tumungo si,headed once,ka usa ra ni adto si
paano nila ginawa iyan,how did they do that,giunsa na nila pag buhat
sa kabutihang palad walang pasahero na nasaktan,luckily no passengers were hurt,maayo na lang wala y pasahero nga nasakitan
alam mo ba ang sikreto ng mahabang buhay,do you know the secret of a long life,kabalo ba ka unsay sekreto sa taas nga kinabuhi
tila isang linggong hindi nag ahit si,it looked like hadn t shaved in a week,si ingon wala mag ahit sa usa ka semana
baka mamatay si,might die,basig mamatay si
hindi ko alam kung nasaan iyan,i don t know where that is,wala ko kabalo kung asa na dapit
sabihin mo kay kung bakit hindi ka makakapunta,tell why you can t come,ingni si kung nganong dili ka makaadto
ang tunay kong pangalan ay,my real name is,ang tinuod nakong ngalan kay
puwede mong gawin iyan,you can do that,pwede na nimo himuon
sa tingin mo ba ay malungkot si,do you think is sad,sa tanaw nimo masulub on si
hinihintay kita,i m waiting for you,gi hulat tika
sundan mo ako ngayon,follow me now,sundi ko karon
naghahanap lang sila ng dahilan para sisantehin ka,they re just looking for an excuse to screw you over,nangita ra na sila ug pamaagi aron mapahawa ka
sinadya niya ang kaniyang pagkakamali,he made his mistake on purpose,gituyo niya iyahang sayup
hindi ako makakatigil,i can t stop,dili nako mapugngan
bakit ang saya saya ninyo,why are you so happy,ngano lipay kaayo mo
kayang magbisikleta ni bill,bill can ride a bike,kaya mag bayk ni bill
naniniwala ka ba sa ikinukuwento niya,do you believe what he is telling,mo tuo ka sa iyang gipang sulti
hindi pa pumupunta sa eskwelahan si,hasn t gone to school yet,wala pa ni adto si sa eskwelahan
isang bagay lamang ang nais ko,i only want one thing,usa ra ka gamit akong gusto
akala mo ba siya ang lalake,do you think he s the guy,abi nimo siya tong lake
ginagamit ko ang bolpen na binigay mo sa akin,i use the pen you gave me,gigamit nako ang bolpen na imohang gihatag
akala niya hindi mo iyon gagawin,he thought you wouldn t do that,abi niya dili to nimo buhaton
nakalimutan ba niyang kasintahan ko siya,has he forgotten that he is my girlfriend,nalimtan ba niya na uyab nako siya
nakalimutan ba nila na kaarawan ko bukas,did they forget that tomorrow is my birthday,nalimtan nila na bertdey nako ugma
akala namin hindi mo nagustuhan,we thought you didn t like it,abi nako dili nimo magustuhan
akala nila hindi niya nagustuhan ang regalo,they thought he didn t like the gift,pagtuo nila na wala ka ganahi sa regalo
paano mo papalitan iyan,how do you change that,unsaon nimo pag ilis ani
hindi pa ako tapos sa iyo,i m not done with you yet,wala pa ko nahuman sa imo
sa tingin ko mahahanap mo siya,i think you will find him,panan aw nako makit an nimo siya
tama ba siya,is he right,husto ba siya
mabilis siyang magbilang,he counts quickly,paspas siya mag ihap
huwag mong ulitin ang sarili mo,don t repeat yourself,ayaw sublia imong kaugalingon
akala nila hindi namin nagustuhan,they thought we didn t like it,pagtuo nila wala mi ganahi
akala namin hindi nila nagustuhan,we thought they didn t like it,pagtuo namo dili sila ganahan
akala namin kumakanta ka,we thought you were singing,pagtuo namo nikanta ka
akala namin ika y kumakanta,we thought you were singing,nagtuo kami nga nagkanta ka
akala namin ika y natutulog,we thought you were sleeping,nagtuo kami nga natulog ka
akala namin ika y umiiyak,we thought you were crying,nagtuo kami nga naghilak ka
tumigil ba ang singer sa pagkanta,did the singer stop singing,mihunong ba sa pagkanta ang mag aawit
maaga bang nilisanin ng mga estudyante ang silid aralan,did the students leave the classroom early,sayo ba nga nanggawas ang mga estudyante sa klase
nakita mo ba anong ginawa nila sa pabo,did you see what they did to the turkey,nakita ba nimo kung unsa ang ilang gibuhat sa pabo
umalis ba sa sasakyan ang drayber,did the driver leave the car,gibiyaan ba sa drayber ang sakyanan
huminto ba ang kotse sa tapat ng bangko,did the car stop in front of the bank,mihunong ba ang kotse atbang sa bangko
nakalimutan ba ng mga batang magsipilyo ng mga ngipin bago sila pumaroon sa kama,do kids forget to brush their teeth before they go to bed,nakalimot ba ang mga bata na manutbras usa muadtog kwarto
nakalimutan ba nilang bibisitahin ko sila ngayong araw na to,have they forgotten that i will visit them today,nakalimot sila na bisitahon nako sila karong adlawa
nakalimutan nilang may susi ako para sa pintuang yon,they forgot i had a key for that door,nakalimot sila na naa koy susi atong pultahana
akala mo ba hindi ako dadating,did you think i wouldn t come,abi ba nimo na di ko muabot
mas malakas ako kesa sa kapatid kong lalaki,i am stronger than my brother,mas kusgan ko kaysa sa akong igsuon nga laki
ang bolpen na hawak ko ngayon ay hindi sa yo,the pen i m holding now is not yours,ang bolpen na akong gigunitan karon kay dili imoha
ang bolpen na ibinigay ko kay ay pula,the pen i gave was red,ang bolpen nga akong gihatag kay kay puwa
kakakita ko lang ang aklat na binili mo,i just saw the book you bought,bag o ra nako nakita imong libro nga pinalit
ang kutsara sa tabi ng tinidor ay marumi,the spoon next to the fork is dirty,ang kutsara tapad sa tinidor kay hugaw
ang kutsara na dinilaan ng aso ay gawa sa plastik,the spoon that the dog licks is made of plastic,ang kutsara na gitilapan sa iro kay hinimo sa plastik
ang pasta na kinain mo y may napakakonting asin,the pasta you ate had very little salt,ang pasta nga imong gikaon kay gamay ra kaayo ang asin
ang tubig na ininom ng pusa ay hindi maalat,the water the cat drinks is not salty,ang tubig nga giinom sa iring kay dili parat
sanay na akong lumakad papuntang trabaho,i m used to walking to work,anad nako mulakaw padulong trabaho
sanay na akong kumain ng matatamis,i m used to eating sweets,anad nako mukaon ug mga tam is
ideya ng nanay ko yan,it was my mother s idea,ideya na sa akong mama
wala dito ang sanggol,the baby is not here,wala diri ang bata
kinakausap niya ang mga halaman,he talks to the plants,ginastoryahan niya ang mga tanom
sinong nagsabi na masama to,who said it s bad,kinsay nag ingon nga daotan ni
kinain ng pating ang prinsesa,the shark ate the princess,gikaon sa iho ang prinsesa
taga sebilya ang asawa niya,his wife is from seville,taga sebilya ang iyang asawa
may mga taong nagsasabi na nilason si,some people say that was poisoned,naay uban tawo nag ingon nga gihiloan si
naniniwala ka ba talaga sa salamangka,do you really believe in magic,gatuo gyod kag madyik
hindi ko prinito ang donat,i didn t fry the donut,wala nako giprito ang donat
nakalimutan ba ninyo na ako ang bos dito,have you forgotten that i am the boss here,nakalimot ba mo na ako inyong bos diri
nakalimutan namin na ayaw mo ng pizza,we forgot you don t like pizza,nakalimot mi nga di diay ka ganahan ug pizza
puwede muna sa amin si kung gusto niya,can join us first if he wants,pwede diri usa si ug gusto niya
dumating ang sagot matapos ang tatlong araw,the answer came after three days,niabot ang tubag pagkahuman sa tulo ka adlaw
maghanda handa ka na,get ready now,pagpangandam na
ito ay bago,this is new,bag o ni
nagtatrabaho ako sa boston,i work in boston,gatrabaho ko sa boston
may sira ang aking telebisyon,my television is broken,naay guba akong telebisyon
narinig ko na nakatira sa boston si,i heard that lives in boston,nakadungog ko na nakapuyo sa boston si
ganyan ka ba katanga,are you that stupid,ingon niana gayod ka katanga
nagkasipon si,has a cold,gisip on si
magaaral lumangoy si ngayong tag init,will learn to swim this summer,magtuon ug langoy si karong ting init
baliw ka,you are crazy,buang ka
doble ang edad sakin ni,is twice my age,doble ang edad nako ni
gusto ko na magyakapan kayo,i want you to hug,gusto nako mag ginaksanay mo
alam mo bang hindi marunong magmaneho si,did you know that can t drive,kabalo ba ka na di kamao magdrayb si
isara,close,sirad a
bakit mo hinayaan si na gawin iyon,why did you let do that,nganong gipasagdan nimo nga buhaton to ni
alam ba ni na di natin kaya iyan,does know that we can t do that,kabalo ba si nga di nato na kaya
wala akong ibang masabi,i have nothing else to say,wala nakoy laing masulti
huwag kang lumakad sa ilalim ng hagdan,do not walk under the stairs,ayaw og agi sa ilalom sa hagdanan
hindi ko alam kung saan magsisimula,i don t know where to start,wala nako kabalo asa magsugod
hindi gumagana ang projector,the projector does not work,dili mugana ang projector
kailan mo binili iyang relo,when did you buy that watch,kanus a nimo na gipalit ang relo
nabubuhay ng tatlong araw ang paruparo,the butterfly lives for three days,mabuhi ra na og tolo ka adlaw ang alibangbang
nagdesisyon na si,has made up his mind,nakadesisyon na si
bulag si dati,used to be blind,buta sauna si
bulag si noon,was blind then,buta si kaniadto
makakalaboso ka,you will be drunk,prisohon ka
makukulong ka,you will go to jail,mapriso ka
hulaan mo lang,just guess,tagnaa lang
talagang wala akong alam,i really don t know anything,wala gyud ko kabalo
iginigiit ni na siya ay inosente,insists that he is innocent,giinsistir ni nga wala siyay sala
huwag mong sabihin kanino man,don t tell anyone,ayaw isulti kay bisan kinsa
ginagawa ni ang mga iniuutos sa kanya,does what she is told,ginabuhat ni ang mga sugo sa iya
ang dami nnaman ng trabaho,it s a lot of work,kadaghan ba sa buhatonon
iniintriga nya ako,it intrigues me,giintriga ko niya
wala man lang natira para tumulong sa paglilinis,there wasn t even anything left to help clean up,wala man lay nagpabilin para mutabang ug limpyo
kulay rosas ang buhangin sa dalampasigan doon,the sand on the beach there is pink,pingk ang balas didto sa baybayon
kulay rosas ang buhangin sa aplaya roon,the sand on the beach there is pink,pingk ang balas didto sa aplaya
kulay rosas ang buhangin sa tabing dagat doon,the sand on the beach there is pink,pingk ang balas didto na baybay
kulay abo ang buhangin sa dalampasigan doon,the sand on the beach there is gray,abohon ang balas didto na baybay
kulay abo ang buhangin sa aplaya roon,the sand on the beach there is gray,abohon ang balas didto sa aplaya
kulay abo ang buhangin sa tabing dagat doon,the sand on the beach there is gray,abohan ang balas didto sa kilid sa dagat
puti ang buhangin sa dalampasigan doon,the sand on the beach there is white,puti ang balas didto sa baybay
puti ang buhangin sa aplaya roon,the sand on the beach there is white,puti ang balas sa didto sa aplaya
puti ang buhangin sa tabing dagat doon,the sand on the beach there is white,puti ang balas didto sa kilid sa dagat
gusto mo ba ang brokuli,do you like broccoli,ganahan baka ug brokuli
matangkad ang babae,the woman is tall,tangkad ang babae
sinusubukan kong magsalin,i am trying to translate,nag sulay kog bilin
haja makar tagay sung kagman,haja makar tagay sung kagman,kinahanglan ang hedkwarter sa tji sung kajma
nakatulog ako sa gitna ng konsyerto,i fell asleep in the middle of the concert,naka tulog ko sa tungtunga sa konsyerto
walang suot na alahas si layla,layla is not wearing any jewelry,walay suot na alahas si layla
buong gabi kaming sumayaw nina,and i danced all night,hangtud gabii mi nanayaw nila
bumili ng bagong camera si para ipalit sa isang hiniram niya kay at nawala,buys a new camera to replace the one she borrowed from and lost,nag palit ug bag ong kamera si para iilis sa isa ka kamera ni na iyang nawala
mahirap basahin ang nakasulat,it is difficult to read what is written,lisod basahon ang naka sulat
may ubo ka ba o sipon,do you have a cough or a cold,naa ba kay ubo o sip on
ano ang dahilan ng iyong pagdalaw,what is the reason for your visit,unsa imong rason sa pagbisita
ano ang ipapangalan mo sa iyong manyika,what would you name your doll,unsay ipangalan nimo sa imong manika
sino ang gagawa ng ano,who will do what,kinsay mubuhat sa kuan
sinundan namin kayo,we followed you,gisundan ka namo
paano ko malalaman na hindi ka nagtatrabaho para kay,how do i know you don t work for,unsaon nako pagkabalo na wala ka nagtrabaho para kay
binigyan niya siya ng bagong pangalan,he gave him a new name,gihatagan siyag bag ong pangalan
gusto ni ng sagot,wanted an answer,gusto ug tubag si
hintayin ang berdeng ilaw bago tumawid,wait for the green light before crossing,hulata ang berde nga suga bag o mutabok
ipinanganak ako noong ika ng oktubre,i was born on the th of october,gipanganak ko atong oktubre tuig
bakit ka nasasabi ng paalam,why are you saying goodbye,nganong niingon kag babye
naniniwala sila na tapat siya,they believe he is honest,nagatuo sila na matinud anon siya
ibinili ko siya ng relo,i bought him a watch,gipalitan nako siya ug relo
medyo guwapo si no,is quite handsome isn t he,murag guwapo si no
sinong nagsabi sa iyo na bumili ka ng kotse,who told you to buy a car,kinsay nag ingon sa imo na mupalit kag sakyanan
bakit ka nagaaral ng pranses,why are you learning french,nganong nag eskwela kag pranses
hindi papasa sa eksaminasyon si kung hindi siya tinulungan ni na magaral,wouldn t have passed the exam if hadn t helped her study,dili maka pasa si sa ilang eksam kung wala siya gitabangan ug tuon ni
hindi pula ang buhok ni no,s hair isn t red is it,dili pula ang buhok ni no
hindi ko gustong gawin iyan,i don t want to do that,dili naku na gusto buhaton
hindi nagkaroon ng pagkakataon si na gawin iyan,never had a chance to do that,wala nagkahigayon si na buhaton kini
alam mo ba na ang spaghetti ay tumutubo sa puno ng spaghetti,did you know that spaghetti grows on a spaghetti tree,kabalo ka na ang spaghetti kay nitubo sa puno sa spaghetti
kailangan kitang kausapin,i need to talk to you,kailangan nako kang maistorya
dapat makausap kita,i should talk to you,dapat maistorya kita
pumupunta sa moske si mennad kada linggo,mennad goes to the mosque every week,naga adto sa moske si mennad kada domingo
natutulog pa rin sila sa kani kanilang mga kuwarto,they are still sleeping in their respective rooms,natulog gihapon sila sa ilang kuwarto
malakas lakas si para gawin iyan mag isa,is strong enough to do it alone,may pagka kusgan si para buhaton niya kini mag inusara
nanalo si,won,nadaog si
sabi ni na tapos na siyang gawin iyan,said he was done doing that,ingon si na humana niya nag buhat
maganda sana kung sama sama tayong nagbiyahe,it would be nice if we traveled together,nindot unta kung kauban ta ninyo mag biyahe
saan ka nagpuputol ng puno,where do you cut trees,asa ka nagputol ug puno
alam mong sinabi ni na hindi niya gagawin iyan di ba,you know said he wouldn t do that right,kabalo kang giingon ni na dili niya na kaya buhaton di ba
bayolente si,is violent,bayolente si
nakapunta ka na ba sa alemanya,have you ever been to germany,naka adto naba ka sa alemanya
bikolano ako,i am bicolano,bikolano ko
mukhang pugad ang buhok ko,my hair looks like a nest,murag salag akong buhok
lumingon ka at ipikit ang mga mata mo,turn around and close your eyes,mulingi ka ug ipiyong imong mga mata
hindi ko inasahan na makikita kong muli si,i never expected to see again,wala ko nag dahum na makita nako usab si
tumanggap siya ng malaking sahod,he received a large salary,nagdawat siya ug dako nga sweldo
naku ang lamig ngayon,alas it s cold today,hala katugnaw ba karun
kailangan kong matuto ng pranses,i need to learn french,kailangan nako makabalo ug pranses
malaki na ba ang kuwarto para sa iyo,is the room too big for you,dako na ba ang kwarto para sa imo
hindi ko kayang tumakbo na kasingbilis niya,i can t run as fast as him,dili nako kaya mudangan ug pas pas kaparehas sa iya
hindi siya nakukuntento,he is not satisfied,wala siya nakuntento
alam ko na hindi mo magagawa iyan ng walang anumang tulong,i know you can t do that without any help,kabalo ko na dili nimo na mabuhat kung walay mutabang na bisang kinsa
ang ganda ng mundo,the world is beautiful,kanindot sa kalibutan
umuwi pa australia si,went back home to australia,ni uli si pa australia
ang klase ay mula alas otso ng umaga hanggang tanghali,the class is from eight in the morning until noon,ang klase kay magsugod sa alas otso sa bunta hantud udto
hindi handa si na gawin ito,is not ready to do this,dili pa andam si na buhaton ni
nagaral sila sa iisang unibersidad,they taught at the same university,nag eskuwela sila sa usa ka eskuwelahan
may nakita ka sa kuwarto,did you see anything in the room,naa kay nakit an sa kuwarto
ba t ka naparito,why did you come,nganung naa ka diri
mayroon dapat akong sasabihin,i have something to say,naa unta koy iingon
sino ang may gawa niyan kahapon,who did that yesterday,kinsa ang nagbuhat niana gahapon
sa planeta ni marlin mayroong mga higanteng longganisa,on marlin s planet there are giant longganisas,sa planeta ni marlin naay mga higante nga soriso
magaling gumawa ng tsampurado si lizbeth,lizbeth is good at making tsampurado,hawod mo buhat ug tsampurado si lizbeth
haluhalo ang kinain ni dylan sa umaga,dylan ate a mixture of food in the morning,haluhalo ang gikaon ganihang buntag ni dylan
kumain ang mga bata ng pan de ube,the children ate pan de ube,nikaon ang mga bata ug pan de ube
naabuhan ang bayan nila dahil sa bulkan,their town was overrun by the volcano,naabuhan ang ilang baryo tungod sa bulkan
tilapya at kanin ang kinain ni vito,vito ate tilapia and rice,tilapya ug kan on ang gikaon ganiha ni vito
espasol ang niluto ni vito,vito cooked espasol,espasol ang giluto ni vito
kawayan ang bahay nila,their house is made of bamboo,kawayan ang ilang balay
kastilyong kawayan ang ginawa ni vito,vito made a bamboo castle,kawayan na kastilyo ang gibuhat ni vito
may makopa at lansones sa buslo,there is makopa and lansones in the buslo,naay makopa ug lansones sa buslo
maraming mga bulkan sa kapuluan,there are many volcanoes in the archipelago,daghan ug bulkan sa kapupud an
may mga gumamela sa paligid ng kastilyo,there are people wandering around the castle,naay mga gumamela sa kilid sa palasyo
sa pista may litson at marami pang pagkain,during the festival there is a roast and many other foods,sa pista naay litson ug daghan na pag kaon
naghahanap siya ng kawayan para gumawa ng bahay,he is looking for bamboo to build a house,nangita siya og kawayan aron himuon og balay
magaling ang ideya niya tungkol sa kinabukasan,he has good ideas about the future,maayo iyang nahunahunaan mahituod sa umaabot
magtanim kayo ng ube sa paligid ng bahay,plant ube around the house,pagtanom mog ube sa palibot sa balay
magtanim kayo ng balinghoy sa paligid ng bahay,plant tapioca around the house,pagtanom mog balanghoy palibot sa balay
maglaga ng balinghoy sa kaserola,put tapioca in the saucepan,paglutog balanghoy sa kaldero
maglaga ng ube sa kaserola,place the pears in the saucepan,paglutog ube sa kaldero
naglaga ng balinghoy sa kaserola,boil tapioca in the saucepan,nagluto og balanghoy sa kaldero
naglaga ng ube sa kaserola,ube stewed in a saucepan,naglaga og ube sa kaldero
maglalaga ng balinghoy sa kaserola,put the tapioca in the saucepan,magpabukal og balanghoy sa kaldero
maglalaga ng ube sa kaserola,place the pears in the saucepan,magpabukal og ube sa kaldero
nilaga niya ang balinghoy sa kusina,he stewed tapioca in the kitchen,gipabukalan niya ang balanghoy sa kusina
nilaga niya ang ube sa kusina,he stewed the pear in the kitchen,gipabukalan niya ang ube sa kusina
hinalo niya ang ube sa kaserola,he stirred the pear in the saucepan,gihalo niya ang ube sa kaldero
hinahalo niya ang ube sa kaserola,he stirs the pears in the saucepan,ginahalo niya ang ube sa kaldero
gumawa si vito ng bahay na kawayan,vito built a bamboo house,nagbuhat og balayng kawayan si vito
kawayan ang antigong templo nila,their ancient temple is made of bamboo,kawayan ilang karaan na templo
dapat masabihan si na hindi dapat niya iyon gawin,should be told he shouldn t do that,maignan dapat to si nga dili to buhaton
maraming bulaklak sa hardin ni,there are many flowers in s garden,daghan og bulak sa tanaman ni
may mga alitaptap sa bukid sa gabi,there are fireflies in the field at night,naay mga aninipot sa bukid taga gabii
may mga kalabaw sa bukid ni,there are buffaloes in s farm,naay mgaa kabaw sa bukid ni
may mga kambing sa bukid ni,there are goats in s farm,naay mga kambing sa bukid ni
may mga manok sa bukid ni,there are chickens in s farm,naay mga manok sa bukid ni
may mga baboy sa bukid ni,there are pigs in s farm,naay mga baboy sa bukid ni
may mga baka sa bukid ni,there are cows in s farm,naay mga baka sa bukid ni
may mga kabayo sa bukid ni,there are horses in s farm,naay mga kabayo sa bukid ni
may mga aso sa bukid ni,there are dogs in s farm,naay mga iro sa bukid ni
may mga pusa sa bukid ni,there are cats in s farm,naay mga iring sa bukid ni
may mga gumamela sa hardin ni,some wandered into s garden,naay mga gumamela sa tanaman ni
may mga rosas sa hardin ni,there are roses in s garden,naay mga rosas sa tanaman ni
may mga puno ng saging sa hardin ni,there are banana trees in s garden,naay mga puno sa saging sa tanaman ni
may mga puno ng mansanas sa hardin ni,there are apple trees in s garden,naay mga puno sa mansanas sa tanaman ni
may mga puno ng langka sa hardin ni,there are jackfruit trees in s garden,naay mga puno sa langka sa tanaman ni
may mga puno ng mangga sa hardin ni,there are mango trees in s garden,naay mga puno sa magga sa tanaman ni
may mga puno ng dalandan sa hardin ni,there are orange trees in s garden,naay punuan sa orens sa tanaman ni
may mga puno ng makopa sa hardin ni,there are makopa trees in s garden,naay mga punuan sa makopa ang tanaman ni
may mga puno ng duhat sa hardin ni,there are fig trees in s garden,naay mga punuan sa duhat ang tanaman ni
may mga puno ng peras sa hardin ni,there are pear trees in s garden,naay mga punuan sa peras ang tanaman ni
manatili sa bahay,stay at home,magpondo sa balay
gusto mo bang magkaanak,do you want to have children,gusto ka magka anak
sa ika ng agosto ang kaarawan niya,his birthday is on the st of august,sa ika sa agosto ang iyang adlawng natawhan
naaasar si julian sa kaklase niya,julian is annoyed by his classmate,nasamokan si julian sa iyang klasmet
windang ang puso ko,my heart is broken,gigisi ang akong kasingkasing
sino ang gumawa ng opisyal na pook sapot para sa paaralan,who made the official uniform for the school,kinsa ang naghimo sa opisyal nga websayt alang sa eskwelahan
sumulat ang mga mag aaral ng sulatroniko para humingi ng pahintulot sa kanilang punong guro,the students wrote a letter asking their principal for permission,ang mga estudyante nagsulat og sulatroniko aron makapangayo pagtugot sa ilang prinsipal
ginagamit ang salakot para maiwasan ang init ng araw,salakot is used to avoid the heat of the sun,gigamit ang salakot aron mapugngan ang kainit sa adlaw
nagsiksikan ang madla sa maliit na bulwagan sa araw ng pagtatapos ng mga estudyante,the audience packed the small hall on the day of the students graduation,nagdasok ang mga tawo sa gamay nga hawanan sa katapusang adlaw sa klase
nasa harap ko si sa klase namin sa haynayan,is in front of me in our class in haynayan,naa sa akong atubangan si sa among klase sa haynayan
nasa harap ko si sa klase namin sa biyolohiya,was in front of me in our biology class,naa sa akong atubangan si sa among klase sa biyolohiya
pabugso bugso ang ulan ngayong buwan ng agosto,the rain is torrential this month of august,kusog ang ulan karong agosto
naririnig mo ba ang ugong ng mga makina sa pabrika,do you hear the hum of the machines in the factory,nabati ba nimo ang dahunog sa mga makina sa pabrika
isa ito sa pinakamarikit na takipsilim na natanaw ko,it was one of the most beautiful sunsets i have ever seen,kini ang usa sa labing pinakanindtot nga kilumkilom nga akong nakita
marikit itong espada,this is a beautiful sword,matahum kini nga sundang
marikit ang tanawin,the view is beautiful,matahum ang talan awon
maganda ang tanawin,the view is beautiful,nindot ang talan awon
ang ganda niya di ba,she s beautiful isn t she,gwapa kay siya nu
marikit siya no,she s beautiful isn t she,gwapa siya no
marikit talaga ang buwan sa taglagas,the moon is really beautiful in autumn,nindot gyud ang buwan sa tingdagdag
maganda ba ako sa tingin mo,do you think i m pretty,gwapa ko sa imong panan aw
masyado akong maganda para sa mundong ito,i m too beautiful for this world,gwapa ra kayko aning kalibutana
hindi ako baliw,i m not crazy,dili ko buang
siya ang baliw hindi ako,he s the crazy one not me,siya ang buang dili ako
kausap ko ang anino ko,i am talking to my shadow,ka istorya nako akong anino
kita ba ang anino ko,do you see my shadow,maklaro ba akong anino
sino ang nauna mong guro sa pranses,who was your first french teacher,kinsa ang imong una nga magtutudlo sa pransya
dinig ang halakhak ng mga bata mula sa malayo,children s laughter was heard from a distance,dungog kaayo ang katawa sa mga bata gikan sa layo
paborito kong klase ang haynayan,my favorite class is chicken,haynayan akong paborito sa klase
marikit ang mga mata niya,his eyes are beautiful,nindot iyang mata
alin ang mas marikit sampaguita o ilang ilang,which is more beautiful tulips or several,hain ang labi ka matahum sampaguita o ilang ilang
bakit mo nilalandi ang baliw,why are you flirting with the crazy,nganong gina uwag nimo ang buang
naiintindihan niya ang hindi maintindihan ng iba kaya tinagurian siyang baliw,he understands what others do not so he is called crazy,makasabot siya sa dili masabtan sa uban maong gitawag siyag buang
matalino ba siya o baliw,is he smart or crazy,utokan na siya
kinakabahan ka ba,are you nervous,nakulbaan ka
sang ayon ako,i agree,miuyon ko
nakalimutan ko,i forgot,nakalimot ko
nanalo ako,i won,nakadaog ko
nadapa ako,i tripped,nadakin as ko
pangako ko,i promise,saad nako
nataranta ako,i was confused,naratol ko
may ambag ako,i have something to contribute,naa koy natabang
umamin ako,i confess,nitug an ko
humingi ako ng tawad,i asked for forgiveness,nangayo kog pasaylo
umalis ako,i left,nihawa ko
nangako ako,i promised,nagsaad ko
bagsak ako,i fell,bagsak ko
natulog ako,i fell asleep,natulog ko
ngumiti ako,i smiled,ningisi ko
ayaw ko,i don t want,dili ko
nagsinungaling ako,i lied,namangak ko
tumakbo ako,i ran,nidagan ko
nanalo ako,i won,daog ko
nagbayad ako,i paid,nibayad ko
naglalangoy ako,i am swimming,naglangoylangoy ko
yumuko ako,i bow down,niduko ko
umiyak ako,i cried,nihilak ko
nagmamaneho ako,i m driving,naga drayb ko
nagmaneho ako,i drove,nagdrayb ko
humihilik ako,i snooze,nagahagok ko
tumayo ako,i stood up,nitindog ko
nagsumpa ako,i swore,nanumpa ko
kumaway ako,i waved,mikaway ko
sumayaw ako,i danced,nisayaw ko
tumulong ako,i helped,nitabang ko
tumalon ako,i jumped,niambak ko
sumunod ako,i followed,nisunod ko
huminto ako,i stopped,niundang ko
nagdasal ako,i prayed,nag ampo ko
nag ahit ako,i shaved,nag ahit ko
kumindat ako,i winked,mikidhat ko
humikab ako,i yawned,nakahibi ko
pumikit ako,i closed my eyes,nipiyong ko
nandaya ako,i cheated,nanikas ko
umubo ako,i coughed,niubo ko
tumakas ako,i ran away,nitakas ko
sumimangot ako,i frowned,nagmug ot ko
nagbayad na ako,i have paid,nibayad nako
nadulas ako,i slipped,nadakin as ko
tumigil ako,i stopped,mihunong ko
pinagpawisan ako,i was sweating,gipaningot ko
nakinig ako,i listened,naminaw ko
sinong namatay,who died,kinsay namatay
sinong nanalo,who won,kinsay nadaog
sinong dumating,who came,kinsay niabot
sinong may ambag,who contributed,kinsay naay natabang
sino ang hindi sang ayon,who disagrees,kinsa ang dili uyon
sinong nataranta,who s confused,kinsay naratol
sinong tumawag,who called,kinsay nanawag
sinong sumagot,who answered,kinsay nitubag
sinong nanatili,who stayed,kinsay nagpabilin
sinong pumirmi,who agreed,kinsa ang naghusay
sinong tumigil,who stopped,kinsay nihunong
sinong tagumpay,whose victory,kinsa ang kalampusan
sinong naglaho,who disappeared,kinsa ang nawala
sinong nagmaneho,who drove,kinsay nagadrayb
sinong nagbayad,who paid,kinsay nagbayad
sinong natalo,who lost,kinsay napildi
sino ang talo,who is the loser,kinsay pildi
sinong naghintay,who waited,kinsay gahulat
sinong nag antay,who waited,kinsa ang naghulat
sinong kumindat,who winked,kinsa ang nagpangidhat
sinong liban,who else,kinsay wala
sino ang wala,who doesn t,kinsay wala
sino ang nagsulat ng hamlet,who wrote hamlet,kinsay nagsulat sa hamlet
sino ang nagtayo ng disneyland,who built disneyland,kinsa ang nagbuhat sa disneyland
sino ang nagsira,who broke it,kinsay nag guba
sinong sumira nito,who broke it,kinsay nag guba ani
sino ang nagtayo,who built it,kinsa ang nagtukod niini
sino ang gumuhit,who drew,kinsa ang nagdrawing
sinong susunod,who s next,kinsay sunod
sinong nagsasalita,who is speaking,kinsa ang nagsulti
sino ang mananalo,who will win,kinsa ang madaog
sino ang pumatay kay,who killed,kinsa ang nagpatay kang
sinong magbabayad,who will pay,kinsay mubayad
sinong tumawag sa akin,who called me,kinsay nangita sa ako
sinong nagtitinda nito,who sells it,kinsa namaligya ani
sino si,who is,kinsa si
sinong,who is,kinsay
sinong tumatawa,who s laughing,kinsay sigeg katawa
sinong nagrereklamo,who s complaining,kinsay gareklamo
sino pa ang may alam,who else knows,kinsa pa ang nakabalo
sinong may gusto,who wants,kinsay ganahan
mayroon bang gusto ng tsaa,does anyone want some tea,naay gusto mag tsaa
mayroon bang gusto ng gulaman,does anyone like gelatin,naay ganahag gulaman
sinong nawawala,who is missing,kinsay nawala
sinong una,who first,kinsay una
sino nauna,who was first,kinsay nauna
sino ang may kailangan,who needs it,kinsay naay kailangan
sinong dadalo,who will attend,kinsay mangadto
sinong bibili,who will buy,kinsay mamalit
sinong magluluto,who will cook,kinsay magluto
sinong magmamaneho,who will drive,kinsa may magdrayb
sinong namamatay,who dies,kinsay himalatyon
sinong nag aayuno,who is fasting,kinsa ang nagpuasa
anong nangyari,what happened,unsay nahitabo
sayang,wasteful,sayang
anong nawawala,what s missing,unsay nangawala
pambihira,extraordinary,pastilan
anong nangyari dito,what happened here,unsay nahitabo diri
anong naganap dito,what happened here,unsay nahitabo dinhi
ano ba talaga ang nangyari,what really happened,unsa gyod ang nahitabo
ano ang pag ibig,what is love,unsa ang gugma
anong susunod,what next,unsay musunod
ano pagkatapos,what then,unsay sunod
ang kalat,the mess,kakalat
bakit pa,why else,ngano pa
lunes ngayon,today is monday,lunes karon
gawin mo sa lunes,do it on monday,himua pagka lunes
lunes ba ngayon,is it monday today,lunes ba karon
lunes kahapon,monday yesterday,lunes kagahapon
lunes namatay si,died on monday,lunes namatay si
namatay si noong lunes,died on monday,niadtong lunes namatay si
ikaw bahala,it s up to you,naa ra nimo
talo ka,you lose,pildi ka
masipag ka,you are hardworking,kugihan ka
mali ka,you are wrong,sayop ka
lasing ka,you are drunk,hubog ka
tama ang hula mo,you guessed right,tama imong hula
nasa yo ang lahat,you have everything,naa na sa imo ang tanan
maaga ka,you are early,sayo ka
huli ka,you are late,iwit ka
kailangan mo ito,you need it,kailangan nimo ni
tama ka,you are right,husto ka
puti,white,puti
puti siya,he is white,puti siya
puti ba,is it white,puti
biglang dumilim ang lahat,suddenly everything went dark,nikalit kangitngit ang tanan
hinimatay si,passed out,nakuyapan si
gusto ko ang asul,i like blue,gusto nako ang asul
gusto ko ang bughaw,i like blue,gusto nako ang asul
asul ba,is it blue,asul ba kini
bughaw ba,is it blue,asul ba kini
asul yung isa,the one is blue,asul ng usa
bughaw yung isa,the one is blue,asul ng usa
itim ang mga uwak,crows are black,itom ang mga uwak
puti siya dati,he used to be white,puti siya sauna
itim siya dati,he used to be black,itom siya sauna
pula sila,they are red,pula sila
bagay sa yo ang pula,red suits you,angay sa imo ang pula
bagay sa yo ang itim,black suits you,angay sa imo ang itom
pumutla si,turned pale,nanluspad si
puti lahat,all white,puti tanan
puti ang lahat,everything is white,puti ang tanan
itim si,is black,itom si
gusto ko ang dilaw,i like yellow,ganahan ko sa dalag
mas gusto ko ang itim,i prefer black,mas ganahan ko sa itom
pula ang dugo,blood is red,pula ang dugo
duwag ka,you coward,talawan ka
itim yung akin,mine is black,itom ang ako
puti si,is white,puti si
asul ang langit,the sky is blue,asul ang langit
bughaw ang langit,the sky is blue,asul ang langit
namumula ang mukha mo,your face is red,namula ang imong nawong
pula ang kulay nito,its color is red,pula ang kolor niini
puti ang aso ko,my dog is white,puti ang akong iro
puti ang mga aso ko,my dogs are white,puti ang akong mga iro
galing,awesome,makalilisang
ano pa ba,what else,unsa pa man
mayroon pa ba,are there any more,naa pa
makinig ka pa,listen more,paminaw pa
magsulat ka,you write,pagsulat
huwag ka nang magsugal,stop gambling,ayaw na pagsugal
tigilan mo ang pagsusugal,stop gambling,undangi na ang sugal
tamang tama,that s right,sakto gyud
nakakainis,annoying,makalagot
sige pa,go ahead,padayon
magbasa ka pa,read on,pagbasa pa
mabaho manigarilyo,it stinks to smoke,baho manigarilyo
tulong,help,tabang
talon,waterfall,ambak
sandali,wait a minute,hulat
sandali,wait a minute,hulat
bahala na,come what may,sagdi ra
huwag na,don t do it,ayaw na
dahan dahan,slowly slowly,hinay hinay
makinig nang mabuti,listen carefully,paminaw og maayo
lumuha si hesus,jesus wept,nakalhilak si hesus
layo,away,hawa
kalimutan mo siya,forget him,kalimta na siya
ewan,i don t know,ambot
salamat sa diyos,thank god,salamat ginoo
siyempre,of course,alangan
siyempre naman,of course,alangan
isa pa,one more,usa pa
siyempre,of course,alangan
siyempre naman,of course,alangan
diyan ka lang,you re just there,dira lang ka
kumaliwa,turn left,liko sa wala
kumanan,turn right,liko sa tuo
mahusay,great,maayo kaayo
salamat na lang,thank you,salamat na lang
halikan mo ako,kiss me,hagka ko
may tumawag,someone called,naay nitawag
layas,run away,layas
pumili ng isa,choose one,pili og isa
bumangon,get up,nibangon
magtiwala sa akin,trust me,pagsalig sa ako
basahin mo ito,read it,basaha ni
tao po,human,ayo
umiyak si mama,mom cried,nihilak si mama
umulan,it rained,nag ulan
ang baho,the stench,baho
pahingi ng tsaa,ask for tea,panghatag tsaa
naku,alas,aguy
kalimutan mo ako,forget me,kalimta na ko
lahat panalo,everyone wins,daog tanan
nagkibit balikat si,shrugged,mikibo si
lumuha si,burst into tears,nakahilak si
lumuhod si,knelt down,niluhod si
pirma dito,signature here,pirma diri
pumirma dito,sign here,pagpirma diri
nag ahit si,shaved,namalbas si
usog,trend,sibog
alam namin,we know,kabalo mi
alam natin,we know,kabalo ta
tayo,we,tindog
tumayo,stand up,tindog
walang nagtanong,no one asked,walay nangutana
napansin ng lahat,everyone noticed,nakapansin tanan
pahingi ng kape,ask for coffee,panghatag kape
politiko si,is a politician,si usa ka politiko
kumusta,how are you,kumusta ka
huwag sumuko,don t give up,ayaw surender
kaibigan kita,i am your friend,higala ta ka
anong dapat kong dalhin,what should i bring,unsa dapat akong dal on
pusa ba yan o aso,is that a cat or a dog,iring na o iro
nandiyan din ba si,is there too,naa pud dira si
hindi ko na kaya,i can t do it anymore,dili na nako kaya
huwag tumalon,don t jump,ayaw ambak
huwag kang tatalon,don t jump,ayawg ambak
lahat may gusto sa kaniya,everyone likes him,nagkagusto tanan sa iya
tuyo na ba ang mga medyas ko,are my socks dry,uga na ang mga medyas
kaya kong tumakbo,i can run,kaya nako mudagan
mas mahirap ba ang pranses sa ingles,is french more difficult than english,mas lisod ang pranses sa ingles
hubarin mo ang medyas mo,take off your socks,huboa imong medyas
nagsisimba ako sa linggo,i go to church on sunday,naga simba ko taga domingo
hindi pa ako nakakakita ng buhay na balyena,i have never seen a live whale,wala pa ko kakitag buhi nga balyena
magalang si,is polite,matinahuron si
umiinom ka ba ng serbesa,do you drink beer,nagainom ka og beer
umiinom ka ba ng beer,do you drink beer,nagainom ka og beer
alak ba ito,is it wine,alkohol ba kini
bumili siya ng manok,he bought a chicken,nipalit siyag manok
pulis ka ba,are you a policeman,pulis ka
pulis po ba kayo,are you a policeman,usa ka ka pulis
nagmamadali ka ba,are you in a hurry,nagdali ba ka
anong oras ngayon,what time is it now,unsang orasa karon
nagustuhan mo ba,did you like it,ganahan ka
magpaalam ka,say goodbye,panamilit na
kaya mo hindi ba,you can can t you,mahimo nimo dili ba
tahimik kaming lahat,we were all silent,hilom ming tanan
magaling siyang maglangoy,he is a good swimmer,hawud siya mulangoy
nagtrabaho ako sa bukid,i worked on the farm,nagtrabaho ko sa bukid
sayang hindi ka makakapunta,too bad you can t come,sayang wala ka kaadto
hindi ko pa rin alam,i still don t know,wala gihapon ko kabalo
mataba ba ako sa tingin mo,do you think i m fat,taba ko sa imong panan aw
natatandaan mo pa ba kami,do you still remember us,nakahinumdom pa ka sa amo
naaalala mo pa ba kami,do you still remember us,nahinumdoman pa mi nimo
kumusta tatay mo,how is your father,kumusta imong papa
kumusta ang iyong ama,how is your father,kumusta imong amahan
paabot ng asin,add salt,palihog ko sa asin
nasa australia na ang kapatid ko,my brother is already in australia,tua na sa australia akong igsuon
pasok bukas ang pinto,come in the door is open,dayun abri ang pultahan
namamatay ang aso,the dog is dying,sigeg kamatay ang mga iro
nakakainis talaga,it s really annoying,makalagot gyod
bakit nagbago ang isip mo,why did you change your mind,nganong nag bag o imong huna huna
tingnan ko,let me see,tan awon nako
maaari ka nang umuwi,you can go home now,pwede na ka muuli
puwede ka nang umuwi,you can go home now,pwede na ka muuli
wala akong vodka,i don t have vodka,wala koy vodka
hindi ako mataba,i m not fat,dili ko tambok
pumanaw ang lolo ko tatlong taon na nakalipas,my grandfather passed away three years ago,namatay akong lolo tulo ka tuig na ang milabay
walang gustong tumulong sa amin,no one wants to help us,walay gusto mutabang namo
hindi siya pumasok kahapon dahil may sakit siya,he didn t come in yesterday because he was sick,wala siya nisulod gahapon tungod kay nasakit siya
gusto ko rin ang mga aso,i like dogs too,ganahan pud kog mga iro
saan ako tatago,where can i hide,asa ko mutago
alam ni na hindi ako nasiyahan,knew i was not satisfied,kabalo si na wala ko nalipay
mayaman ako pero hindi ko kasingyaman si,i m rich but i m not as rich as,dato ko apan
walang pag uunlad kung walang pakikipag ugnayan,there is no development without interaction,walay pag uswag kung walay pagpakiglabot
walang progreso kung walang pakikipagkomunikasyon,there is no progress without communication,walay kalamboan kung walay
alam ni ang nakataya,knew what was at stake,kahibalo si kung unsa ang nalangkit
nauuhaw daw si,said he was thirsty,giuhaw daw si
hindi dapat natin silang pabayaan,we must not neglect them,dili dapat nato sila pasagdan
kailangan na natin itong ayusin,we have to fix it,kinahanglan na nato ning ayuson
sapat ba ang perang binigay ko sa yo,is the money i gave you enough,igo na ba ang salapi nga akong gihatag kanimo
nahirapan talaga ako sa aklat na yun,i really struggled with that book,naglisud gyud ko ato na libro
kailangan kong maghanap ng bagong kaibigan,i need to find a new friend,kinahanglan na nako mangitag bag ong amiga
nagtago si sa likod ng kurtina,hid behind the curtain,nitago sa likod sa kurtina si
walang marinig si,couldn t hear anything,walay madunggan si
ginagawa ko ang kailangan,i do what is necessary,ginabuhat nako ang dapat
nagising ako sa ingay,i woke up to the noise,nakamata ko sa kasaba
handa akong tumulong,i am ready to help,andam kong mutabang
medyo antok din ako,i m also a bit sleepy,medyo nahinanok na sab ko
kailangan niya ang ating tulong,he needs our help,kinahanglan niya ang atong tabang
limitado ang mapagpipilian mo,your choices are limited,limitado ang imong kapilian
gagawin yan ni kung kaya,will do that if he can,himuon na ni kung kaya
nag usap kami ni kahapon,and i talked yesterday,nag istoryahanay mi ni kagahapon
marunong si,is smart,kabalo si
magbabakasyon ako sa australia,i m going on vacation in australia,mobakasyon ko sa australia
maglalakwatsa ako sa australia,i m going to australia,maglaaglaag ko sa australia
bakit hindi mo ako tinulungan sa pagtatakas,why didn t you help me escape,ngano wala ko nimo gitabangan nga makatakas
may kanser ako sa baga,i have lung cancer,naa koy kanser sa baga
nagpangako ako kay na hindi ko yun uulitin,i promised that i wouldn t do that again,nag saad ko kang na
may kausap si sa telepono,is talking to someone on the phone,naay kaestorya si sa telepono
iyan ang dahilan kung bakit ako naparito,that s why i came here,mao nang hinungdan niari ko diri
ayokong lumangoy,i don t want to swim,dili ko gusto nga molangoy
ayaw kong lumangoy,i don t want to swim,dili ko gusto nga molangoy
pupunta ako sa paliparan,i m going to the airport,moadto ko sa erport
nagkaanak si na ang pangalan,had a son named,naay anak si na ang ngalan
hindi mahirap gawin,it s not hard to do,dili lisod himuon
hindi yan magandang dahilan,that s not a good reason,dili na maayong rason
mahusay na tagaluto ang asawa niya,his wife is a good cook,ang iyang bana maayong magluto
may pagupitan ba sa hotel,is there a haircut at the hotel,adunay ba usa ka barber shop sa hotel
anak mo siya,he is your son,anak na nimo
uuwi ka ba para sa pasko,are you coming home for christmas,muuli ka sa pasko
tatlumpung milyon ang halaga,thirty million worth,trayntay milyon nga kantidad
hindi ba dapat kayo ni ang gagawa,shouldn t you and do it,diba kamo man ni ang maghimo
tumawa kami,we laughed,nangatawa mi
humihingi kami ng tawad,we apologize,nangayo kami pasaylo
bagsak kami,we crash,bagsak mi
pumalya kami,we failed,napakyas mi
sumusuko kami,we give up,muondang nami
kumain kami,we ate,nangaon mi
ngumiti kami,we smile,nagngisi mi
naglakad kami,we walked,naglakaw mi
humikab kami,we yawned,nanghuy ab mi
nagsinungaling kami,we lied,namangak mi
nagdasal kami,we prayed,nag ampo mi
nagpalakpakan kami,we applauded,namalakpak kami
tumayo kami,we stood up,mitindog kami
nagtaka kami kung bakit,we wondered why,natingala kami kung ngano
magpinsan kami,we are cousins,mag igagaw mi
magpinsan tayo,we are cousins,mag igagaw ta
doktor kami,we are doctors,doktor kami
manggagamot kami,we are doctors,mananambal mi
gutom kami,we are hungry,gigutom nami
nagugutom kami,we are hungry,gigutom nami
dapat humingi sila ng tawad,they should apologize,dapat mangayo silag pasaylo
dati silang nagtitinda ng itlog,they used to sell eggs,gabaligya silag itlog sauna
higit na kilala ka namin kaysa sa kanila,we know you better than they do,mas nakaila pami sa imo kaysa sa ila
hindi sila nagtira ng kahit ano para sa akin,they didn t leave anything for me,wala silay gibilin bisag unsa para nako
nagbihis payaso sila,they dressed up as clowns,nag sul ob payaso sila
hindi nila alam mag pranses,they don t know french,dili sila kabalo mag pranses
hindi nila maintindihan ang pranses,they don t understand french,dili sila kasabot sa pranses
binati nila kami sa pranses,they greeted us in french,gitimbaya nila kami sa pranses
guro sila sa pranses,they are french teachers,maestra sila sa pranses
sinabi na nila sa akin,they told me,giingon na nila sa ako
alam na nila ang katotohanan,they already know the truth,kabalo sila sa kamatuoran
sabi nila na hindi kaya,they said they couldn t,ingon sila dili makaya
napakaganda nila,they are very beautiful,ka mga guwapa nila
nagalit sila,they were angry,nangasuko sila
nakatakas sila sa bintana,they escaped through the window,naka ikyas sila sa bintana
sabi nila pinatay ni si,they say killed,ana sila gipatay ni si
wala silang kinalaman sa isa t isa,they have nothing to do with each other,wala silay kalabot sa matag isa
sinasayang lang nila ang oras,they are just wasting time,ginasayang ra nila ang oras
kaibigan ko sila sa trabaho,they are my work friends,higala ko sila sa trabaho
hindi sila magsisinungaling,they will not lie,dili sila mamakak
bawal ang aso sa gusaling ito,dogs are not allowed in this building,bawal ang mga iro diring dapita
mukhang masarap gusto ko siyang tikman,it looks delicious i want to taste him,murag lami gusto nako tilawan
sigurado akong hindi ito kailangan,i m sure it s not necessary,sigurado ko nga dili kini kinahanglan
pakiusap huwag pakainin ang mga kalapati,please don t feed the pigeons,palihug ayaw pakan a ang mga salampati
pahiram muna ng aklat mo,borrow your book first,manghulam usa ko sa imong libro
hindi ako tatagal,i won t last long,dili ko magdugay
hindi ko sasayangin ang iyong oras,i won t waste your time,dili nako sayangon imong oras
pasensya na kung naistorbo kita,i m sorry if i disturbed you,pasenya nadisturbo ta ka
pasensya na sa abala,sorry for the inconvenience,pasensya sa kahasol
parang kakaiba kung tutuusin,it seems strange after all,murag katingad an kon buot hunahunaon
paano ito maiiwasan,how can it be avoided,unsaon kini malikayan
huwag hawakan ang mukha,do not touch the face,ayaw paghikap sa nawong
lahat mahilig sa laruan,everyone loves toys,tanan ganahan og dulaan
kailangan ko pang manaliksik,i need to do more research,kinahanglan pa nako ang pagdukiduki
anong inasahan mo na sabihin ko,what did you expect me to say,unsa man ang imong gipaabut nga isulti nako
paulit ulit ang tugtog ng musikang ito,this music plays over and over again,balik balik ang tugtog sa kini nga musika
saan ako puwedeng bumili ng sigarilyo,where can i buy cigarettes,asa ko pwede mupalit og sigarilyo
saan puwedeng bumili ng sigarilyo,where can you buy cigarettes,asa pwede mupalit og sigarilyo
kakaiba ang kilos mo,you act strangely,lahi imong nilihokan
hindi ko alam kung tama ang pagsasang ayon ko,i don t know if i agree correctly,wala ko kabalo kung husto kini akong pagsugot
hindi ko alam kung tama ang pagtanggap ko,i don t know if i received it correctly,wala ko kabalo kung husto kini akong pagdawat
alam kong humihilik si,i know snores,kabalo ko gahagok si
hindi ba humihilik si,doesn t snore,dili gahagok si
sabi ni sa kin hindi yon totoo,told me that s not true,ana si sa ako na dili to tinuod
dapat mong sabihin kay na mahal mo siya,you should tell you love him,kinahanglan nimo isulti kang nga gihigugma nimo siya
naaalala ko pa noong bata ka pa,i still remember when you were young,kahinumdom pa ko atong bata pa ka
may nakilala akong kilala ka,i met someone who knows you,naa koy nakaila nga kaila siya nimo
wala kaming alam,we don t know anything,wala miy alam
ayaw ni,doesn t like it,dili si
kontra si,is against,supak si niini
sino ako sa tingin mo,who do you think i am,kinsa ko sa panan aw nimo
pumanaw si noong lunes,passed away on monday,namatay si niadtong lunes
sana natuto ko ito sa paaralan,i wish i had learned this in school,unta natun an ko ni sa skwelahan
pag isipan natin muna,let s think first,hunahunaon sa nato
sa tingin ko napakamahirap,i think it s very difficult,panan aw nako lisud kaayu
nagtetren ako papuntang trabaho araw araw,i train to work every day,gasakay kog tren taga adlaw paadtog trabaho
mahal ko pa rin si,i still love,gihigugma gihapon nako si
iniibig ko pa rin si,i still love,ginahigugma gihapon nako si
alam mo hindi ba,you know don t you,kabalo ka diba
alam mo no,you know right,kabalo ka no
hindi sigurado si kung kasya pera niya,wasn t sure if he had enough money,dili sigurado si kung igo iyang kwarta
mukhang milyonaryo si,looks like a millionaire,murag milyonaryo si
namatay siya sa edad na pitumpu,he died at the age of seventy,namatay siya sa edad nga sitenta
tinanggi ni ang alok sa kaniya,refused the offer to him,gisalikway ni ang tanyag sa iyaha
hindi siya totoo,he is not real,dili siya tinuod
hindi totoo,not true,dili tinuod
nagsimulang magbago ng kulay ang mga dahon,the leaves started to change color,nagsugod nag kabag o ang kolor sa mga dahon
saan ako noon,where was i then,asa ko sauna
masasanay ka,you will get used to it,maanad ra ka
nasasabik si para sa pasko,is excited for christmas,naghinamhinam si alang sa pasko
naglakad kami ni,and i walked,nangalakaw mi ni
hindi kita makita,i can t see you,dili taka makita
sabay tayo uuwi,let s go home together,sabay ta muuli
huwag mo na iyan pag isipan,don t even think about that,ayaw na kini hunahunaa
hindi ko talaga alam kung paano ko nagawa,i really don t know how i did it,wala gyud ko kahibalo kung giunsa ko kini pagbuhat
huwag ka masyadong lumayo,don t go too far,ayaw kaayog palayo
huwag ka masyadong lalayo,don t go too far,ayaw kaayog pagpalayo
may kinumpuning lumang kamalig si,has an old barn that he is fixing up,adunay daan nga kamalig si nga giayo
kailangan ko ng pahinga,i need rest,kinahanglan nako mag pahuway
nasa kaliwa ang labasan,the exit is on the left,naa sa wala ang gawasan
nasa australia yata si pero hindi ako sigurado,i think is in australia but i m not sure,murag tua sa australia si apan di ko sigurado
iyon ba ang sabi ni o hindi,is that what said or not,mao tong giingon ni o dili
mahilig talaga ako sa matatalino,i really like smart people,ganahan gyud ko sa mga utokan
puwede kaming maghintay dito kung gusto mo,we can wait here if you want,pwede ra pud mi maghulat diri kung gusto nimo
kakaiba ang mga tao rito,the people here are strange,katingad an ang mga tawo dinhi
kakaiba ang mga tao roon,the people there are strange,katingad an ang mga tawo didto
asin ang inilagay ni sa kape niya imbis na asukal,put salt in his coffee instead of sugar,asin ang gibutang ni sa iyang kape imbis asukal
magbubukas ang mga pinto sa kaliwa,the doors to the left will open,sa wala mag abli ang mga pultahan
marunong si mag ukulele,can play the ukulele,kahibalo mag ukelele si
tumutugtog si ng ukulele,plays the ukulele,gatugtog og ukelele si
kumain si ng sinangag,ate fried rice,nikaaon si og sinangag
nagsinangag si,blushed,naglutog sinangag si
nag enjoy ba kayo,did you enjoy,nalingaw mo
papapasukin mo ba ako o hindi,will you let me in or not,pasudlon ko nimo o dili
tatlong oras pala naghintay si,waited three hours,tulo ka oras diay naghulat si
baka dapat maghintay ka,maybe you should wait,basin dapat maghulat ka
hindi daw nagpapajama si,they say doesn t jam,dili daw gapajama si
puwede po ba akong umupo sa likod,can i sit in the back,pwede ko mulingkod sa luyo
higit isang oras pinahintay si,was kept waiting for over an hour,kapin usa ka oras naghulat si
sa tanghali ang tanghalian,lunch is at noon,sa udto ang paniudto
dito ko gustong maghintay,this is where i want to wait,diri ko gusto maghulat
pinahintay ako,i was kept waiting,gipahulat ko
wala daw masusuot si,they say has nothing to wear,wala daw masul ob si
hindi nakayanan ni ang sakit,could not bear the pain,dili makaya ni ang sakit
puwede akong umupo sa likod,i can sit in the back,pwede ko mulingkod sa luyo
maaari akong umupo sa likod,i can sit in the back,pwede ko mulingkod sa luyo
sinampay ko ang labahin,i hung the laundry,gisampay nako ang labhonon
sinampay ko ang labada,i hung the laundry,gisampay nako ang nilabhan
dapat lahat bumoto,everyone should vote,dapat tanan mobotar
hindi natin ito matatakasan,we cannot escape it,dili nato ni maikyasan
tumayo si nang nakatalikod sa gusali,stood with his back to the building,nitindog si nga nakatalikod sa bilding
doon ka na lang sa likod umupo,you just sit there in the back,didto nalang ka sa luyo lingkod
doon ako sa likod uupo,i will sit in the back,didto ra ko sa luyo mulingkod
dapat naghintay tayo,we should have waited,dapat naghulat ta
maganda si anuman ang suot niya,is beautiful no matter what she wears,gwapa si bisan unsa iyang suoton
sana naghintay kayo,i hope you waited,naghulat unta mo
hindi kita mapapatawad,i can t forgive you,dili ta ka mapasaylo
pagod na pagod si pag uwi niya,was very tired when he got home,gikapoy og maayo si pag uli niya
pagod na pagod si pagdating niya sa bahay,was very tired when he came home,gikapoy og maayo si pag abot niya sa balay
magboboto kami ngayong araw,we will vote today,magbotar mi karong adlawa
matapang kami,we are brave,maisugon mi
sa likod kami umupo,we sit in the back,sa luyo mi nanglingkod
tatlong taon kami naghintay na mangyari ito,we waited three years for this to happen,tulo ka tuig mi naghulat na mahitabo ni
walang humihilik,no one snores,walay gahagok
tingnan mo ang ginawa ko,look what i did,tan awa akong gibuhat
tao rin kami,we are also human,tao sad mi
hindi kami kumakain ng baboy,we don t eat pork,dili mi naga kaon og baboy
maghihintay na lang yata ako,i guess i ll just wait,maghulat nalang siguro ko
hindi talaga ako nakatulog dahil humihilik si,i didn t really sleep because was snoring,wala gyod ko nakatulog kay naghagok si
balak kong maghintay,i intend to wait,plano nako maghulat
puwede bang maghintay dito,can it wait here,pwede maghulat diri
subukan mong tumayo,try to stand up,tistinga daw og tindog
tayo tayong lahat,we are all of us,tindog tang tanan
magsitayo tayong lahat,let s all stand up,manindog tang tanan
humihilik yata ako,i think i m snoozing,murag naghagok ko
may karapatan kami,we have the right,naa miy katungod
may karapatan tayo,we have rights,naa tay katungod
nakalimutan mo ba talaga yung pasaporte mo sa bahay,did you really forget your passport at home,nakalimtan gyod nimo imong pasapurti sa balay
ikaw na magmaneho,you drive,ikaw na drayb
kumindat ba sa yo si,did wink at you,mikidhat si nimo
lumaho rin si,also disappeared,nawala pud si
bigla ring nawala si,also suddenly disappeared,nawala rag kalit si
palagi bang nananalo si,does always win,permi na madaog si
akala ko mahuhulog ako sa kama kanina,i thought i was going to fall out of bed earlier,abi nakog mahulog ko sa kama ganina
kailan ka aalis,when are you leaving,kanus a ka mulakaw
kailan ka huling kumain,when was the last time you ate,kanus a ra ka nag kaon
kailan ka huling nagkasakit,when was the last time you got sick,kanus a ang katapusan nga higayon nga ikaw nagsakit
anong ginawa mo kahapon,what did you do yesterday,unsay gihimo nimo kagahapon
kamusta ang biyahe mo,how was your trip,komosta ang pagbiyahe
nasa bahay ako kahapon,i was at home yesterday,naa ko sa balay gahapon
mas gugustuhin kong manatili sa bahay,i d rather stay at home,mas ganahan ko magpabilin sa balay
akala ko y dadating siya,i thought he would come,abi nakog muabot siya
hindi ko nabuksan ang pinto,i didn t open the door,wala nako na abri ang pultahan
hindi ako magsisinungaling sa iyo,i will not lie to you,wala ko namangak sa imo
paano ako makakapunta doon,how can i get there,paunsa ko makaadto didto
hindi pa ako nakakapag desisyon,i haven t decided yet,wala pa ko nakadisisyun
hindi ako mag aalala kung ako sa yo,i wouldn t worry if i was yours,ako nimo dili ko mabalaka
ang kakwarto ko ay nandito,my roommate is here,naa ang akong kauban sa kuwarto
ang tren ay dumating sa tamang oras,the train arrived on time,ang tren miabut sa husto nga oras
kumain ako ng tanghalian sa bahay,i ate lunch at home,nikaon kog paniudto sa balay
sinabi ko lang kay,i just told,giingon lang nako kay
bakit sila nag aaway,why are they fighting,nganong nag away sila
alam ko kung anong nasa loob ng kahon,i know what s inside the box,kabalo ko kung unsay naa sa karton
hindi ito nakakatulong,it doesn t help,dili ni makatabang
inimbitahan nya ako sa kanyang bahay,he invited me to his house,giimbitahan ko niya sa iyang balay
naiwan ko ang aking telepono sa sasakyan,i left my phone in the car,nabilin nako ang telepono sa sakyanan
inaasahan ko na si ay iiyak,i expected to cry,nagdahom ko na muhilak si
hindi na kita tatawagan,i won t call you anymore,dili na tika tawagan
sabi ni sa akin hindi niya nakita si,told me he didn t see,ingon si nako wala niya nakit an si
dati kang sundalo hindi ba,you used to be a soldier weren t you,diba sundalo ka sauna
alam ko na gusto kang makita ni,i know that wants to see you,kabalo ko na gusto ka makita ni
hindi ko ginawa iyon na ako lang mag isa,i didn t do it alone,wala nako to gibuhat nga ako ra isa
hinagisan ni ng mansanas si,threw an apple at,gilabayan ni og mansanas si
nagulat ako na si ay hindi nakakapagsalita ng pranses,i m surprised that doesn t speak french,natingala ko na dili kabalo mag estorya og pranses si
binigyan ako ni ng mansanas,gave me an apple,gihatagan kog mansanas ni
tinanong ko si kung saan niya nakuha iyon,i asked where he got it,gipangutana nako si kung asa to niya nakuha
hindi iyon ang gustong mangyari ni,that was not what wanted to happen,dili kato ang gusto mahitabo ni
magagawa natin ang anomang magagawa nila,we can do anything they can do,mabuhat nato ang bisag unsa na mabuhat nila
sa palagay ko ay nakalimutan na ni kung paano gawin iyon,i think has forgotten how to do that,sa akong hunahuna nakalimtan na ni kung paunsa to buhaton
hindi ginusto ni maging bombero,didn t want to be a fireman,wala gigusto ni ang mahimong bombero
nasa australia dapat ako,i should be in australia,tua dapat ko sa australia
sa palagay ko ay maiiwasan natin iyon,i think we can avoid that,panan aw nako malikayan nato ni
sinabi sa akin ni na hindi na niya iyon gagawin kailanman,told me he would never do that again,niingon si nako na dili na gayod to niya buhaton
si ay pupunta sa boston sa susunod na tag init,is going to boston next summer,muadto sa boston si sa sunod na ting init
pinagbantaan ako,i was threatened,gihulga ko
umalis na si sa bahay ng mga magulang niya,left his parents house,nihawa na si sa balay sa iyang ginikanan
ayaw ni ng mga kasalan,doesn t like weddings,dili ganahan og mga kasal si
sabi ni natutuwa siya dahil ginawa mo iyon,says he s glad you did that,ana si nalipay siya sa imong gibuhat
tatawagan kita sa tanghali,i will call you at noon,manawag ko sa imo sa udto
lumabas ka sa opisina ko,get out of my office,gawas diri sa akong opisina
hindi ko alam kung paano ito ipapaliwanag,i don t know how to explain it,wala ko kabalo unsaon ni pag
hindi na kita ulit tatanungin,i won t ask you again,dili na tika pangutan on
panatilihin mong nakatungo,keep your head down,ipadayon og duko
ayaw na namin gawin iyon,we don t want to do that anymore,dili na namo to gusto buhaton
ayaw kong manirahan dito,i don t want to live here,dili ko gusto mupuyo diri
gusto ko marinig kung sino ang nanalo,i want to hear who won,gusto nako madunggan kung kinsa ang madaog
alam ko na hindi ako magaling kumanta,i know i m not good at singing,kabalo ko na dili ko hawud mo kanta
alam ko kung bakit ginusto mong gawin iyon,i know why you want to do that,kabalo ko nganong gigusto nimo tog buhat
alam mo hindi ako kumakain ng karne,you know i don t eat meat,kabalo ka na dili ko nagakaon og karne
ang kapatid ko ay dating abogado,my brother is a former lawyer,abogado akong igsuon sauna
maghanap ng trabaho,find a job,mangitag trabaho
anong oras isisilbi ang hapunan,what time will dinner be served,unsa orasa idalit ang panihapon
nagawa mo na ba iyon dati,have you done that before,nabuhat na nimo to sauna
ayaw kong lumabas,i don t want to go out,dili ko gusto mugawas
mahal ko siya at mahal niya ako,i love him and he loves me,gihigugma nako siya ug gihigugma ko niya
ang lahat ay buhay,everything is alive,tanan kay buhi
saan mo nakuha itong singsing,where did you get this ring,asa nimo ni nakuha ang singsing
kararating ko lang sa paliparan,i just arrived at the airport,bag o lang ko naabot sa erport
kumain talaga ako ng marami,i really ate a lot,daghan gyod kog gikaon
si at ako ay naging magkaibigan,and i became friends,ako ug si kay managhigala
kumakain ako ngayon ng hapunan,i am eating dinner now,nagakaon kog panihapon karon
pwede ba kitang tawagan mamaya,can i call you later,pwede taka tawagan unya
nasa boston ka ba,are you in boston,naa ka sa boston
nasa iyo ba ang susi,do you have the key,naa sa imo ang susi
si ay hindi nanirahan sa ibang bansa,has not lived abroad,wala mipuyo si sa ubang nasud
ang alam ko ay bilyonaryo si,all i know is that is a billionaire,ang akong nahibal an bilyonaryo na si
kailangan kong malaman ang apelyido ni,i need to know s last name,kinahanglan nako mahibal an ang apilyedo ni
sino ang bagong pinunong tagasanay,who is the new head coach,kinsa ang bag ong lider nga tigbansay
sinabihan ko si na huwag mag alala,i told not to worry,giignan nako si na dili mabalaka
susulat ka ba kay,will you write to,mosulat ka kay
pinuri siya ng kanyang guro,his teacher praised him,gidayeg siya sa iyang titser
hindi nagreklamo si,didn t complain,wala nagreklamo si
kinabahan ako,i was nervous,nakulbaan ko
kinain ko ng mabilis ang aking tanghalian at bumalik ako sa trabaho,i ate my lunch quickly and went back to work,gipaspasan nakog kaon akong paniudto ug niadto ko sa trabahoan
hindi ko mahanap si,i can t find,dili nako makita si
hindi ko ito magagawa,i can t do it,dili nako ni mabuhat
hindi ko ito magagawa ng mag isa,i can t do it alone,dili nako ni mabuhat kung ako lang isa
pinili ni ang maghintay,chose to wait,gipili ni na maghulat
pinili namin ang magmaneho,we chose to drive,gipili namo magdrayb
si ang pumili ng mga kulay,chose the colors,si nagpili sa mga kolor
sino ang pumili ng mga kulay na iyon,who chose those colors,kinsay nagpili ato na mga kolor
hindi natin kailangan pumili,we don t have to choose,dili nato kailangan mupili
talagang napakahirap pumili ng tamang kulay,it s really hard to choose the right color,lisud gyod kaayo mamilig tama na kolor
pinili ni ang manatili,chose to stay,gipili ni na magpabilin
pinili ni ang umalis,chose to leave,gipili ni na muhawa
pinili namin ang isang ito,we chose this one,kani isa among gipili
pinili ni ang alak,chose the wine,bino ang gipili ni
pinili ko ang maghintay,i chose to wait,gipili nako na maghulat
pinili ko ang alak,i chose wine,bino akong gipili
pinili ko ang magbitiw,i chose to resign,gipili nako na muundang
ako ang pumili ng mga kulay,i chose the colors,ako nagpili sa kolor
sino ang pumili ng regalong ito,who chose this gift,kinsay nagpili aning regalo
pinili ni ang sumbrero,chose the hat,gipili ni ang kalo
sino ang pumili ng alak na ito,who chose this wine,kinsay nagpili aning bino
pinili niya ang pulang damit,she chose the red dress,gipili niya ang pula na sinina
pinili ko ang maling sagot,i chose the wrong answer,gipili nako ang mali na tubag
pinili ko ang hindi umalis,i chose not to leave,gipili nako na dili muhawa
pinili ni ang maling landas,chose the wrong path,gipili ni ang daotang paagi
pinili ni na gawin iyon,chose to do that,gipili ni na himuon to
pinili ko na gawin iyon,i chose to do that,gipili nako na buhaton to
wala na akong pera,i have no more money,wala nakoy kwarta
gising pa si,is still awake,mata pa si
gising ka pa ba,are you still awake,mata pa ka
bakit hindi ka sumagot,why didn t you answer,nganong wala ka nitubag
bakit hindi ka umiyak,why don t you cry,nganong wala man ka mihilak
bakit hindi ka dumating,why didn t you come,nganong wala man ka miabot
ayaw mo ba ng isa,don t you want one,dili ka gusto og usa
ayaw mo ba ng tulong,do you want help,dili ka gusto og tabang
ayaw mo ba ng sopas,don t you want soup,dili ka gusto og sabaw
ayaw mo ba nito,don t you like it,dili ka gusto ani
ayaw mo ba ng asukal,don t you like sugar,dili ka gusto og asukar
ayaw mo ba ng anumang bagay,don t you want anything,dili ka gusto og bisag unsa nga gamit
ayaw mo ba umalis,don t you want to leave,dili ka gusto muhawa
ayaw mo ba manalo,don t you want to win,dili ka gusto muadaog
ayaw mo ba tumulong,don t you want to help,dili ka gusto mutabang
bakit ayaw mo nito,why don t you like it,nganong dili man ka gusto ani
hindi ako naninigarilyo,i don t smoke,wala ko nagapanigarilyo
hindi ako sang ayon,i don t agree,dili ko musogot
hindi ko maalala,i can t remember,dili nako mahinumduman
maligayang kaarawan,happy birthday,maljpayong adlaw nimo
wag magsalita,don t speak,ayaw og storya
kailan ito matatapos,when will it end,kanusa ni mahuman
kailan siya ipinanganak,when was he born,kanusa siya gianak
hindi ako magtatanong,i won t ask,dili ko mangutana
hindi ako sasayaw,i will not dance,dili ko musayaw
hindi ako aalis,i won t leave,dili ko muhawa
hindi ako tatawa,i won t laugh,dili ko mukatawa
hindi ako babalik,i won t be back,dili nako mubalik
hindi ako tatakbo,i won t run,dili ko mudagan
hindi ako matutulog,i can t sleep,dili ko matug
hindi ako iiyak,i won t cry,dili ko muhilak
hindi ako lalangoy,i will not swim,dili ko musalom
hindi ako kakanta,i won t sing,dili ko mukanta
hindi ako kakain,i will not eat,dili ko mukaon
hindi ako mananalo,i won t win,dili ko mudaog
hindi ako tutulong,i won t help,dili ko mutabang
hindi ako maghihintay,i won t wait,dili ko maghuwat
hindi ako magbabago,i will not change,dili nako mag bago
hindi ako susuko,i will not give up,dili ko mawalan og l
hindi ko kakalimutan iyon,i will never forget that,dili nako to makalimtan
hindi kita sasaktan,i won t hurt you,dili tika hilabtan
hindi ko sasabihin kay,i won t tell,dili nako iingon kay
hindi na ako magtatanong,i won t ask anymore,dili nako mangutana
hindi ako matatakot,i will not be afraid,dili ko mahadlok
hindi kita ipagkakanulo,i will not betray you,dili tika ika uwaw
hindi kita kakalimutan,i will not forget you,dili tika makalimtan
hindi kita papakasalan,i will not marry you,dili tika minyoun
hindi ko na sila kakailanganin,i won t need them anymore,dili na nako sila kinahanglan
hindi na kita kakailanganin,i won t need you anymore,dili na tika kinahanglan
hindi ko ito lalagdaan,i will not sign it,dili nako ni pirmahan
hindi ako sasagot sa mga tanong,i will not answer the questions,dili ko mutubag sa mga pangutana
hindi kita tutulungan,i won t help you,dili tika tabangan
hindi ka ba masaya,aren t you happy,dili ka lipay
hindi ba ikaw,aren t you,dili ba ikaw to
hindi ka ba nagugutom,aren t you hungry,wala ba ka gigutom
hindi ka ba nauuhaw,aren t you thirsty,wala baka giuhaw
hindi ka ba dadating,won t you come,dili naba ka muabot
bakit hindi ka magmaneho,why don t you drive,nganong dili man ka mag padagan
bakit hindi ka pumasok,why don t you come in,nganong wala man ka misulod
bakit hindi ka makinig,why don t you listen,nganong di man ka maminaw
bakit hindi ka kumanta,why don t you sing,nganong di man ka mukanta
bakit hindi ka magsimula,why don t you start,nganong di man ka mag sugod
bakit hindi ka tumulong,why don t you help,nganong di man ka mutabang
bakit hindi ka mag aral ng pranses,why don t you learn french,nganong di man ka muskwela og prances
bakit hindi mo tanungin si,why don t you ask,nganong di man nimo pangutanon si
bakit hindi mo sa akin sabihin,why don t you tell me,nganong dili man nimo iiingon saakoa
bakit hindi ka gumawa ng paraan,why don t you make a way,nganong di man ka muhimog pamaagi
bakit hindi ka maniwala kay,why don t you believe,nganong di man ka mutou kay
bakit hindi ka maniwala sa amin,why don t you believe us,nganong di man ka mutou saamoa
bakit hindi mo tawagan si,why don t you call,nganong di man nimo tawgan si
hindi pa ako kumain,i haven t eaten yet,wala pako mikaon
hindi pa ako nagsimula,i haven t started yet,wala pako nagsugod
hindi ko nakalimutan si,i never forgot,wala nako makalimtan si
hindi kita nakalimutan,i have not forgotten you,wala tika makalimtan
hindi pa ako naghahapunan,i haven t had dinner yet,wala pako mikaon og panihapon
hindi pa ako nananghalian,i haven t had lunch yet,wala pako naniudto
hindi ko pa iyon nakikita,i haven t seen that yet,wala pa nako to nakitan
hindi ko pa nakikita si,i haven t seen yet,wala pa nako makitan si
hindi ko pa sinasabi kay,i haven t told yet,wala pa nako giingon kay
wala pa akong hinahawakan na anumang bagay,i haven t touched anything yet,wala pakoy giguntitan bisag unsa nga butang
hindi pa ako nag aahit,i haven t shaved yet,wala pako katabas sa bigute
hindi ko pa natatapos iyan,i haven t finished that yet,wala pa nako na nahuman
hindi pa ako natatapos kumain,i haven t finished eating yet,wala pako nahuman og kaon
sinabihan ako na tumulong,i was told to help,giignan ko n mutabang
ginawa ko kung anong sinabi sa akin,i did what i was told,gibuhat nako unsay giingon saakoa
sinabihan ako na makipag ugnayan sa iyo,i was told to contact you,giignan ko na makig tapok sainyoha
may nagsabi sa akin na patay na si,someone told me that is dead,naay nag ingon sakoa nga patay na si
may nagsabi sa akin na tumakas si,someone told me that ran away,naay nag ingon saakoa nga mitakas si
sinabihan ako na umuwi na,i was told to go home,giignan kog muuli na
sino ang naglaro,who played,kinsa ang midula
sino ang nagkamali,who made a mistake,kinsay nasipyat
sino ang tama,who is right,kinsay sakto
sino ang nakasama mo,who did you hang out with,kinsay nakauban nimo
sino ang umupo dito,who sits here,kinsay milingkod dere
sino ang magnanakaw,who is the thief,kinsay kawatan
sino ang nandito kahapon,who was here yesterday,kinsay naa dere gahapon
sino ang kapitan,who is the captain,kinsay kapitan
sino ang nagwagi,who is the winner,kinsay midaog
sino ang nandoon walang tao,who is there nobody,kinsa ang naa didtoa walay tawo
sino ang nakasama ni,who was with,kinsay nakauban ni
sino ang nasa telepono,who s on the phone,kinsay naa sa telepon
hindi mo maintindihan,you don t understand,dili nimo masabtan
hindi mo alam,you don t know,wala ka kasabot
hindi ka ba lumalangoy,don t you swim,wala baka ga langoy
hindi ka ba naniniwala sa akin,don t you believe me,dili ba ka gatou saakoa
ayaw mo ba ng baseball,don t you like baseball,dili baka gustog baseball
hindi ka ba naglalaro ng tennis,don t you play tennis,wala baka gaduwag tennis
hindi pa ako kumakain,i haven t eaten yet,wala pako mikaon
si at ako ay hindi pa kumakain,and i haven t eaten yet,si og ako wala pa mikaon
hindi pa ako nag aalmusal,i haven t had breakfast yet,wala pako namahaw
hindi pa ako kumakain ng hapunan,i haven t eaten dinner yet,wala pako mikaon og panihapon
hindi pa ako kumakain ng anuman,i haven t eaten anything yet,wala pako mikaon og bisag unsa
hindi pa ako kumakain ng anuman ngayong araw,i haven t eaten anything today,wala pako mikaon bisag unsa karung adlawa
hindi pa ako kumakain ng hapunan ngayong gabi,i haven t eaten dinner yet tonight,wala pako mikaon og panihapon karung gabie
hindi pa rin ako kumakain ng hapunan,i still haven t eaten dinner,wala gihapon ko nanihapon
tawagan mo siya bukas,call him tomorrow,tawagi siya ugma
bumalik ka ulit bukas,come back tomorrow,balik dere ugma
hindi ko ginawa iyon,i didn t do that,wala nako to buhati
hindi ko iyon ginawa ng mag isa,i didn t do it alone,wala nako to gibuhat og ako ra isa
hindi ko ginawa iyon para kay,i didn t do that for,wala nako to gibuhat para kay
alam mo hindi ko ginawa iyon,you know i didn t do that,kabalo ka wala nako to buhati
hindi ko nagawa iyon ng mabuti,i didn t do that well,wala nako mabuhat og maayo
kung anuman iyon hindi ko iyon ginawa,whatever it was i didn t do it,kung unsa man to wala nako to gibuhat
sinabi ko sa iyo hindi ko ginawa iyon,i told you i didn t do that,giignan tika na wala nako to buhati
alam mo ba kung paano ito gamitin,do you know how to use it,kabalo ka unsaon ni paggamit
mas gugustuhin kong lumabas,i d rather go out,mas gusto nako mugawas
ayaw ko sa mga elevator,i hate elevators,dili ko ganahan og elevator
hindi ko talaga gusto ang mga manok,i don t really like chickens,dili ko gustog mga manok
hindi ako tumulong,i didn t help,wala ko mitabang
hindi ko man lang naisip ang ganong posibilidad,i didn t even think about that possibility,wala nako mahunahunaan na maingato ang resulta
si at ang kaniyang kapatid ay may malaking pagkakaibang personalidad,and his brother have very different personalities,si og iyahang igsoun naay dagko na lahing batasan
si at ang kaniyang kapatid ay medyo magkaiba,and his brother are quite different,si og iyahang igsoun kay lahig batasan
si at ang kaniyang kapatid ay may malaking pagkakaiba sa isa t isa,and his brother are very different from each other,si og iyahang igsoun kay lahig batasan sa usat usa
si at ang kaniyang kapatid ay hindi talaga magkatulad,and his brother are not really alike,si og iyahang manghud mag kalahi
numero uno tayo,we are number one,ika una ta
nais ko na magawa iyan ng sarili ko,i wish i could do that myself,buhaton nako sa saakoang kaugalingon
ang bahagi ng bubong ay nahulog,part of the roof fell,ang parte sa atob nahagbong
iyan ba kung bakit mo ako inupahan,is that why you hired me,mao ng rason maong gi upahan ko nimo
pwede ko ba iyan subukan,can i try that,pwede bako musulay ana
gusto ko ng mga tahimik na pelikula,i like silent movies,gusto kog mga hilom na palabas
naisip ko si,i thought of,nahunahunaan nako si
hindi ko iyan magagawa,i can t do that,dili nako na mabuhat
hindi ko iyon magagawa,i can t do that,dili nako to mabuhat
kailanman hindi ka nagtanong,you never asked,bisag kanusa wala ka nangutana
hindi mo malalaman,you will never know,dili na nimo mahibalan
kailanman ay hindi ka nagbago,you have never changed,bisag kanusa wala ka mibago
kailanman ay hindi ka tumugon,you never respond,bisag kanusa wala ka mituman
kailanman ay hindi ka nakinig,you never listened,bisag kanusa wala ka maminaw
kailanman ay hindi ka ngumiti,you never smile,bisag kanusa wala ka mingisi
kailanman ay hindi ka tumawa,you never laugh,bisag kanusa wala ka mikatawa
kailanman ay hindi ka natawa,you never laughed,bisag kanusa wala nakatawa
kailanman ay hindi ka naniwala sa akin,you never believed me,bisag kanusa wala ka mitou saakoa
matutulog na ako ngayon,i m going to sleep now,matug nako karun
matulog na,go to sleep,matug na
halika dito,come here,ali dere
pumunta doon,go there,adto didtoa
saan ka ipinanganak,where were you born,asa ka giluwas
kailan ka ipinanganak,when were you born,kanusa ka giluwas
kailan ang iyong kaarawan,when is your birthday,kanusa imong adlaw sa panganak
hindi kita gusto,i don t like you,dili ko nimo
ilang taon ka na,how old are you,pilay edad nimo
gutom na ako,i m hungry,gigutom nako
ano bang pinagsasabi mo,what are you talking about,unsay gipangingon nimo
ano bang pinagsasabi mo,what are you talking about,unsay pangyawyaw nimo
hindi ito mahalaga,it doesn t matter,di ni importante
hindi ito mahalaga,it doesn t matter,wala ni pulos
naninigarilyo ka ba,do you smoke,gapanigarilyo ka
hindi na ako naninigarilyo,i don t smoke anymore,wala na ko gasigarilyo
alam ni na alam ni,knows that knows,kabaw si na kabaw si
hindi iyan importante ngayon,that s not important now,wala nay pulos sa karun
hindi iyan mahalaga ngayon,that doesn t matter now,wala nay pulos sa karun
mukhang masaya,looks like fun,murag lingaw
gusto ko siyang subukan,i want to try him,gusto nako siya suwayan
alam ko na hindi sasabihin ni kay,i know won t tell,kabaw ko na dili iingon ni kay
hindi niya napigilan ang umiyak,he couldn t stop crying,wala niya mapugngan muhilak
huwag mo ito pauulitin,don t repeat it,ayaw na si pausba
inaresto si umaga ng lunes,was arrested on monday morning,gidakop si buntag tung lunes
inaresto si noong lunes nang umaga,was arrested on monday morning,gidakop si tung buntag tung lunes
huwag muna mawala ng pag asa,don t lose hope,ayaw sa kawala og pangdahom
huwag muna ngayon,don t now,ayaw sa karun
huwag mo muna gawin ngayon,don t do it now,ayaw sa buhata karun
huwag kang humingi ng tulong sa akin,don t ask me for help,ayaw pangayog tabang saakoa
huwag kang hihingi ng tulong sa akin,don t ask me for help,ayaw pangayo og hinabang saakoa
ayaw ni iyong inalok ko sa kaniya,didn t want what i offered him,dili gusto si saakong gihatag
huwag sabihin sa tatay ko,don t tell my father,ayaw isaba saakoang amahan
huwag kang tatanong sa akin kung anong iniisip ni,don t ask me what thinks,ayaw pangutana kung unsay nahunahunaan nako
huwag kulayan ang buhok,don t dye your hair,ayaw tintahi ang buhok
huwag mong kulayan ang buhok mo,don t dye your hair,ayaw tintahi ang imohang buhok
hindi ka ba naiinitan,aren t you hot,wala baka mainitan
sumigaw ang lahat,everyone shouted,siyagit ang tanan
aba,why,hala
ayoko nang pag usapan,i don t want to talk about it,dili nako gustog storyahan
ayaw ko nang pag usapan,i don t want to talk about it,dili nako gustog pag storyahan
nakalimutan ka na niya,he has forgotten you,nakalimtan naka niya
kinalimutan ka na niya,he has forgotten you,gikalimtan naka niya
parang siga siya kumilos,he acted like a flame,chuy siya mulihok
hindi nila sasabihin sa iyo ang totoo,they won t tell you the truth,dili nila ignon ang tinoud saimoha
magulo si,is messy,samok si
sa tingin mo ba mabuti ang napagdesisyunan ni,do you think made a good decision,sa pananaw nimo maayo ba ang nahunahunaan ni
mukhang napakapagod si,looks very tired,murag nakapoy si
mukhang pagod na pagod si,looks very tired,murag gikapoy kaayo si
sa tingin ko masama ang magsinungaling,i think it s bad to lie,sa pananaw nako di maayo ang mamakak
pinagsabihan ni si dahil nahuli siya,reprimands for being late,gistoryahan ni si kay nasakpan siya
hindi mo ito gagawin kung nandito si,you wouldn t do this if was here,di nimo ni buhaton inig naa si
kasingkuripot kaya ni si,can be as stingy as,kasingdalo kaha ni si
kaunti na lang at makalalabas ako,just a little more and i ll be out,gagmay nalang makagawas nako
alam kong bata pa masyado si para gawin iyon,i know is too young to do that,kabalo ko bata pa kaayo si para buhaton to
akala ko halata,i thought it was obvious,abi nakog naklaro
akala ko halata siya,i thought he was obvious,abi nakog nasakpan siya
may mga may sabi na pinatay siya yung iba ang sabi ay nagpakamatay siya,some say he was killed others say he committed suicide,naay nag ingon gipatay siya naa sad uban gaingon na nag pakamatay kini
anong oras ka makakauwi,what time will you be home,unsang orasa ka makauli
anong oras ang uwian mo,what time do you go home,unsay oras inyong ulian
ang sabi daw ni nasa labas pa yata si,said that was still outside,ang ingon ni murag naa pa sa gawas si
hindi mo ba alam na sasama sa akin si papuntang australia,don t you know that is going to australia with me,wala baka kahibaw na muuban si saakoa sa austrlia
kay ata ang mga librong iyon,those books are s,murag kay ang mga libroha to
dinala ko yung akin,i brought mine,gidala nako akoa
bakit mo sinabi kay na ako ang nakaisip n on,why did you tell that i thought of it,nganong giingon man nimo kay na ako ang nakahunahuna ato
bakit mo sinabi kay na ideya ko iyon,why did you tell it was my idea,nganong giingon nimo na akoa tung hunahuna
alin yung maleta ni,which is s suitcase,asa ang maleta ni
pakiusap huwag mo na iyan gawin,please don t do that,palihog ayaw nana buhata
gaano kaya katagal sa tingin mo hanggang matapos natin,how long do you think it will be until we finish,kanusa kaha sa pananaw nimo mahuman nato ni
puwedeng mamaya mo na lang ako tawagin,can you call me later,pwede unya nako tawga
hindi pa nawawalan ng pag asa si,hasn t given up hope yet,wala pa nawalan og pangdahum si
bakit hindi mo sinabi sa akin kagabi,why didn t you tell me last night,nganong wala nimo giingon saakoa gabie
bakit hindi mo iyan sinabi sa akin kagabi,why didn t you tell me that last night,nganong wala man nimo na giingon saakoa gabie
baka hindi nauuhaw si,maybe isn t thirsty,basin wala mauhaw si
dapat yata bumili si ng bagong damit,i think should buy new clothes,murag kinahanglan ni mukumpra og bagong sanina
sabi daw ni na kasal na siya,said he was married,ana si nga minyo na siya
hindi alam ni na kailangan niyang pumunta kahapon,didn t know he had to go yesterday,wala kabaw si na kinahanglan niya muadto gahapon
gawin na natin bago mabago pa ang isip ko,let s do it before i change my mind,buhaton na nato bago pa mag lahi akong panghunahuna
gets mo ba,do you get,kasabot ka
magaling siyang lumangoy,he swims well,maayo sjya musalom
kailan mo ako kakausapin,when will you talk to me,kanusa ko storyahun
kung saan saan na ko naghanap,i have searched everywhere,bisag asa nako nangjta
nagbihis si,got dressed,nag ilis si
totoo na nagtuturo siya ng pranses,it is true that he teaches french,tinoud kini nga gatudlo siyag pranses
bawal magtapon ng kahit ano sa bintana,do not throw anything out of the window,bawal mag labay og bisag unsa sa bintana
hanap tayo ng magandang opisina para kay,let s find a nice office for,mangita tag gwapong opis para kay
maghanap tayo ng magandang opisina para kay,let s find a nice office for,pangitaan natog gwapong opisina si
mayroon ka bang pulang lapis,do you have a red pencil,naa kay pula nga lapis
may pulang lapis ka ba,do you have a red pencil,naa ba kay lapis nga pula
sabi daw ni na gusto mo ring sumama sa amin papuntang boston,said that you also want to come with us to boston,ana si saamoa nga gusto sad nimo muuban saamoa sa boston
hindi kami magkaparehong palapag ni,and i are not on the same floor,dilli mi mag ka parehas og salog si
doktor na ngayon si hindi ba,is a doctor now isn t he,mananambal na kuno si karun mao ba
si ang magpapadala ng mensahe,will send the message,si ang mag padala sa suwat
may nagtangkang patayin ako,someone tried to kill me,naay misuway na patyon ko
mukhang masaya,looks like fun,murag lingaw
sino ang walang ginagawa,who is doing nothing,kinsay walay ginabuhat
may babae sa sasakyan ni,there is a woman in s car,naay bai sa kotse ni
may babae sa kotse ni,there is a woman in s car,naay bai sa kotse ni
naghintay kami sa iyo kahapon,we waited for you yesterday,naghuwat mi saimoha gahapon
grabe ang sakit,the pain is severe,grabe kasakit
may nakita akong pumasok sa kuwarto,i saw someone enter the room,naa koy nakitan na misulod sa kwarto
may nakita akong lalaking pumasok sa silid,i saw a man enter the room,naa koy nakita nga laki misulod sa kwarto
tinulungan ni si na sampayin ang damit,helped hang the clothes,gitabangan ni si ihalay ang mga sanina
si lang ang marunong dito,only knows this,si ray kahibaw ana dere
si lamang ang marunong gumawa nito,only knows how to do this,si ray kahibaw mubuhat ana dere
mayroon ba tayong magagawa,is there anything we can do,naa batay mabuhat
may nakita akong gumagalaw doon sa labas,i saw something moving out there,naa koy nakita galihok didtoa sa gawas
inasahan namin na mag aantay si,we expected to wait,abi namog maghuwat si
nakatsinelas si,is wearing slippers,nakatsinalas si
sana pag isipan mo ito ulit,i hope you think about it again,unta hunahunaon nimog usab
ayaw ng nanay kong magsuot ng takong,my mother doesn t like wearing heels,di gusto akong inahan mag sout og takong
ayaw ng nanay kong magtakong,my mother hates heels,di gusto akong inahan og takong
alam na ni na sinaktan niya si,already knows that he hurt,kabaw na si na gipasakitan niya si
sa kaliwang banda ng lansangan kami nagmamaneho,we drive on the left side of the road,sa pikas nga baryo mi gamaneho
paupuin mo si sa likod,make sit in the back,palingkora si sa ulahi
pabayaan mong umupo si sa likod,let sit in the back,pasagdi nga mulingkod sa ulahi si
nagdududa ako kay,i doubt,gaduda ko kay
naglalakad ba si papuntang eskuwelahan,does walk to school,gabaktas ba si padung skwelahan
hindi ba naghintay sa iyo si,didn t wait for you,wala ba ka gihuwat ni
nawala mo na naman ang wallet mo,lost your wallet again,nawala nasad nimo imong pitaka
nawala mo ba na naman ang portamoneda mo,have you lost your wallet again,nawala nasad nimo imohang portameda
sa likod ba umupo si,did sit in the back,sa ulahi ba milingkod si
umupo ba si sa likod,did sit in the back,nilingkod ba sa ulahi si
may nakuwento si na nakakatawa,told a funny story,naay na hisgot si na katawanan
kakikindat lang ni sa iyo,just winked at you,mikindat si saimoha
sa kanang banda ng lansangan kami nagmamaneho,we drive on the right side of the road,sa wala mi nga dalan ga padagan
huwag kang titingin kung saan saan habang kausap kita,don t look anywhere while i m talking to you,ayaw og tanaw sa bisag asa kung kastorya tika
naghintay si sa sasakyan,waited in the car,naghuwat si sa sakyanan
naghintay si sa kotse,waited in the car,naghuwat si sa kotse
mag isa naghintay si,waited alone,mag inusara naghuwat si
naghintay si nang mag isa,waited alone,naghuwat si siya ra usa
nagpakatotoo si sa akin,confessed to me,mitugan og tinoud si saakoa
sinabi ni sa kin ang totoo,told me the truth,miingon si saakoa og tinoud
alam na ni na mahal ko si,already knows that i love,kabaw na si na gihigugma nako si
naghintay pala si,waited,naghuwat diay si
pasensya na,sorry,pasayloa ko
walang naghintay maliban kay,no one waited except,walay naghulat lain si rajud
bakit sisisihin si,why blame,nganong sisihun man si
bakit si ang sisisihin,why is to blame,nganong si may sisihun
bakit hindi iyong dalawa,why not you two,nganong dili man tung duha
bakit ganoon,why is that,nganong ingon adto
bakit ka titigil ngayon,why are you stopping now,nganong muundang man ka karun
bakit nagkaganoon,why is that,nganong naingato man ka
bakit ako pasasalamatan,why thank me,nganong pasalamatan man ko
ba t ako pasasalamatan,why should i thank you,nganong pasalamatan man ko
bakit papalitan pa,why change,nganong ilisdan pa
bakit hindi ka humingi ng tawad,why didn t you apologize,nganong di man ka mangayog pasaylo
bakit pa matatakot,why be afraid,nganon mahadlok paman
bakit siya nandito,why is he here,nganong naa siya dere
bakit ka nahuli,why did you get caught,nganong nasakpan man ka
bakit ka nag aaral,why are you studying,nganong gaskwela man ka
bakit nag aaral ka,why are you studying,nganong miskwela man ka
bakit ka nag iisa,why are you alone,nganong ikaw raman usa
bakit ka pumaroon,why did you go,nganong miadto man ka didto
bakit ka nagsinungaling,why did you lie,nganong nangatik man ka
bakit nangyari ito,why did this happen,nganong nahitabo ni
bakit ka nagsisinungaling,why are you lying,nganong nagapangatik man ka
bakit ka galit,why are you angry,nganong suko ka
bakit ka naiinis,why are you upset,nganong nalagot ka
bakit umiyak ka,why did you cry,nganong mihilak man ka
bakit sila nandito,why are they here,nganong naa sila dere
bakit tayo nandito,why are we here,nganong naa man ta dere
bakit ka natatakot,why are you afraid,nganong nahadlok man
bakit ka takot,why are you afraid,nganong hadlok ka
bakit tayo tumatakbo,why do we run,nganong midagan man ta
bakit ka nandito,why are you here,nganong naa man ka dere
bakit ka tumatawa,why are you laughing,nganong gangisingisi man ka
bakit ka tumatalon,why are you jumping,nganong gaamambak ka
bakit ka nauutal,why do you stutter,nganong nabulol man ka
bakit mali iyan,why is that wrong,nganong di man ni mao
bakit umiiyak si,why is crying,nganong gahilak si
bakit ka tumigil,why did you stop,nganong miundang man ka
bakit ka tumakbo,why did you run,nganong midagan man ka
bakit nasa bahay ka,why are you at home,nganong naa ka sa balay
bakit ka tumatanong,why are you asking,nganong gapangutana ka
bakit sila umiiyak,why are they crying,nganong gahilak mana sila
bakit ito nangyayari,why is this happening,nganong nahitabo man ni
bakit tumatago si,why is hiding,nganong gatago si
bakit bulong nang bulong ang lahat,why is everyone whispering,nganong sige hunghung ang tanan
bakit walang sumasagot,why is no one answering,nganong walay gatubag
bakit tayo naglalakad,why do we walk,nganong gabaktas ta
bakit nakasimangot ka,why are you frowning,nganong nag maoy man ka
bakit nandito si,why is here,nganong naa dere si
bakit basa si,why is wet,nganong basa mana si
bakit ka nangingialam,why are you interfering,nganong gapanghilabot ka
bakit inilipat si,why was transferred,nganong hibalhin si
bakit iyan mahalaga,why is that important,nganong importante mana
bakit ka bumubulong,why are you whispering,nganong gahunghung ka
sino ang nakatuklas ng amerika,who discovered america,kinsay nakahunahuna sa amerika
sino ang nakadiskubre ng amerika,who discovered america,kinsay naka diskubre sa amerika
sino ang nakatuklas ng radium,who discovered radium,kinsay nakahunahuna sa radium
sino ang may alam n on,who knows,kinsay kahibaw ato
sinong tumutulong sa kaniya,who helps him,kinsay gatabang saiyaha
sinong nandiyan,who is there,kinsay naa dira
sino iyan,who is that,kinsa na
sino ang nagsabi n on,who said that,kinsay nagingon ato
sinong gumawa n on,who made it,kinsay nagbuhat ato
sinong mangingialam,who will interfere,kinsay manghilabot
sino iyon,who is that,kinsa to
sinong may gusto n on,who wants it,kinsay gusto ato
sinong may gusto nito,who wants this,kinsay gusto ani
sinong pupunta,who s going,kinsay muadto
sinong nandito,who is here,kinsay naa dere
sinong nagbibiro,who s kidding,kinsay gaatik
sinong humihiyaw,who s screaming,kinsay gasayaw
sinong sumisigaw,who s shouting,kinsay gashagit
sinong nakatayo,who is standing,kinsay nakatindog
sinong mag uumpisa,who will start,kinsay magsugod
sinong magsisimula,who will start,kinsay muuna
sino ang magtatagumpay,who will succeed,kinsay mudaog
sinong nanonood,who s watching,kinsay gatanaw
sinong nakahanap kay,who found,kinsay nakakita kay
sinong bumaril kay,who shot,kinsay nipusil kay
sinong nagsabi kay,who told,kinsay nag ingon kay
sino tayo,who are we,kinsa ta
sinong bumili n on,who bought it,kinsay nipalit ato
sinong tumawag sa kanila,who called them,kinsay nitawa sailaha
sinong tumawag sa iyo,who called you,kinsau nitawag saimoha
sinong makakaalala,who can remember,kinsay kahinumdum
sino bang may pakialam,who cares,kinsay naay labot
sino ang may kontrol,who is in control,kinsay naay kontrol
sinong makalilimot,who can forget,kinsay nakalimot
sinong makatatanggi,who can say no,kinsay makadili
sinong gumawa nito,who made it,kinsay nibuhat ani
sinong humalal sa iyo,who elected you,kinsay nagpili saimoha
sinong nakahanap sa kaniya,who found him,kinsay nakakita saiyaha
sinong nakatagpo sa kaniya,who met him,kinsay nakasugat saiyaha
sinong nakahanap sa iyo,who found you,kinsay nakakita saimoha
sinong nakatagpo sa iyo,who met you,kinsay nakakita saimoha
gets ba,do you get,nasabtan ba
sinong nasaktan,who was hurt,kinsay nasakitan
sinong nagpakasal,who got married,kinsay nag minyo
sinong pinatay,who killed,kinsay gipatay
sinong napatay,who was killed,kinsay napatay
sinong natamaan,who got hit,kinsay naigo
sinong may oras,who has time,kinsay naa oras
sinong may ayaw sa iyo,who doesn t like you,kinsau dili gusto saimoha
sino ang nakaimbento ng salamin,who invented the mirror,kinsay nakahuhahuna sa samin
sino ang nakaimbento n on,who invented it,kinsaumy nakahunahuna ato
sinong naktira dito,who lives here,kinsay nag puyo dere
sino ang nakagawa,who did it,kinsay nakabuhat
sino ang gumawa,who did it,kinsay nibuhat
sinong may kailangan ng kompyuter,who needs a computer,kinsay nanihanglan og kompyuter
sinong nanuntok sa iyo,who punched you,kinsay nisumbag saimoha
sinong kumuwestiyon sa iyo,who questions you,kinsay nangutana saimoha
sinong nagpalaki sa iyo,who raised you,kinsay nag padako saimoha
sinong nakatanggap,who received,kinsay nakadawat
sinong nagtanggal,who deleted,kinsay naghawa
sinong nakakita sa iyo,who saw you,kinsay nakakita saimoha
sinong nagsabi sa iyo,who told you,kinsay nag ingon saimoha
sinong kumuha,who took,kinsay nag kuha
sinong nandoon,who is there,kinsay naa didtoa
sino ang nagsulat,who wrote,kinsay nag sulat
sino ang nagsulat n on,who wrote it,kinsay nag sulat ato
sino ang nagsulat nito,who wrote it,kinsay nag sulat ani
sino ang traydor,who is the traitor,kinsay traydor
sino ang taksil,who is the traitor,kinsay atikon
sinong gutom,who s hungry,kinsay gutom
sinong may gutom,who s hungry,kinsay naay gutom
sinong tumatawag,who is calling,kinsay gatawag
sinong may sabi,who said,kinsay nag ingon
sinong nagsabi,who said,kinsay nag ingon
sinong nauuhaw,who s thirsty,kinsay giuhaw
sinong nagmungkahi n on,who suggested it,kinsay naghunahuna ato
sinong pagod,who s tired,kinsay gikapoy
sinong nalilito,who is confused,kinsay nalibog
sino ang nagbato n on,who threw stones at it,kinsay nag labay ato
sino ang nakasira,who did the damage,kinsay nakaguba
sino ang nagpasya,who decides,kinsay naghuna
sino ang nakahanap nito,who found it,kinsay nakakita ani
sinong tumulong kay,who helped,kinsay nitabang kay
sino ang nagsulat ng mga ito,who wrote them,kinsay nag sulat ani
sino ang nagdala nito,who brought it,kinsay nagbitbit ani
sino ang umatake sa iyo,who attacked you,kinsay muatake nimo
sinong mali,who is wrong,kinsay taka
sino ang dapat manalo,who should win,kinsa dapat ang muadaog
sino ang nagtalaga kay,who appointed,kinsa ang nagbutang kay
sinong tama,who is right,kinsay tama
sinong nakakita sa akin,who saw me,kinsay nakakita saakoa
sinong bumili nito,who bought it,kinsay nipalit ani
sinong bumaril sa iyo,who shot you,kinsay nipusil nimo
sinong humalik sa iyo,who kissed you,kinsay nilamutak nimo
sinong tumulong sa iyo,who helped you,kinsay nitabang saimoha
sinong nagtalaga sa iyo,who appointed you,kinsay nagbutang saimoha
sino ang nakaimbento ng dinamita,who invented dynamite,kinsay nakahunahuna sa dinamita
sino ang nagmamaneho,who is driving,kinsay gapadagan
sino ang sumaksak kay,who stabbed,kinsay midungab kay
sino ang nagpahintulot nito,who authorized this,kinsay nag sugot ani
sino ang pumayag dito,who agreed to this,kinsay nisugot ani
sinong naniniwala diyan,who believes that,kinsay gatuo ana
sino ba talaga ang may pakialam,who really cares,kinsa bajud ang naay labot
sino ang nakahuli kay,who caught,kinsay nakasakop kay
sino ba talaga ang may alam,who really knows,kinsa bajud ang nakabalo
sinong makapapansin,who will notice,kinsay makabantay
sino dapat una,who should be first,kinsay unahun
sino ang sumaksak sa iyo,who stabbed you,kinsay nidungab saimoha
sino ang pinarusa,who was punished,kinsay gikasaban
sinong may gusto kay,who likes,kinsay naibog kay
sinong may sakit,who is sick,kinsay naay sakit
sino ang kakanta,who will sing,kinsay mukanta
sino ang aawit,who will sing,kinsay mukanta
sino ang nanalo ngayon,who won today,kinsay nadaog karun
sino ang panalo ngayon,who is the winner today,kinsay nadaog karun
sinong yumakap kay,who hugged,kinsay nigakos kay
sinong umiiyak,who s crying,kinsay nihilak
sino ang kumakanta,who is singing,kinsay gakanta
sino ang umaawit,who is singing,kinsay gamunimuni
sino ang humihilik,who is snoring,kinsay gahagok
sino ang sisisihin mo,who do you blame,kinsay sisihun nimo
sinong nakita mo,who did you see,kinsay nakitan nimo
sino ang nabaril,who was shot,kinsay napusil
sinong may tanong,who has a question,kinsay naay pangutana
sinong hindi pupunta,who wouldn t go,kinsay dili muadto
sinong magpapalit sa iyo,who will replace you,kinsay mupuli saimoha
sinong nasa taas ngayon,who s on top now,kinsay naa sa taas karun
sino ang abogado mo,who is your lawyer,kinsay abogado nimo
sino iyang batang iyan,who is that boy,kinsa ng bataa na
sinong iniiwasan mo,who do you avoid,kinsay ginalikayan nimo
sinong tinatawagan mo,who are you calling,kinsay ginatawgan nimo
sinong kasama mo,who are you with,kinsay kauban nimo
sino ang nagturo sa iyo ng pranses,who taught you french,kinsay nag tudlo nimo mag pranses
sino ang nagsulat ng artikulong ito,who wrote this article,kinsay nagsulat aning butanga ni
sino sino ang mga mandarakip,who are the captors,kinsa kinsa ang mangunguha
sino iyong inaasahan mo,who are you expecting,kinsay ginaasahan nimo
sino iyong ipinagtatanggol mo,who are you defending,kinsay may gipagtanggol nimo
sino sino ang mga kapitbahay mo,who are your neighbors,kinsa kinsa imong mga tapad balay
sino ang ipinagtatanggol mo,who are you defending,kinsa ang ginapagtaggol nimo
sino ang hindi sumasang ayon sa atin,who disagrees with us,kinsay dili gatugon saatoa
sino ang hindi sumasang ayon sa amin,who disagrees with us,kinsay dili gatugon saamoa
sino ang kalaban nila,who is their opponent,kinsay kalaban ato nila
sino iyong tinatawagan mo,who are you calling,kinsay ginatawgan nimo
sino ang mga kaibigan mo,who are your friends,sino ang mga amigo nimo
sino iyong mga lalaking iyon,who are those men,kinsa man tung mga lakiha to
sinong pumitas ng mais,who picked the corn,kinsay nikupras sa mais
sino ang kapatid mo,who is your brother,kinsay igsoun nimo
kalma lang,just calm down,pahuway lang
makinig,listen,maminaw
walang gagalaw,no one will move,walah mulihok
simula,beginning,sugod
pahingi ng isda,ask for fish,mangayo kog isda
pahingi ng karne ng baka,ask for beef,mangayo kog karne sa kabaw
pakibuksan,please open,abrihe
pakiulit po,please repeat,pakiusab daw po
ang saya saya,it s fun fun,kalingaw
ang galing naman,it s great,kahawud ba
sige lang,go ahead,ge lang
sige,go ahead,ge
huwag kang aalis,don t leave,ayaw og hawa
o tapos,or done,nya human
tara,come on,larga
tulungan mo ako,help me,tabangi ko
tulungan mo naman ako,help me,tabangi sad tawun ko
patulong,help,patabang
tumutubo ang mga halaman,plants grow,gatubo na ang sagbot
kainin mo lahat,eat it all,kauna na tanan
punta ka dito bilis,get over here quick,adto ka dere abtik
pahingi ng karne,ask for meat,mangayo kog karne
tumawa siya,he laughed,nikatawa siya
natawa siya,he laughed,nakatawa siya
gets,go,sabot
tumawag ako sa telepono,i called on the phone,nitawag ko sa telepono
ayokong ayoko talaga ng sushi,i don t really like sushi,dili ko ganahan og sushi
may naririnig akong boses,i hear a voice,naay koy nadungog nga tingog
sabi ko na nga ba,did i say that,ana pa bitaw ko
pumunta ako roon,i went there,niadto ko didtoa
mahilig ako sa matatamis,i love sweets,ganahan kog mga tamis
may tiwala ako sa kaniya,i have confidence in him,naa koy salig saiyaha
mahilig akong magbasa,i like to read,ganahan kog mag basa
gumagamit ako ng twitter,i use twitter,gagamit kog twitter
nagti twitter ako,i m on twitter,ga twitter ko
pumunta rin ako,i went too,niadto sad ko
ako rin pumunta,i went too,ako sad niadto ko
naiintindihan ko iyon,i understand that,nasabtan nako to
mahilig ako sa kabayo,i love horses,ganahan ko sa kabayo
mahilig na mahilig ako sa kabayo,i love horses very much,ganahan kaayo ko sa kabayo
tinawagan ko siya sa telepono,i called him on the phone,gitawgan nako siya sa telepono
nagbabasa ako,i am reading,gabasa ko
pinatatawaran kita,i forgive you,ginapahangyo tika
ginagamit ko ito,i use it,gagamit ko ani
sinuportahan ko siya,i supported him,gatugon ko saiyaha
sinusuportahan ko siya,i support him,ginatugonan nako siya
naiinggit ako sa kaniya,i envy him,nasuya ko saiyaha
nalilito ako,i m confused,nalibog ko
kita ko sila,i see them,nakitan nako sila
nakikita ko sila,i can see them,nakitan na nako sila
sang ayon na sang ayon ako,i totally agree,gatugon kaayo ko
kahapon ako dumating,i came yesterday,gahapon ko miabot
dumating ako kahapon,i arrived yesterday,miabot ko gahapon
pagod ako,i m tired,kapoy ko
may pera ako,i have money,naa koy kwarta
madalas ako magbasa,i often read,pirme ko gabasa
mahilig ako sa ingles,i love english,ganahan ko sa ingles
matanda ako,i m old,tiguwang nako
magaling na ako,i m fine,maayo nako
inosente ako,i am innocent,boutan ko
wala akong kasalanan,i m not guilty,wala koy sala
alam ko na iyon,i already know that,kabalo nako ato
mahilig ako sa pakwan,i love watermelon,ganahan ko sa pakwan
may naaamoy akong dugo,i smell blood,naa koy nasimot na dugo
marunong akong mag ingles,i can speak english,kabalo ko mag storyag ingles
nakapagsasalita ako ng ingles,i can speak english,makastorya kog ingles
nagdadasal ako,i am praying,gaampo ko
nauubo ako,i m coughing,giubo ko
nanghuhubad ako,i am undressing,gahubo ko
nahilo ako,i was dizzy,nalipong ko
kailangan ko ng kape,i need coffee,nanihanglan kog kape
tumatanggap ako ng regalo,i receive a gift,gadawat kog hinatagan
humingi na ako ng tawad,i have apologized,nangayo nakog pasaylo
gusto ko,i like it,ganahan ko
gusto kong malaman kung bakit gusto mong malaman,i want to know why you want to know,kinahanglan nako mahibalan nganong kinahanglan man nimo mahibalan
nais kong malaman kung bakit nais mong malaman,i want to know why you want to know,pahibala ko nganong kinahanglan man nimo mahibalan
mas malaki talaga ang aso ni kaysa sa aso ni,s dog is actually bigger than s dog,mas dagko ang iro ni kaysa sa iro ni
nangongolekta ako ng mga aklat,i collect books,gakolekta kog libro
nakaupo ako,i m sitting,galingkod ko
nakaupo na ako,i m sitting down,nakakingkod nako
nagdasal na ako,i have prayed,gaampo nako
kadadasal ko lang,i just prayed,mayra pag ampo nako
madalas ka ba magdasal,do you pray often,pirme ba ka gaampo
gusto mo bang tumaba,do you want to gain weight,ganahan baka mutambok
kailangan ko ng umalis,i need to leave,nihanglan na nako muhawa
hindi bale,it doesn t matter,sagdii
anong pakialam mo,what do you care,unsay labot nimo
bakit ang tagal mo,why is it taking you so long,nganong dugay man ka
hindi kita iniimbitahan,i m not inviting you,wala tika gihagad
hindi kita iimbitahan,i won t invite you,dili tika hagdon
bakit hindi mo samahan si pauwi,why don t you accompany home,nganong di man nimo sabayan si pauli
puwede ba akong umupo sa likod mo,can i sit behind you,pwede bako mulingkod saimong likod
maaari ba akong umupo sa likod mo,can i sit behind you,pwede mulingkod ko saimong likoran
wala talagang may kilala sa akin,no one really knows me,wala juy nakaila nako ay
bakit hindi ninyo hinintayan si,why didn t you wait for,nganong wala man ninyo gipaabot si
ipinagmamalaki namin na taga canada kami,we are proud to be canadian,ginadako namo na taga canada mi
ipinagmamalaki natin na taga canada tayo,we are proud to be canadian,ginapadako namo na taga canada mi
paano kaya nakatakas si,how did escape,giunsa kaha ni pagsibat
lahat nakasuot ng guwantes,all wearing gloves,tanan kay nakasout og gwantes
lahat nakaguwantes,all wearing gloves,tanan naka gwantes
nakauniporme si,is in uniform,naka uniporme si
suot ni ang uniporme niya,is wearing his uniform,gisout ni iyahang uniporme
ang sabi mo gustong gusto mo talaga marinig ang katotohanan,you say you really want to hear the truth,ana ka gusto kaayo ka maminaw sa kamatouran
ang sabi mo gustong gusto mo talaga mapakinggan ang katotohanan,you said you really want to hear the truth,ana ka gusto kaayo ka madungan ang kamatouran
kailangan kong kumain ng mas masustansiyang pagkain,i need to eat more nutritious food,kinahanglan kaayo nako mukaon og maayong pagkaon
kailangan kong kumain nang mas masustansiya,i need to eat more nutritiously,kinahanglan nako mukaon og maayong pagkaon
kung ako ikaw doon ako maglalakad,if i were you i would walk there,ako ikaw didtoa ko magbaktas
kung ako sa iyo doon ako maglalakad,if i were you i would walk there,ako pa saimoha didtoa ko mag baktas
nakatakong si,is on her heels,nag takong si
nakasuot ng takong si,is wearing heels,naka suklob og takong si
nag almusal ka na ba,have you had breakfast,namahaw na ba ka
ginawa ko ito,i did it,gibuhat nako ni
sana hindi,i hope not,unta dili
ikaw ang paborito ko,you are my favorite,ikaw akong ganahan
pupunta ako doon,i will go there,muadto ko didtoa
pagod ka ba,are you tired,kapoy ka
may kotse ka ba,do you have a car,naa bakay taraktarak
marami ka bang ginagawa,do you do a lot,daghan bakag ginabuhat
magiging maayos ang lahat,everything will be fine,maayo ra ang tanan
may asawa na ako,i m already married,naa nakoy kakuyog
nakakahiya sa iyo,shame on you,makaulaw saimoha
nakakahiya sa iyo,shame on you,makaulaw saimoha uy
tapos ka na ba,are you done,humana ba ka
tapos ka na ba,are you done,humana ba ka
wala akong pagpipilian,i have no choice,wala koy pilion
wala kaming pagpipilian,we have no choice,wala mi pagpilian
wala tayong pagpipilian,we have no choice,wala tay pag pilian
huwag mo akong tanungin,don t ask me,ayaw ko pangutana
huwag mo akong tanungin kung bakit,don t ask me why,ayaw ko pangutana kung ngano
maaga akong bumangon,i get up early,sayo kaayo ko mimata
huli na ako bumangon,i got up late,ulahi nako kamata
bumangon ako ng alas siyete,i got up at seven o clock,nimata kog mga alas siyete
mayroon na bang nakaupo rito,is this seat taken,naa nabay naka lingkod dere
itabi,set aside,idaplin
itabi,put it away,idaplin uy
ito ay kasindak sindak,it was awesome,makahadlok lage ni ay
nakita ko na siya dati,i ve seen him before,nakitan na nako na siya sauna
ayos lang sa akin,it s fine with me,maayo ra saakoa
nagpagupit ako ng buhok kahapon,i got a haircut yesterday,nag patupi kog buhok gahapon
manatiling kalmado,stay calm,padayun lng sa pagpuyo
ano ang nagpapasaya sa iyo,what makes you happy,unsay nagpalipay nimo
anong ginawa mo,what did you do,unsay ginabuhat nimo
huwag mong sabihin sa akin kung ano ang gagawin,don t tell me what to do,ayaw igna saakoa unsay buhaton
nakuha ko na,i got it,naa na saakoa
nakuha ko na,i got it,naa na saakoa uy
paano mo ito ginawa,how did you do it,giunsa nimo ni pagbuhat
baka pigilan tayo ni,might stop us,basin pugnan ta ni
may mga ekonomista na hindi sasang ayon sa pahayag na iyan,there are economists who would disagree with that statement,naay mga ekonomista na dili musogot sa ingon ana
maingay na humilik si,snored loudly,saba kaayo naghagok si
huwag kang magpaaraw nang masyadong matagal,do not stay in the sun for too long,ayaw pagbulad sa adlaw og dugay
hindi ako nakatanggi,i didn t refuse,wala ko ka likay
hindi ako makatanggi,i can t refuse,dili ko makalikay
akala ko makakaalis ako,i thought i could leave,abi nakog makahawa ko
hindi talaga,not really,dili diay
takot ako,i m afraid,hadlok ko
sinasadya ko,i mean it,ginatuyo nako
marunong ka bang magmaneho,do you know how to drive,kabaw baka mag padagan
madali lang,it s easy,sayun ra
marunong ka bang lumangoy,can you swim,kabaw baka musalom
nagagalak akong makilala ka,i m glad to meet you,lipay ko na makaila ka
ngayon ang aking kaarawan,today is my birthday,karun akong adlaw
pumunta ako sa paris,i went to paris,niadto ko sa park
pumunta ako sa nagasaki,i went to nagasaki,niadto ko sa nagasaki
tumulo ang laway ni,drooled,mitulo ang laway ni
dumura si,spat,niluwa si
kumanta si,sang,mikanta si
umawit si,sang,mikanta si
nag ayuno si,fasted,nag hatag si
umalis agad,leave immediately,nihawa dayun
bumalik,come back,nibalik
balik,come back,balik
tama na ang pagrereklamo,complaining is fine,undangon na sig reklamo
huwag na magreklamo,don t complain anymore,ayaw nag reklamo
bumulong ako,i whispered,nihunghung ko
lumulutang,floating,galupad ko
ulitin,repeat,usba
hugasan ang lahat,wash everything,hugasi ang tanan
hugasan lahat,wash everything,hugasi tanan
huwag pumanig kaninuman,don t take sides with anyone,ayaw og apil bisag kay kinsa
huwag kumiling kaninuman,do not favor anyone,ayaw og sabat bisag kay kinsa
walang may alam,no one knows,walay naka balo
mahusay,excellent,hawud
magaling,good,maayo
walang nababago,nothing changes,walay nagbago
humingi ka na lang ng tawad,just ask for forgiveness,pangayo nalang og pasaylo
hindi ako makapaniwala dito,i can t believe it,dili ko katou dere
hindi ako makapaniwala sa iyo,i can t believe you,dili ko katou saimoha
hindi ako makapaniwala,i can t believe it,dili ko makatou
hindi ako makapaniwala,i can t believe it,dili ko makatou uy
may trabaho ako,i have a job,naa nakoy binuhatan
huwag mo akong guluhin,don t bother me,ayaw ko gubuta uy
huwag mo akong guluhin,don t bother me,ayaw ko gubuta
masaya iyon,that was fun,lingaw to
akala ko masaya iyon,i thought that was fun,abi nakog lingaw to
umalis ka sa dadaanan ko,get out of my way,hawa saakong agianan
huwag mo akong hawakan,don t touch me,ayaw ko guniti
huwag mo akong hawakan,don t touch me,ayaw ko guniti uy
huwag humawak,do not hold,ayaw gunit
huwag iyan hawakan,don t touch that,ayaw na guniti
huwag hawakan ang mga ito,do not touch them,ayaw ni pang guniti
huwag ito hawakan,do not touch it,ayaw ni guniti
kailangan kitang makausap,i need to talk to you,kinahanglan tika makastorya
saan siya nagtatrabaho,where does he work,asa siya nagbinuhatan
hindi ako mabubuhay kung wala ka,i can t live without you,dili ko mabuhi kung wala ka sakon
hindi ako mabubuhay kung wala siya,i can t live without him,dili ko mabuhi kung wala siya sakon
sadyang malabo si sa email niya,was very vague in his email,murag hanap si saiyang email
sadyang malabo si sa sulatroniko niya,is really vague in his writing,murag hanap si saiyang sulatroniko niya
may radyo nga ako sa bahay pero ayaw gumana,i do have a radio at home but it won t work,naa lage koy radyo kaso di muandar
kakabili ko lang ng bagong lutong tinapay,i just bought freshly baked bread,mayra pag palit nakog init nga pan
itigil iyan,stop that,undanga na
itigil iyan,stop that,undanga na uy
ganito naman talaga ako,this is how i really am,ingon ani man ko
may ninong akong dating nagtatrabaho sa bangko,i have a godfather who used to work in a bank,naa koy angkol gatrabaho sauna sa bangko
nakarating ako sa london,i arrived in london,nakaabot nako sa london
nakarating ako sa londres,i arrived in london,nakaabot nako sa londres
hindi ko talaga maintindihan kung bakit,i really don t understand why,dili nako masabtan kung ngano
nais ko lang kitang batiin ng maligayang pasko,i just wanted to wish you a merry christmas,gusto ra nako na batiun tika maayong pasko
babalik ako sa katapusan ng taon,i will be back at the end of the year,mubalik ko katapusan sa tuig
alam ko na mahirap iyan gawin,i know that s hard to do,kabalo ko lisud na buhaton
ayoko ito marinig,i don t want to hear it,dili ko gusto madungan ni
ayoko ito mapakinggan,i don t want to hear it,dili nako ni gusto mapaminaw
mas matanda ako,i m older,mag guwang ko
higit na matanda ako,i m much older,mas guwang ko
hindi ko inakala na may magkakagusto pala kay,i didn t think anyone would like,wala ko gatou na naa diay naibog kay
may pakiramdam ako na hindi iyan totoo,i have a feeling that s not true,naa koy paminaw na dili na tinoud
nakauwi na ako,i m back home,kauli nako
hindi ko batid na sinabi iyan ni,i didn t know said that,dili ko makatou na giingon na ni
alanganin kung mapapatunayan natin iyan,wonder if we can prove that,lisud kung maingon nato na
binuksan ko ang bote,i opened the bottle,giabrihan nako ang bote
sa tingin ko makatotohanan si,i think is realistic,sa pananaw nako tinoud si
alam ko na hindi sinadya ni na saktan si,i know that did not mean to hurt,kabalo ko na wala gitoyu ni na pasakitan si
alam ko na magaling magmaneho si,i know that is a good driver,kabalo ko na hawud mag padagan si
marunong pala lumangoy si,can swim,kabalo diay musalom si
sinabi pala iyon ni,said that,giingon diay to ni
hindi pa ako kumakain buong araw,i haven t eaten all day,wala pako nag kaon tibouk adlaw
sa tingin ko isa si sa mga nagpasimuno,i think was one of the pioneers,sa pananaw nako usa si sa nag lider
hindi yata iyan bagay,i guess that s not the case,murag dili angay
hindi ako sigurado kung nababagay iyan,i m not sure if that fits,dili ko kahibaw kung angay ba na siya
bihira ako lumabas kapag lunes,i rarely go out on mondays,usahay rako gagawas inig lunes
wala akong sinabi kaya lalong nagalit si,i didn t say anything so got angrier,wala koy giingon maong mas nasuko si
ilang araw ako mamamalagi rito,i will stay here for a few days,pila ka adlaw ko mupundo dere
alam ko na halos magkasing edad sina at,i know that and are about the same age,kabalo ko na murag mag kasing edad si og
akala ko nars ka,i thought you were a nurse,abi nakog nars ka
medyo nagulat lang ako,i was just a little surprised,nakuratan lang ko
matagal ako namalagi sa boston,i stayed in boston for a long time,dugay ko nag pundo sa boston
baka maling petsa ang naisulat mo,you may have written the wrong date,basin mali imong adlaw na nasulat
sa tingin ko maling petsa ang naisulat mo,i think you wrote the wrong date,sa paminaw nako adlaw akong nasuwat
hindi ko na yata kailangan pa ng tulong,i don t think i need any more help,murag wala nako nanihanglan og tabang
sinabi ko iyon kay,i told that,giingon nako to kay
sinabi ko iyan kay,i told that,giingon nako to kay
hindi yata sinabi ni kay ang totoo,i don t think told the truth,murag wala ata giingon ni ang tinoud kay
sa tingin ko hindi sinabi ni kay ang totoo,i don t think told the truth,sa pananaw nako wala giingon ni ang tinoud kay
ang hinala ko balak iyon gawin nina at nang sabay,my suspicion is that and plan to do that at the same time,ang pagtou nako basin himuon to ni og sabay sila
kaya ko ito,i can do it,kaya ra nako ni
sana makapunta ako sa australia sa susunod na taon,i hope to go to australia next year,unta maka adto kog australia sa musunoray na tuig
sana makapag australia ako sa susunod na taon,i hope i can go to australia next year,unta maka australia nako sunod tuiga
nasaan ka kahapon,where were you yesterday,asa ka gahapon
saan ka pumunta kahapon,where did you go yesterday,asa ka miadto gahapon
saan ka pumunta,where did you go,asa ka miadto
saan ka pumupunta,where are you going,asa ka gaadto
hindi ko siya gusto,i don t like him,dili nako siya naibugan
nagbibiro ka ba,are you joking,nagaatik ka
binalaan kita,i warned you,gi ignan tika
busog na ako,i m full,busog nako
tapos na ako,i m done,humana ko
huwag mo akong abalahin,don t bother me,ayaw ko samuka
tapos ka na,you re done,humana ka
sabihin mo sa akin kung tapos ka na,tell me when you re done,igna saakoa kung mana ka
hindi ito sapat,it is not enough,kulangon ni
